[2025-11-19 00:00:18.817] ERROR org.alter.game.service.GameService - Error with task NpcCycleTask.
java.util.ConcurrentModificationException: null
	at java.base/java.util.HashMap$HashIterator.remove(HashMap.java:1611)
	at org.alter.game.model.entity.Pawn.timerCycle(Pawn.kt:260)
	at org.alter.game.model.entity.Npc.cycle(Npc.kt:155)
	at org.alter.game.task.NpcCycleTask.execute$lambda$0(NpcCycleTask.kt:19)
	at org.alter.game.model.PawnList.forEach(PawnList.kt:35)
	at org.alter.game.task.NpcCycleTask.execute(NpcCycleTask.kt:17)
	at org.alter.game.service.GameService.cycle(GameService.kt:192)
	at java.base/java.util.concurrent.Executors$RunnableAdapter.call(Executors.java:539)
	at java.base/java.util.concurrent.FutureTask.runAndReset(FutureTask.java:305)
	at java.base/java.util.concurrent.ScheduledThreadPoolExecutor$ScheduledFutureTask.run(ScheduledThreadPoolExecutor.java:305)
	at java.base/java.util.concurrent.ThreadPoolExecutor.runWorker(ThreadPoolExecutor.java:1136)
	at java.base/java.util.concurrent.ThreadPoolExecutor$Worker.run(ThreadPoolExecutor.java:635)
	at java.base/java.lang.Thread.run(Thread.java:840)
[2025-11-19 00:00:38.014] ERROR o.alter.game.model.queue.QueueTask - Error with plugin!
java.lang.IllegalStateException: Invalid combat style. RANGED
	at org.alter.plugins.content.combat.formula.MeleeCombatFormula.getEquipmentAttackBonus(MeleeCombatFormula.kt:162)
	at org.alter.plugins.content.combat.formula.MeleeCombatFormula.getAttackRoll(MeleeCombatFormula.kt:72)
	at org.alter.plugins.content.combat.formula.MeleeCombatFormula.getAccuracy(MeleeCombatFormula.kt:35)
	at org.alter.plugins.content.combat.formula.CombatFormula$DefaultImpls.getAccuracy$default(CombatFormula.kt:9)
	at org.alter.plugins.content.combat.strategy.MeleeCombatStrategy.attack(MeleeCombatStrategy.kt:63)
	at org.alter.plugins.content.combat.CombatPlugin.cycle(CombatPlugin.kt:266)
	at org.alter.plugins.content.combat.CombatPlugin$cycle$1.invokeSuspend(CombatPlugin.kt)
	at kotlin.coroutines.jvm.internal.BaseContinuationImpl.resumeWith(ContinuationImpl.kt:33)
	at kotlin.coroutines.SafeContinuation.resumeWith(SafeContinuationJvm.kt:41)
	at org.alter.game.model.queue.QueueTask.cycle$game_server(QueueTask.kt:63)
	at org.alter.game.model.queue.impl.PawnQueueTaskSet.cycle(PawnQueueTaskSet.kt:28)
	at org.alter.game.task.NpcCycleTask.execute$lambda$0(NpcCycleTask.kt:18)
	at org.alter.game.model.PawnList.forEach(PawnList.kt:35)
	at org.alter.game.task.NpcCycleTask.execute(NpcCycleTask.kt:17)
	at org.alter.game.service.GameService.cycle(GameService.kt:192)
	at java.base/java.util.concurrent.Executors$RunnableAdapter.call(Executors.java:539)
	at java.base/java.util.concurrent.FutureTask.runAndReset(FutureTask.java:305)
	at java.base/java.util.concurrent.ScheduledThreadPoolExecutor$ScheduledFutureTask.run(ScheduledThreadPoolExecutor.java:305)
	at java.base/java.util.concurrent.ThreadPoolExecutor.runWorker(ThreadPoolExecutor.java:1136)
	at java.base/java.util.concurrent.ThreadPoolExecutor$Worker.run(ThreadPoolExecutor.java:635)
	at java.base/java.lang.Thread.run(Thread.java:840)
[2025-11-19 00:05:03.215] ERROR org.alter.game.service.GameService - Error with task NpcCycleTask.
java.util.ConcurrentModificationException: null
	at java.base/java.util.HashMap$HashIterator.remove(HashMap.java:1611)
	at org.alter.game.model.entity.Pawn.timerCycle(Pawn.kt:260)
	at org.alter.game.model.entity.Npc.cycle(Npc.kt:155)
	at org.alter.game.task.NpcCycleTask.execute$lambda$0(NpcCycleTask.kt:19)
	at org.alter.game.model.PawnList.forEach(PawnList.kt:35)
	at org.alter.game.task.NpcCycleTask.execute(NpcCycleTask.kt:17)
	at org.alter.game.service.GameService.cycle(GameService.kt:192)
	at java.base/java.util.concurrent.Executors$RunnableAdapter.call(Executors.java:539)
	at java.base/java.util.concurrent.FutureTask.runAndReset(FutureTask.java:305)
	at java.base/java.util.concurrent.ScheduledThreadPoolExecutor$ScheduledFutureTask.run(ScheduledThreadPoolExecutor.java:305)
	at java.base/java.util.concurrent.ThreadPoolExecutor.runWorker(ThreadPoolExecutor.java:1136)
	at java.base/java.util.concurrent.ThreadPoolExecutor$Worker.run(ThreadPoolExecutor.java:635)
	at java.base/java.lang.Thread.run(Thread.java:840)
[2025-11-19 00:05:27.207] ERROR org.alter.game.service.GameService - Error with task NpcCycleTask.
java.util.ConcurrentModificationException: null
	at java.base/java.util.HashMap$HashIterator.remove(HashMap.java:1611)
	at org.alter.game.model.entity.Pawn.timerCycle(Pawn.kt:260)
	at org.alter.game.model.entity.Npc.cycle(Npc.kt:155)
	at org.alter.game.task.NpcCycleTask.execute$lambda$0(NpcCycleTask.kt:19)
	at org.alter.game.model.PawnList.forEach(PawnList.kt:35)
	at org.alter.game.task.NpcCycleTask.execute(NpcCycleTask.kt:17)
	at org.alter.game.service.GameService.cycle(GameService.kt:192)
	at java.base/java.util.concurrent.Executors$RunnableAdapter.call(Executors.java:539)
	at java.base/java.util.concurrent.FutureTask.runAndReset(FutureTask.java:305)
	at java.base/java.util.concurrent.ScheduledThreadPoolExecutor$ScheduledFutureTask.run(ScheduledThreadPoolExecutor.java:305)
	at java.base/java.util.concurrent.ThreadPoolExecutor.runWorker(ThreadPoolExecutor.java:1136)
	at java.base/java.util.concurrent.ThreadPoolExecutor$Worker.run(ThreadPoolExecutor.java:635)
	at java.base/java.lang.Thread.run(Thread.java:840)
[2025-11-19 00:06:03.811] ERROR org.alter.game.service.GameService - Error with task NpcCycleTask.
java.util.ConcurrentModificationException: null
	at java.base/java.util.HashMap$HashIterator.remove(HashMap.java:1611)
	at org.alter.game.model.entity.Pawn.timerCycle(Pawn.kt:260)
	at org.alter.game.model.entity.Npc.cycle(Npc.kt:155)
	at org.alter.game.task.NpcCycleTask.execute$lambda$0(NpcCycleTask.kt:19)
	at org.alter.game.model.PawnList.forEach(PawnList.kt:35)
	at org.alter.game.task.NpcCycleTask.execute(NpcCycleTask.kt:17)
	at org.alter.game.service.GameService.cycle(GameService.kt:192)
	at java.base/java.util.concurrent.Executors$RunnableAdapter.call(Executors.java:539)
	at java.base/java.util.concurrent.FutureTask.runAndReset(FutureTask.java:305)
	at java.base/java.util.concurrent.ScheduledThreadPoolExecutor$ScheduledFutureTask.run(ScheduledThreadPoolExecutor.java:305)
	at java.base/java.util.concurrent.ThreadPoolExecutor.runWorker(ThreadPoolExecutor.java:1136)
	at java.base/java.util.concurrent.ThreadPoolExecutor$Worker.run(ThreadPoolExecutor.java:635)
	at java.base/java.lang.Thread.run(Thread.java:840)
[2025-11-19 00:06:06.212] ERROR o.alter.game.model.queue.QueueTask - Error with plugin!
java.lang.NullPointerException: null
	at org.alter.plugins.content.combat.strategy.MagicCombatStrategy.attack(MagicCombatStrategy.kt:47)
	at org.alter.plugins.content.combat.CombatPlugin.cycle(CombatPlugin.kt:266)
	at org.alter.plugins.content.combat.CombatPlugin$1$2.invokeSuspend(CombatPlugin.kt:41)
	at org.alter.plugins.content.combat.CombatPlugin$1$2.invoke(CombatPlugin.kt)
	at org.alter.plugins.content.combat.CombatPlugin$1$2.invoke(CombatPlugin.kt)
	at org.alter.game.model.queue.QueueTaskSet$queue$suspendBlock$1.invokeSuspend(QueueTaskSet.kt:27)
	at kotlin.coroutines.jvm.internal.BaseContinuationImpl.resumeWith(ContinuationImpl.kt:33)
	at kotlin.coroutines.SafeContinuation.resumeWith(SafeContinuationJvm.kt:41)
	at org.alter.game.model.queue.impl.PawnQueueTaskSet.cycle(PawnQueueTaskSet.kt:25)
	at org.alter.game.task.NpcCycleTask.execute$lambda$0(NpcCycleTask.kt:18)
	at org.alter.game.model.PawnList.forEach(PawnList.kt:35)
	at org.alter.game.task.NpcCycleTask.execute(NpcCycleTask.kt:17)
	at org.alter.game.service.GameService.cycle(GameService.kt:192)
	at java.base/java.util.concurrent.Executors$RunnableAdapter.call(Executors.java:539)
	at java.base/java.util.concurrent.FutureTask.runAndReset(FutureTask.java:305)
	at java.base/java.util.concurrent.ScheduledThreadPoolExecutor$ScheduledFutureTask.run(ScheduledThreadPoolExecutor.java:305)
	at java.base/java.util.concurrent.ThreadPoolExecutor.runWorker(ThreadPoolExecutor.java:1136)
	at java.base/java.util.concurrent.ThreadPoolExecutor$Worker.run(ThreadPoolExecutor.java:635)
	at java.base/java.lang.Thread.run(Thread.java:840)
[2025-11-19 00:07:57.436] ERROR o.alter.game.plugin.PluginRepository - Npc is already bound to a plugin: 2883 [opt=3]
[2025-11-19 00:09:49.598] ERROR org.alter.game.service.GameService - Error with task NpcCycleTask.
java.util.ConcurrentModificationException: null
	at java.base/java.util.HashMap$HashIterator.remove(HashMap.java:1611)
	at org.alter.game.model.entity.Pawn.timerCycle(Pawn.kt:260)
	at org.alter.game.model.entity.Npc.cycle(Npc.kt:155)
	at org.alter.game.task.NpcCycleTask.execute$lambda$0(NpcCycleTask.kt:19)
	at org.alter.game.model.PawnList.forEach(PawnList.kt:35)
	at org.alter.game.task.NpcCycleTask.execute(NpcCycleTask.kt:17)
	at org.alter.game.service.GameService.cycle(GameService.kt:192)
	at java.base/java.util.concurrent.Executors$RunnableAdapter.call(Executors.java:539)
	at java.base/java.util.concurrent.FutureTask.runAndReset(FutureTask.java:305)
	at java.base/java.util.concurrent.ScheduledThreadPoolExecutor$ScheduledFutureTask.run(ScheduledThreadPoolExecutor.java:305)
	at java.base/java.util.concurrent.ThreadPoolExecutor.runWorker(ThreadPoolExecutor.java:1136)
	at java.base/java.util.concurrent.ThreadPoolExecutor$Worker.run(ThreadPoolExecutor.java:635)
	at java.base/java.lang.Thread.run(Thread.java:840)
[2025-11-19 00:09:50.200] ERROR org.alter.game.service.GameService - Error with task NpcCycleTask.
java.util.ConcurrentModificationException: null
	at java.base/java.util.HashMap$HashIterator.remove(HashMap.java:1611)
	at org.alter.game.model.entity.Pawn.timerCycle(Pawn.kt:260)
	at org.alter.game.model.entity.Npc.cycle(Npc.kt:155)
	at org.alter.game.task.NpcCycleTask.execute$lambda$0(NpcCycleTask.kt:19)
	at org.alter.game.model.PawnList.forEach(PawnList.kt:35)
	at org.alter.game.task.NpcCycleTask.execute(NpcCycleTask.kt:17)
	at org.alter.game.service.GameService.cycle(GameService.kt:192)
	at java.base/java.util.concurrent.Executors$RunnableAdapter.call(Executors.java:539)
	at java.base/java.util.concurrent.FutureTask.runAndReset(FutureTask.java:305)
	at java.base/java.util.concurrent.ScheduledThreadPoolExecutor$ScheduledFutureTask.run(ScheduledThreadPoolExecutor.java:305)
	at java.base/java.util.concurrent.ThreadPoolExecutor.runWorker(ThreadPoolExecutor.java:1136)
	at java.base/java.util.concurrent.ThreadPoolExecutor$Worker.run(ThreadPoolExecutor.java:635)
	at java.base/java.lang.Thread.run(Thread.java:840)
[2025-11-19 00:09:55.611] ERROR org.alter.game.service.GameService - Error with task PlayerCycleTask.
java.util.ConcurrentModificationException: null
	at java.base/java.util.HashMap$HashIterator.remove(HashMap.java:1611)
	at org.alter.game.model.entity.Pawn.timerCycle(Pawn.kt:260)
	at org.alter.game.model.entity.Player.cycle(Player.kt:346)
	at org.alter.game.task.PlayerCycleTask.execute$lambda$2(PlayerCycleTask.kt:24)
	at org.alter.game.model.PawnList.forEach(PawnList.kt:35)
	at org.alter.game.task.PlayerCycleTask.execute(PlayerCycleTask.kt:17)
	at org.alter.game.service.GameService.cycle(GameService.kt:192)
	at java.base/java.util.concurrent.Executors$RunnableAdapter.call(Executors.java:539)
	at java.base/java.util.concurrent.FutureTask.runAndReset(FutureTask.java:305)
	at java.base/java.util.concurrent.ScheduledThreadPoolExecutor$ScheduledFutureTask.run(ScheduledThreadPoolExecutor.java:305)
	at java.base/java.util.concurrent.ThreadPoolExecutor.runWorker(ThreadPoolExecutor.java:1136)
	at java.base/java.util.concurrent.ThreadPoolExecutor$Worker.run(ThreadPoolExecutor.java:635)
	at java.base/java.lang.Thread.run(Thread.java:840)
[2025-11-19 00:10:41.232] ERROR org.alter.game.service.GameService - Error with task PlayerCycleTask.
java.util.ConcurrentModificationException: null
	at java.base/java.util.HashMap$HashIterator.nextNode(HashMap.java:1597)
	at java.base/java.util.HashMap$EntryIterator.next(HashMap.java:1630)
	at java.base/java.util.HashMap$EntryIterator.next(HashMap.java:1628)
	at org.alter.game.model.entity.Pawn.timerCycle(Pawn.kt:246)
	at org.alter.game.model.entity.Player.cycle(Player.kt:346)
	at org.alter.game.task.PlayerCycleTask.execute$lambda$2(PlayerCycleTask.kt:24)
	at org.alter.game.model.PawnList.forEach(PawnList.kt:35)
	at org.alter.game.task.PlayerCycleTask.execute(PlayerCycleTask.kt:17)
	at org.alter.game.service.GameService.cycle(GameService.kt:192)
	at java.base/java.util.concurrent.Executors$RunnableAdapter.call(Executors.java:539)
	at java.base/java.util.concurrent.FutureTask.runAndReset(FutureTask.java:305)
	at java.base/java.util.concurrent.ScheduledThreadPoolExecutor$ScheduledFutureTask.run(ScheduledThreadPoolExecutor.java:305)
	at java.base/java.util.concurrent.ThreadPoolExecutor.runWorker(ThreadPoolExecutor.java:1136)
	at java.base/java.util.concurrent.ThreadPoolExecutor$Worker.run(ThreadPoolExecutor.java:635)
	at java.base/java.lang.Thread.run(Thread.java:840)
[2025-11-19 00:11:00.405] ERROR org.alter.game.service.GameService - Error with task NpcCycleTask.
java.util.ConcurrentModificationException: null
	at java.base/java.util.HashMap$HashIterator.remove(HashMap.java:1611)
	at org.alter.game.model.entity.Pawn.timerCycle(Pawn.kt:260)
	at org.alter.game.model.entity.Npc.cycle(Npc.kt:155)
	at org.alter.game.task.NpcCycleTask.execute$lambda$0(NpcCycleTask.kt:19)
	at org.alter.game.model.PawnList.forEach(PawnList.kt:35)
	at org.alter.game.task.NpcCycleTask.execute(NpcCycleTask.kt:17)
	at org.alter.game.service.GameService.cycle(GameService.kt:192)
	at java.base/java.util.concurrent.Executors$RunnableAdapter.call(Executors.java:539)
	at java.base/java.util.concurrent.FutureTask.runAndReset(FutureTask.java:305)
	at java.base/java.util.concurrent.ScheduledThreadPoolExecutor$ScheduledFutureTask.run(ScheduledThreadPoolExecutor.java:305)
	at java.base/java.util.concurrent.ThreadPoolExecutor.runWorker(ThreadPoolExecutor.java:1136)
	at java.base/java.util.concurrent.ThreadPoolExecutor$Worker.run(ThreadPoolExecutor.java:635)
	at java.base/java.lang.Thread.run(Thread.java:840)
[2025-11-19 00:11:43.596] ERROR org.alter.game.service.GameService - Error with task NpcCycleTask.
java.util.ConcurrentModificationException: null
	at java.base/java.util.HashMap$HashIterator.remove(HashMap.java:1611)
	at org.alter.game.model.entity.Pawn.timerCycle(Pawn.kt:260)
	at org.alter.game.model.entity.Npc.cycle(Npc.kt:155)
	at org.alter.game.task.NpcCycleTask.execute$lambda$0(NpcCycleTask.kt:19)
	at org.alter.game.model.PawnList.forEach(PawnList.kt:35)
	at org.alter.game.task.NpcCycleTask.execute(NpcCycleTask.kt:17)
	at org.alter.game.service.GameService.cycle(GameService.kt:192)
	at java.base/java.util.concurrent.Executors$RunnableAdapter.call(Executors.java:539)
	at java.base/java.util.concurrent.FutureTask.runAndReset(FutureTask.java:305)
	at java.base/java.util.concurrent.ScheduledThreadPoolExecutor$ScheduledFutureTask.run(ScheduledThreadPoolExecutor.java:305)
	at java.base/java.util.concurrent.ThreadPoolExecutor.runWorker(ThreadPoolExecutor.java:1136)
	at java.base/java.util.concurrent.ThreadPoolExecutor$Worker.run(ThreadPoolExecutor.java:635)
	at java.base/java.lang.Thread.run(Thread.java:840)
[2025-11-19 00:12:09.395] ERROR org.alter.game.service.GameService - Error with task NpcCycleTask.
java.util.ConcurrentModificationException: null
	at java.base/java.util.HashMap$HashIterator.remove(HashMap.java:1611)
	at org.alter.game.model.entity.Pawn.timerCycle(Pawn.kt:260)
	at org.alter.game.model.entity.Npc.cycle(Npc.kt:155)
	at org.alter.game.task.NpcCycleTask.execute$lambda$0(NpcCycleTask.kt:19)
	at org.alter.game.model.PawnList.forEach(PawnList.kt:35)
	at org.alter.game.task.NpcCycleTask.execute(NpcCycleTask.kt:17)
	at org.alter.game.service.GameService.cycle(GameService.kt:192)
	at java.base/java.util.concurrent.Executors$RunnableAdapter.call(Executors.java:539)
	at java.base/java.util.concurrent.FutureTask.runAndReset(FutureTask.java:305)
	at java.base/java.util.concurrent.ScheduledThreadPoolExecutor$ScheduledFutureTask.run(ScheduledThreadPoolExecutor.java:305)
	at java.base/java.util.concurrent.ThreadPoolExecutor.runWorker(ThreadPoolExecutor.java:1136)
	at java.base/java.util.concurrent.ThreadPoolExecutor$Worker.run(ThreadPoolExecutor.java:635)
	at java.base/java.lang.Thread.run(Thread.java:840)
[2025-11-19 00:12:42.400] ERROR org.alter.game.service.GameService - Error with task NpcCycleTask.
java.util.ConcurrentModificationException: null
	at java.base/java.util.HashMap$HashIterator.remove(HashMap.java:1611)
	at org.alter.game.model.entity.Pawn.timerCycle(Pawn.kt:260)
	at org.alter.game.model.entity.Npc.cycle(Npc.kt:155)
	at org.alter.game.task.NpcCycleTask.execute$lambda$0(NpcCycleTask.kt:19)
	at org.alter.game.model.PawnList.forEach(PawnList.kt:35)
	at org.alter.game.task.NpcCycleTask.execute(NpcCycleTask.kt:17)
	at org.alter.game.service.GameService.cycle(GameService.kt:192)
	at java.base/java.util.concurrent.Executors$RunnableAdapter.call(Executors.java:539)
	at java.base/java.util.concurrent.FutureTask.runAndReset(FutureTask.java:305)
	at java.base/java.util.concurrent.ScheduledThreadPoolExecutor$ScheduledFutureTask.run(ScheduledThreadPoolExecutor.java:305)
	at java.base/java.util.concurrent.ThreadPoolExecutor.runWorker(ThreadPoolExecutor.java:1136)
	at java.base/java.util.concurrent.ThreadPoolExecutor$Worker.run(ThreadPoolExecutor.java:635)
	at java.base/java.lang.Thread.run(Thread.java:840)
[2025-11-19 00:12:51.998] ERROR org.alter.game.service.GameService - Error with task NpcCycleTask.
java.util.ConcurrentModificationException: null
	at java.base/java.util.HashMap$HashIterator.remove(HashMap.java:1611)
	at org.alter.game.model.entity.Pawn.timerCycle(Pawn.kt:260)
	at org.alter.game.model.entity.Npc.cycle(Npc.kt:155)
	at org.alter.game.task.NpcCycleTask.execute$lambda$0(NpcCycleTask.kt:19)
	at org.alter.game.model.PawnList.forEach(PawnList.kt:35)
	at org.alter.game.task.NpcCycleTask.execute(NpcCycleTask.kt:17)
	at org.alter.game.service.GameService.cycle(GameService.kt:192)
	at java.base/java.util.concurrent.Executors$RunnableAdapter.call(Executors.java:539)
	at java.base/java.util.concurrent.FutureTask.runAndReset(FutureTask.java:305)
	at java.base/java.util.concurrent.ScheduledThreadPoolExecutor$ScheduledFutureTask.run(ScheduledThreadPoolExecutor.java:305)
	at java.base/java.util.concurrent.ThreadPoolExecutor.runWorker(ThreadPoolExecutor.java:1136)
	at java.base/java.util.concurrent.ThreadPoolExecutor$Worker.run(ThreadPoolExecutor.java:635)
	at java.base/java.lang.Thread.run(Thread.java:840)
[2025-11-19 00:13:15.990] ERROR org.alter.game.service.GameService - Error with task NpcCycleTask.
java.util.ConcurrentModificationException: null
	at java.base/java.util.HashMap$HashIterator.remove(HashMap.java:1611)
	at org.alter.game.model.entity.Pawn.timerCycle(Pawn.kt:260)
	at org.alter.game.model.entity.Npc.cycle(Npc.kt:155)
	at org.alter.game.task.NpcCycleTask.execute$lambda$0(NpcCycleTask.kt:19)
	at org.alter.game.model.PawnList.forEach(PawnList.kt:35)
	at org.alter.game.task.NpcCycleTask.execute(NpcCycleTask.kt:17)
	at org.alter.game.service.GameService.cycle(GameService.kt:192)
	at java.base/java.util.concurrent.Executors$RunnableAdapter.call(Executors.java:539)
	at java.base/java.util.concurrent.FutureTask.runAndReset(FutureTask.java:305)
	at java.base/java.util.concurrent.ScheduledThreadPoolExecutor$ScheduledFutureTask.run(ScheduledThreadPoolExecutor.java:305)
	at java.base/java.util.concurrent.ThreadPoolExecutor.runWorker(ThreadPoolExecutor.java:1136)
	at java.base/java.util.concurrent.ThreadPoolExecutor$Worker.run(ThreadPoolExecutor.java:635)
	at java.base/java.lang.Thread.run(Thread.java:840)
[2025-11-19 00:13:56.802] ERROR org.alter.game.service.GameService - Error with task NpcCycleTask.
java.util.ConcurrentModificationException: null
	at java.base/java.util.HashMap$HashIterator.remove(HashMap.java:1611)
	at org.alter.game.model.entity.Pawn.timerCycle(Pawn.kt:260)
	at org.alter.game.model.entity.Npc.cycle(Npc.kt:155)
	at org.alter.game.task.NpcCycleTask.execute$lambda$0(NpcCycleTask.kt:19)
	at org.alter.game.model.PawnList.forEach(PawnList.kt:35)
	at org.alter.game.task.NpcCycleTask.execute(NpcCycleTask.kt:17)
	at org.alter.game.service.GameService.cycle(GameService.kt:192)
	at java.base/java.util.concurrent.Executors$RunnableAdapter.call(Executors.java:539)
	at java.base/java.util.concurrent.FutureTask.runAndReset(FutureTask.java:305)
	at java.base/java.util.concurrent.ScheduledThreadPoolExecutor$ScheduledFutureTask.run(ScheduledThreadPoolExecutor.java:305)
	at java.base/java.util.concurrent.ThreadPoolExecutor.runWorker(ThreadPoolExecutor.java:1136)
	at java.base/java.util.concurrent.ThreadPoolExecutor$Worker.run(ThreadPoolExecutor.java:635)
	at java.base/java.lang.Thread.run(Thread.java:840)
[2025-11-19 00:14:20.201] ERROR o.alter.game.model.queue.QueueTask - Error with plugin!
java.lang.IllegalStateException: Invalid combat style. RANGED
	at org.alter.plugins.content.combat.formula.MeleeCombatFormula.getEquipmentAttackBonus(MeleeCombatFormula.kt:162)
	at org.alter.plugins.content.combat.formula.MeleeCombatFormula.getAttackRoll(MeleeCombatFormula.kt:72)
	at org.alter.plugins.content.combat.formula.MeleeCombatFormula.getAccuracy(MeleeCombatFormula.kt:35)
	at org.alter.plugins.content.combat.formula.CombatFormula$DefaultImpls.getAccuracy$default(CombatFormula.kt:9)
	at org.alter.plugins.content.combat.strategy.MeleeCombatStrategy.attack(MeleeCombatStrategy.kt:63)
	at org.alter.plugins.content.combat.CombatPlugin.cycle(CombatPlugin.kt:266)
	at org.alter.plugins.content.combat.CombatPlugin$cycle$1.invokeSuspend(CombatPlugin.kt)
	at kotlin.coroutines.jvm.internal.BaseContinuationImpl.resumeWith(ContinuationImpl.kt:33)
	at kotlin.coroutines.SafeContinuation.resumeWith(SafeContinuationJvm.kt:41)
	at org.alter.game.model.queue.QueueTask.cycle$game_server(QueueTask.kt:63)
	at org.alter.game.model.queue.impl.PawnQueueTaskSet.cycle(PawnQueueTaskSet.kt:28)
	at org.alter.game.task.NpcCycleTask.execute$lambda$0(NpcCycleTask.kt:18)
	at org.alter.game.model.PawnList.forEach(PawnList.kt:35)
	at org.alter.game.task.NpcCycleTask.execute(NpcCycleTask.kt:17)
	at org.alter.game.service.GameService.cycle(GameService.kt:192)
	at java.base/java.util.concurrent.Executors$RunnableAdapter.call(Executors.java:539)
	at java.base/java.util.concurrent.FutureTask.runAndReset(FutureTask.java:305)
	at java.base/java.util.concurrent.ScheduledThreadPoolExecutor$ScheduledFutureTask.run(ScheduledThreadPoolExecutor.java:305)
	at java.base/java.util.concurrent.ThreadPoolExecutor.runWorker(ThreadPoolExecutor.java:1136)
	at java.base/java.util.concurrent.ThreadPoolExecutor$Worker.run(ThreadPoolExecutor.java:635)
	at java.base/java.lang.Thread.run(Thread.java:840)
[2025-11-19 00:14:48.405] ERROR org.alter.game.service.GameService - Error with task NpcCycleTask.
java.util.ConcurrentModificationException: null
	at java.base/java.util.HashMap$HashIterator.remove(HashMap.java:1611)
	at org.alter.game.model.entity.Pawn.timerCycle(Pawn.kt:260)
	at org.alter.game.model.entity.Npc.cycle(Npc.kt:155)
	at org.alter.game.task.NpcCycleTask.execute$lambda$0(NpcCycleTask.kt:19)
	at org.alter.game.model.PawnList.forEach(PawnList.kt:35)
	at org.alter.game.task.NpcCycleTask.execute(NpcCycleTask.kt:17)
	at org.alter.game.service.GameService.cycle(GameService.kt:192)
	at java.base/java.util.concurrent.Executors$RunnableAdapter.call(Executors.java:539)
	at java.base/java.util.concurrent.FutureTask.runAndReset(FutureTask.java:305)
	at java.base/java.util.concurrent.ScheduledThreadPoolExecutor$ScheduledFutureTask.run(ScheduledThreadPoolExecutor.java:305)
	at java.base/java.util.concurrent.ThreadPoolExecutor.runWorker(ThreadPoolExecutor.java:1136)
	at java.base/java.util.concurrent.ThreadPoolExecutor$Worker.run(ThreadPoolExecutor.java:635)
	at java.base/java.lang.Thread.run(Thread.java:840)
[2025-11-19 00:15:16.594] ERROR org.alter.game.service.GameService - Error with task NpcCycleTask.
java.util.ConcurrentModificationException: null
	at java.base/java.util.HashMap$HashIterator.remove(HashMap.java:1611)
	at org.alter.game.model.entity.Pawn.timerCycle(Pawn.kt:260)
	at org.alter.game.model.entity.Npc.cycle(Npc.kt:155)
	at org.alter.game.task.NpcCycleTask.execute$lambda$0(NpcCycleTask.kt:19)
	at org.alter.game.model.PawnList.forEach(PawnList.kt:35)
	at org.alter.game.task.NpcCycleTask.execute(NpcCycleTask.kt:17)
	at org.alter.game.service.GameService.cycle(GameService.kt:192)
	at java.base/java.util.concurrent.Executors$RunnableAdapter.call(Executors.java:539)
	at java.base/java.util.concurrent.FutureTask.runAndReset(FutureTask.java:305)
	at java.base/java.util.concurrent.ScheduledThreadPoolExecutor$ScheduledFutureTask.run(ScheduledThreadPoolExecutor.java:305)
	at java.base/java.util.concurrent.ThreadPoolExecutor.runWorker(ThreadPoolExecutor.java:1136)
	at java.base/java.util.concurrent.ThreadPoolExecutor$Worker.run(ThreadPoolExecutor.java:635)
	at java.base/java.lang.Thread.run(Thread.java:840)
[2025-11-19 00:16:39.400] ERROR org.alter.game.service.GameService - Error with task NpcCycleTask.
java.util.ConcurrentModificationException: null
	at java.base/java.util.HashMap$HashIterator.remove(HashMap.java:1611)
	at org.alter.game.model.entity.Pawn.timerCycle(Pawn.kt:260)
	at org.alter.game.model.entity.Npc.cycle(Npc.kt:155)
	at org.alter.game.task.NpcCycleTask.execute$lambda$0(NpcCycleTask.kt:19)
	at org.alter.game.model.PawnList.forEach(PawnList.kt:35)
	at org.alter.game.task.NpcCycleTask.execute(NpcCycleTask.kt:17)
	at org.alter.game.service.GameService.cycle(GameService.kt:192)
	at java.base/java.util.concurrent.Executors$RunnableAdapter.call(Executors.java:539)
	at java.base/java.util.concurrent.FutureTask.runAndReset(FutureTask.java:305)
	at java.base/java.util.concurrent.ScheduledThreadPoolExecutor$ScheduledFutureTask.run(ScheduledThreadPoolExecutor.java:305)
	at java.base/java.util.concurrent.ThreadPoolExecutor.runWorker(ThreadPoolExecutor.java:1136)
	at java.base/java.util.concurrent.ThreadPoolExecutor$Worker.run(ThreadPoolExecutor.java:635)
	at java.base/java.lang.Thread.run(Thread.java:840)
[2025-11-19 00:16:53.788] ERROR org.alter.game.service.GameService - Error with task NpcCycleTask.
java.util.ConcurrentModificationException: null
	at java.base/java.util.HashMap$HashIterator.remove(HashMap.java:1611)
	at org.alter.game.model.entity.Pawn.timerCycle(Pawn.kt:260)
	at org.alter.game.model.entity.Npc.cycle(Npc.kt:155)
	at org.alter.game.task.NpcCycleTask.execute$lambda$0(NpcCycleTask.kt:19)
	at org.alter.game.model.PawnList.forEach(PawnList.kt:35)
	at org.alter.game.task.NpcCycleTask.execute(NpcCycleTask.kt:17)
	at org.alter.game.service.GameService.cycle(GameService.kt:192)
	at java.base/java.util.concurrent.Executors$RunnableAdapter.call(Executors.java:539)
	at java.base/java.util.concurrent.FutureTask.runAndReset(FutureTask.java:305)
	at java.base/java.util.concurrent.ScheduledThreadPoolExecutor$ScheduledFutureTask.run(ScheduledThreadPoolExecutor.java:305)
	at java.base/java.util.concurrent.ThreadPoolExecutor.runWorker(ThreadPoolExecutor.java:1136)
	at java.base/java.util.concurrent.ThreadPoolExecutor$Worker.run(ThreadPoolExecutor.java:635)
	at java.base/java.lang.Thread.run(Thread.java:840)
[2025-11-19 00:16:55.603] ERROR org.alter.game.service.GameService - Error with task NpcCycleTask.
java.util.ConcurrentModificationException: null
	at java.base/java.util.HashMap$HashIterator.remove(HashMap.java:1611)
	at org.alter.game.model.entity.Pawn.timerCycle(Pawn.kt:260)
	at org.alter.game.model.entity.Npc.cycle(Npc.kt:155)
	at org.alter.game.task.NpcCycleTask.execute$lambda$0(NpcCycleTask.kt:19)
	at org.alter.game.model.PawnList.forEach(PawnList.kt:35)
	at org.alter.game.task.NpcCycleTask.execute(NpcCycleTask.kt:17)
	at org.alter.game.service.GameService.cycle(GameService.kt:192)
	at java.base/java.util.concurrent.Executors$RunnableAdapter.call(Executors.java:539)
	at java.base/java.util.concurrent.FutureTask.runAndReset(FutureTask.java:305)
	at java.base/java.util.concurrent.ScheduledThreadPoolExecutor$ScheduledFutureTask.run(ScheduledThreadPoolExecutor.java:305)
	at java.base/java.util.concurrent.ThreadPoolExecutor.runWorker(ThreadPoolExecutor.java:1136)
	at java.base/java.util.concurrent.ThreadPoolExecutor$Worker.run(ThreadPoolExecutor.java:635)
	at java.base/java.lang.Thread.run(Thread.java:840)
[2025-11-19 00:18:11.793] ERROR org.alter.game.service.GameService - Error with task NpcCycleTask.
java.util.ConcurrentModificationException: null
	at java.base/java.util.HashMap$HashIterator.remove(HashMap.java:1611)
	at org.alter.game.model.entity.Pawn.timerCycle(Pawn.kt:260)
	at org.alter.game.model.entity.Npc.cycle(Npc.kt:155)
	at org.alter.game.task.NpcCycleTask.execute$lambda$0(NpcCycleTask.kt:19)
	at org.alter.game.model.PawnList.forEach(PawnList.kt:35)
	at org.alter.game.task.NpcCycleTask.execute(NpcCycleTask.kt:17)
	at org.alter.game.service.GameService.cycle(GameService.kt:192)
	at java.base/java.util.concurrent.Executors$RunnableAdapter.call(Executors.java:539)
	at java.base/java.util.concurrent.FutureTask.runAndReset(FutureTask.java:305)
	at java.base/java.util.concurrent.ScheduledThreadPoolExecutor$ScheduledFutureTask.run(ScheduledThreadPoolExecutor.java:305)
	at java.base/java.util.concurrent.ThreadPoolExecutor.runWorker(ThreadPoolExecutor.java:1136)
	at java.base/java.util.concurrent.ThreadPoolExecutor$Worker.run(ThreadPoolExecutor.java:635)
	at java.base/java.lang.Thread.run(Thread.java:840)
[2025-11-19 00:18:43.003] ERROR org.alter.game.service.GameService - Error with task NpcCycleTask.
java.util.ConcurrentModificationException: null
	at java.base/java.util.HashMap$HashIterator.remove(HashMap.java:1611)
	at org.alter.game.model.entity.Pawn.timerCycle(Pawn.kt:260)
	at org.alter.game.model.entity.Npc.cycle(Npc.kt:155)
	at org.alter.game.task.NpcCycleTask.execute$lambda$0(NpcCycleTask.kt:19)
	at org.alter.game.model.PawnList.forEach(PawnList.kt:35)
	at org.alter.game.task.NpcCycleTask.execute(NpcCycleTask.kt:17)
	at org.alter.game.service.GameService.cycle(GameService.kt:192)
	at java.base/java.util.concurrent.Executors$RunnableAdapter.call(Executors.java:539)
	at java.base/java.util.concurrent.FutureTask.runAndReset(FutureTask.java:305)
	at java.base/java.util.concurrent.ScheduledThreadPoolExecutor$ScheduledFutureTask.run(ScheduledThreadPoolExecutor.java:305)
	at java.base/java.util.concurrent.ThreadPoolExecutor.runWorker(ThreadPoolExecutor.java:1136)
	at java.base/java.util.concurrent.ThreadPoolExecutor$Worker.run(ThreadPoolExecutor.java:635)
	at java.base/java.lang.Thread.run(Thread.java:840)
[2025-11-19 00:19:39.998] ERROR org.alter.game.service.GameService - Error with task NpcCycleTask.
java.util.ConcurrentModificationException: null
	at java.base/java.util.HashMap$HashIterator.remove(HashMap.java:1611)
	at org.alter.game.model.entity.Pawn.timerCycle(Pawn.kt:260)
	at org.alter.game.model.entity.Npc.cycle(Npc.kt:155)
	at org.alter.game.task.NpcCycleTask.execute$lambda$0(NpcCycleTask.kt:19)
	at org.alter.game.model.PawnList.forEach(PawnList.kt:35)
	at org.alter.game.task.NpcCycleTask.execute(NpcCycleTask.kt:17)
	at org.alter.game.service.GameService.cycle(GameService.kt:192)
	at java.base/java.util.concurrent.Executors$RunnableAdapter.call(Executors.java:539)
	at java.base/java.util.concurrent.FutureTask.runAndReset(FutureTask.java:305)
	at java.base/java.util.concurrent.ScheduledThreadPoolExecutor$ScheduledFutureTask.run(ScheduledThreadPoolExecutor.java:305)
	at java.base/java.util.concurrent.ThreadPoolExecutor.runWorker(ThreadPoolExecutor.java:1136)
	at java.base/java.util.concurrent.ThreadPoolExecutor$Worker.run(ThreadPoolExecutor.java:635)
	at java.base/java.lang.Thread.run(Thread.java:840)
[2025-11-19 00:20:25.597] ERROR org.alter.game.service.GameService - Error with task NpcCycleTask.
java.util.ConcurrentModificationException: null
	at java.base/java.util.HashMap$HashIterator.remove(HashMap.java:1611)
	at org.alter.game.model.entity.Pawn.timerCycle(Pawn.kt:260)
	at org.alter.game.model.entity.Npc.cycle(Npc.kt:155)
	at org.alter.game.task.NpcCycleTask.execute$lambda$0(NpcCycleTask.kt:19)
	at org.alter.game.model.PawnList.forEach(PawnList.kt:35)
	at org.alter.game.task.NpcCycleTask.execute(NpcCycleTask.kt:17)
	at org.alter.game.service.GameService.cycle(GameService.kt:192)
	at java.base/java.util.concurrent.Executors$RunnableAdapter.call(Executors.java:539)
	at java.base/java.util.concurrent.FutureTask.runAndReset(FutureTask.java:305)
	at java.base/java.util.concurrent.ScheduledThreadPoolExecutor$ScheduledFutureTask.run(ScheduledThreadPoolExecutor.java:305)
	at java.base/java.util.concurrent.ThreadPoolExecutor.runWorker(ThreadPoolExecutor.java:1136)
	at java.base/java.util.concurrent.ThreadPoolExecutor$Worker.run(ThreadPoolExecutor.java:635)
	at java.base/java.lang.Thread.run(Thread.java:840)
[2025-11-19 00:20:49.604] ERROR org.alter.game.service.GameService - Error with task NpcCycleTask.
java.util.ConcurrentModificationException: null
	at java.base/java.util.HashMap$HashIterator.remove(HashMap.java:1611)
	at org.alter.game.model.entity.Pawn.timerCycle(Pawn.kt:260)
	at org.alter.game.model.entity.Npc.cycle(Npc.kt:155)
	at org.alter.game.task.NpcCycleTask.execute$lambda$0(NpcCycleTask.kt:19)
	at org.alter.game.model.PawnList.forEach(PawnList.kt:35)
	at org.alter.game.task.NpcCycleTask.execute(NpcCycleTask.kt:17)
	at org.alter.game.service.GameService.cycle(GameService.kt:192)
	at java.base/java.util.concurrent.Executors$RunnableAdapter.call(Executors.java:539)
	at java.base/java.util.concurrent.FutureTask.runAndReset(FutureTask.java:305)
	at java.base/java.util.concurrent.ScheduledThreadPoolExecutor$ScheduledFutureTask.run(ScheduledThreadPoolExecutor.java:305)
	at java.base/java.util.concurrent.ThreadPoolExecutor.runWorker(ThreadPoolExecutor.java:1136)
	at java.base/java.util.concurrent.ThreadPoolExecutor$Worker.run(ThreadPoolExecutor.java:635)
	at java.base/java.lang.Thread.run(Thread.java:840)
[2025-11-19 00:21:38.192] ERROR org.alter.game.service.GameService - Error with task NpcCycleTask.
java.util.ConcurrentModificationException: null
	at java.base/java.util.HashMap$HashIterator.remove(HashMap.java:1611)
	at org.alter.game.model.entity.Pawn.timerCycle(Pawn.kt:260)
	at org.alter.game.model.entity.Npc.cycle(Npc.kt:155)
	at org.alter.game.task.NpcCycleTask.execute$lambda$0(NpcCycleTask.kt:19)
	at org.alter.game.model.PawnList.forEach(PawnList.kt:35)
	at org.alter.game.task.NpcCycleTask.execute(NpcCycleTask.kt:17)
	at org.alter.game.service.GameService.cycle(GameService.kt:192)
	at java.base/java.util.concurrent.Executors$RunnableAdapter.call(Executors.java:539)
	at java.base/java.util.concurrent.FutureTask.runAndReset(FutureTask.java:305)
	at java.base/java.util.concurrent.ScheduledThreadPoolExecutor$ScheduledFutureTask.run(ScheduledThreadPoolExecutor.java:305)
	at java.base/java.util.concurrent.ThreadPoolExecutor.runWorker(ThreadPoolExecutor.java:1136)
	at java.base/java.util.concurrent.ThreadPoolExecutor$Worker.run(ThreadPoolExecutor.java:635)
	at java.base/java.lang.Thread.run(Thread.java:840)
[2025-11-19 00:21:59.801] ERROR org.alter.game.service.GameService - Error with task NpcCycleTask.
java.util.ConcurrentModificationException: null
	at java.base/java.util.HashMap$HashIterator.remove(HashMap.java:1611)
	at org.alter.game.model.entity.Pawn.timerCycle(Pawn.kt:260)
	at org.alter.game.model.entity.Npc.cycle(Npc.kt:155)
	at org.alter.game.task.NpcCycleTask.execute$lambda$0(NpcCycleTask.kt:19)
	at org.alter.game.model.PawnList.forEach(PawnList.kt:35)
	at org.alter.game.task.NpcCycleTask.execute(NpcCycleTask.kt:17)
	at org.alter.game.service.GameService.cycle(GameService.kt:192)
	at java.base/java.util.concurrent.Executors$RunnableAdapter.call(Executors.java:539)
	at java.base/java.util.concurrent.FutureTask.runAndReset(FutureTask.java:305)
	at java.base/java.util.concurrent.ScheduledThreadPoolExecutor$ScheduledFutureTask.run(ScheduledThreadPoolExecutor.java:305)
	at java.base/java.util.concurrent.ThreadPoolExecutor.runWorker(ThreadPoolExecutor.java:1136)
	at java.base/java.util.concurrent.ThreadPoolExecutor$Worker.run(ThreadPoolExecutor.java:635)
	at java.base/java.lang.Thread.run(Thread.java:840)
[2025-11-19 00:23:11.197] ERROR org.alter.game.service.GameService - Error with task NpcCycleTask.
java.util.ConcurrentModificationException: null
	at java.base/java.util.HashMap$HashIterator.remove(HashMap.java:1611)
	at org.alter.game.model.entity.Pawn.timerCycle(Pawn.kt:260)
	at org.alter.game.model.entity.Npc.cycle(Npc.kt:155)
	at org.alter.game.task.NpcCycleTask.execute$lambda$0(NpcCycleTask.kt:19)
	at org.alter.game.model.PawnList.forEach(PawnList.kt:35)
	at org.alter.game.task.NpcCycleTask.execute(NpcCycleTask.kt:17)
	at org.alter.game.service.GameService.cycle(GameService.kt:192)
	at java.base/java.util.concurrent.Executors$RunnableAdapter.call(Executors.java:539)
	at java.base/java.util.concurrent.FutureTask.runAndReset(FutureTask.java:305)
	at java.base/java.util.concurrent.ScheduledThreadPoolExecutor$ScheduledFutureTask.run(ScheduledThreadPoolExecutor.java:305)
	at java.base/java.util.concurrent.ThreadPoolExecutor.runWorker(ThreadPoolExecutor.java:1136)
	at java.base/java.util.concurrent.ThreadPoolExecutor$Worker.run(ThreadPoolExecutor.java:635)
	at java.base/java.lang.Thread.run(Thread.java:840)
[2025-11-19 00:23:21.992] ERROR org.alter.game.service.GameService - Error with task NpcCycleTask.
java.util.ConcurrentModificationException: null
	at java.base/java.util.HashMap$HashIterator.remove(HashMap.java:1611)
	at org.alter.game.model.entity.Pawn.timerCycle(Pawn.kt:260)
	at org.alter.game.model.entity.Npc.cycle(Npc.kt:155)
	at org.alter.game.task.NpcCycleTask.execute$lambda$0(NpcCycleTask.kt:19)
	at org.alter.game.model.PawnList.forEach(PawnList.kt:35)
	at org.alter.game.task.NpcCycleTask.execute(NpcCycleTask.kt:17)
	at org.alter.game.service.GameService.cycle(GameService.kt:192)
	at java.base/java.util.concurrent.Executors$RunnableAdapter.call(Executors.java:539)
	at java.base/java.util.concurrent.FutureTask.runAndReset(FutureTask.java:305)
	at java.base/java.util.concurrent.ScheduledThreadPoolExecutor$ScheduledFutureTask.run(ScheduledThreadPoolExecutor.java:305)
	at java.base/java.util.concurrent.ThreadPoolExecutor.runWorker(ThreadPoolExecutor.java:1136)
	at java.base/java.util.concurrent.ThreadPoolExecutor$Worker.run(ThreadPoolExecutor.java:635)
	at java.base/java.lang.Thread.run(Thread.java:840)
[2025-11-19 00:23:40.594] ERROR org.alter.game.service.GameService - Error with task NpcCycleTask.
java.util.ConcurrentModificationException: null
	at java.base/java.util.HashMap$HashIterator.remove(HashMap.java:1611)
	at org.alter.game.model.entity.Pawn.timerCycle(Pawn.kt:260)
	at org.alter.game.model.entity.Npc.cycle(Npc.kt:155)
	at org.alter.game.task.NpcCycleTask.execute$lambda$0(NpcCycleTask.kt:19)
	at org.alter.game.model.PawnList.forEach(PawnList.kt:35)
	at org.alter.game.task.NpcCycleTask.execute(NpcCycleTask.kt:17)
	at org.alter.game.service.GameService.cycle(GameService.kt:192)
	at java.base/java.util.concurrent.Executors$RunnableAdapter.call(Executors.java:539)
	at java.base/java.util.concurrent.FutureTask.runAndReset(FutureTask.java:305)
	at java.base/java.util.concurrent.ScheduledThreadPoolExecutor$ScheduledFutureTask.run(ScheduledThreadPoolExecutor.java:305)
	at java.base/java.util.concurrent.ThreadPoolExecutor.runWorker(ThreadPoolExecutor.java:1136)
	at java.base/java.util.concurrent.ThreadPoolExecutor$Worker.run(ThreadPoolExecutor.java:635)
	at java.base/java.lang.Thread.run(Thread.java:840)
[2025-11-19 00:23:41.194] ERROR org.alter.game.service.GameService - Error with task NpcCycleTask.
java.util.ConcurrentModificationException: null
	at java.base/java.util.HashMap$HashIterator.remove(HashMap.java:1611)
	at org.alter.game.model.entity.Pawn.timerCycle(Pawn.kt:260)
	at org.alter.game.model.entity.Npc.cycle(Npc.kt:155)
	at org.alter.game.task.NpcCycleTask.execute$lambda$0(NpcCycleTask.kt:19)
	at org.alter.game.model.PawnList.forEach(PawnList.kt:35)
	at org.alter.game.task.NpcCycleTask.execute(NpcCycleTask.kt:17)
	at org.alter.game.service.GameService.cycle(GameService.kt:192)
	at java.base/java.util.concurrent.Executors$RunnableAdapter.call(Executors.java:539)
	at java.base/java.util.concurrent.FutureTask.runAndReset(FutureTask.java:305)
	at java.base/java.util.concurrent.ScheduledThreadPoolExecutor$ScheduledFutureTask.run(ScheduledThreadPoolExecutor.java:305)
	at java.base/java.util.concurrent.ThreadPoolExecutor.runWorker(ThreadPoolExecutor.java:1136)
	at java.base/java.util.concurrent.ThreadPoolExecutor$Worker.run(ThreadPoolExecutor.java:635)
	at java.base/java.lang.Thread.run(Thread.java:840)
[2025-11-19 00:23:43.599] ERROR o.alter.game.model.queue.QueueTask - Error with plugin!
java.lang.NullPointerException: null
	at org.alter.plugins.content.combat.strategy.MagicCombatStrategy.attack(MagicCombatStrategy.kt:47)
	at org.alter.plugins.content.combat.CombatPlugin.cycle(CombatPlugin.kt:266)
	at org.alter.plugins.content.combat.CombatPlugin$1$2.invokeSuspend(CombatPlugin.kt:41)
	at org.alter.plugins.content.combat.CombatPlugin$1$2.invoke(CombatPlugin.kt)
	at org.alter.plugins.content.combat.CombatPlugin$1$2.invoke(CombatPlugin.kt)
	at org.alter.game.model.queue.QueueTaskSet$queue$suspendBlock$1.invokeSuspend(QueueTaskSet.kt:27)
	at kotlin.coroutines.jvm.internal.BaseContinuationImpl.resumeWith(ContinuationImpl.kt:33)
	at kotlin.coroutines.SafeContinuation.resumeWith(SafeContinuationJvm.kt:41)
	at org.alter.game.model.queue.impl.PawnQueueTaskSet.cycle(PawnQueueTaskSet.kt:25)
	at org.alter.game.task.NpcCycleTask.execute$lambda$0(NpcCycleTask.kt:18)
	at org.alter.game.model.PawnList.forEach(PawnList.kt:35)
	at org.alter.game.task.NpcCycleTask.execute(NpcCycleTask.kt:17)
	at org.alter.game.service.GameService.cycle(GameService.kt:192)
	at java.base/java.util.concurrent.Executors$RunnableAdapter.call(Executors.java:539)
	at java.base/java.util.concurrent.FutureTask.runAndReset(FutureTask.java:305)
	at java.base/java.util.concurrent.ScheduledThreadPoolExecutor$ScheduledFutureTask.run(ScheduledThreadPoolExecutor.java:305)
	at java.base/java.util.concurrent.ThreadPoolExecutor.runWorker(ThreadPoolExecutor.java:1136)
	at java.base/java.util.concurrent.ThreadPoolExecutor$Worker.run(ThreadPoolExecutor.java:635)
	at java.base/java.lang.Thread.run(Thread.java:840)
[2025-11-19 00:24:17.816] ERROR org.alter.game.service.GameService - Error with task PlayerCycleTask.
java.util.ConcurrentModificationException: null
	at java.base/java.util.HashMap$HashIterator.remove(HashMap.java:1611)
	at org.alter.game.model.entity.Pawn.timerCycle(Pawn.kt:260)
	at org.alter.game.model.entity.Player.cycle(Player.kt:346)
	at org.alter.game.task.PlayerCycleTask.execute$lambda$2(PlayerCycleTask.kt:24)
	at org.alter.game.model.PawnList.forEach(PawnList.kt:35)
	at org.alter.game.task.PlayerCycleTask.execute(PlayerCycleTask.kt:17)
	at org.alter.game.service.GameService.cycle(GameService.kt:192)
	at java.base/java.util.concurrent.Executors$RunnableAdapter.call(Executors.java:539)
	at java.base/java.util.concurrent.FutureTask.runAndReset(FutureTask.java:305)
	at java.base/java.util.concurrent.ScheduledThreadPoolExecutor$ScheduledFutureTask.run(ScheduledThreadPoolExecutor.java:305)
	at java.base/java.util.concurrent.ThreadPoolExecutor.runWorker(ThreadPoolExecutor.java:1136)
	at java.base/java.util.concurrent.ThreadPoolExecutor$Worker.run(ThreadPoolExecutor.java:635)
	at java.base/java.lang.Thread.run(Thread.java:840)
[2025-11-19 00:29:51.461] ERROR o.alter.game.plugin.PluginRepository - Npc is already bound to a plugin: 2883 [opt=3]
[2025-11-19 00:31:33.418] ERROR org.alter.game.service.GameService - Error with task PlayerCycleTask.
java.util.ConcurrentModificationException: null
	at java.base/java.util.HashMap$HashIterator.nextNode(HashMap.java:1597)
	at java.base/java.util.HashMap$EntryIterator.next(HashMap.java:1630)
	at java.base/java.util.HashMap$EntryIterator.next(HashMap.java:1628)
	at org.alter.game.model.entity.Pawn.timerCycle(Pawn.kt:246)
	at org.alter.game.model.entity.Player.cycle(Player.kt:346)
	at org.alter.game.task.PlayerCycleTask.execute$lambda$2(PlayerCycleTask.kt:24)
	at org.alter.game.model.PawnList.forEach(PawnList.kt:35)
	at org.alter.game.task.PlayerCycleTask.execute(PlayerCycleTask.kt:17)
	at org.alter.game.service.GameService.cycle(GameService.kt:192)
	at java.base/java.util.concurrent.Executors$RunnableAdapter.call(Executors.java:539)
	at java.base/java.util.concurrent.FutureTask.runAndReset(FutureTask.java:305)
	at java.base/java.util.concurrent.ScheduledThreadPoolExecutor$ScheduledFutureTask.run(ScheduledThreadPoolExecutor.java:305)
	at java.base/java.util.concurrent.ThreadPoolExecutor.runWorker(ThreadPoolExecutor.java:1136)
	at java.base/java.util.concurrent.ThreadPoolExecutor$Worker.run(ThreadPoolExecutor.java:635)
	at java.base/java.lang.Thread.run(Thread.java:840)
[2025-11-19 00:32:44.831] ERROR org.alter.game.service.GameService - Error with task NpcCycleTask.
java.util.ConcurrentModificationException: null
	at java.base/java.util.HashMap$HashIterator.remove(HashMap.java:1611)
	at org.alter.game.model.entity.Pawn.timerCycle(Pawn.kt:260)
	at org.alter.game.model.entity.Npc.cycle(Npc.kt:155)
	at org.alter.game.task.NpcCycleTask.execute$lambda$0(NpcCycleTask.kt:19)
	at org.alter.game.model.PawnList.forEach(PawnList.kt:35)
	at org.alter.game.task.NpcCycleTask.execute(NpcCycleTask.kt:17)
	at org.alter.game.service.GameService.cycle(GameService.kt:192)
	at java.base/java.util.concurrent.Executors$RunnableAdapter.call(Executors.java:539)
	at java.base/java.util.concurrent.FutureTask.runAndReset(FutureTask.java:305)
	at java.base/java.util.concurrent.ScheduledThreadPoolExecutor$ScheduledFutureTask.run(ScheduledThreadPoolExecutor.java:305)
	at java.base/java.util.concurrent.ThreadPoolExecutor.runWorker(ThreadPoolExecutor.java:1136)
	at java.base/java.util.concurrent.ThreadPoolExecutor$Worker.run(ThreadPoolExecutor.java:635)
	at java.base/java.lang.Thread.run(Thread.java:840)
[2025-11-19 00:32:45.425] ERROR org.alter.game.service.GameService - Error with task NpcCycleTask.
java.util.ConcurrentModificationException: null
	at java.base/java.util.HashMap$HashIterator.remove(HashMap.java:1611)
	at org.alter.game.model.entity.Pawn.timerCycle(Pawn.kt:260)
	at org.alter.game.model.entity.Npc.cycle(Npc.kt:155)
	at org.alter.game.task.NpcCycleTask.execute$lambda$0(NpcCycleTask.kt:19)
	at org.alter.game.model.PawnList.forEach(PawnList.kt:35)
	at org.alter.game.task.NpcCycleTask.execute(NpcCycleTask.kt:17)
	at org.alter.game.service.GameService.cycle(GameService.kt:192)
	at java.base/java.util.concurrent.Executors$RunnableAdapter.call(Executors.java:539)
	at java.base/java.util.concurrent.FutureTask.runAndReset(FutureTask.java:305)
	at java.base/java.util.concurrent.ScheduledThreadPoolExecutor$ScheduledFutureTask.run(ScheduledThreadPoolExecutor.java:305)
	at java.base/java.util.concurrent.ThreadPoolExecutor.runWorker(ThreadPoolExecutor.java:1136)
	at java.base/java.util.concurrent.ThreadPoolExecutor$Worker.run(ThreadPoolExecutor.java:635)
	at java.base/java.lang.Thread.run(Thread.java:840)
[2025-11-19 00:33:23.225] ERROR org.alter.game.service.GameService - Error with task NpcCycleTask.
java.util.ConcurrentModificationException: null
	at java.base/java.util.HashMap$HashIterator.remove(HashMap.java:1611)
	at org.alter.game.model.entity.Pawn.timerCycle(Pawn.kt:260)
	at org.alter.game.model.entity.Npc.cycle(Npc.kt:155)
	at org.alter.game.task.NpcCycleTask.execute$lambda$0(NpcCycleTask.kt:19)
	at org.alter.game.model.PawnList.forEach(PawnList.kt:35)
	at org.alter.game.task.NpcCycleTask.execute(NpcCycleTask.kt:17)
	at org.alter.game.service.GameService.cycle(GameService.kt:192)
	at java.base/java.util.concurrent.Executors$RunnableAdapter.call(Executors.java:539)
	at java.base/java.util.concurrent.FutureTask.runAndReset(FutureTask.java:305)
	at java.base/java.util.concurrent.ScheduledThreadPoolExecutor$ScheduledFutureTask.run(ScheduledThreadPoolExecutor.java:305)
	at java.base/java.util.concurrent.ThreadPoolExecutor.runWorker(ThreadPoolExecutor.java:1136)
	at java.base/java.util.concurrent.ThreadPoolExecutor$Worker.run(ThreadPoolExecutor.java:635)
	at java.base/java.lang.Thread.run(Thread.java:840)
[2025-11-19 00:33:23.825] ERROR org.alter.game.service.GameService - Error with task NpcCycleTask.
java.util.ConcurrentModificationException: null
	at java.base/java.util.HashMap$HashIterator.remove(HashMap.java:1611)
	at org.alter.game.model.entity.Pawn.timerCycle(Pawn.kt:260)
	at org.alter.game.model.entity.Npc.cycle(Npc.kt:155)
	at org.alter.game.task.NpcCycleTask.execute$lambda$0(NpcCycleTask.kt:19)
	at org.alter.game.model.PawnList.forEach(PawnList.kt:35)
	at org.alter.game.task.NpcCycleTask.execute(NpcCycleTask.kt:17)
	at org.alter.game.service.GameService.cycle(GameService.kt:192)
	at java.base/java.util.concurrent.Executors$RunnableAdapter.call(Executors.java:539)
	at java.base/java.util.concurrent.FutureTask.runAndReset(FutureTask.java:305)
	at java.base/java.util.concurrent.ScheduledThreadPoolExecutor$ScheduledFutureTask.run(ScheduledThreadPoolExecutor.java:305)
	at java.base/java.util.concurrent.ThreadPoolExecutor.runWorker(ThreadPoolExecutor.java:1136)
	at java.base/java.util.concurrent.ThreadPoolExecutor$Worker.run(ThreadPoolExecutor.java:635)
	at java.base/java.lang.Thread.run(Thread.java:840)
[2025-11-19 00:34:32.224] ERROR org.alter.game.service.GameService - Error with task NpcCycleTask.
java.util.ConcurrentModificationException: null
	at java.base/java.util.HashMap$HashIterator.remove(HashMap.java:1611)
	at org.alter.game.model.entity.Pawn.timerCycle(Pawn.kt:260)
	at org.alter.game.model.entity.Npc.cycle(Npc.kt:155)
	at org.alter.game.task.NpcCycleTask.execute$lambda$0(NpcCycleTask.kt:19)
	at org.alter.game.model.PawnList.forEach(PawnList.kt:35)
	at org.alter.game.task.NpcCycleTask.execute(NpcCycleTask.kt:17)
	at org.alter.game.service.GameService.cycle(GameService.kt:192)
	at java.base/java.util.concurrent.Executors$RunnableAdapter.call(Executors.java:539)
	at java.base/java.util.concurrent.FutureTask.runAndReset(FutureTask.java:305)
	at java.base/java.util.concurrent.ScheduledThreadPoolExecutor$ScheduledFutureTask.run(ScheduledThreadPoolExecutor.java:305)
	at java.base/java.util.concurrent.ThreadPoolExecutor.runWorker(ThreadPoolExecutor.java:1136)
	at java.base/java.util.concurrent.ThreadPoolExecutor$Worker.run(ThreadPoolExecutor.java:635)
	at java.base/java.lang.Thread.run(Thread.java:840)
[2025-11-19 00:35:02.220] ERROR org.alter.game.service.GameService - Error with task NpcCycleTask.
java.util.ConcurrentModificationException: null
	at java.base/java.util.HashMap$HashIterator.remove(HashMap.java:1611)
	at org.alter.game.model.entity.Pawn.timerCycle(Pawn.kt:260)
	at org.alter.game.model.entity.Npc.cycle(Npc.kt:155)
	at org.alter.game.task.NpcCycleTask.execute$lambda$0(NpcCycleTask.kt:19)
	at org.alter.game.model.PawnList.forEach(PawnList.kt:35)
	at org.alter.game.task.NpcCycleTask.execute(NpcCycleTask.kt:17)
	at org.alter.game.service.GameService.cycle(GameService.kt:192)
	at java.base/java.util.concurrent.Executors$RunnableAdapter.call(Executors.java:539)
	at java.base/java.util.concurrent.FutureTask.runAndReset(FutureTask.java:305)
	at java.base/java.util.concurrent.ScheduledThreadPoolExecutor$ScheduledFutureTask.run(ScheduledThreadPoolExecutor.java:305)
	at java.base/java.util.concurrent.ThreadPoolExecutor.runWorker(ThreadPoolExecutor.java:1136)
	at java.base/java.util.concurrent.ThreadPoolExecutor$Worker.run(ThreadPoolExecutor.java:635)
	at java.base/java.lang.Thread.run(Thread.java:840)
[2025-11-19 00:36:47.823] ERROR org.alter.game.service.GameService - Error with task NpcCycleTask.
java.util.ConcurrentModificationException: null
	at java.base/java.util.HashMap$HashIterator.remove(HashMap.java:1611)
	at org.alter.game.model.entity.Pawn.timerCycle(Pawn.kt:260)
	at org.alter.game.model.entity.Npc.cycle(Npc.kt:155)
	at org.alter.game.task.NpcCycleTask.execute$lambda$0(NpcCycleTask.kt:19)
	at org.alter.game.model.PawnList.forEach(PawnList.kt:35)
	at org.alter.game.task.NpcCycleTask.execute(NpcCycleTask.kt:17)
	at org.alter.game.service.GameService.cycle(GameService.kt:192)
	at java.base/java.util.concurrent.Executors$RunnableAdapter.call(Executors.java:539)
	at java.base/java.util.concurrent.FutureTask.runAndReset(FutureTask.java:305)
	at java.base/java.util.concurrent.ScheduledThreadPoolExecutor$ScheduledFutureTask.run(ScheduledThreadPoolExecutor.java:305)
	at java.base/java.util.concurrent.ThreadPoolExecutor.runWorker(ThreadPoolExecutor.java:1136)
	at java.base/java.util.concurrent.ThreadPoolExecutor$Worker.run(ThreadPoolExecutor.java:635)
	at java.base/java.lang.Thread.run(Thread.java:840)
[2025-11-19 00:37:17.826] ERROR org.alter.game.service.GameService - Error with task NpcCycleTask.
java.util.ConcurrentModificationException: null
	at java.base/java.util.HashMap$HashIterator.remove(HashMap.java:1611)
	at org.alter.game.model.entity.Pawn.timerCycle(Pawn.kt:260)
	at org.alter.game.model.entity.Npc.cycle(Npc.kt:155)
	at org.alter.game.task.NpcCycleTask.execute$lambda$0(NpcCycleTask.kt:19)
	at org.alter.game.model.PawnList.forEach(PawnList.kt:35)
	at org.alter.game.task.NpcCycleTask.execute(NpcCycleTask.kt:17)
	at org.alter.game.service.GameService.cycle(GameService.kt:192)
	at java.base/java.util.concurrent.Executors$RunnableAdapter.call(Executors.java:539)
	at java.base/java.util.concurrent.FutureTask.runAndReset(FutureTask.java:305)
	at java.base/java.util.concurrent.ScheduledThreadPoolExecutor$ScheduledFutureTask.run(ScheduledThreadPoolExecutor.java:305)
	at java.base/java.util.concurrent.ThreadPoolExecutor.runWorker(ThreadPoolExecutor.java:1136)
	at java.base/java.util.concurrent.ThreadPoolExecutor$Worker.run(ThreadPoolExecutor.java:635)
	at java.base/java.lang.Thread.run(Thread.java:840)
[2025-11-19 00:40:08.686] ERROR o.alter.game.plugin.PluginRepository - Npc is already bound to a plugin: 2883 [opt=3]
[2025-11-19 00:47:48.869] ERROR org.alter.game.service.GameService - Error with task NpcCycleTask.
java.util.ConcurrentModificationException: null
	at java.base/java.util.HashMap$HashIterator.remove(HashMap.java:1611)
	at org.alter.game.model.entity.Pawn.timerCycle(Pawn.kt:260)
	at org.alter.game.model.entity.Npc.cycle(Npc.kt:155)
	at org.alter.game.task.NpcCycleTask.execute$lambda$0(NpcCycleTask.kt:19)
	at org.alter.game.model.PawnList.forEach(PawnList.kt:35)
	at org.alter.game.task.NpcCycleTask.execute(NpcCycleTask.kt:17)
	at org.alter.game.service.GameService.cycle(GameService.kt:192)
	at java.base/java.util.concurrent.Executors$RunnableAdapter.call(Executors.java:539)
	at java.base/java.util.concurrent.FutureTask.runAndReset(FutureTask.java:305)
	at java.base/java.util.concurrent.ScheduledThreadPoolExecutor$ScheduledFutureTask.run(ScheduledThreadPoolExecutor.java:305)
	at java.base/java.util.concurrent.ThreadPoolExecutor.runWorker(ThreadPoolExecutor.java:1136)
	at java.base/java.util.concurrent.ThreadPoolExecutor$Worker.run(ThreadPoolExecutor.java:635)
	at java.base/java.lang.Thread.run(Thread.java:840)
[2025-11-19 00:48:58.459] ERROR org.alter.game.service.GameService - Error with task NpcCycleTask.
java.util.ConcurrentModificationException: null
	at java.base/java.util.HashMap$HashIterator.remove(HashMap.java:1611)
	at org.alter.game.model.entity.Pawn.timerCycle(Pawn.kt:260)
	at org.alter.game.model.entity.Npc.cycle(Npc.kt:155)
	at org.alter.game.task.NpcCycleTask.execute$lambda$0(NpcCycleTask.kt:19)
	at org.alter.game.model.PawnList.forEach(PawnList.kt:35)
	at org.alter.game.task.NpcCycleTask.execute(NpcCycleTask.kt:17)
	at org.alter.game.service.GameService.cycle(GameService.kt:192)
	at java.base/java.util.concurrent.Executors$RunnableAdapter.call(Executors.java:539)
	at java.base/java.util.concurrent.FutureTask.runAndReset(FutureTask.java:305)
	at java.base/java.util.concurrent.ScheduledThreadPoolExecutor$ScheduledFutureTask.run(ScheduledThreadPoolExecutor.java:305)
	at java.base/java.util.concurrent.ThreadPoolExecutor.runWorker(ThreadPoolExecutor.java:1136)
	at java.base/java.util.concurrent.ThreadPoolExecutor$Worker.run(ThreadPoolExecutor.java:635)
	at java.base/java.lang.Thread.run(Thread.java:840)
[2025-11-19 00:50:48.876] ERROR org.alter.game.service.GameService - Error with task NpcCycleTask.
java.util.ConcurrentModificationException: null
	at java.base/java.util.HashMap$HashIterator.remove(HashMap.java:1611)
	at org.alter.game.model.entity.Pawn.timerCycle(Pawn.kt:260)
	at org.alter.game.model.entity.Npc.cycle(Npc.kt:155)
	at org.alter.game.task.NpcCycleTask.execute$lambda$0(NpcCycleTask.kt:19)
	at org.alter.game.model.PawnList.forEach(PawnList.kt:35)
	at org.alter.game.task.NpcCycleTask.execute(NpcCycleTask.kt:17)
	at org.alter.game.service.GameService.cycle(GameService.kt:192)
	at java.base/java.util.concurrent.Executors$RunnableAdapter.call(Executors.java:539)
	at java.base/java.util.concurrent.FutureTask.runAndReset(FutureTask.java:305)
	at java.base/java.util.concurrent.ScheduledThreadPoolExecutor$ScheduledFutureTask.run(ScheduledThreadPoolExecutor.java:305)
	at java.base/java.util.concurrent.ThreadPoolExecutor.runWorker(ThreadPoolExecutor.java:1136)
	at java.base/java.util.concurrent.ThreadPoolExecutor$Worker.run(ThreadPoolExecutor.java:635)
	at java.base/java.lang.Thread.run(Thread.java:840)
[2025-11-19 00:51:52.475] ERROR org.alter.game.service.GameService - Error with task NpcCycleTask.
java.util.ConcurrentModificationException: null
	at java.base/java.util.HashMap$HashIterator.remove(HashMap.java:1611)
	at org.alter.game.model.entity.Pawn.timerCycle(Pawn.kt:260)
	at org.alter.game.model.entity.Npc.cycle(Npc.kt:155)
	at org.alter.game.task.NpcCycleTask.execute$lambda$0(NpcCycleTask.kt:19)
	at org.alter.game.model.PawnList.forEach(PawnList.kt:35)
	at org.alter.game.task.NpcCycleTask.execute(NpcCycleTask.kt:17)
	at org.alter.game.service.GameService.cycle(GameService.kt:192)
	at java.base/java.util.concurrent.Executors$RunnableAdapter.call(Executors.java:539)
	at java.base/java.util.concurrent.FutureTask.runAndReset(FutureTask.java:305)
	at java.base/java.util.concurrent.ScheduledThreadPoolExecutor$ScheduledFutureTask.run(ScheduledThreadPoolExecutor.java:305)
	at java.base/java.util.concurrent.ThreadPoolExecutor.runWorker(ThreadPoolExecutor.java:1136)
	at java.base/java.util.concurrent.ThreadPoolExecutor$Worker.run(ThreadPoolExecutor.java:635)
	at java.base/java.lang.Thread.run(Thread.java:840)
[2025-11-19 00:54:02.508] ERROR o.alter.game.plugin.PluginRepository - Npc is already bound to a plugin: 2883 [opt=3]
[2025-11-19 00:56:21.099] ERROR org.alter.game.service.GameService - Error with task NpcCycleTask.
java.util.ConcurrentModificationException: null
	at java.base/java.util.HashMap$HashIterator.remove(HashMap.java:1611)
	at org.alter.game.model.entity.Pawn.timerCycle(Pawn.kt:260)
	at org.alter.game.model.entity.Npc.cycle(Npc.kt:155)
	at org.alter.game.task.NpcCycleTask.execute$lambda$0(NpcCycleTask.kt:19)
	at org.alter.game.model.PawnList.forEach(PawnList.kt:35)
	at org.alter.game.task.NpcCycleTask.execute(NpcCycleTask.kt:17)
	at org.alter.game.service.GameService.cycle(GameService.kt:192)
	at java.base/java.util.concurrent.Executors$RunnableAdapter.call(Executors.java:539)
	at java.base/java.util.concurrent.FutureTask.runAndReset(FutureTask.java:305)
	at java.base/java.util.concurrent.ScheduledThreadPoolExecutor$ScheduledFutureTask.run(ScheduledThreadPoolExecutor.java:305)
	at java.base/java.util.concurrent.ThreadPoolExecutor.runWorker(ThreadPoolExecutor.java:1136)
	at java.base/java.util.concurrent.ThreadPoolExecutor$Worker.run(ThreadPoolExecutor.java:635)
	at java.base/java.lang.Thread.run(Thread.java:840)
[2025-11-19 00:56:44.490] ERROR org.alter.game.service.GameService - Error with task NpcCycleTask.
java.util.ConcurrentModificationException: null
	at java.base/java.util.HashMap$HashIterator.remove(HashMap.java:1611)
	at org.alter.game.model.entity.Pawn.timerCycle(Pawn.kt:260)
	at org.alter.game.model.entity.Npc.cycle(Npc.kt:155)
	at org.alter.game.task.NpcCycleTask.execute$lambda$0(NpcCycleTask.kt:19)
	at org.alter.game.model.PawnList.forEach(PawnList.kt:35)
	at org.alter.game.task.NpcCycleTask.execute(NpcCycleTask.kt:17)
	at org.alter.game.service.GameService.cycle(GameService.kt:192)
	at java.base/java.util.concurrent.Executors$RunnableAdapter.call(Executors.java:539)
	at java.base/java.util.concurrent.FutureTask.runAndReset(FutureTask.java:305)
	at java.base/java.util.concurrent.ScheduledThreadPoolExecutor$ScheduledFutureTask.run(ScheduledThreadPoolExecutor.java:305)
	at java.base/java.util.concurrent.ThreadPoolExecutor.runWorker(ThreadPoolExecutor.java:1136)
	at java.base/java.util.concurrent.ThreadPoolExecutor$Worker.run(ThreadPoolExecutor.java:635)
	at java.base/java.lang.Thread.run(Thread.java:840)
[2025-11-19 00:58:08.492] ERROR org.alter.game.service.GameService - Error with task NpcCycleTask.
java.util.ConcurrentModificationException: null
	at java.base/java.util.HashMap$HashIterator.remove(HashMap.java:1611)
	at org.alter.game.model.entity.Pawn.timerCycle(Pawn.kt:260)
	at org.alter.game.model.entity.Npc.cycle(Npc.kt:155)
	at org.alter.game.task.NpcCycleTask.execute$lambda$0(NpcCycleTask.kt:19)
	at org.alter.game.model.PawnList.forEach(PawnList.kt:35)
	at org.alter.game.task.NpcCycleTask.execute(NpcCycleTask.kt:17)
	at org.alter.game.service.GameService.cycle(GameService.kt:192)
	at java.base/java.util.concurrent.Executors$RunnableAdapter.call(Executors.java:539)
	at java.base/java.util.concurrent.FutureTask.runAndReset(FutureTask.java:305)
	at java.base/java.util.concurrent.ScheduledThreadPoolExecutor$ScheduledFutureTask.run(ScheduledThreadPoolExecutor.java:305)
	at java.base/java.util.concurrent.ThreadPoolExecutor.runWorker(ThreadPoolExecutor.java:1136)
	at java.base/java.util.concurrent.ThreadPoolExecutor$Worker.run(ThreadPoolExecutor.java:635)
	at java.base/java.lang.Thread.run(Thread.java:840)
[2025-11-19 00:58:45.692] ERROR o.alter.game.model.queue.QueueTask - Error with plugin!
java.lang.IllegalStateException: Invalid combat style. RANGED
	at org.alter.plugins.content.combat.formula.MeleeCombatFormula.getEquipmentAttackBonus(MeleeCombatFormula.kt:184)
	at org.alter.plugins.content.combat.formula.MeleeCombatFormula.getAttackRoll(MeleeCombatFormula.kt:77)
	at org.alter.plugins.content.combat.formula.MeleeCombatFormula.getAccuracy(MeleeCombatFormula.kt:35)
	at org.alter.plugins.content.combat.formula.CombatFormula$DefaultImpls.getAccuracy$default(CombatFormula.kt:9)
	at org.alter.plugins.content.combat.PawnExtKt.dealHit(PawnExt.kt:61)
	at org.alter.plugins.content.combat.PawnExtKt.dealHit$default(PawnExt.kt:55)
	at org.alter.plugins.content.areas.revenantcaves.RevenantManagementPlugin.revenantCombat(RevenantManagementPlugin.kt:598)
	at org.alter.plugins.content.areas.revenantcaves.RevenantManagementPlugin.access$revenantCombat(RevenantManagementPlugin.kt:57)
	at org.alter.plugins.content.areas.revenantcaves.RevenantManagementPlugin$revenantCombat$1.invokeSuspend(RevenantManagementPlugin.kt)
	at kotlin.coroutines.jvm.internal.BaseContinuationImpl.resumeWith(ContinuationImpl.kt:33)
	at kotlin.coroutines.SafeContinuation.resumeWith(SafeContinuationJvm.kt:41)
	at org.alter.game.model.queue.QueueTask.cycle$game_server(QueueTask.kt:63)
	at org.alter.game.model.queue.impl.PawnQueueTaskSet.cycle(PawnQueueTaskSet.kt:28)
	at org.alter.game.task.NpcCycleTask.execute$lambda$0(NpcCycleTask.kt:18)
	at org.alter.game.model.PawnList.forEach(PawnList.kt:35)
	at org.alter.game.task.NpcCycleTask.execute(NpcCycleTask.kt:17)
	at org.alter.game.service.GameService.cycle(GameService.kt:192)
	at java.base/java.util.concurrent.Executors$RunnableAdapter.call(Executors.java:539)
	at java.base/java.util.concurrent.FutureTask.runAndReset(FutureTask.java:305)
	at java.base/java.util.concurrent.ScheduledThreadPoolExecutor$ScheduledFutureTask.run(ScheduledThreadPoolExecutor.java:305)
	at java.base/java.util.concurrent.ThreadPoolExecutor.runWorker(ThreadPoolExecutor.java:1136)
	at java.base/java.util.concurrent.ThreadPoolExecutor$Worker.run(ThreadPoolExecutor.java:635)
	at java.base/java.lang.Thread.run(Thread.java:840)
[2025-11-19 01:01:09.656] ERROR o.alter.game.plugin.PluginRepository - Npc is already bound to a plugin: 2883 [opt=3]
[2025-11-19 01:02:48.755] ERROR org.alter.game.service.GameService - Error with task NpcCycleTask.
java.util.ConcurrentModificationException: null
	at java.base/java.util.HashMap$HashIterator.remove(HashMap.java:1611)
	at org.alter.game.model.entity.Pawn.timerCycle(Pawn.kt:260)
	at org.alter.game.model.entity.Npc.cycle(Npc.kt:155)
	at org.alter.game.task.NpcCycleTask.execute$lambda$0(NpcCycleTask.kt:19)
	at org.alter.game.model.PawnList.forEach(PawnList.kt:35)
	at org.alter.game.task.NpcCycleTask.execute(NpcCycleTask.kt:17)
	at org.alter.game.service.GameService.cycle(GameService.kt:192)
	at java.base/java.util.concurrent.Executors$RunnableAdapter.call(Executors.java:539)
	at java.base/java.util.concurrent.FutureTask.runAndReset(FutureTask.java:305)
	at java.base/java.util.concurrent.ScheduledThreadPoolExecutor$ScheduledFutureTask.run(ScheduledThreadPoolExecutor.java:305)
	at java.base/java.util.concurrent.ThreadPoolExecutor.runWorker(ThreadPoolExecutor.java:1136)
	at java.base/java.util.concurrent.ThreadPoolExecutor$Worker.run(ThreadPoolExecutor.java:635)
	at java.base/java.lang.Thread.run(Thread.java:840)
[2025-11-19 01:02:49.345] ERROR org.alter.game.service.GameService - Error with task NpcCycleTask.
java.util.ConcurrentModificationException: null
	at java.base/java.util.HashMap$HashIterator.remove(HashMap.java:1611)
	at org.alter.game.model.entity.Pawn.timerCycle(Pawn.kt:260)
	at org.alter.game.model.entity.Npc.cycle(Npc.kt:155)
	at org.alter.game.task.NpcCycleTask.execute$lambda$0(NpcCycleTask.kt:19)
	at org.alter.game.model.PawnList.forEach(PawnList.kt:35)
	at org.alter.game.task.NpcCycleTask.execute(NpcCycleTask.kt:17)
	at org.alter.game.service.GameService.cycle(GameService.kt:192)
	at java.base/java.util.concurrent.Executors$RunnableAdapter.call(Executors.java:539)
	at java.base/java.util.concurrent.FutureTask.runAndReset(FutureTask.java:305)
	at java.base/java.util.concurrent.ScheduledThreadPoolExecutor$ScheduledFutureTask.run(ScheduledThreadPoolExecutor.java:305)
	at java.base/java.util.concurrent.ThreadPoolExecutor.runWorker(ThreadPoolExecutor.java:1136)
	at java.base/java.util.concurrent.ThreadPoolExecutor$Worker.run(ThreadPoolExecutor.java:635)
	at java.base/java.lang.Thread.run(Thread.java:840)
[2025-11-19 01:03:10.342] ERROR org.alter.game.service.GameService - Error with task NpcCycleTask.
java.util.ConcurrentModificationException: null
	at java.base/java.util.HashMap$HashIterator.remove(HashMap.java:1611)
	at org.alter.game.model.entity.Pawn.timerCycle(Pawn.kt:260)
	at org.alter.game.model.entity.Npc.cycle(Npc.kt:155)
	at org.alter.game.task.NpcCycleTask.execute$lambda$0(NpcCycleTask.kt:19)
	at org.alter.game.model.PawnList.forEach(PawnList.kt:35)
	at org.alter.game.task.NpcCycleTask.execute(NpcCycleTask.kt:17)
	at org.alter.game.service.GameService.cycle(GameService.kt:192)
	at java.base/java.util.concurrent.Executors$RunnableAdapter.call(Executors.java:539)
	at java.base/java.util.concurrent.FutureTask.runAndReset(FutureTask.java:305)
	at java.base/java.util.concurrent.ScheduledThreadPoolExecutor$ScheduledFutureTask.run(ScheduledThreadPoolExecutor.java:305)
	at java.base/java.util.concurrent.ThreadPoolExecutor.runWorker(ThreadPoolExecutor.java:1136)
	at java.base/java.util.concurrent.ThreadPoolExecutor$Worker.run(ThreadPoolExecutor.java:635)
	at java.base/java.lang.Thread.run(Thread.java:840)
[2025-11-19 01:03:10.934] ERROR org.alter.game.service.GameService - Error with task NpcCycleTask.
java.util.ConcurrentModificationException: null
	at java.base/java.util.HashMap$HashIterator.remove(HashMap.java:1611)
	at org.alter.game.model.entity.Pawn.timerCycle(Pawn.kt:260)
	at org.alter.game.model.entity.Npc.cycle(Npc.kt:155)
	at org.alter.game.task.NpcCycleTask.execute$lambda$0(NpcCycleTask.kt:19)
	at org.alter.game.model.PawnList.forEach(PawnList.kt:35)
	at org.alter.game.task.NpcCycleTask.execute(NpcCycleTask.kt:17)
	at org.alter.game.service.GameService.cycle(GameService.kt:192)
	at java.base/java.util.concurrent.Executors$RunnableAdapter.call(Executors.java:539)
	at java.base/java.util.concurrent.FutureTask.runAndReset(FutureTask.java:305)
	at java.base/java.util.concurrent.ScheduledThreadPoolExecutor$ScheduledFutureTask.run(ScheduledThreadPoolExecutor.java:305)
	at java.base/java.util.concurrent.ThreadPoolExecutor.runWorker(ThreadPoolExecutor.java:1136)
	at java.base/java.util.concurrent.ThreadPoolExecutor$Worker.run(ThreadPoolExecutor.java:635)
	at java.base/java.lang.Thread.run(Thread.java:840)
[2025-11-19 01:03:58.934] ERROR org.alter.game.service.GameService - Error with task NpcCycleTask.
java.util.ConcurrentModificationException: null
	at java.base/java.util.HashMap$HashIterator.remove(HashMap.java:1611)
	at org.alter.game.model.entity.Pawn.timerCycle(Pawn.kt:260)
	at org.alter.game.model.entity.Npc.cycle(Npc.kt:155)
	at org.alter.game.task.NpcCycleTask.execute$lambda$0(NpcCycleTask.kt:19)
	at org.alter.game.model.PawnList.forEach(PawnList.kt:35)
	at org.alter.game.task.NpcCycleTask.execute(NpcCycleTask.kt:17)
	at org.alter.game.service.GameService.cycle(GameService.kt:192)
	at java.base/java.util.concurrent.Executors$RunnableAdapter.call(Executors.java:539)
	at java.base/java.util.concurrent.FutureTask.runAndReset(FutureTask.java:305)
	at java.base/java.util.concurrent.ScheduledThreadPoolExecutor$ScheduledFutureTask.run(ScheduledThreadPoolExecutor.java:305)
	at java.base/java.util.concurrent.ThreadPoolExecutor.runWorker(ThreadPoolExecutor.java:1136)
	at java.base/java.util.concurrent.ThreadPoolExecutor$Worker.run(ThreadPoolExecutor.java:635)
	at java.base/java.lang.Thread.run(Thread.java:840)
[2025-11-19 01:04:30.147] ERROR org.alter.game.service.GameService - Error with task NpcCycleTask.
java.util.ConcurrentModificationException: null
	at java.base/java.util.HashMap$HashIterator.remove(HashMap.java:1611)
	at org.alter.game.model.entity.Pawn.timerCycle(Pawn.kt:260)
	at org.alter.game.model.entity.Npc.cycle(Npc.kt:155)
	at org.alter.game.task.NpcCycleTask.execute$lambda$0(NpcCycleTask.kt:19)
	at org.alter.game.model.PawnList.forEach(PawnList.kt:35)
	at org.alter.game.task.NpcCycleTask.execute(NpcCycleTask.kt:17)
	at org.alter.game.service.GameService.cycle(GameService.kt:192)
	at java.base/java.util.concurrent.Executors$RunnableAdapter.call(Executors.java:539)
	at java.base/java.util.concurrent.FutureTask.runAndReset(FutureTask.java:305)
	at java.base/java.util.concurrent.ScheduledThreadPoolExecutor$ScheduledFutureTask.run(ScheduledThreadPoolExecutor.java:305)
	at java.base/java.util.concurrent.ThreadPoolExecutor.runWorker(ThreadPoolExecutor.java:1136)
	at java.base/java.util.concurrent.ThreadPoolExecutor$Worker.run(ThreadPoolExecutor.java:635)
	at java.base/java.lang.Thread.run(Thread.java:840)
[2025-11-19 01:04:30.752] ERROR org.alter.game.service.GameService - Error with task NpcCycleTask.
java.util.ConcurrentModificationException: null
	at java.base/java.util.HashMap$HashIterator.remove(HashMap.java:1611)
	at org.alter.game.model.entity.Pawn.timerCycle(Pawn.kt:260)
	at org.alter.game.model.entity.Npc.cycle(Npc.kt:155)
	at org.alter.game.task.NpcCycleTask.execute$lambda$0(NpcCycleTask.kt:19)
	at org.alter.game.model.PawnList.forEach(PawnList.kt:35)
	at org.alter.game.task.NpcCycleTask.execute(NpcCycleTask.kt:17)
	at org.alter.game.service.GameService.cycle(GameService.kt:192)
	at java.base/java.util.concurrent.Executors$RunnableAdapter.call(Executors.java:539)
	at java.base/java.util.concurrent.FutureTask.runAndReset(FutureTask.java:305)
	at java.base/java.util.concurrent.ScheduledThreadPoolExecutor$ScheduledFutureTask.run(ScheduledThreadPoolExecutor.java:305)
	at java.base/java.util.concurrent.ThreadPoolExecutor.runWorker(ThreadPoolExecutor.java:1136)
	at java.base/java.util.concurrent.ThreadPoolExecutor$Worker.run(ThreadPoolExecutor.java:635)
	at java.base/java.lang.Thread.run(Thread.java:840)
[2025-11-19 01:05:45.154] ERROR org.alter.game.service.GameService - Error with task NpcCycleTask.
java.util.ConcurrentModificationException: null
	at java.base/java.util.HashMap$HashIterator.remove(HashMap.java:1611)
	at org.alter.game.model.entity.Pawn.timerCycle(Pawn.kt:260)
	at org.alter.game.model.entity.Npc.cycle(Npc.kt:155)
	at org.alter.game.task.NpcCycleTask.execute$lambda$0(NpcCycleTask.kt:19)
	at org.alter.game.model.PawnList.forEach(PawnList.kt:35)
	at org.alter.game.task.NpcCycleTask.execute(NpcCycleTask.kt:17)
	at org.alter.game.service.GameService.cycle(GameService.kt:192)
	at java.base/java.util.concurrent.Executors$RunnableAdapter.call(Executors.java:539)
	at java.base/java.util.concurrent.FutureTask.runAndReset(FutureTask.java:305)
	at java.base/java.util.concurrent.ScheduledThreadPoolExecutor$ScheduledFutureTask.run(ScheduledThreadPoolExecutor.java:305)
	at java.base/java.util.concurrent.ThreadPoolExecutor.runWorker(ThreadPoolExecutor.java:1136)
	at java.base/java.util.concurrent.ThreadPoolExecutor$Worker.run(ThreadPoolExecutor.java:635)
	at java.base/java.lang.Thread.run(Thread.java:840)
[2025-11-19 01:05:50.534] ERROR org.alter.game.service.GameService - Error with task NpcCycleTask.
java.util.ConcurrentModificationException: null
	at java.base/java.util.HashMap$HashIterator.remove(HashMap.java:1611)
	at org.alter.game.model.entity.Pawn.timerCycle(Pawn.kt:260)
	at org.alter.game.model.entity.Npc.cycle(Npc.kt:155)
	at org.alter.game.task.NpcCycleTask.execute$lambda$0(NpcCycleTask.kt:19)
	at org.alter.game.model.PawnList.forEach(PawnList.kt:35)
	at org.alter.game.task.NpcCycleTask.execute(NpcCycleTask.kt:17)
	at org.alter.game.service.GameService.cycle(GameService.kt:192)
	at java.base/java.util.concurrent.Executors$RunnableAdapter.call(Executors.java:539)
	at java.base/java.util.concurrent.FutureTask.runAndReset(FutureTask.java:305)
	at java.base/java.util.concurrent.ScheduledThreadPoolExecutor$ScheduledFutureTask.run(ScheduledThreadPoolExecutor.java:305)
	at java.base/java.util.concurrent.ThreadPoolExecutor.runWorker(ThreadPoolExecutor.java:1136)
	at java.base/java.util.concurrent.ThreadPoolExecutor$Worker.run(ThreadPoolExecutor.java:635)
	at java.base/java.lang.Thread.run(Thread.java:840)
[2025-11-19 01:05:51.146] ERROR org.alter.game.service.GameService - Error with task NpcCycleTask.
java.util.ConcurrentModificationException: null
	at java.base/java.util.HashMap$HashIterator.remove(HashMap.java:1611)
	at org.alter.game.model.entity.Pawn.timerCycle(Pawn.kt:260)
	at org.alter.game.model.entity.Npc.cycle(Npc.kt:155)
	at org.alter.game.task.NpcCycleTask.execute$lambda$0(NpcCycleTask.kt:19)
	at org.alter.game.model.PawnList.forEach(PawnList.kt:35)
	at org.alter.game.task.NpcCycleTask.execute(NpcCycleTask.kt:17)
	at org.alter.game.service.GameService.cycle(GameService.kt:192)
	at java.base/java.util.concurrent.Executors$RunnableAdapter.call(Executors.java:539)
	at java.base/java.util.concurrent.FutureTask.runAndReset(FutureTask.java:305)
	at java.base/java.util.concurrent.ScheduledThreadPoolExecutor$ScheduledFutureTask.run(ScheduledThreadPoolExecutor.java:305)
	at java.base/java.util.concurrent.ThreadPoolExecutor.runWorker(ThreadPoolExecutor.java:1136)
	at java.base/java.util.concurrent.ThreadPoolExecutor$Worker.run(ThreadPoolExecutor.java:635)
	at java.base/java.lang.Thread.run(Thread.java:840)
[2025-11-19 01:06:06.763] ERROR org.alter.game.service.GameService - Error with task PlayerCycleTask.
java.util.ConcurrentModificationException: null
	at java.base/java.util.HashMap$HashIterator.remove(HashMap.java:1611)
	at org.alter.game.model.entity.Pawn.timerCycle(Pawn.kt:260)
	at org.alter.game.model.entity.Player.cycle(Player.kt:346)
	at org.alter.game.task.PlayerCycleTask.execute$lambda$2(PlayerCycleTask.kt:24)
	at org.alter.game.model.PawnList.forEach(PawnList.kt:35)
	at org.alter.game.task.PlayerCycleTask.execute(PlayerCycleTask.kt:17)
	at org.alter.game.service.GameService.cycle(GameService.kt:192)
	at java.base/java.util.concurrent.Executors$RunnableAdapter.call(Executors.java:539)
	at java.base/java.util.concurrent.FutureTask.runAndReset(FutureTask.java:305)
	at java.base/java.util.concurrent.ScheduledThreadPoolExecutor$ScheduledFutureTask.run(ScheduledThreadPoolExecutor.java:305)
	at java.base/java.util.concurrent.ThreadPoolExecutor.runWorker(ThreadPoolExecutor.java:1136)
	at java.base/java.util.concurrent.ThreadPoolExecutor$Worker.run(ThreadPoolExecutor.java:635)
	at java.base/java.lang.Thread.run(Thread.java:840)
[2025-11-19 01:10:38.006] ERROR o.alter.game.plugin.PluginRepository - Npc is already bound to a combat plugin: 7881
[2025-11-19 01:10:38.064] ERROR o.alter.game.plugin.PluginRepository - Npc is already bound to a plugin: 2883 [opt=3]
[2025-11-19 01:15:29.925] ERROR o.alter.game.plugin.PluginRepository - Npc is already bound to a combat plugin: 7881
[2025-11-19 01:15:29.975] ERROR o.alter.game.plugin.PluginRepository - Npc is already bound to a plugin: 2883 [opt=3]
[2025-11-19 01:19:51.007] ERROR o.alter.game.plugin.PluginRepository - Npc is already bound to a plugin: 2883 [opt=3]
[2025-11-19 01:20:19.799] ERROR org.alter.game.service.GameService - Error with task PlayerCycleTask.
java.util.ConcurrentModificationException: null
	at java.base/java.util.HashMap$HashIterator.nextNode(HashMap.java:1597)
	at java.base/java.util.HashMap$EntryIterator.next(HashMap.java:1630)
	at java.base/java.util.HashMap$EntryIterator.next(HashMap.java:1628)
	at org.alter.game.model.entity.Pawn.timerCycle(Pawn.kt:246)
	at org.alter.game.model.entity.Player.cycle(Player.kt:346)
	at org.alter.game.task.PlayerCycleTask.execute$lambda$2(PlayerCycleTask.kt:24)
	at org.alter.game.model.PawnList.forEach(PawnList.kt:35)
	at org.alter.game.task.PlayerCycleTask.execute(PlayerCycleTask.kt:17)
	at org.alter.game.service.GameService.cycle(GameService.kt:192)
	at java.base/java.util.concurrent.Executors$RunnableAdapter.call(Executors.java:539)
	at java.base/java.util.concurrent.FutureTask.runAndReset(FutureTask.java:305)
	at java.base/java.util.concurrent.ScheduledThreadPoolExecutor$ScheduledFutureTask.run(ScheduledThreadPoolExecutor.java:305)
	at java.base/java.util.concurrent.ThreadPoolExecutor.runWorker(ThreadPoolExecutor.java:1136)
	at java.base/java.util.concurrent.ThreadPoolExecutor$Worker.run(ThreadPoolExecutor.java:635)
	at java.base/java.lang.Thread.run(Thread.java:840)
[2025-11-19 01:21:07.788] ERROR org.alter.game.service.GameService - Error with task PlayerCycleTask.
java.util.ConcurrentModificationException: null
	at java.base/java.util.HashMap$HashIterator.remove(HashMap.java:1611)
	at org.alter.game.model.entity.Pawn.timerCycle(Pawn.kt:260)
	at org.alter.game.model.entity.Player.cycle(Player.kt:346)
	at org.alter.game.task.PlayerCycleTask.execute$lambda$2(PlayerCycleTask.kt:24)
	at org.alter.game.model.PawnList.forEach(PawnList.kt:35)
	at org.alter.game.task.PlayerCycleTask.execute(PlayerCycleTask.kt:17)
	at org.alter.game.service.GameService.cycle(GameService.kt:192)
	at java.base/java.util.concurrent.Executors$RunnableAdapter.call(Executors.java:539)
	at java.base/java.util.concurrent.FutureTask.runAndReset(FutureTask.java:305)
	at java.base/java.util.concurrent.ScheduledThreadPoolExecutor$ScheduledFutureTask.run(ScheduledThreadPoolExecutor.java:305)
	at java.base/java.util.concurrent.ThreadPoolExecutor.runWorker(ThreadPoolExecutor.java:1136)
	at java.base/java.util.concurrent.ThreadPoolExecutor$Worker.run(ThreadPoolExecutor.java:635)
	at java.base/java.lang.Thread.run(Thread.java:840)
[2025-11-19 01:21:32.995] ERROR org.alter.game.service.GameService - Error with task PlayerCycleTask.
java.util.ConcurrentModificationException: null
	at java.base/java.util.HashMap$HashIterator.nextNode(HashMap.java:1597)
	at java.base/java.util.HashMap$EntryIterator.next(HashMap.java:1630)
	at java.base/java.util.HashMap$EntryIterator.next(HashMap.java:1628)
	at org.alter.game.model.entity.Pawn.timerCycle(Pawn.kt:246)
	at org.alter.game.model.entity.Player.cycle(Player.kt:346)
	at org.alter.game.task.PlayerCycleTask.execute$lambda$2(PlayerCycleTask.kt:24)
	at org.alter.game.model.PawnList.forEach(PawnList.kt:35)
	at org.alter.game.task.PlayerCycleTask.execute(PlayerCycleTask.kt:17)
	at org.alter.game.service.GameService.cycle(GameService.kt:192)
	at java.base/java.util.concurrent.Executors$RunnableAdapter.call(Executors.java:539)
	at java.base/java.util.concurrent.FutureTask.runAndReset(FutureTask.java:305)
	at java.base/java.util.concurrent.ScheduledThreadPoolExecutor$ScheduledFutureTask.run(ScheduledThreadPoolExecutor.java:305)
	at java.base/java.util.concurrent.ThreadPoolExecutor.runWorker(ThreadPoolExecutor.java:1136)
	at java.base/java.util.concurrent.ThreadPoolExecutor$Worker.run(ThreadPoolExecutor.java:635)
	at java.base/java.lang.Thread.run(Thread.java:840)
[2025-11-19 01:22:10.190] ERROR org.alter.game.service.GameService - Error with task NpcCycleTask.
java.util.ConcurrentModificationException: null
	at java.base/java.util.HashMap$HashIterator.remove(HashMap.java:1611)
	at org.alter.game.model.entity.Pawn.timerCycle(Pawn.kt:260)
	at org.alter.game.model.entity.Npc.cycle(Npc.kt:155)
	at org.alter.game.task.NpcCycleTask.execute$lambda$0(NpcCycleTask.kt:19)
	at org.alter.game.model.PawnList.forEach(PawnList.kt:35)
	at org.alter.game.task.NpcCycleTask.execute(NpcCycleTask.kt:17)
	at org.alter.game.service.GameService.cycle(GameService.kt:192)
	at java.base/java.util.concurrent.Executors$RunnableAdapter.call(Executors.java:539)
	at java.base/java.util.concurrent.FutureTask.runAndReset(FutureTask.java:305)
	at java.base/java.util.concurrent.ScheduledThreadPoolExecutor$ScheduledFutureTask.run(ScheduledThreadPoolExecutor.java:305)
	at java.base/java.util.concurrent.ThreadPoolExecutor.runWorker(ThreadPoolExecutor.java:1136)
	at java.base/java.util.concurrent.ThreadPoolExecutor$Worker.run(ThreadPoolExecutor.java:635)
	at java.base/java.lang.Thread.run(Thread.java:840)
[2025-11-19 01:22:41.992] ERROR org.alter.game.service.GameService - Error with task NpcCycleTask.
java.util.ConcurrentModificationException: null
	at java.base/java.util.HashMap$HashIterator.remove(HashMap.java:1611)
	at org.alter.game.model.entity.Pawn.timerCycle(Pawn.kt:260)
	at org.alter.game.model.entity.Npc.cycle(Npc.kt:155)
	at org.alter.game.task.NpcCycleTask.execute$lambda$0(NpcCycleTask.kt:19)
	at org.alter.game.model.PawnList.forEach(PawnList.kt:35)
	at org.alter.game.task.NpcCycleTask.execute(NpcCycleTask.kt:17)
	at org.alter.game.service.GameService.cycle(GameService.kt:192)
	at java.base/java.util.concurrent.Executors$RunnableAdapter.call(Executors.java:539)
	at java.base/java.util.concurrent.FutureTask.runAndReset(FutureTask.java:305)
	at java.base/java.util.concurrent.ScheduledThreadPoolExecutor$ScheduledFutureTask.run(ScheduledThreadPoolExecutor.java:305)
	at java.base/java.util.concurrent.ThreadPoolExecutor.runWorker(ThreadPoolExecutor.java:1136)
	at java.base/java.util.concurrent.ThreadPoolExecutor$Worker.run(ThreadPoolExecutor.java:635)
	at java.base/java.lang.Thread.run(Thread.java:840)
[2025-11-19 01:22:42.601] ERROR org.alter.game.service.GameService - Error with task NpcCycleTask.
java.util.ConcurrentModificationException: null
	at java.base/java.util.HashMap$HashIterator.remove(HashMap.java:1611)
	at org.alter.game.model.entity.Pawn.timerCycle(Pawn.kt:260)
	at org.alter.game.model.entity.Npc.cycle(Npc.kt:155)
	at org.alter.game.task.NpcCycleTask.execute$lambda$0(NpcCycleTask.kt:19)
	at org.alter.game.model.PawnList.forEach(PawnList.kt:35)
	at org.alter.game.task.NpcCycleTask.execute(NpcCycleTask.kt:17)
	at org.alter.game.service.GameService.cycle(GameService.kt:192)
	at java.base/java.util.concurrent.Executors$RunnableAdapter.call(Executors.java:539)
	at java.base/java.util.concurrent.FutureTask.runAndReset(FutureTask.java:305)
	at java.base/java.util.concurrent.ScheduledThreadPoolExecutor$ScheduledFutureTask.run(ScheduledThreadPoolExecutor.java:305)
	at java.base/java.util.concurrent.ThreadPoolExecutor.runWorker(ThreadPoolExecutor.java:1136)
	at java.base/java.util.concurrent.ThreadPoolExecutor$Worker.run(ThreadPoolExecutor.java:635)
	at java.base/java.lang.Thread.run(Thread.java:840)
[2025-11-19 01:23:07.195] ERROR org.alter.game.service.GameService - Error with task NpcCycleTask.
java.util.ConcurrentModificationException: null
	at java.base/java.util.HashMap$HashIterator.remove(HashMap.java:1611)
	at org.alter.game.model.entity.Pawn.timerCycle(Pawn.kt:260)
	at org.alter.game.model.entity.Npc.cycle(Npc.kt:155)
	at org.alter.game.task.NpcCycleTask.execute$lambda$0(NpcCycleTask.kt:19)
	at org.alter.game.model.PawnList.forEach(PawnList.kt:35)
	at org.alter.game.task.NpcCycleTask.execute(NpcCycleTask.kt:17)
	at org.alter.game.service.GameService.cycle(GameService.kt:192)
	at java.base/java.util.concurrent.Executors$RunnableAdapter.call(Executors.java:539)
	at java.base/java.util.concurrent.FutureTask.runAndReset(FutureTask.java:305)
	at java.base/java.util.concurrent.ScheduledThreadPoolExecutor$ScheduledFutureTask.run(ScheduledThreadPoolExecutor.java:305)
	at java.base/java.util.concurrent.ThreadPoolExecutor.runWorker(ThreadPoolExecutor.java:1136)
	at java.base/java.util.concurrent.ThreadPoolExecutor$Worker.run(ThreadPoolExecutor.java:635)
	at java.base/java.lang.Thread.run(Thread.java:840)
[2025-11-19 01:23:07.798] ERROR org.alter.game.service.GameService - Error with task NpcCycleTask.
java.util.ConcurrentModificationException: null
	at java.base/java.util.HashMap$HashIterator.remove(HashMap.java:1611)
	at org.alter.game.model.entity.Pawn.timerCycle(Pawn.kt:260)
	at org.alter.game.model.entity.Npc.cycle(Npc.kt:155)
	at org.alter.game.task.NpcCycleTask.execute$lambda$0(NpcCycleTask.kt:19)
	at org.alter.game.model.PawnList.forEach(PawnList.kt:35)
	at org.alter.game.task.NpcCycleTask.execute(NpcCycleTask.kt:17)
	at org.alter.game.service.GameService.cycle(GameService.kt:192)
	at java.base/java.util.concurrent.Executors$RunnableAdapter.call(Executors.java:539)
	at java.base/java.util.concurrent.FutureTask.runAndReset(FutureTask.java:305)
	at java.base/java.util.concurrent.ScheduledThreadPoolExecutor$ScheduledFutureTask.run(ScheduledThreadPoolExecutor.java:305)
	at java.base/java.util.concurrent.ThreadPoolExecutor.runWorker(ThreadPoolExecutor.java:1136)
	at java.base/java.util.concurrent.ThreadPoolExecutor$Worker.run(ThreadPoolExecutor.java:635)
	at java.base/java.lang.Thread.run(Thread.java:840)
[2025-11-19 01:23:32.992] ERROR org.alter.game.service.GameService - Error with task NpcCycleTask.
java.util.ConcurrentModificationException: null
	at java.base/java.util.HashMap$HashIterator.remove(HashMap.java:1611)
	at org.alter.game.model.entity.Pawn.timerCycle(Pawn.kt:260)
	at org.alter.game.model.entity.Npc.cycle(Npc.kt:155)
	at org.alter.game.task.NpcCycleTask.execute$lambda$0(NpcCycleTask.kt:19)
	at org.alter.game.model.PawnList.forEach(PawnList.kt:35)
	at org.alter.game.task.NpcCycleTask.execute(NpcCycleTask.kt:17)
	at org.alter.game.service.GameService.cycle(GameService.kt:192)
	at java.base/java.util.concurrent.Executors$RunnableAdapter.call(Executors.java:539)
	at java.base/java.util.concurrent.FutureTask.runAndReset(FutureTask.java:305)
	at java.base/java.util.concurrent.ScheduledThreadPoolExecutor$ScheduledFutureTask.run(ScheduledThreadPoolExecutor.java:305)
	at java.base/java.util.concurrent.ThreadPoolExecutor.runWorker(ThreadPoolExecutor.java:1136)
	at java.base/java.util.concurrent.ThreadPoolExecutor$Worker.run(ThreadPoolExecutor.java:635)
	at java.base/java.lang.Thread.run(Thread.java:840)
[2025-11-19 01:23:33.595] ERROR org.alter.game.service.GameService - Error with task NpcCycleTask.
java.util.ConcurrentModificationException: null
	at java.base/java.util.HashMap$HashIterator.remove(HashMap.java:1611)
	at org.alter.game.model.entity.Pawn.timerCycle(Pawn.kt:260)
	at org.alter.game.model.entity.Npc.cycle(Npc.kt:155)
	at org.alter.game.task.NpcCycleTask.execute$lambda$0(NpcCycleTask.kt:19)
	at org.alter.game.model.PawnList.forEach(PawnList.kt:35)
	at org.alter.game.task.NpcCycleTask.execute(NpcCycleTask.kt:17)
	at org.alter.game.service.GameService.cycle(GameService.kt:192)
	at java.base/java.util.concurrent.Executors$RunnableAdapter.call(Executors.java:539)
	at java.base/java.util.concurrent.FutureTask.runAndReset(FutureTask.java:305)
	at java.base/java.util.concurrent.ScheduledThreadPoolExecutor$ScheduledFutureTask.run(ScheduledThreadPoolExecutor.java:305)
	at java.base/java.util.concurrent.ThreadPoolExecutor.runWorker(ThreadPoolExecutor.java:1136)
	at java.base/java.util.concurrent.ThreadPoolExecutor$Worker.run(ThreadPoolExecutor.java:635)
	at java.base/java.lang.Thread.run(Thread.java:840)
[2025-11-19 01:24:18.002] ERROR org.alter.game.service.GameService - Error with task PlayerCycleTask.
java.util.ConcurrentModificationException: null
	at java.base/java.util.HashMap$HashIterator.nextNode(HashMap.java:1597)
	at java.base/java.util.HashMap$EntryIterator.next(HashMap.java:1630)
	at java.base/java.util.HashMap$EntryIterator.next(HashMap.java:1628)
	at org.alter.game.model.entity.Pawn.timerCycle(Pawn.kt:246)
	at org.alter.game.model.entity.Player.cycle(Player.kt:346)
	at org.alter.game.task.PlayerCycleTask.execute$lambda$2(PlayerCycleTask.kt:24)
	at org.alter.game.model.PawnList.forEach(PawnList.kt:35)
	at org.alter.game.task.PlayerCycleTask.execute(PlayerCycleTask.kt:17)
	at org.alter.game.service.GameService.cycle(GameService.kt:192)
	at java.base/java.util.concurrent.Executors$RunnableAdapter.call(Executors.java:539)
	at java.base/java.util.concurrent.FutureTask.runAndReset(FutureTask.java:305)
	at java.base/java.util.concurrent.ScheduledThreadPoolExecutor$ScheduledFutureTask.run(ScheduledThreadPoolExecutor.java:305)
	at java.base/java.util.concurrent.ThreadPoolExecutor.runWorker(ThreadPoolExecutor.java:1136)
	at java.base/java.util.concurrent.ThreadPoolExecutor$Worker.run(ThreadPoolExecutor.java:635)
	at java.base/java.lang.Thread.run(Thread.java:840)
[2025-11-19 01:24:19.816] ERROR org.alter.game.service.GameService - Error with task PlayerCycleTask.
java.util.ConcurrentModificationException: null
	at java.base/java.util.HashMap$HashIterator.nextNode(HashMap.java:1597)
	at java.base/java.util.HashMap$EntryIterator.next(HashMap.java:1630)
	at java.base/java.util.HashMap$EntryIterator.next(HashMap.java:1628)
	at org.alter.game.model.entity.Pawn.timerCycle(Pawn.kt:246)
	at org.alter.game.model.entity.Player.cycle(Player.kt:346)
	at org.alter.game.task.PlayerCycleTask.execute$lambda$2(PlayerCycleTask.kt:24)
	at org.alter.game.model.PawnList.forEach(PawnList.kt:35)
	at org.alter.game.task.PlayerCycleTask.execute(PlayerCycleTask.kt:17)
	at org.alter.game.service.GameService.cycle(GameService.kt:192)
	at java.base/java.util.concurrent.Executors$RunnableAdapter.call(Executors.java:539)
	at java.base/java.util.concurrent.FutureTask.runAndReset(FutureTask.java:305)
	at java.base/java.util.concurrent.ScheduledThreadPoolExecutor$ScheduledFutureTask.run(ScheduledThreadPoolExecutor.java:305)
	at java.base/java.util.concurrent.ThreadPoolExecutor.runWorker(ThreadPoolExecutor.java:1136)
	at java.base/java.util.concurrent.ThreadPoolExecutor$Worker.run(ThreadPoolExecutor.java:635)
	at java.base/java.lang.Thread.run(Thread.java:840)
[2025-11-19 01:24:29.993] ERROR org.alter.game.service.GameService - Error with task NpcCycleTask.
java.util.ConcurrentModificationException: null
	at java.base/java.util.HashMap$HashIterator.remove(HashMap.java:1611)
	at org.alter.game.model.entity.Pawn.timerCycle(Pawn.kt:260)
	at org.alter.game.model.entity.Npc.cycle(Npc.kt:155)
	at org.alter.game.task.NpcCycleTask.execute$lambda$0(NpcCycleTask.kt:19)
	at org.alter.game.model.PawnList.forEach(PawnList.kt:35)
	at org.alter.game.task.NpcCycleTask.execute(NpcCycleTask.kt:17)
	at org.alter.game.service.GameService.cycle(GameService.kt:192)
	at java.base/java.util.concurrent.Executors$RunnableAdapter.call(Executors.java:539)
	at java.base/java.util.concurrent.FutureTask.runAndReset(FutureTask.java:305)
	at java.base/java.util.concurrent.ScheduledThreadPoolExecutor$ScheduledFutureTask.run(ScheduledThreadPoolExecutor.java:305)
	at java.base/java.util.concurrent.ThreadPoolExecutor.runWorker(ThreadPoolExecutor.java:1136)
	at java.base/java.util.concurrent.ThreadPoolExecutor$Worker.run(ThreadPoolExecutor.java:635)
	at java.base/java.lang.Thread.run(Thread.java:840)
[2025-11-19 01:24:30.600] ERROR org.alter.game.service.GameService - Error with task NpcCycleTask.
java.util.ConcurrentModificationException: null
	at java.base/java.util.HashMap$HashIterator.remove(HashMap.java:1611)
	at org.alter.game.model.entity.Pawn.timerCycle(Pawn.kt:260)
	at org.alter.game.model.entity.Npc.cycle(Npc.kt:155)
	at org.alter.game.task.NpcCycleTask.execute$lambda$0(NpcCycleTask.kt:19)
	at org.alter.game.model.PawnList.forEach(PawnList.kt:35)
	at org.alter.game.task.NpcCycleTask.execute(NpcCycleTask.kt:17)
	at org.alter.game.service.GameService.cycle(GameService.kt:192)
	at java.base/java.util.concurrent.Executors$RunnableAdapter.call(Executors.java:539)
	at java.base/java.util.concurrent.FutureTask.runAndReset(FutureTask.java:305)
	at java.base/java.util.concurrent.ScheduledThreadPoolExecutor$ScheduledFutureTask.run(ScheduledThreadPoolExecutor.java:305)
	at java.base/java.util.concurrent.ThreadPoolExecutor.runWorker(ThreadPoolExecutor.java:1136)
	at java.base/java.util.concurrent.ThreadPoolExecutor$Worker.run(ThreadPoolExecutor.java:635)
	at java.base/java.lang.Thread.run(Thread.java:840)
[2025-11-19 01:24:46.200] ERROR org.alter.game.service.GameService - Error with task NpcCycleTask.
java.util.ConcurrentModificationException: null
	at java.base/java.util.HashMap$HashIterator.remove(HashMap.java:1611)
	at org.alter.game.model.entity.Pawn.timerCycle(Pawn.kt:260)
	at org.alter.game.model.entity.Npc.cycle(Npc.kt:155)
	at org.alter.game.task.NpcCycleTask.execute$lambda$0(NpcCycleTask.kt:19)
	at org.alter.game.model.PawnList.forEach(PawnList.kt:35)
	at org.alter.game.task.NpcCycleTask.execute(NpcCycleTask.kt:17)
	at org.alter.game.service.GameService.cycle(GameService.kt:192)
	at java.base/java.util.concurrent.Executors$RunnableAdapter.call(Executors.java:539)
	at java.base/java.util.concurrent.FutureTask.runAndReset(FutureTask.java:305)
	at java.base/java.util.concurrent.ScheduledThreadPoolExecutor$ScheduledFutureTask.run(ScheduledThreadPoolExecutor.java:305)
	at java.base/java.util.concurrent.ThreadPoolExecutor.runWorker(ThreadPoolExecutor.java:1136)
	at java.base/java.util.concurrent.ThreadPoolExecutor$Worker.run(ThreadPoolExecutor.java:635)
	at java.base/java.lang.Thread.run(Thread.java:840)
[2025-11-19 01:24:46.804] ERROR org.alter.game.service.GameService - Error with task NpcCycleTask.
java.util.ConcurrentModificationException: null
	at java.base/java.util.HashMap$HashIterator.remove(HashMap.java:1611)
	at org.alter.game.model.entity.Pawn.timerCycle(Pawn.kt:260)
	at org.alter.game.model.entity.Npc.cycle(Npc.kt:155)
	at org.alter.game.task.NpcCycleTask.execute$lambda$0(NpcCycleTask.kt:19)
	at org.alter.game.model.PawnList.forEach(PawnList.kt:35)
	at org.alter.game.task.NpcCycleTask.execute(NpcCycleTask.kt:17)
	at org.alter.game.service.GameService.cycle(GameService.kt:192)
	at java.base/java.util.concurrent.Executors$RunnableAdapter.call(Executors.java:539)
	at java.base/java.util.concurrent.FutureTask.runAndReset(FutureTask.java:305)
	at java.base/java.util.concurrent.ScheduledThreadPoolExecutor$ScheduledFutureTask.run(ScheduledThreadPoolExecutor.java:305)
	at java.base/java.util.concurrent.ThreadPoolExecutor.runWorker(ThreadPoolExecutor.java:1136)
	at java.base/java.util.concurrent.ThreadPoolExecutor$Worker.run(ThreadPoolExecutor.java:635)
	at java.base/java.lang.Thread.run(Thread.java:840)
[2025-11-19 01:24:56.998] ERROR org.alter.game.service.GameService - Error with task NpcCycleTask.
java.util.ConcurrentModificationException: null
	at java.base/java.util.HashMap$HashIterator.remove(HashMap.java:1611)
	at org.alter.game.model.entity.Pawn.timerCycle(Pawn.kt:260)
	at org.alter.game.model.entity.Npc.cycle(Npc.kt:155)
	at org.alter.game.task.NpcCycleTask.execute$lambda$0(NpcCycleTask.kt:19)
	at org.alter.game.model.PawnList.forEach(PawnList.kt:35)
	at org.alter.game.task.NpcCycleTask.execute(NpcCycleTask.kt:17)
	at org.alter.game.service.GameService.cycle(GameService.kt:192)
	at java.base/java.util.concurrent.Executors$RunnableAdapter.call(Executors.java:539)
	at java.base/java.util.concurrent.FutureTask.runAndReset(FutureTask.java:305)
	at java.base/java.util.concurrent.ScheduledThreadPoolExecutor$ScheduledFutureTask.run(ScheduledThreadPoolExecutor.java:305)
	at java.base/java.util.concurrent.ThreadPoolExecutor.runWorker(ThreadPoolExecutor.java:1136)
	at java.base/java.util.concurrent.ThreadPoolExecutor$Worker.run(ThreadPoolExecutor.java:635)
	at java.base/java.lang.Thread.run(Thread.java:840)
[2025-11-19 01:24:57.598] ERROR org.alter.game.service.GameService - Error with task NpcCycleTask.
java.util.ConcurrentModificationException: null
	at java.base/java.util.HashMap$HashIterator.remove(HashMap.java:1611)
	at org.alter.game.model.entity.Pawn.timerCycle(Pawn.kt:260)
	at org.alter.game.model.entity.Npc.cycle(Npc.kt:155)
	at org.alter.game.task.NpcCycleTask.execute$lambda$0(NpcCycleTask.kt:19)
	at org.alter.game.model.PawnList.forEach(PawnList.kt:35)
	at org.alter.game.task.NpcCycleTask.execute(NpcCycleTask.kt:17)
	at org.alter.game.service.GameService.cycle(GameService.kt:192)
	at java.base/java.util.concurrent.Executors$RunnableAdapter.call(Executors.java:539)
	at java.base/java.util.concurrent.FutureTask.runAndReset(FutureTask.java:305)
	at java.base/java.util.concurrent.ScheduledThreadPoolExecutor$ScheduledFutureTask.run(ScheduledThreadPoolExecutor.java:305)
	at java.base/java.util.concurrent.ThreadPoolExecutor.runWorker(ThreadPoolExecutor.java:1136)
	at java.base/java.util.concurrent.ThreadPoolExecutor$Worker.run(ThreadPoolExecutor.java:635)
	at java.base/java.lang.Thread.run(Thread.java:840)
[2025-11-19 01:26:38.090] ERROR o.alter.game.plugin.PluginRepository - Npc is already bound to a plugin: 2883 [opt=3]
[2025-11-19 01:27:28.542] ERROR org.alter.game.service.GameService - Error with task NpcCycleTask.
java.util.ConcurrentModificationException: null
	at java.base/java.util.HashMap$HashIterator.remove(HashMap.java:1611)
	at org.alter.game.model.entity.Pawn.timerCycle(Pawn.kt:260)
	at org.alter.game.model.entity.Npc.cycle(Npc.kt:155)
	at org.alter.game.task.NpcCycleTask.execute$lambda$0(NpcCycleTask.kt:19)
	at org.alter.game.model.PawnList.forEach(PawnList.kt:35)
	at org.alter.game.task.NpcCycleTask.execute(NpcCycleTask.kt:17)
	at org.alter.game.service.GameService.cycle(GameService.kt:192)
	at java.base/java.util.concurrent.Executors$RunnableAdapter.call(Executors.java:539)
	at java.base/java.util.concurrent.FutureTask.runAndReset(FutureTask.java:305)
	at java.base/java.util.concurrent.ScheduledThreadPoolExecutor$ScheduledFutureTask.run(ScheduledThreadPoolExecutor.java:305)
	at java.base/java.util.concurrent.ThreadPoolExecutor.runWorker(ThreadPoolExecutor.java:1136)
	at java.base/java.util.concurrent.ThreadPoolExecutor$Worker.run(ThreadPoolExecutor.java:635)
	at java.base/java.lang.Thread.run(Thread.java:840)
[2025-11-19 01:28:00.949] ERROR org.alter.game.service.GameService - Error with task NpcCycleTask.
java.util.ConcurrentModificationException: null
	at java.base/java.util.HashMap$HashIterator.remove(HashMap.java:1611)
	at org.alter.game.model.entity.Pawn.timerCycle(Pawn.kt:260)
	at org.alter.game.model.entity.Npc.cycle(Npc.kt:155)
	at org.alter.game.task.NpcCycleTask.execute$lambda$0(NpcCycleTask.kt:19)
	at org.alter.game.model.PawnList.forEach(PawnList.kt:35)
	at org.alter.game.task.NpcCycleTask.execute(NpcCycleTask.kt:17)
	at org.alter.game.service.GameService.cycle(GameService.kt:192)
	at java.base/java.util.concurrent.Executors$RunnableAdapter.call(Executors.java:539)
	at java.base/java.util.concurrent.FutureTask.runAndReset(FutureTask.java:305)
	at java.base/java.util.concurrent.ScheduledThreadPoolExecutor$ScheduledFutureTask.run(ScheduledThreadPoolExecutor.java:305)
	at java.base/java.util.concurrent.ThreadPoolExecutor.runWorker(ThreadPoolExecutor.java:1136)
	at java.base/java.util.concurrent.ThreadPoolExecutor$Worker.run(ThreadPoolExecutor.java:635)
	at java.base/java.lang.Thread.run(Thread.java:840)
[2025-11-19 01:28:01.540] ERROR org.alter.game.service.GameService - Error with task NpcCycleTask.
java.util.ConcurrentModificationException: null
	at java.base/java.util.HashMap$HashIterator.remove(HashMap.java:1611)
	at org.alter.game.model.entity.Pawn.timerCycle(Pawn.kt:260)
	at org.alter.game.model.entity.Npc.cycle(Npc.kt:155)
	at org.alter.game.task.NpcCycleTask.execute$lambda$0(NpcCycleTask.kt:19)
	at org.alter.game.model.PawnList.forEach(PawnList.kt:35)
	at org.alter.game.task.NpcCycleTask.execute(NpcCycleTask.kt:17)
	at org.alter.game.service.GameService.cycle(GameService.kt:192)
	at java.base/java.util.concurrent.Executors$RunnableAdapter.call(Executors.java:539)
	at java.base/java.util.concurrent.FutureTask.runAndReset(FutureTask.java:305)
	at java.base/java.util.concurrent.ScheduledThreadPoolExecutor$ScheduledFutureTask.run(ScheduledThreadPoolExecutor.java:305)
	at java.base/java.util.concurrent.ThreadPoolExecutor.runWorker(ThreadPoolExecutor.java:1136)
	at java.base/java.util.concurrent.ThreadPoolExecutor$Worker.run(ThreadPoolExecutor.java:635)
	at java.base/java.lang.Thread.run(Thread.java:840)
[2025-11-19 01:28:23.138] ERROR org.alter.game.service.GameService - Error with task NpcCycleTask.
java.util.ConcurrentModificationException: null
	at java.base/java.util.HashMap$HashIterator.remove(HashMap.java:1611)
	at org.alter.game.model.entity.Pawn.timerCycle(Pawn.kt:260)
	at org.alter.game.model.entity.Npc.cycle(Npc.kt:155)
	at org.alter.game.task.NpcCycleTask.execute$lambda$0(NpcCycleTask.kt:19)
	at org.alter.game.model.PawnList.forEach(PawnList.kt:35)
	at org.alter.game.task.NpcCycleTask.execute(NpcCycleTask.kt:17)
	at org.alter.game.service.GameService.cycle(GameService.kt:192)
	at java.base/java.util.concurrent.Executors$RunnableAdapter.call(Executors.java:539)
	at java.base/java.util.concurrent.FutureTask.runAndReset(FutureTask.java:305)
	at java.base/java.util.concurrent.ScheduledThreadPoolExecutor$ScheduledFutureTask.run(ScheduledThreadPoolExecutor.java:305)
	at java.base/java.util.concurrent.ThreadPoolExecutor.runWorker(ThreadPoolExecutor.java:1136)
	at java.base/java.util.concurrent.ThreadPoolExecutor$Worker.run(ThreadPoolExecutor.java:635)
	at java.base/java.lang.Thread.run(Thread.java:840)
[2025-11-19 01:28:23.732] ERROR org.alter.game.service.GameService - Error with task NpcCycleTask.
java.util.ConcurrentModificationException: null
	at java.base/java.util.HashMap$HashIterator.remove(HashMap.java:1611)
	at org.alter.game.model.entity.Pawn.timerCycle(Pawn.kt:260)
	at org.alter.game.model.entity.Npc.cycle(Npc.kt:155)
	at org.alter.game.task.NpcCycleTask.execute$lambda$0(NpcCycleTask.kt:19)
	at org.alter.game.model.PawnList.forEach(PawnList.kt:35)
	at org.alter.game.task.NpcCycleTask.execute(NpcCycleTask.kt:17)
	at org.alter.game.service.GameService.cycle(GameService.kt:192)
	at java.base/java.util.concurrent.Executors$RunnableAdapter.call(Executors.java:539)
	at java.base/java.util.concurrent.FutureTask.runAndReset(FutureTask.java:305)
	at java.base/java.util.concurrent.ScheduledThreadPoolExecutor$ScheduledFutureTask.run(ScheduledThreadPoolExecutor.java:305)
	at java.base/java.util.concurrent.ThreadPoolExecutor.runWorker(ThreadPoolExecutor.java:1136)
	at java.base/java.util.concurrent.ThreadPoolExecutor$Worker.run(ThreadPoolExecutor.java:635)
	at java.base/java.lang.Thread.run(Thread.java:840)
[2025-11-19 01:28:30.936] ERROR org.alter.game.service.GameService - Error with task NpcCycleTask.
java.util.ConcurrentModificationException: null
	at java.base/java.util.HashMap$HashIterator.remove(HashMap.java:1611)
	at org.alter.game.model.entity.Pawn.timerCycle(Pawn.kt:260)
	at org.alter.game.model.entity.Npc.cycle(Npc.kt:155)
	at org.alter.game.task.NpcCycleTask.execute$lambda$0(NpcCycleTask.kt:19)
	at org.alter.game.model.PawnList.forEach(PawnList.kt:35)
	at org.alter.game.task.NpcCycleTask.execute(NpcCycleTask.kt:17)
	at org.alter.game.service.GameService.cycle(GameService.kt:192)
	at java.base/java.util.concurrent.Executors$RunnableAdapter.call(Executors.java:539)
	at java.base/java.util.concurrent.FutureTask.runAndReset(FutureTask.java:305)
	at java.base/java.util.concurrent.ScheduledThreadPoolExecutor$ScheduledFutureTask.run(ScheduledThreadPoolExecutor.java:305)
	at java.base/java.util.concurrent.ThreadPoolExecutor.runWorker(ThreadPoolExecutor.java:1136)
	at java.base/java.util.concurrent.ThreadPoolExecutor$Worker.run(ThreadPoolExecutor.java:635)
	at java.base/java.lang.Thread.run(Thread.java:840)
[2025-11-19 01:28:56.124] ERROR org.alter.game.service.GameService - Error with task NpcCycleTask.
java.util.ConcurrentModificationException: null
	at java.base/java.util.HashMap$HashIterator.remove(HashMap.java:1611)
	at org.alter.game.model.entity.Pawn.timerCycle(Pawn.kt:260)
	at org.alter.game.model.entity.Npc.cycle(Npc.kt:155)
	at org.alter.game.task.NpcCycleTask.execute$lambda$0(NpcCycleTask.kt:19)
	at org.alter.game.model.PawnList.forEach(PawnList.kt:35)
	at org.alter.game.task.NpcCycleTask.execute(NpcCycleTask.kt:17)
	at org.alter.game.service.GameService.cycle(GameService.kt:192)
	at java.base/java.util.concurrent.Executors$RunnableAdapter.call(Executors.java:539)
	at java.base/java.util.concurrent.FutureTask.runAndReset(FutureTask.java:305)
	at java.base/java.util.concurrent.ScheduledThreadPoolExecutor$ScheduledFutureTask.run(ScheduledThreadPoolExecutor.java:305)
	at java.base/java.util.concurrent.ThreadPoolExecutor.runWorker(ThreadPoolExecutor.java:1136)
	at java.base/java.util.concurrent.ThreadPoolExecutor$Worker.run(ThreadPoolExecutor.java:635)
	at java.base/java.lang.Thread.run(Thread.java:840)
[2025-11-19 01:28:56.729] ERROR org.alter.game.service.GameService - Error with task NpcCycleTask.
java.util.ConcurrentModificationException: null
	at java.base/java.util.HashMap$HashIterator.remove(HashMap.java:1611)
	at org.alter.game.model.entity.Pawn.timerCycle(Pawn.kt:260)
	at org.alter.game.model.entity.Npc.cycle(Npc.kt:155)
	at org.alter.game.task.NpcCycleTask.execute$lambda$0(NpcCycleTask.kt:19)
	at org.alter.game.model.PawnList.forEach(PawnList.kt:35)
	at org.alter.game.task.NpcCycleTask.execute(NpcCycleTask.kt:17)
	at org.alter.game.service.GameService.cycle(GameService.kt:192)
	at java.base/java.util.concurrent.Executors$RunnableAdapter.call(Executors.java:539)
	at java.base/java.util.concurrent.FutureTask.runAndReset(FutureTask.java:305)
	at java.base/java.util.concurrent.ScheduledThreadPoolExecutor$ScheduledFutureTask.run(ScheduledThreadPoolExecutor.java:305)
	at java.base/java.util.concurrent.ThreadPoolExecutor.runWorker(ThreadPoolExecutor.java:1136)
	at java.base/java.util.concurrent.ThreadPoolExecutor$Worker.run(ThreadPoolExecutor.java:635)
	at java.base/java.lang.Thread.run(Thread.java:840)
[2025-11-19 01:28:57.936] ERROR org.alter.game.service.GameService - Error with task NpcCycleTask.
java.util.ConcurrentModificationException: null
	at java.base/java.util.HashMap$HashIterator.remove(HashMap.java:1611)
	at org.alter.game.model.entity.Pawn.timerCycle(Pawn.kt:260)
	at org.alter.game.model.entity.Npc.cycle(Npc.kt:155)
	at org.alter.game.task.NpcCycleTask.execute$lambda$0(NpcCycleTask.kt:19)
	at org.alter.game.model.PawnList.forEach(PawnList.kt:35)
	at org.alter.game.task.NpcCycleTask.execute(NpcCycleTask.kt:17)
	at org.alter.game.service.GameService.cycle(GameService.kt:192)
	at java.base/java.util.concurrent.Executors$RunnableAdapter.call(Executors.java:539)
	at java.base/java.util.concurrent.FutureTask.runAndReset(FutureTask.java:305)
	at java.base/java.util.concurrent.ScheduledThreadPoolExecutor$ScheduledFutureTask.run(ScheduledThreadPoolExecutor.java:305)
	at java.base/java.util.concurrent.ThreadPoolExecutor.runWorker(ThreadPoolExecutor.java:1136)
	at java.base/java.util.concurrent.ThreadPoolExecutor$Worker.run(ThreadPoolExecutor.java:635)
	at java.base/java.lang.Thread.run(Thread.java:840)
[2025-11-19 01:28:58.543] ERROR org.alter.game.service.GameService - Error with task NpcCycleTask.
java.util.ConcurrentModificationException: null
	at java.base/java.util.HashMap$HashIterator.remove(HashMap.java:1611)
	at org.alter.game.model.entity.Pawn.timerCycle(Pawn.kt:260)
	at org.alter.game.model.entity.Npc.cycle(Npc.kt:155)
	at org.alter.game.task.NpcCycleTask.execute$lambda$0(NpcCycleTask.kt:19)
	at org.alter.game.model.PawnList.forEach(PawnList.kt:35)
	at org.alter.game.task.NpcCycleTask.execute(NpcCycleTask.kt:17)
	at org.alter.game.service.GameService.cycle(GameService.kt:192)
	at java.base/java.util.concurrent.Executors$RunnableAdapter.call(Executors.java:539)
	at java.base/java.util.concurrent.FutureTask.runAndReset(FutureTask.java:305)
	at java.base/java.util.concurrent.ScheduledThreadPoolExecutor$ScheduledFutureTask.run(ScheduledThreadPoolExecutor.java:305)
	at java.base/java.util.concurrent.ThreadPoolExecutor.runWorker(ThreadPoolExecutor.java:1136)
	at java.base/java.util.concurrent.ThreadPoolExecutor$Worker.run(ThreadPoolExecutor.java:635)
	at java.base/java.lang.Thread.run(Thread.java:840)
[2025-11-19 01:29:30.951] ERROR org.alter.game.service.GameService - Error with task PlayerCycleTask.
java.util.ConcurrentModificationException: null
	at java.base/java.util.HashMap$HashIterator.remove(HashMap.java:1611)
	at org.alter.game.model.entity.Pawn.timerCycle(Pawn.kt:260)
	at org.alter.game.model.entity.Player.cycle(Player.kt:346)
	at org.alter.game.task.PlayerCycleTask.execute$lambda$2(PlayerCycleTask.kt:24)
	at org.alter.game.model.PawnList.forEach(PawnList.kt:35)
	at org.alter.game.task.PlayerCycleTask.execute(PlayerCycleTask.kt:17)
	at org.alter.game.service.GameService.cycle(GameService.kt:192)
	at java.base/java.util.concurrent.Executors$RunnableAdapter.call(Executors.java:539)
	at java.base/java.util.concurrent.FutureTask.runAndReset(FutureTask.java:305)
	at java.base/java.util.concurrent.ScheduledThreadPoolExecutor$ScheduledFutureTask.run(ScheduledThreadPoolExecutor.java:305)
	at java.base/java.util.concurrent.ThreadPoolExecutor.runWorker(ThreadPoolExecutor.java:1136)
	at java.base/java.util.concurrent.ThreadPoolExecutor$Worker.run(ThreadPoolExecutor.java:635)
	at java.base/java.lang.Thread.run(Thread.java:840)
[2025-11-19 01:29:48.941] ERROR org.alter.game.service.GameService - Error with task NpcCycleTask.
java.util.ConcurrentModificationException: null
	at java.base/java.util.HashMap$HashIterator.remove(HashMap.java:1611)
	at org.alter.game.model.entity.Pawn.timerCycle(Pawn.kt:260)
	at org.alter.game.model.entity.Npc.cycle(Npc.kt:155)
	at org.alter.game.task.NpcCycleTask.execute$lambda$0(NpcCycleTask.kt:19)
	at org.alter.game.model.PawnList.forEach(PawnList.kt:35)
	at org.alter.game.task.NpcCycleTask.execute(NpcCycleTask.kt:17)
	at org.alter.game.service.GameService.cycle(GameService.kt:192)
	at java.base/java.util.concurrent.Executors$RunnableAdapter.call(Executors.java:539)
	at java.base/java.util.concurrent.FutureTask.runAndReset(FutureTask.java:305)
	at java.base/java.util.concurrent.ScheduledThreadPoolExecutor$ScheduledFutureTask.run(ScheduledThreadPoolExecutor.java:305)
	at java.base/java.util.concurrent.ThreadPoolExecutor.runWorker(ThreadPoolExecutor.java:1136)
	at java.base/java.util.concurrent.ThreadPoolExecutor$Worker.run(ThreadPoolExecutor.java:635)
	at java.base/java.lang.Thread.run(Thread.java:840)
[2025-11-19 01:29:50.145] ERROR org.alter.game.service.GameService - Error with task NpcCycleTask.
java.util.ConcurrentModificationException: null
	at java.base/java.util.HashMap$HashIterator.remove(HashMap.java:1611)
	at org.alter.game.model.entity.Pawn.timerCycle(Pawn.kt:260)
	at org.alter.game.model.entity.Npc.cycle(Npc.kt:155)
	at org.alter.game.task.NpcCycleTask.execute$lambda$0(NpcCycleTask.kt:19)
	at org.alter.game.model.PawnList.forEach(PawnList.kt:35)
	at org.alter.game.task.NpcCycleTask.execute(NpcCycleTask.kt:17)
	at org.alter.game.service.GameService.cycle(GameService.kt:192)
	at java.base/java.util.concurrent.Executors$RunnableAdapter.call(Executors.java:539)
	at java.base/java.util.concurrent.FutureTask.runAndReset(FutureTask.java:305)
	at java.base/java.util.concurrent.ScheduledThreadPoolExecutor$ScheduledFutureTask.run(ScheduledThreadPoolExecutor.java:305)
	at java.base/java.util.concurrent.ThreadPoolExecutor.runWorker(ThreadPoolExecutor.java:1136)
	at java.base/java.util.concurrent.ThreadPoolExecutor$Worker.run(ThreadPoolExecutor.java:635)
	at java.base/java.lang.Thread.run(Thread.java:840)
[2025-11-19 01:29:53.140] ERROR org.alter.game.service.GameService - Error with task NpcCycleTask.
java.util.ConcurrentModificationException: null
	at java.base/java.util.HashMap$HashIterator.remove(HashMap.java:1611)
	at org.alter.game.model.entity.Pawn.timerCycle(Pawn.kt:260)
	at org.alter.game.model.entity.Npc.cycle(Npc.kt:155)
	at org.alter.game.task.NpcCycleTask.execute$lambda$0(NpcCycleTask.kt:19)
	at org.alter.game.model.PawnList.forEach(PawnList.kt:35)
	at org.alter.game.task.NpcCycleTask.execute(NpcCycleTask.kt:17)
	at org.alter.game.service.GameService.cycle(GameService.kt:192)
	at java.base/java.util.concurrent.Executors$RunnableAdapter.call(Executors.java:539)
	at java.base/java.util.concurrent.FutureTask.runAndReset(FutureTask.java:305)
	at java.base/java.util.concurrent.ScheduledThreadPoolExecutor$ScheduledFutureTask.run(ScheduledThreadPoolExecutor.java:305)
	at java.base/java.util.concurrent.ThreadPoolExecutor.runWorker(ThreadPoolExecutor.java:1136)
	at java.base/java.util.concurrent.ThreadPoolExecutor$Worker.run(ThreadPoolExecutor.java:635)
	at java.base/java.lang.Thread.run(Thread.java:840)
[2025-11-19 01:29:53.740] ERROR org.alter.game.service.GameService - Error with task NpcCycleTask.
java.util.ConcurrentModificationException: null
	at java.base/java.util.HashMap$HashIterator.remove(HashMap.java:1611)
	at org.alter.game.model.entity.Pawn.timerCycle(Pawn.kt:260)
	at org.alter.game.model.entity.Npc.cycle(Npc.kt:155)
	at org.alter.game.task.NpcCycleTask.execute$lambda$0(NpcCycleTask.kt:19)
	at org.alter.game.model.PawnList.forEach(PawnList.kt:35)
	at org.alter.game.task.NpcCycleTask.execute(NpcCycleTask.kt:17)
	at org.alter.game.service.GameService.cycle(GameService.kt:192)
	at java.base/java.util.concurrent.Executors$RunnableAdapter.call(Executors.java:539)
	at java.base/java.util.concurrent.FutureTask.runAndReset(FutureTask.java:305)
	at java.base/java.util.concurrent.ScheduledThreadPoolExecutor$ScheduledFutureTask.run(ScheduledThreadPoolExecutor.java:305)
	at java.base/java.util.concurrent.ThreadPoolExecutor.runWorker(ThreadPoolExecutor.java:1136)
	at java.base/java.util.concurrent.ThreadPoolExecutor$Worker.run(ThreadPoolExecutor.java:635)
	at java.base/java.lang.Thread.run(Thread.java:840)
[2025-11-19 01:30:13.530] ERROR org.alter.game.service.GameService - Error with task NpcCycleTask.
java.util.ConcurrentModificationException: null
	at java.base/java.util.HashMap$HashIterator.remove(HashMap.java:1611)
	at org.alter.game.model.entity.Pawn.timerCycle(Pawn.kt:260)
	at org.alter.game.model.entity.Npc.cycle(Npc.kt:155)
	at org.alter.game.task.NpcCycleTask.execute$lambda$0(NpcCycleTask.kt:19)
	at org.alter.game.model.PawnList.forEach(PawnList.kt:35)
	at org.alter.game.task.NpcCycleTask.execute(NpcCycleTask.kt:17)
	at org.alter.game.service.GameService.cycle(GameService.kt:192)
	at java.base/java.util.concurrent.Executors$RunnableAdapter.call(Executors.java:539)
	at java.base/java.util.concurrent.FutureTask.runAndReset(FutureTask.java:305)
	at java.base/java.util.concurrent.ScheduledThreadPoolExecutor$ScheduledFutureTask.run(ScheduledThreadPoolExecutor.java:305)
	at java.base/java.util.concurrent.ThreadPoolExecutor.runWorker(ThreadPoolExecutor.java:1136)
	at java.base/java.util.concurrent.ThreadPoolExecutor$Worker.run(ThreadPoolExecutor.java:635)
	at java.base/java.lang.Thread.run(Thread.java:840)
[2025-11-19 01:30:14.141] ERROR org.alter.game.service.GameService - Error with task NpcCycleTask.
java.util.ConcurrentModificationException: null
	at java.base/java.util.HashMap$HashIterator.remove(HashMap.java:1611)
	at org.alter.game.model.entity.Pawn.timerCycle(Pawn.kt:260)
	at org.alter.game.model.entity.Npc.cycle(Npc.kt:155)
	at org.alter.game.task.NpcCycleTask.execute$lambda$0(NpcCycleTask.kt:19)
	at org.alter.game.model.PawnList.forEach(PawnList.kt:35)
	at org.alter.game.task.NpcCycleTask.execute(NpcCycleTask.kt:17)
	at org.alter.game.service.GameService.cycle(GameService.kt:192)
	at java.base/java.util.concurrent.Executors$RunnableAdapter.call(Executors.java:539)
	at java.base/java.util.concurrent.FutureTask.runAndReset(FutureTask.java:305)
	at java.base/java.util.concurrent.ScheduledThreadPoolExecutor$ScheduledFutureTask.run(ScheduledThreadPoolExecutor.java:305)
	at java.base/java.util.concurrent.ThreadPoolExecutor.runWorker(ThreadPoolExecutor.java:1136)
	at java.base/java.util.concurrent.ThreadPoolExecutor$Worker.run(ThreadPoolExecutor.java:635)
	at java.base/java.lang.Thread.run(Thread.java:840)
[2025-11-19 01:30:45.343] ERROR org.alter.game.service.GameService - Error with task NpcCycleTask.
java.util.ConcurrentModificationException: null
	at java.base/java.util.HashMap$HashIterator.remove(HashMap.java:1611)
	at org.alter.game.model.entity.Pawn.timerCycle(Pawn.kt:260)
	at org.alter.game.model.entity.Npc.cycle(Npc.kt:155)
	at org.alter.game.task.NpcCycleTask.execute$lambda$0(NpcCycleTask.kt:19)
	at org.alter.game.model.PawnList.forEach(PawnList.kt:35)
	at org.alter.game.task.NpcCycleTask.execute(NpcCycleTask.kt:17)
	at org.alter.game.service.GameService.cycle(GameService.kt:192)
	at java.base/java.util.concurrent.Executors$RunnableAdapter.call(Executors.java:539)
	at java.base/java.util.concurrent.FutureTask.runAndReset(FutureTask.java:305)
	at java.base/java.util.concurrent.ScheduledThreadPoolExecutor$ScheduledFutureTask.run(ScheduledThreadPoolExecutor.java:305)
	at java.base/java.util.concurrent.ThreadPoolExecutor.runWorker(ThreadPoolExecutor.java:1136)
	at java.base/java.util.concurrent.ThreadPoolExecutor$Worker.run(ThreadPoolExecutor.java:635)
	at java.base/java.lang.Thread.run(Thread.java:840)
[2025-11-19 01:30:46.541] ERROR org.alter.game.service.GameService - Error with task NpcCycleTask.
java.util.ConcurrentModificationException: null
	at java.base/java.util.HashMap$HashIterator.remove(HashMap.java:1611)
	at org.alter.game.model.entity.Pawn.timerCycle(Pawn.kt:260)
	at org.alter.game.model.entity.Npc.cycle(Npc.kt:155)
	at org.alter.game.task.NpcCycleTask.execute$lambda$0(NpcCycleTask.kt:19)
	at org.alter.game.model.PawnList.forEach(PawnList.kt:35)
	at org.alter.game.task.NpcCycleTask.execute(NpcCycleTask.kt:17)
	at org.alter.game.service.GameService.cycle(GameService.kt:192)
	at java.base/java.util.concurrent.Executors$RunnableAdapter.call(Executors.java:539)
	at java.base/java.util.concurrent.FutureTask.runAndReset(FutureTask.java:305)
	at java.base/java.util.concurrent.ScheduledThreadPoolExecutor$ScheduledFutureTask.run(ScheduledThreadPoolExecutor.java:305)
	at java.base/java.util.concurrent.ThreadPoolExecutor.runWorker(ThreadPoolExecutor.java:1136)
	at java.base/java.util.concurrent.ThreadPoolExecutor$Worker.run(ThreadPoolExecutor.java:635)
	at java.base/java.lang.Thread.run(Thread.java:840)
[2025-11-19 01:30:58.535] ERROR org.alter.game.service.GameService - Error with task NpcCycleTask.
java.util.ConcurrentModificationException: null
	at java.base/java.util.HashMap$HashIterator.remove(HashMap.java:1611)
	at org.alter.game.model.entity.Pawn.timerCycle(Pawn.kt:260)
	at org.alter.game.model.entity.Npc.cycle(Npc.kt:155)
	at org.alter.game.task.NpcCycleTask.execute$lambda$0(NpcCycleTask.kt:19)
	at org.alter.game.model.PawnList.forEach(PawnList.kt:35)
	at org.alter.game.task.NpcCycleTask.execute(NpcCycleTask.kt:17)
	at org.alter.game.service.GameService.cycle(GameService.kt:192)
	at java.base/java.util.concurrent.Executors$RunnableAdapter.call(Executors.java:539)
	at java.base/java.util.concurrent.FutureTask.runAndReset(FutureTask.java:305)
	at java.base/java.util.concurrent.ScheduledThreadPoolExecutor$ScheduledFutureTask.run(ScheduledThreadPoolExecutor.java:305)
	at java.base/java.util.concurrent.ThreadPoolExecutor.runWorker(ThreadPoolExecutor.java:1136)
	at java.base/java.util.concurrent.ThreadPoolExecutor$Worker.run(ThreadPoolExecutor.java:635)
	at java.base/java.lang.Thread.run(Thread.java:840)
[2025-11-19 01:31:14.731] ERROR org.alter.game.service.GameService - Error with task NpcCycleTask.
java.util.ConcurrentModificationException: null
	at java.base/java.util.HashMap$HashIterator.remove(HashMap.java:1611)
	at org.alter.game.model.entity.Pawn.timerCycle(Pawn.kt:260)
	at org.alter.game.model.entity.Npc.cycle(Npc.kt:155)
	at org.alter.game.task.NpcCycleTask.execute$lambda$0(NpcCycleTask.kt:19)
	at org.alter.game.model.PawnList.forEach(PawnList.kt:35)
	at org.alter.game.task.NpcCycleTask.execute(NpcCycleTask.kt:17)
	at org.alter.game.service.GameService.cycle(GameService.kt:192)
	at java.base/java.util.concurrent.Executors$RunnableAdapter.call(Executors.java:539)
	at java.base/java.util.concurrent.FutureTask.runAndReset(FutureTask.java:305)
	at java.base/java.util.concurrent.ScheduledThreadPoolExecutor$ScheduledFutureTask.run(ScheduledThreadPoolExecutor.java:305)
	at java.base/java.util.concurrent.ThreadPoolExecutor.runWorker(ThreadPoolExecutor.java:1136)
	at java.base/java.util.concurrent.ThreadPoolExecutor$Worker.run(ThreadPoolExecutor.java:635)
	at java.base/java.lang.Thread.run(Thread.java:840)
[2025-11-19 01:31:15.936] ERROR org.alter.game.service.GameService - Error with task NpcCycleTask.
java.util.ConcurrentModificationException: null
	at java.base/java.util.HashMap$HashIterator.remove(HashMap.java:1611)
	at org.alter.game.model.entity.Pawn.timerCycle(Pawn.kt:260)
	at org.alter.game.model.entity.Npc.cycle(Npc.kt:155)
	at org.alter.game.task.NpcCycleTask.execute$lambda$0(NpcCycleTask.kt:19)
	at org.alter.game.model.PawnList.forEach(PawnList.kt:35)
	at org.alter.game.task.NpcCycleTask.execute(NpcCycleTask.kt:17)
	at org.alter.game.service.GameService.cycle(GameService.kt:192)
	at java.base/java.util.concurrent.Executors$RunnableAdapter.call(Executors.java:539)
	at java.base/java.util.concurrent.FutureTask.runAndReset(FutureTask.java:305)
	at java.base/java.util.concurrent.ScheduledThreadPoolExecutor$ScheduledFutureTask.run(ScheduledThreadPoolExecutor.java:305)
	at java.base/java.util.concurrent.ThreadPoolExecutor.runWorker(ThreadPoolExecutor.java:1136)
	at java.base/java.util.concurrent.ThreadPoolExecutor$Worker.run(ThreadPoolExecutor.java:635)
	at java.base/java.lang.Thread.run(Thread.java:840)
[2025-11-19 01:31:17.137] ERROR org.alter.game.service.GameService - Error with task NpcCycleTask.
java.util.ConcurrentModificationException: null
	at java.base/java.util.HashMap$HashIterator.remove(HashMap.java:1611)
	at org.alter.game.model.entity.Pawn.timerCycle(Pawn.kt:260)
	at org.alter.game.model.entity.Npc.cycle(Npc.kt:155)
	at org.alter.game.task.NpcCycleTask.execute$lambda$0(NpcCycleTask.kt:19)
	at org.alter.game.model.PawnList.forEach(PawnList.kt:35)
	at org.alter.game.task.NpcCycleTask.execute(NpcCycleTask.kt:17)
	at org.alter.game.service.GameService.cycle(GameService.kt:192)
	at java.base/java.util.concurrent.Executors$RunnableAdapter.call(Executors.java:539)
	at java.base/java.util.concurrent.FutureTask.runAndReset(FutureTask.java:305)
	at java.base/java.util.concurrent.ScheduledThreadPoolExecutor$ScheduledFutureTask.run(ScheduledThreadPoolExecutor.java:305)
	at java.base/java.util.concurrent.ThreadPoolExecutor.runWorker(ThreadPoolExecutor.java:1136)
	at java.base/java.util.concurrent.ThreadPoolExecutor$Worker.run(ThreadPoolExecutor.java:635)
	at java.base/java.lang.Thread.run(Thread.java:840)
[2025-11-19 01:31:32.142] ERROR org.alter.game.service.GameService - Error with task NpcCycleTask.
java.util.ConcurrentModificationException: null
	at java.base/java.util.HashMap$HashIterator.remove(HashMap.java:1611)
	at org.alter.game.model.entity.Pawn.timerCycle(Pawn.kt:260)
	at org.alter.game.model.entity.Npc.cycle(Npc.kt:155)
	at org.alter.game.task.NpcCycleTask.execute$lambda$0(NpcCycleTask.kt:19)
	at org.alter.game.model.PawnList.forEach(PawnList.kt:35)
	at org.alter.game.task.NpcCycleTask.execute(NpcCycleTask.kt:17)
	at org.alter.game.service.GameService.cycle(GameService.kt:192)
	at java.base/java.util.concurrent.Executors$RunnableAdapter.call(Executors.java:539)
	at java.base/java.util.concurrent.FutureTask.runAndReset(FutureTask.java:305)
	at java.base/java.util.concurrent.ScheduledThreadPoolExecutor$ScheduledFutureTask.run(ScheduledThreadPoolExecutor.java:305)
	at java.base/java.util.concurrent.ThreadPoolExecutor.runWorker(ThreadPoolExecutor.java:1136)
	at java.base/java.util.concurrent.ThreadPoolExecutor$Worker.run(ThreadPoolExecutor.java:635)
	at java.base/java.lang.Thread.run(Thread.java:840)
[2025-11-19 01:31:32.739] ERROR org.alter.game.service.GameService - Error with task NpcCycleTask.
java.util.ConcurrentModificationException: null
	at java.base/java.util.HashMap$HashIterator.remove(HashMap.java:1611)
	at org.alter.game.model.entity.Pawn.timerCycle(Pawn.kt:260)
	at org.alter.game.model.entity.Npc.cycle(Npc.kt:155)
	at org.alter.game.task.NpcCycleTask.execute$lambda$0(NpcCycleTask.kt:19)
	at org.alter.game.model.PawnList.forEach(PawnList.kt:35)
	at org.alter.game.task.NpcCycleTask.execute(NpcCycleTask.kt:17)
	at org.alter.game.service.GameService.cycle(GameService.kt:192)
	at java.base/java.util.concurrent.Executors$RunnableAdapter.call(Executors.java:539)
	at java.base/java.util.concurrent.FutureTask.runAndReset(FutureTask.java:305)
	at java.base/java.util.concurrent.ScheduledThreadPoolExecutor$ScheduledFutureTask.run(ScheduledThreadPoolExecutor.java:305)
	at java.base/java.util.concurrent.ThreadPoolExecutor.runWorker(ThreadPoolExecutor.java:1136)
	at java.base/java.util.concurrent.ThreadPoolExecutor$Worker.run(ThreadPoolExecutor.java:635)
	at java.base/java.lang.Thread.run(Thread.java:840)
[2025-11-19 01:32:02.134] ERROR org.alter.game.service.GameService - Error with task NpcCycleTask.
java.util.ConcurrentModificationException: null
	at java.base/java.util.HashMap$HashIterator.remove(HashMap.java:1611)
	at org.alter.game.model.entity.Pawn.timerCycle(Pawn.kt:260)
	at org.alter.game.model.entity.Npc.cycle(Npc.kt:155)
	at org.alter.game.task.NpcCycleTask.execute$lambda$0(NpcCycleTask.kt:19)
	at org.alter.game.model.PawnList.forEach(PawnList.kt:35)
	at org.alter.game.task.NpcCycleTask.execute(NpcCycleTask.kt:17)
	at org.alter.game.service.GameService.cycle(GameService.kt:192)
	at java.base/java.util.concurrent.Executors$RunnableAdapter.call(Executors.java:539)
	at java.base/java.util.concurrent.FutureTask.runAndReset(FutureTask.java:305)
	at java.base/java.util.concurrent.ScheduledThreadPoolExecutor$ScheduledFutureTask.run(ScheduledThreadPoolExecutor.java:305)
	at java.base/java.util.concurrent.ThreadPoolExecutor.runWorker(ThreadPoolExecutor.java:1136)
	at java.base/java.util.concurrent.ThreadPoolExecutor$Worker.run(ThreadPoolExecutor.java:635)
	at java.base/java.lang.Thread.run(Thread.java:840)
[2025-11-19 01:32:02.730] ERROR org.alter.game.service.GameService - Error with task NpcCycleTask.
java.util.ConcurrentModificationException: null
	at java.base/java.util.HashMap$HashIterator.remove(HashMap.java:1611)
	at org.alter.game.model.entity.Pawn.timerCycle(Pawn.kt:260)
	at org.alter.game.model.entity.Npc.cycle(Npc.kt:155)
	at org.alter.game.task.NpcCycleTask.execute$lambda$0(NpcCycleTask.kt:19)
	at org.alter.game.model.PawnList.forEach(PawnList.kt:35)
	at org.alter.game.task.NpcCycleTask.execute(NpcCycleTask.kt:17)
	at org.alter.game.service.GameService.cycle(GameService.kt:192)
	at java.base/java.util.concurrent.Executors$RunnableAdapter.call(Executors.java:539)
	at java.base/java.util.concurrent.FutureTask.runAndReset(FutureTask.java:305)
	at java.base/java.util.concurrent.ScheduledThreadPoolExecutor$ScheduledFutureTask.run(ScheduledThreadPoolExecutor.java:305)
	at java.base/java.util.concurrent.ThreadPoolExecutor.runWorker(ThreadPoolExecutor.java:1136)
	at java.base/java.util.concurrent.ThreadPoolExecutor$Worker.run(ThreadPoolExecutor.java:635)
	at java.base/java.lang.Thread.run(Thread.java:840)
[2025-11-19 01:32:31.540] ERROR org.alter.game.service.GameService - Error with task NpcCycleTask.
java.util.ConcurrentModificationException: null
	at java.base/java.util.HashMap$HashIterator.remove(HashMap.java:1611)
	at org.alter.game.model.entity.Pawn.timerCycle(Pawn.kt:260)
	at org.alter.game.model.entity.Npc.cycle(Npc.kt:155)
	at org.alter.game.task.NpcCycleTask.execute$lambda$0(NpcCycleTask.kt:19)
	at org.alter.game.model.PawnList.forEach(PawnList.kt:35)
	at org.alter.game.task.NpcCycleTask.execute(NpcCycleTask.kt:17)
	at org.alter.game.service.GameService.cycle(GameService.kt:192)
	at java.base/java.util.concurrent.Executors$RunnableAdapter.call(Executors.java:539)
	at java.base/java.util.concurrent.FutureTask.runAndReset(FutureTask.java:305)
	at java.base/java.util.concurrent.ScheduledThreadPoolExecutor$ScheduledFutureTask.run(ScheduledThreadPoolExecutor.java:305)
	at java.base/java.util.concurrent.ThreadPoolExecutor.runWorker(ThreadPoolExecutor.java:1136)
	at java.base/java.util.concurrent.ThreadPoolExecutor$Worker.run(ThreadPoolExecutor.java:635)
	at java.base/java.lang.Thread.run(Thread.java:840)
[2025-11-19 01:32:32.131] ERROR org.alter.game.service.GameService - Error with task NpcCycleTask.
java.util.ConcurrentModificationException: null
	at java.base/java.util.HashMap$HashIterator.remove(HashMap.java:1611)
	at org.alter.game.model.entity.Pawn.timerCycle(Pawn.kt:260)
	at org.alter.game.model.entity.Npc.cycle(Npc.kt:155)
	at org.alter.game.task.NpcCycleTask.execute$lambda$0(NpcCycleTask.kt:19)
	at org.alter.game.model.PawnList.forEach(PawnList.kt:35)
	at org.alter.game.task.NpcCycleTask.execute(NpcCycleTask.kt:17)
	at org.alter.game.service.GameService.cycle(GameService.kt:192)
	at java.base/java.util.concurrent.Executors$RunnableAdapter.call(Executors.java:539)
	at java.base/java.util.concurrent.FutureTask.runAndReset(FutureTask.java:305)
	at java.base/java.util.concurrent.ScheduledThreadPoolExecutor$ScheduledFutureTask.run(ScheduledThreadPoolExecutor.java:305)
	at java.base/java.util.concurrent.ThreadPoolExecutor.runWorker(ThreadPoolExecutor.java:1136)
	at java.base/java.util.concurrent.ThreadPoolExecutor$Worker.run(ThreadPoolExecutor.java:635)
	at java.base/java.lang.Thread.run(Thread.java:840)
[2025-11-19 01:32:32.731] ERROR org.alter.game.service.GameService - Error with task NpcCycleTask.
java.util.ConcurrentModificationException: null
	at java.base/java.util.HashMap$HashIterator.remove(HashMap.java:1611)
	at org.alter.game.model.entity.Pawn.timerCycle(Pawn.kt:260)
	at org.alter.game.model.entity.Npc.cycle(Npc.kt:155)
	at org.alter.game.task.NpcCycleTask.execute$lambda$0(NpcCycleTask.kt:19)
	at org.alter.game.model.PawnList.forEach(PawnList.kt:35)
	at org.alter.game.task.NpcCycleTask.execute(NpcCycleTask.kt:17)
	at org.alter.game.service.GameService.cycle(GameService.kt:192)
	at java.base/java.util.concurrent.Executors$RunnableAdapter.call(Executors.java:539)
	at java.base/java.util.concurrent.FutureTask.runAndReset(FutureTask.java:305)
	at java.base/java.util.concurrent.ScheduledThreadPoolExecutor$ScheduledFutureTask.run(ScheduledThreadPoolExecutor.java:305)
	at java.base/java.util.concurrent.ThreadPoolExecutor.runWorker(ThreadPoolExecutor.java:1136)
	at java.base/java.util.concurrent.ThreadPoolExecutor$Worker.run(ThreadPoolExecutor.java:635)
	at java.base/java.lang.Thread.run(Thread.java:840)
[2025-11-19 01:32:36.331] ERROR org.alter.game.service.GameService - Error with task NpcCycleTask.
java.util.ConcurrentModificationException: null
	at java.base/java.util.HashMap$HashIterator.remove(HashMap.java:1611)
	at org.alter.game.model.entity.Pawn.timerCycle(Pawn.kt:260)
	at org.alter.game.model.entity.Npc.cycle(Npc.kt:155)
	at org.alter.game.task.NpcCycleTask.execute$lambda$0(NpcCycleTask.kt:19)
	at org.alter.game.model.PawnList.forEach(PawnList.kt:35)
	at org.alter.game.task.NpcCycleTask.execute(NpcCycleTask.kt:17)
	at org.alter.game.service.GameService.cycle(GameService.kt:192)
	at java.base/java.util.concurrent.Executors$RunnableAdapter.call(Executors.java:539)
	at java.base/java.util.concurrent.FutureTask.runAndReset(FutureTask.java:305)
	at java.base/java.util.concurrent.ScheduledThreadPoolExecutor$ScheduledFutureTask.run(ScheduledThreadPoolExecutor.java:305)
	at java.base/java.util.concurrent.ThreadPoolExecutor.runWorker(ThreadPoolExecutor.java:1136)
	at java.base/java.util.concurrent.ThreadPoolExecutor$Worker.run(ThreadPoolExecutor.java:635)
	at java.base/java.lang.Thread.run(Thread.java:840)
[2025-11-19 01:33:01.538] ERROR org.alter.game.service.GameService - Error with task NpcCycleTask.
java.util.ConcurrentModificationException: null
	at java.base/java.util.HashMap$HashIterator.remove(HashMap.java:1611)
	at org.alter.game.model.entity.Pawn.timerCycle(Pawn.kt:260)
	at org.alter.game.model.entity.Npc.cycle(Npc.kt:155)
	at org.alter.game.task.NpcCycleTask.execute$lambda$0(NpcCycleTask.kt:19)
	at org.alter.game.model.PawnList.forEach(PawnList.kt:35)
	at org.alter.game.task.NpcCycleTask.execute(NpcCycleTask.kt:17)
	at org.alter.game.service.GameService.cycle(GameService.kt:192)
	at java.base/java.util.concurrent.Executors$RunnableAdapter.call(Executors.java:539)
	at java.base/java.util.concurrent.FutureTask.runAndReset(FutureTask.java:305)
	at java.base/java.util.concurrent.ScheduledThreadPoolExecutor$ScheduledFutureTask.run(ScheduledThreadPoolExecutor.java:305)
	at java.base/java.util.concurrent.ThreadPoolExecutor.runWorker(ThreadPoolExecutor.java:1136)
	at java.base/java.util.concurrent.ThreadPoolExecutor$Worker.run(ThreadPoolExecutor.java:635)
	at java.base/java.lang.Thread.run(Thread.java:840)
[2025-11-19 01:33:17.130] ERROR org.alter.game.service.GameService - Error with task NpcCycleTask.
java.util.ConcurrentModificationException: null
	at java.base/java.util.HashMap$HashIterator.remove(HashMap.java:1611)
	at org.alter.game.model.entity.Pawn.timerCycle(Pawn.kt:260)
	at org.alter.game.model.entity.Npc.cycle(Npc.kt:155)
	at org.alter.game.task.NpcCycleTask.execute$lambda$0(NpcCycleTask.kt:19)
	at org.alter.game.model.PawnList.forEach(PawnList.kt:35)
	at org.alter.game.task.NpcCycleTask.execute(NpcCycleTask.kt:17)
	at org.alter.game.service.GameService.cycle(GameService.kt:192)
	at java.base/java.util.concurrent.Executors$RunnableAdapter.call(Executors.java:539)
	at java.base/java.util.concurrent.FutureTask.runAndReset(FutureTask.java:305)
	at java.base/java.util.concurrent.ScheduledThreadPoolExecutor$ScheduledFutureTask.run(ScheduledThreadPoolExecutor.java:305)
	at java.base/java.util.concurrent.ThreadPoolExecutor.runWorker(ThreadPoolExecutor.java:1136)
	at java.base/java.util.concurrent.ThreadPoolExecutor$Worker.run(ThreadPoolExecutor.java:635)
	at java.base/java.lang.Thread.run(Thread.java:840)
[2025-11-19 01:33:17.732] ERROR org.alter.game.service.GameService - Error with task NpcCycleTask.
java.util.ConcurrentModificationException: null
	at java.base/java.util.HashMap$HashIterator.remove(HashMap.java:1611)
	at org.alter.game.model.entity.Pawn.timerCycle(Pawn.kt:260)
	at org.alter.game.model.entity.Npc.cycle(Npc.kt:155)
	at org.alter.game.task.NpcCycleTask.execute$lambda$0(NpcCycleTask.kt:19)
	at org.alter.game.model.PawnList.forEach(PawnList.kt:35)
	at org.alter.game.task.NpcCycleTask.execute(NpcCycleTask.kt:17)
	at org.alter.game.service.GameService.cycle(GameService.kt:192)
	at java.base/java.util.concurrent.Executors$RunnableAdapter.call(Executors.java:539)
	at java.base/java.util.concurrent.FutureTask.runAndReset(FutureTask.java:305)
	at java.base/java.util.concurrent.ScheduledThreadPoolExecutor$ScheduledFutureTask.run(ScheduledThreadPoolExecutor.java:305)
	at java.base/java.util.concurrent.ThreadPoolExecutor.runWorker(ThreadPoolExecutor.java:1136)
	at java.base/java.util.concurrent.ThreadPoolExecutor$Worker.run(ThreadPoolExecutor.java:635)
	at java.base/java.lang.Thread.run(Thread.java:840)
[2025-11-19 01:33:18.937] ERROR org.alter.game.service.GameService - Error with task NpcCycleTask.
java.util.ConcurrentModificationException: null
	at java.base/java.util.HashMap$HashIterator.remove(HashMap.java:1611)
	at org.alter.game.model.entity.Pawn.timerCycle(Pawn.kt:260)
	at org.alter.game.model.entity.Npc.cycle(Npc.kt:155)
	at org.alter.game.task.NpcCycleTask.execute$lambda$0(NpcCycleTask.kt:19)
	at org.alter.game.model.PawnList.forEach(PawnList.kt:35)
	at org.alter.game.task.NpcCycleTask.execute(NpcCycleTask.kt:17)
	at org.alter.game.service.GameService.cycle(GameService.kt:192)
	at java.base/java.util.concurrent.Executors$RunnableAdapter.call(Executors.java:539)
	at java.base/java.util.concurrent.FutureTask.runAndReset(FutureTask.java:305)
	at java.base/java.util.concurrent.ScheduledThreadPoolExecutor$ScheduledFutureTask.run(ScheduledThreadPoolExecutor.java:305)
	at java.base/java.util.concurrent.ThreadPoolExecutor.runWorker(ThreadPoolExecutor.java:1136)
	at java.base/java.util.concurrent.ThreadPoolExecutor$Worker.run(ThreadPoolExecutor.java:635)
	at java.base/java.lang.Thread.run(Thread.java:840)
[2025-11-19 01:33:26.734] ERROR org.alter.game.service.GameService - Error with task NpcCycleTask.
java.util.ConcurrentModificationException: null
	at java.base/java.util.HashMap$HashIterator.remove(HashMap.java:1611)
	at org.alter.game.model.entity.Pawn.timerCycle(Pawn.kt:260)
	at org.alter.game.model.entity.Npc.cycle(Npc.kt:155)
	at org.alter.game.task.NpcCycleTask.execute$lambda$0(NpcCycleTask.kt:19)
	at org.alter.game.model.PawnList.forEach(PawnList.kt:35)
	at org.alter.game.task.NpcCycleTask.execute(NpcCycleTask.kt:17)
	at org.alter.game.service.GameService.cycle(GameService.kt:192)
	at java.base/java.util.concurrent.Executors$RunnableAdapter.call(Executors.java:539)
	at java.base/java.util.concurrent.FutureTask.runAndReset(FutureTask.java:305)
	at java.base/java.util.concurrent.ScheduledThreadPoolExecutor$ScheduledFutureTask.run(ScheduledThreadPoolExecutor.java:305)
	at java.base/java.util.concurrent.ThreadPoolExecutor.runWorker(ThreadPoolExecutor.java:1136)
	at java.base/java.util.concurrent.ThreadPoolExecutor$Worker.run(ThreadPoolExecutor.java:635)
	at java.base/java.lang.Thread.run(Thread.java:840)
[2025-11-19 01:33:55.536] ERROR org.alter.game.service.GameService - Error with task NpcCycleTask.
java.util.ConcurrentModificationException: null
	at java.base/java.util.HashMap$HashIterator.remove(HashMap.java:1611)
	at org.alter.game.model.entity.Pawn.timerCycle(Pawn.kt:260)
	at org.alter.game.model.entity.Npc.cycle(Npc.kt:155)
	at org.alter.game.task.NpcCycleTask.execute$lambda$0(NpcCycleTask.kt:19)
	at org.alter.game.model.PawnList.forEach(PawnList.kt:35)
	at org.alter.game.task.NpcCycleTask.execute(NpcCycleTask.kt:17)
	at org.alter.game.service.GameService.cycle(GameService.kt:192)
	at java.base/java.util.concurrent.Executors$RunnableAdapter.call(Executors.java:539)
	at java.base/java.util.concurrent.FutureTask.runAndReset(FutureTask.java:305)
	at java.base/java.util.concurrent.ScheduledThreadPoolExecutor$ScheduledFutureTask.run(ScheduledThreadPoolExecutor.java:305)
	at java.base/java.util.concurrent.ThreadPoolExecutor.runWorker(ThreadPoolExecutor.java:1136)
	at java.base/java.util.concurrent.ThreadPoolExecutor$Worker.run(ThreadPoolExecutor.java:635)
	at java.base/java.lang.Thread.run(Thread.java:840)
[2025-11-19 01:33:56.140] ERROR org.alter.game.service.GameService - Error with task NpcCycleTask.
java.util.ConcurrentModificationException: null
	at java.base/java.util.HashMap$HashIterator.remove(HashMap.java:1611)
	at org.alter.game.model.entity.Pawn.timerCycle(Pawn.kt:260)
	at org.alter.game.model.entity.Npc.cycle(Npc.kt:155)
	at org.alter.game.task.NpcCycleTask.execute$lambda$0(NpcCycleTask.kt:19)
	at org.alter.game.model.PawnList.forEach(PawnList.kt:35)
	at org.alter.game.task.NpcCycleTask.execute(NpcCycleTask.kt:17)
	at org.alter.game.service.GameService.cycle(GameService.kt:192)
	at java.base/java.util.concurrent.Executors$RunnableAdapter.call(Executors.java:539)
	at java.base/java.util.concurrent.FutureTask.runAndReset(FutureTask.java:305)
	at java.base/java.util.concurrent.ScheduledThreadPoolExecutor$ScheduledFutureTask.run(ScheduledThreadPoolExecutor.java:305)
	at java.base/java.util.concurrent.ThreadPoolExecutor.runWorker(ThreadPoolExecutor.java:1136)
	at java.base/java.util.concurrent.ThreadPoolExecutor$Worker.run(ThreadPoolExecutor.java:635)
	at java.base/java.lang.Thread.run(Thread.java:840)
[2025-11-19 01:34:10.531] ERROR org.alter.game.service.GameService - Error with task NpcCycleTask.
java.util.ConcurrentModificationException: null
	at java.base/java.util.HashMap$HashIterator.remove(HashMap.java:1611)
	at org.alter.game.model.entity.Pawn.timerCycle(Pawn.kt:260)
	at org.alter.game.model.entity.Npc.cycle(Npc.kt:155)
	at org.alter.game.task.NpcCycleTask.execute$lambda$0(NpcCycleTask.kt:19)
	at org.alter.game.model.PawnList.forEach(PawnList.kt:35)
	at org.alter.game.task.NpcCycleTask.execute(NpcCycleTask.kt:17)
	at org.alter.game.service.GameService.cycle(GameService.kt:192)
	at java.base/java.util.concurrent.Executors$RunnableAdapter.call(Executors.java:539)
	at java.base/java.util.concurrent.FutureTask.runAndReset(FutureTask.java:305)
	at java.base/java.util.concurrent.ScheduledThreadPoolExecutor$ScheduledFutureTask.run(ScheduledThreadPoolExecutor.java:305)
	at java.base/java.util.concurrent.ThreadPoolExecutor.runWorker(ThreadPoolExecutor.java:1136)
	at java.base/java.util.concurrent.ThreadPoolExecutor$Worker.run(ThreadPoolExecutor.java:635)
	at java.base/java.lang.Thread.run(Thread.java:840)
[2025-11-19 01:34:19.532] ERROR org.alter.game.service.GameService - Error with task NpcCycleTask.
java.util.ConcurrentModificationException: null
	at java.base/java.util.HashMap$HashIterator.remove(HashMap.java:1611)
	at org.alter.game.model.entity.Pawn.timerCycle(Pawn.kt:260)
	at org.alter.game.model.entity.Npc.cycle(Npc.kt:155)
	at org.alter.game.task.NpcCycleTask.execute$lambda$0(NpcCycleTask.kt:19)
	at org.alter.game.model.PawnList.forEach(PawnList.kt:35)
	at org.alter.game.task.NpcCycleTask.execute(NpcCycleTask.kt:17)
	at org.alter.game.service.GameService.cycle(GameService.kt:192)
	at java.base/java.util.concurrent.Executors$RunnableAdapter.call(Executors.java:539)
	at java.base/java.util.concurrent.FutureTask.runAndReset(FutureTask.java:305)
	at java.base/java.util.concurrent.ScheduledThreadPoolExecutor$ScheduledFutureTask.run(ScheduledThreadPoolExecutor.java:305)
	at java.base/java.util.concurrent.ThreadPoolExecutor.runWorker(ThreadPoolExecutor.java:1136)
	at java.base/java.util.concurrent.ThreadPoolExecutor$Worker.run(ThreadPoolExecutor.java:635)
	at java.base/java.lang.Thread.run(Thread.java:840)
[2025-11-19 01:34:20.734] ERROR org.alter.game.service.GameService - Error with task NpcCycleTask.
java.util.ConcurrentModificationException: null
	at java.base/java.util.HashMap$HashIterator.remove(HashMap.java:1611)
	at org.alter.game.model.entity.Pawn.timerCycle(Pawn.kt:260)
	at org.alter.game.model.entity.Npc.cycle(Npc.kt:155)
	at org.alter.game.task.NpcCycleTask.execute$lambda$0(NpcCycleTask.kt:19)
	at org.alter.game.model.PawnList.forEach(PawnList.kt:35)
	at org.alter.game.task.NpcCycleTask.execute(NpcCycleTask.kt:17)
	at org.alter.game.service.GameService.cycle(GameService.kt:192)
	at java.base/java.util.concurrent.Executors$RunnableAdapter.call(Executors.java:539)
	at java.base/java.util.concurrent.FutureTask.runAndReset(FutureTask.java:305)
	at java.base/java.util.concurrent.ScheduledThreadPoolExecutor$ScheduledFutureTask.run(ScheduledThreadPoolExecutor.java:305)
	at java.base/java.util.concurrent.ThreadPoolExecutor.runWorker(ThreadPoolExecutor.java:1136)
	at java.base/java.util.concurrent.ThreadPoolExecutor$Worker.run(ThreadPoolExecutor.java:635)
	at java.base/java.lang.Thread.run(Thread.java:840)
[2025-11-19 01:34:47.744] ERROR org.alter.game.service.GameService - Error with task NpcCycleTask.
java.util.ConcurrentModificationException: null
	at java.base/java.util.HashMap$HashIterator.remove(HashMap.java:1611)
	at org.alter.game.model.entity.Pawn.timerCycle(Pawn.kt:260)
	at org.alter.game.model.entity.Npc.cycle(Npc.kt:155)
	at org.alter.game.task.NpcCycleTask.execute$lambda$0(NpcCycleTask.kt:19)
	at org.alter.game.model.PawnList.forEach(PawnList.kt:35)
	at org.alter.game.task.NpcCycleTask.execute(NpcCycleTask.kt:17)
	at org.alter.game.service.GameService.cycle(GameService.kt:192)
	at java.base/java.util.concurrent.Executors$RunnableAdapter.call(Executors.java:539)
	at java.base/java.util.concurrent.FutureTask.runAndReset(FutureTask.java:305)
	at java.base/java.util.concurrent.ScheduledThreadPoolExecutor$ScheduledFutureTask.run(ScheduledThreadPoolExecutor.java:305)
	at java.base/java.util.concurrent.ThreadPoolExecutor.runWorker(ThreadPoolExecutor.java:1136)
	at java.base/java.util.concurrent.ThreadPoolExecutor$Worker.run(ThreadPoolExecutor.java:635)
	at java.base/java.lang.Thread.run(Thread.java:840)
[2025-11-19 01:35:05.736] ERROR org.alter.game.service.GameService - Error with task NpcCycleTask.
java.util.ConcurrentModificationException: null
	at java.base/java.util.HashMap$HashIterator.remove(HashMap.java:1611)
	at org.alter.game.model.entity.Pawn.timerCycle(Pawn.kt:260)
	at org.alter.game.model.entity.Npc.cycle(Npc.kt:155)
	at org.alter.game.task.NpcCycleTask.execute$lambda$0(NpcCycleTask.kt:19)
	at org.alter.game.model.PawnList.forEach(PawnList.kt:35)
	at org.alter.game.task.NpcCycleTask.execute(NpcCycleTask.kt:17)
	at org.alter.game.service.GameService.cycle(GameService.kt:192)
	at java.base/java.util.concurrent.Executors$RunnableAdapter.call(Executors.java:539)
	at java.base/java.util.concurrent.FutureTask.runAndReset(FutureTask.java:305)
	at java.base/java.util.concurrent.ScheduledThreadPoolExecutor$ScheduledFutureTask.run(ScheduledThreadPoolExecutor.java:305)
	at java.base/java.util.concurrent.ThreadPoolExecutor.runWorker(ThreadPoolExecutor.java:1136)
	at java.base/java.util.concurrent.ThreadPoolExecutor$Worker.run(ThreadPoolExecutor.java:635)
	at java.base/java.lang.Thread.run(Thread.java:840)
[2025-11-19 01:35:06.338] ERROR org.alter.game.service.GameService - Error with task NpcCycleTask.
java.util.ConcurrentModificationException: null
	at java.base/java.util.HashMap$HashIterator.remove(HashMap.java:1611)
	at org.alter.game.model.entity.Pawn.timerCycle(Pawn.kt:260)
	at org.alter.game.model.entity.Npc.cycle(Npc.kt:155)
	at org.alter.game.task.NpcCycleTask.execute$lambda$0(NpcCycleTask.kt:19)
	at org.alter.game.model.PawnList.forEach(PawnList.kt:35)
	at org.alter.game.task.NpcCycleTask.execute(NpcCycleTask.kt:17)
	at org.alter.game.service.GameService.cycle(GameService.kt:192)
	at java.base/java.util.concurrent.Executors$RunnableAdapter.call(Executors.java:539)
	at java.base/java.util.concurrent.FutureTask.runAndReset(FutureTask.java:305)
	at java.base/java.util.concurrent.ScheduledThreadPoolExecutor$ScheduledFutureTask.run(ScheduledThreadPoolExecutor.java:305)
	at java.base/java.util.concurrent.ThreadPoolExecutor.runWorker(ThreadPoolExecutor.java:1136)
	at java.base/java.util.concurrent.ThreadPoolExecutor$Worker.run(ThreadPoolExecutor.java:635)
	at java.base/java.lang.Thread.run(Thread.java:840)
[2025-11-19 01:35:20.734] ERROR org.alter.game.service.GameService - Error with task NpcCycleTask.
java.util.ConcurrentModificationException: null
	at java.base/java.util.HashMap$HashIterator.remove(HashMap.java:1611)
	at org.alter.game.model.entity.Pawn.timerCycle(Pawn.kt:260)
	at org.alter.game.model.entity.Npc.cycle(Npc.kt:155)
	at org.alter.game.task.NpcCycleTask.execute$lambda$0(NpcCycleTask.kt:19)
	at org.alter.game.model.PawnList.forEach(PawnList.kt:35)
	at org.alter.game.task.NpcCycleTask.execute(NpcCycleTask.kt:17)
	at org.alter.game.service.GameService.cycle(GameService.kt:192)
	at java.base/java.util.concurrent.Executors$RunnableAdapter.call(Executors.java:539)
	at java.base/java.util.concurrent.FutureTask.runAndReset(FutureTask.java:305)
	at java.base/java.util.concurrent.ScheduledThreadPoolExecutor$ScheduledFutureTask.run(ScheduledThreadPoolExecutor.java:305)
	at java.base/java.util.concurrent.ThreadPoolExecutor.runWorker(ThreadPoolExecutor.java:1136)
	at java.base/java.util.concurrent.ThreadPoolExecutor$Worker.run(ThreadPoolExecutor.java:635)
	at java.base/java.lang.Thread.run(Thread.java:840)
[2025-11-19 01:35:22.549] ERROR org.alter.game.service.GameService - Error with task NpcCycleTask.
java.util.ConcurrentModificationException: null
	at java.base/java.util.HashMap$HashIterator.remove(HashMap.java:1611)
	at org.alter.game.model.entity.Pawn.timerCycle(Pawn.kt:260)
	at org.alter.game.model.entity.Npc.cycle(Npc.kt:155)
	at org.alter.game.task.NpcCycleTask.execute$lambda$0(NpcCycleTask.kt:19)
	at org.alter.game.model.PawnList.forEach(PawnList.kt:35)
	at org.alter.game.task.NpcCycleTask.execute(NpcCycleTask.kt:17)
	at org.alter.game.service.GameService.cycle(GameService.kt:192)
	at java.base/java.util.concurrent.Executors$RunnableAdapter.call(Executors.java:539)
	at java.base/java.util.concurrent.FutureTask.runAndReset(FutureTask.java:305)
	at java.base/java.util.concurrent.ScheduledThreadPoolExecutor$ScheduledFutureTask.run(ScheduledThreadPoolExecutor.java:305)
	at java.base/java.util.concurrent.ThreadPoolExecutor.runWorker(ThreadPoolExecutor.java:1136)
	at java.base/java.util.concurrent.ThreadPoolExecutor$Worker.run(ThreadPoolExecutor.java:635)
	at java.base/java.lang.Thread.run(Thread.java:840)
[2025-11-19 01:35:23.132] ERROR org.alter.game.service.GameService - Error with task NpcCycleTask.
java.util.ConcurrentModificationException: null
	at java.base/java.util.HashMap$HashIterator.remove(HashMap.java:1611)
	at org.alter.game.model.entity.Pawn.timerCycle(Pawn.kt:260)
	at org.alter.game.model.entity.Npc.cycle(Npc.kt:155)
	at org.alter.game.task.NpcCycleTask.execute$lambda$0(NpcCycleTask.kt:19)
	at org.alter.game.model.PawnList.forEach(PawnList.kt:35)
	at org.alter.game.task.NpcCycleTask.execute(NpcCycleTask.kt:17)
	at org.alter.game.service.GameService.cycle(GameService.kt:192)
	at java.base/java.util.concurrent.Executors$RunnableAdapter.call(Executors.java:539)
	at java.base/java.util.concurrent.FutureTask.runAndReset(FutureTask.java:305)
	at java.base/java.util.concurrent.ScheduledThreadPoolExecutor$ScheduledFutureTask.run(ScheduledThreadPoolExecutor.java:305)
	at java.base/java.util.concurrent.ThreadPoolExecutor.runWorker(ThreadPoolExecutor.java:1136)
	at java.base/java.util.concurrent.ThreadPoolExecutor$Worker.run(ThreadPoolExecutor.java:635)
	at java.base/java.lang.Thread.run(Thread.java:840)
[2025-11-19 01:35:40.534] ERROR o.alter.game.model.queue.QueueTask - Error with plugin!
java.lang.NoClassDefFoundError: org/alter/plugins/content/objects/altar/AltarPlugin$restorePrayer$1$1
	at org.alter.plugins.content.objects.altar.AltarPlugin._init_$lambda$0(AltarPlugin.kt:108)
	at org.alter.game.model.entity.Pawn.executePlugin(Pawn.kt:543)
	at org.alter.game.plugin.PluginRepository.executeObject(PluginRepository.kt:1559)
	at org.alter.game.model.move.ObjectPathAction.objectInteractPlugin$lambda$3$lambda$2(ObjectPathAction.kt:110)
	at org.alter.game.model.entity.Pawn.executePlugin(Pawn.kt:543)
	at org.alter.game.model.move.ObjectPathAction$walk$1.invokeSuspend(ObjectPathAction.kt:50)
	at org.alter.game.model.move.ObjectPathAction$walk$1.invoke(ObjectPathAction.kt)
	at org.alter.game.model.move.ObjectPathAction$walk$1.invoke(ObjectPathAction.kt)
	at org.alter.game.model.queue.QueueTaskSet$queue$suspendBlock$1.invokeSuspend(QueueTaskSet.kt:27)
	at kotlin.coroutines.jvm.internal.BaseContinuationImpl.resumeWith(ContinuationImpl.kt:33)
	at kotlin.coroutines.SafeContinuation.resumeWith(SafeContinuationJvm.kt:41)
	at org.alter.game.model.queue.impl.PawnQueueTaskSet.cycle(PawnQueueTaskSet.kt:25)
	at org.alter.game.task.PlayerCycleTask.execute$lambda$2(PlayerCycleTask.kt:23)
	at org.alter.game.model.PawnList.forEach(PawnList.kt:35)
	at org.alter.game.task.PlayerCycleTask.execute(PlayerCycleTask.kt:17)
	at org.alter.game.service.GameService.cycle(GameService.kt:192)
	at java.base/java.util.concurrent.Executors$RunnableAdapter.call(Executors.java:539)
	at java.base/java.util.concurrent.FutureTask.runAndReset(FutureTask.java:305)
	at java.base/java.util.concurrent.ScheduledThreadPoolExecutor$ScheduledFutureTask.run(ScheduledThreadPoolExecutor.java:305)
	at java.base/java.util.concurrent.ThreadPoolExecutor.runWorker(ThreadPoolExecutor.java:1136)
	at java.base/java.util.concurrent.ThreadPoolExecutor$Worker.run(ThreadPoolExecutor.java:635)
	at java.base/java.lang.Thread.run(Thread.java:840)
Caused by: java.lang.ClassNotFoundException: org.alter.plugins.content.objects.altar.AltarPlugin$restorePrayer$1$1
	at java.base/jdk.internal.loader.BuiltinClassLoader.loadClass(BuiltinClassLoader.java:641)
	at java.base/jdk.internal.loader.ClassLoaders$AppClassLoader.loadClass(ClassLoaders.java:188)
	at java.base/java.lang.ClassLoader.loadClass(ClassLoader.java:525)
	... 22 common frames omitted
[2025-11-19 01:35:42.935] ERROR org.alter.game.service.GameService - Error with task NpcCycleTask.
java.util.ConcurrentModificationException: null
	at java.base/java.util.HashMap$HashIterator.remove(HashMap.java:1611)
	at org.alter.game.model.entity.Pawn.timerCycle(Pawn.kt:260)
	at org.alter.game.model.entity.Npc.cycle(Npc.kt:155)
	at org.alter.game.task.NpcCycleTask.execute$lambda$0(NpcCycleTask.kt:19)
	at org.alter.game.model.PawnList.forEach(PawnList.kt:35)
	at org.alter.game.task.NpcCycleTask.execute(NpcCycleTask.kt:17)
	at org.alter.game.service.GameService.cycle(GameService.kt:192)
	at java.base/java.util.concurrent.Executors$RunnableAdapter.call(Executors.java:539)
	at java.base/java.util.concurrent.FutureTask.runAndReset(FutureTask.java:305)
	at java.base/java.util.concurrent.ScheduledThreadPoolExecutor$ScheduledFutureTask.run(ScheduledThreadPoolExecutor.java:305)
	at java.base/java.util.concurrent.ThreadPoolExecutor.runWorker(ThreadPoolExecutor.java:1136)
	at java.base/java.util.concurrent.ThreadPoolExecutor$Worker.run(ThreadPoolExecutor.java:635)
	at java.base/java.lang.Thread.run(Thread.java:840)
[2025-11-19 01:37:08.875] ERROR o.alter.game.plugin.PluginRepository - Npc is already bound to a plugin: 2883 [opt=3]
[2025-11-19 01:37:56.336] ERROR org.alter.game.service.GameService - Error with task NpcCycleTask.
java.util.ConcurrentModificationException: null
	at java.base/java.util.HashMap$HashIterator.remove(HashMap.java:1611)
	at org.alter.game.model.entity.Pawn.timerCycle(Pawn.kt:260)
	at org.alter.game.model.entity.Npc.cycle(Npc.kt:155)
	at org.alter.game.task.NpcCycleTask.execute$lambda$0(NpcCycleTask.kt:19)
	at org.alter.game.model.PawnList.forEach(PawnList.kt:35)
	at org.alter.game.task.NpcCycleTask.execute(NpcCycleTask.kt:17)
	at org.alter.game.service.GameService.cycle(GameService.kt:192)
	at java.base/java.util.concurrent.Executors$RunnableAdapter.call(Executors.java:539)
	at java.base/java.util.concurrent.FutureTask.runAndReset(FutureTask.java:305)
	at java.base/java.util.concurrent.ScheduledThreadPoolExecutor$ScheduledFutureTask.run(ScheduledThreadPoolExecutor.java:305)
	at java.base/java.util.concurrent.ThreadPoolExecutor.runWorker(ThreadPoolExecutor.java:1136)
	at java.base/java.util.concurrent.ThreadPoolExecutor$Worker.run(ThreadPoolExecutor.java:635)
	at java.base/java.lang.Thread.run(Thread.java:840)
[2025-11-19 01:38:32.333] ERROR org.alter.game.service.GameService - Error with task NpcCycleTask.
java.util.ConcurrentModificationException: null
	at java.base/java.util.HashMap$HashIterator.remove(HashMap.java:1611)
	at org.alter.game.model.entity.Pawn.timerCycle(Pawn.kt:260)
	at org.alter.game.model.entity.Npc.cycle(Npc.kt:155)
	at org.alter.game.task.NpcCycleTask.execute$lambda$0(NpcCycleTask.kt:19)
	at org.alter.game.model.PawnList.forEach(PawnList.kt:35)
	at org.alter.game.task.NpcCycleTask.execute(NpcCycleTask.kt:17)
	at org.alter.game.service.GameService.cycle(GameService.kt:192)
	at java.base/java.util.concurrent.Executors$RunnableAdapter.call(Executors.java:539)
	at java.base/java.util.concurrent.FutureTask.runAndReset(FutureTask.java:305)
	at java.base/java.util.concurrent.ScheduledThreadPoolExecutor$ScheduledFutureTask.run(ScheduledThreadPoolExecutor.java:305)
	at java.base/java.util.concurrent.ThreadPoolExecutor.runWorker(ThreadPoolExecutor.java:1136)
	at java.base/java.util.concurrent.ThreadPoolExecutor$Worker.run(ThreadPoolExecutor.java:635)
	at java.base/java.lang.Thread.run(Thread.java:840)
[2025-11-19 01:38:32.936] ERROR org.alter.game.service.GameService - Error with task NpcCycleTask.
java.util.ConcurrentModificationException: null
	at java.base/java.util.HashMap$HashIterator.remove(HashMap.java:1611)
	at org.alter.game.model.entity.Pawn.timerCycle(Pawn.kt:260)
	at org.alter.game.model.entity.Npc.cycle(Npc.kt:155)
	at org.alter.game.task.NpcCycleTask.execute$lambda$0(NpcCycleTask.kt:19)
	at org.alter.game.model.PawnList.forEach(PawnList.kt:35)
	at org.alter.game.task.NpcCycleTask.execute(NpcCycleTask.kt:17)
	at org.alter.game.service.GameService.cycle(GameService.kt:192)
	at java.base/java.util.concurrent.Executors$RunnableAdapter.call(Executors.java:539)
	at java.base/java.util.concurrent.FutureTask.runAndReset(FutureTask.java:305)
	at java.base/java.util.concurrent.ScheduledThreadPoolExecutor$ScheduledFutureTask.run(ScheduledThreadPoolExecutor.java:305)
	at java.base/java.util.concurrent.ThreadPoolExecutor.runWorker(ThreadPoolExecutor.java:1136)
	at java.base/java.util.concurrent.ThreadPoolExecutor$Worker.run(ThreadPoolExecutor.java:635)
	at java.base/java.lang.Thread.run(Thread.java:840)
[2025-11-19 01:38:33.540] ERROR org.alter.game.service.GameService - Error with task NpcCycleTask.
java.util.ConcurrentModificationException: null
	at java.base/java.util.HashMap$HashIterator.remove(HashMap.java:1611)
	at org.alter.game.model.entity.Pawn.timerCycle(Pawn.kt:260)
	at org.alter.game.model.entity.Npc.cycle(Npc.kt:155)
	at org.alter.game.task.NpcCycleTask.execute$lambda$0(NpcCycleTask.kt:19)
	at org.alter.game.model.PawnList.forEach(PawnList.kt:35)
	at org.alter.game.task.NpcCycleTask.execute(NpcCycleTask.kt:17)
	at org.alter.game.service.GameService.cycle(GameService.kt:192)
	at java.base/java.util.concurrent.Executors$RunnableAdapter.call(Executors.java:539)
	at java.base/java.util.concurrent.FutureTask.runAndReset(FutureTask.java:305)
	at java.base/java.util.concurrent.ScheduledThreadPoolExecutor$ScheduledFutureTask.run(ScheduledThreadPoolExecutor.java:305)
	at java.base/java.util.concurrent.ThreadPoolExecutor.runWorker(ThreadPoolExecutor.java:1136)
	at java.base/java.util.concurrent.ThreadPoolExecutor$Worker.run(ThreadPoolExecutor.java:635)
	at java.base/java.lang.Thread.run(Thread.java:840)
[2025-11-19 01:38:34.133] ERROR org.alter.game.service.GameService - Error with task NpcCycleTask.
java.util.ConcurrentModificationException: null
	at java.base/java.util.HashMap$HashIterator.remove(HashMap.java:1611)
	at org.alter.game.model.entity.Pawn.timerCycle(Pawn.kt:260)
	at org.alter.game.model.entity.Npc.cycle(Npc.kt:155)
	at org.alter.game.task.NpcCycleTask.execute$lambda$0(NpcCycleTask.kt:19)
	at org.alter.game.model.PawnList.forEach(PawnList.kt:35)
	at org.alter.game.task.NpcCycleTask.execute(NpcCycleTask.kt:17)
	at org.alter.game.service.GameService.cycle(GameService.kt:192)
	at java.base/java.util.concurrent.Executors$RunnableAdapter.call(Executors.java:539)
	at java.base/java.util.concurrent.FutureTask.runAndReset(FutureTask.java:305)
	at java.base/java.util.concurrent.ScheduledThreadPoolExecutor$ScheduledFutureTask.run(ScheduledThreadPoolExecutor.java:305)
	at java.base/java.util.concurrent.ThreadPoolExecutor.runWorker(ThreadPoolExecutor.java:1136)
	at java.base/java.util.concurrent.ThreadPoolExecutor$Worker.run(ThreadPoolExecutor.java:635)
	at java.base/java.lang.Thread.run(Thread.java:840)
[2025-11-19 01:39:07.138] ERROR org.alter.game.service.GameService - Error with task PlayerCycleTask.
java.util.ConcurrentModificationException: null
	at java.base/java.util.HashMap$HashIterator.remove(HashMap.java:1611)
	at org.alter.game.model.entity.Pawn.timerCycle(Pawn.kt:260)
	at org.alter.game.model.entity.Player.cycle(Player.kt:346)
	at org.alter.game.task.PlayerCycleTask.execute$lambda$2(PlayerCycleTask.kt:24)
	at org.alter.game.model.PawnList.forEach(PawnList.kt:35)
	at org.alter.game.task.PlayerCycleTask.execute(PlayerCycleTask.kt:17)
	at org.alter.game.service.GameService.cycle(GameService.kt:192)
	at java.base/java.util.concurrent.Executors$RunnableAdapter.call(Executors.java:539)
	at java.base/java.util.concurrent.FutureTask.runAndReset(FutureTask.java:305)
	at java.base/java.util.concurrent.ScheduledThreadPoolExecutor$ScheduledFutureTask.run(ScheduledThreadPoolExecutor.java:305)
	at java.base/java.util.concurrent.ThreadPoolExecutor.runWorker(ThreadPoolExecutor.java:1136)
	at java.base/java.util.concurrent.ThreadPoolExecutor$Worker.run(ThreadPoolExecutor.java:635)
	at java.base/java.lang.Thread.run(Thread.java:840)
[2025-11-19 01:39:20.931] ERROR org.alter.game.service.GameService - Error with task NpcCycleTask.
java.util.ConcurrentModificationException: null
	at java.base/java.util.HashMap$HashIterator.remove(HashMap.java:1611)
	at org.alter.game.model.entity.Pawn.timerCycle(Pawn.kt:260)
	at org.alter.game.model.entity.Npc.cycle(Npc.kt:155)
	at org.alter.game.task.NpcCycleTask.execute$lambda$0(NpcCycleTask.kt:19)
	at org.alter.game.model.PawnList.forEach(PawnList.kt:35)
	at org.alter.game.task.NpcCycleTask.execute(NpcCycleTask.kt:17)
	at org.alter.game.service.GameService.cycle(GameService.kt:192)
	at java.base/java.util.concurrent.Executors$RunnableAdapter.call(Executors.java:539)
	at java.base/java.util.concurrent.FutureTask.runAndReset(FutureTask.java:305)
	at java.base/java.util.concurrent.ScheduledThreadPoolExecutor$ScheduledFutureTask.run(ScheduledThreadPoolExecutor.java:305)
	at java.base/java.util.concurrent.ThreadPoolExecutor.runWorker(ThreadPoolExecutor.java:1136)
	at java.base/java.util.concurrent.ThreadPoolExecutor$Worker.run(ThreadPoolExecutor.java:635)
	at java.base/java.lang.Thread.run(Thread.java:840)
[2025-11-19 01:39:21.538] ERROR org.alter.game.service.GameService - Error with task NpcCycleTask.
java.util.ConcurrentModificationException: null
	at java.base/java.util.HashMap$HashIterator.remove(HashMap.java:1611)
	at org.alter.game.model.entity.Pawn.timerCycle(Pawn.kt:260)
	at org.alter.game.model.entity.Npc.cycle(Npc.kt:155)
	at org.alter.game.task.NpcCycleTask.execute$lambda$0(NpcCycleTask.kt:19)
	at org.alter.game.model.PawnList.forEach(PawnList.kt:35)
	at org.alter.game.task.NpcCycleTask.execute(NpcCycleTask.kt:17)
	at org.alter.game.service.GameService.cycle(GameService.kt:192)
	at java.base/java.util.concurrent.Executors$RunnableAdapter.call(Executors.java:539)
	at java.base/java.util.concurrent.FutureTask.runAndReset(FutureTask.java:305)
	at java.base/java.util.concurrent.ScheduledThreadPoolExecutor$ScheduledFutureTask.run(ScheduledThreadPoolExecutor.java:305)
	at java.base/java.util.concurrent.ThreadPoolExecutor.runWorker(ThreadPoolExecutor.java:1136)
	at java.base/java.util.concurrent.ThreadPoolExecutor$Worker.run(ThreadPoolExecutor.java:635)
	at java.base/java.lang.Thread.run(Thread.java:840)
[2025-11-19 01:40:01.735] ERROR org.alter.game.service.GameService - Error with task NpcCycleTask.
java.util.ConcurrentModificationException: null
	at java.base/java.util.HashMap$HashIterator.remove(HashMap.java:1611)
	at org.alter.game.model.entity.Pawn.timerCycle(Pawn.kt:260)
	at org.alter.game.model.entity.Npc.cycle(Npc.kt:155)
	at org.alter.game.task.NpcCycleTask.execute$lambda$0(NpcCycleTask.kt:19)
	at org.alter.game.model.PawnList.forEach(PawnList.kt:35)
	at org.alter.game.task.NpcCycleTask.execute(NpcCycleTask.kt:17)
	at org.alter.game.service.GameService.cycle(GameService.kt:192)
	at java.base/java.util.concurrent.Executors$RunnableAdapter.call(Executors.java:539)
	at java.base/java.util.concurrent.FutureTask.runAndReset(FutureTask.java:305)
	at java.base/java.util.concurrent.ScheduledThreadPoolExecutor$ScheduledFutureTask.run(ScheduledThreadPoolExecutor.java:305)
	at java.base/java.util.concurrent.ThreadPoolExecutor.runWorker(ThreadPoolExecutor.java:1136)
	at java.base/java.util.concurrent.ThreadPoolExecutor$Worker.run(ThreadPoolExecutor.java:635)
	at java.base/java.lang.Thread.run(Thread.java:840)
[2025-11-19 01:40:25.131] ERROR org.alter.game.service.GameService - Error with task NpcCycleTask.
java.util.ConcurrentModificationException: null
	at java.base/java.util.HashMap$HashIterator.remove(HashMap.java:1611)
	at org.alter.game.model.entity.Pawn.timerCycle(Pawn.kt:260)
	at org.alter.game.model.entity.Npc.cycle(Npc.kt:155)
	at org.alter.game.task.NpcCycleTask.execute$lambda$0(NpcCycleTask.kt:19)
	at org.alter.game.model.PawnList.forEach(PawnList.kt:35)
	at org.alter.game.task.NpcCycleTask.execute(NpcCycleTask.kt:17)
	at org.alter.game.service.GameService.cycle(GameService.kt:192)
	at java.base/java.util.concurrent.Executors$RunnableAdapter.call(Executors.java:539)
	at java.base/java.util.concurrent.FutureTask.runAndReset(FutureTask.java:305)
	at java.base/java.util.concurrent.ScheduledThreadPoolExecutor$ScheduledFutureTask.run(ScheduledThreadPoolExecutor.java:305)
	at java.base/java.util.concurrent.ThreadPoolExecutor.runWorker(ThreadPoolExecutor.java:1136)
	at java.base/java.util.concurrent.ThreadPoolExecutor$Worker.run(ThreadPoolExecutor.java:635)
	at java.base/java.lang.Thread.run(Thread.java:840)
[2025-11-19 01:40:54.534] ERROR org.alter.game.service.GameService - Error with task NpcCycleTask.
java.util.ConcurrentModificationException: null
	at java.base/java.util.HashMap$HashIterator.remove(HashMap.java:1611)
	at org.alter.game.model.entity.Pawn.timerCycle(Pawn.kt:260)
	at org.alter.game.model.entity.Npc.cycle(Npc.kt:155)
	at org.alter.game.task.NpcCycleTask.execute$lambda$0(NpcCycleTask.kt:19)
	at org.alter.game.model.PawnList.forEach(PawnList.kt:35)
	at org.alter.game.task.NpcCycleTask.execute(NpcCycleTask.kt:17)
	at org.alter.game.service.GameService.cycle(GameService.kt:192)
	at java.base/java.util.concurrent.Executors$RunnableAdapter.call(Executors.java:539)
	at java.base/java.util.concurrent.FutureTask.runAndReset(FutureTask.java:305)
	at java.base/java.util.concurrent.ScheduledThreadPoolExecutor$ScheduledFutureTask.run(ScheduledThreadPoolExecutor.java:305)
	at java.base/java.util.concurrent.ThreadPoolExecutor.runWorker(ThreadPoolExecutor.java:1136)
	at java.base/java.util.concurrent.ThreadPoolExecutor$Worker.run(ThreadPoolExecutor.java:635)
	at java.base/java.lang.Thread.run(Thread.java:840)
[2025-11-19 01:41:05.944] ERROR org.alter.game.service.GameService - Error with task NpcCycleTask.
java.util.ConcurrentModificationException: null
	at java.base/java.util.HashMap$HashIterator.remove(HashMap.java:1611)
	at org.alter.game.model.entity.Pawn.timerCycle(Pawn.kt:260)
	at org.alter.game.model.entity.Npc.cycle(Npc.kt:155)
	at org.alter.game.task.NpcCycleTask.execute$lambda$0(NpcCycleTask.kt:19)
	at org.alter.game.model.PawnList.forEach(PawnList.kt:35)
	at org.alter.game.task.NpcCycleTask.execute(NpcCycleTask.kt:17)
	at org.alter.game.service.GameService.cycle(GameService.kt:192)
	at java.base/java.util.concurrent.Executors$RunnableAdapter.call(Executors.java:539)
	at java.base/java.util.concurrent.FutureTask.runAndReset(FutureTask.java:305)
	at java.base/java.util.concurrent.ScheduledThreadPoolExecutor$ScheduledFutureTask.run(ScheduledThreadPoolExecutor.java:305)
	at java.base/java.util.concurrent.ThreadPoolExecutor.runWorker(ThreadPoolExecutor.java:1136)
	at java.base/java.util.concurrent.ThreadPoolExecutor$Worker.run(ThreadPoolExecutor.java:635)
	at java.base/java.lang.Thread.run(Thread.java:840)
[2025-11-19 01:41:13.129] ERROR org.alter.game.service.GameService - Error with task NpcCycleTask.
java.util.ConcurrentModificationException: null
	at java.base/java.util.HashMap$HashIterator.remove(HashMap.java:1611)
	at org.alter.game.model.entity.Pawn.timerCycle(Pawn.kt:260)
	at org.alter.game.model.entity.Npc.cycle(Npc.kt:155)
	at org.alter.game.task.NpcCycleTask.execute$lambda$0(NpcCycleTask.kt:19)
	at org.alter.game.model.PawnList.forEach(PawnList.kt:35)
	at org.alter.game.task.NpcCycleTask.execute(NpcCycleTask.kt:17)
	at org.alter.game.service.GameService.cycle(GameService.kt:192)
	at java.base/java.util.concurrent.Executors$RunnableAdapter.call(Executors.java:539)
	at java.base/java.util.concurrent.FutureTask.runAndReset(FutureTask.java:305)
	at java.base/java.util.concurrent.ScheduledThreadPoolExecutor$ScheduledFutureTask.run(ScheduledThreadPoolExecutor.java:305)
	at java.base/java.util.concurrent.ThreadPoolExecutor.runWorker(ThreadPoolExecutor.java:1136)
	at java.base/java.util.concurrent.ThreadPoolExecutor$Worker.run(ThreadPoolExecutor.java:635)
	at java.base/java.lang.Thread.run(Thread.java:840)
[2025-11-19 01:41:39.536] ERROR org.alter.game.service.GameService - Error with task PlayerCycleTask.
java.util.ConcurrentModificationException: null
	at java.base/java.util.HashMap$HashIterator.remove(HashMap.java:1611)
	at org.alter.game.model.entity.Pawn.timerCycle(Pawn.kt:260)
	at org.alter.game.model.entity.Player.cycle(Player.kt:346)
	at org.alter.game.task.PlayerCycleTask.execute$lambda$2(PlayerCycleTask.kt:24)
	at org.alter.game.model.PawnList.forEach(PawnList.kt:35)
	at org.alter.game.task.PlayerCycleTask.execute(PlayerCycleTask.kt:17)
	at org.alter.game.service.GameService.cycle(GameService.kt:192)
	at java.base/java.util.concurrent.Executors$RunnableAdapter.call(Executors.java:539)
	at java.base/java.util.concurrent.FutureTask.runAndReset(FutureTask.java:305)
	at java.base/java.util.concurrent.ScheduledThreadPoolExecutor$ScheduledFutureTask.run(ScheduledThreadPoolExecutor.java:305)
	at java.base/java.util.concurrent.ThreadPoolExecutor.runWorker(ThreadPoolExecutor.java:1136)
	at java.base/java.util.concurrent.ThreadPoolExecutor$Worker.run(ThreadPoolExecutor.java:635)
	at java.base/java.lang.Thread.run(Thread.java:840)
[2025-11-19 01:41:58.746] ERROR org.alter.game.service.GameService - Error with task PlayerCycleTask.
java.util.ConcurrentModificationException: null
	at java.base/java.util.HashMap$HashIterator.remove(HashMap.java:1611)
	at org.alter.game.model.entity.Pawn.timerCycle(Pawn.kt:260)
	at org.alter.game.model.entity.Player.cycle(Player.kt:346)
	at org.alter.game.task.PlayerCycleTask.execute$lambda$2(PlayerCycleTask.kt:24)
	at org.alter.game.model.PawnList.forEach(PawnList.kt:35)
	at org.alter.game.task.PlayerCycleTask.execute(PlayerCycleTask.kt:17)
	at org.alter.game.service.GameService.cycle(GameService.kt:192)
	at java.base/java.util.concurrent.Executors$RunnableAdapter.call(Executors.java:539)
	at java.base/java.util.concurrent.FutureTask.runAndReset(FutureTask.java:305)
	at java.base/java.util.concurrent.ScheduledThreadPoolExecutor$ScheduledFutureTask.run(ScheduledThreadPoolExecutor.java:305)
	at java.base/java.util.concurrent.ThreadPoolExecutor.runWorker(ThreadPoolExecutor.java:1136)
	at java.base/java.util.concurrent.ThreadPoolExecutor$Worker.run(ThreadPoolExecutor.java:635)
	at java.base/java.lang.Thread.run(Thread.java:840)
[2025-11-19 01:42:04.737] ERROR org.alter.game.service.GameService - Error with task NpcCycleTask.
java.util.ConcurrentModificationException: null
	at java.base/java.util.HashMap$HashIterator.remove(HashMap.java:1611)
	at org.alter.game.model.entity.Pawn.timerCycle(Pawn.kt:260)
	at org.alter.game.model.entity.Npc.cycle(Npc.kt:155)
	at org.alter.game.task.NpcCycleTask.execute$lambda$0(NpcCycleTask.kt:19)
	at org.alter.game.model.PawnList.forEach(PawnList.kt:35)
	at org.alter.game.task.NpcCycleTask.execute(NpcCycleTask.kt:17)
	at org.alter.game.service.GameService.cycle(GameService.kt:192)
	at java.base/java.util.concurrent.Executors$RunnableAdapter.call(Executors.java:539)
	at java.base/java.util.concurrent.FutureTask.runAndReset(FutureTask.java:305)
	at java.base/java.util.concurrent.ScheduledThreadPoolExecutor$ScheduledFutureTask.run(ScheduledThreadPoolExecutor.java:305)
	at java.base/java.util.concurrent.ThreadPoolExecutor.runWorker(ThreadPoolExecutor.java:1136)
	at java.base/java.util.concurrent.ThreadPoolExecutor$Worker.run(ThreadPoolExecutor.java:635)
	at java.base/java.lang.Thread.run(Thread.java:840)
[2025-11-19 01:42:05.326] ERROR org.alter.game.service.GameService - Error with task NpcCycleTask.
java.util.ConcurrentModificationException: null
	at java.base/java.util.HashMap$HashIterator.remove(HashMap.java:1611)
	at org.alter.game.model.entity.Pawn.timerCycle(Pawn.kt:260)
	at org.alter.game.model.entity.Npc.cycle(Npc.kt:155)
	at org.alter.game.task.NpcCycleTask.execute$lambda$0(NpcCycleTask.kt:19)
	at org.alter.game.model.PawnList.forEach(PawnList.kt:35)
	at org.alter.game.task.NpcCycleTask.execute(NpcCycleTask.kt:17)
	at org.alter.game.service.GameService.cycle(GameService.kt:192)
	at java.base/java.util.concurrent.Executors$RunnableAdapter.call(Executors.java:539)
	at java.base/java.util.concurrent.FutureTask.runAndReset(FutureTask.java:305)
	at java.base/java.util.concurrent.ScheduledThreadPoolExecutor$ScheduledFutureTask.run(ScheduledThreadPoolExecutor.java:305)
	at java.base/java.util.concurrent.ThreadPoolExecutor.runWorker(ThreadPoolExecutor.java:1136)
	at java.base/java.util.concurrent.ThreadPoolExecutor$Worker.run(ThreadPoolExecutor.java:635)
	at java.base/java.lang.Thread.run(Thread.java:840)
[2025-11-19 01:42:17.336] ERROR org.alter.game.service.GameService - Error with task NpcCycleTask.
java.util.ConcurrentModificationException: null
	at java.base/java.util.HashMap$HashIterator.remove(HashMap.java:1611)
	at org.alter.game.model.entity.Pawn.timerCycle(Pawn.kt:260)
	at org.alter.game.model.entity.Npc.cycle(Npc.kt:155)
	at org.alter.game.task.NpcCycleTask.execute$lambda$0(NpcCycleTask.kt:19)
	at org.alter.game.model.PawnList.forEach(PawnList.kt:35)
	at org.alter.game.task.NpcCycleTask.execute(NpcCycleTask.kt:17)
	at org.alter.game.service.GameService.cycle(GameService.kt:192)
	at java.base/java.util.concurrent.Executors$RunnableAdapter.call(Executors.java:539)
	at java.base/java.util.concurrent.FutureTask.runAndReset(FutureTask.java:305)
	at java.base/java.util.concurrent.ScheduledThreadPoolExecutor$ScheduledFutureTask.run(ScheduledThreadPoolExecutor.java:305)
	at java.base/java.util.concurrent.ThreadPoolExecutor.runWorker(ThreadPoolExecutor.java:1136)
	at java.base/java.util.concurrent.ThreadPoolExecutor$Worker.run(ThreadPoolExecutor.java:635)
	at java.base/java.lang.Thread.run(Thread.java:840)
[2025-11-19 01:42:17.931] ERROR org.alter.game.service.GameService - Error with task NpcCycleTask.
java.util.ConcurrentModificationException: null
	at java.base/java.util.HashMap$HashIterator.remove(HashMap.java:1611)
	at org.alter.game.model.entity.Pawn.timerCycle(Pawn.kt:260)
	at org.alter.game.model.entity.Npc.cycle(Npc.kt:155)
	at org.alter.game.task.NpcCycleTask.execute$lambda$0(NpcCycleTask.kt:19)
	at org.alter.game.model.PawnList.forEach(PawnList.kt:35)
	at org.alter.game.task.NpcCycleTask.execute(NpcCycleTask.kt:17)
	at org.alter.game.service.GameService.cycle(GameService.kt:192)
	at java.base/java.util.concurrent.Executors$RunnableAdapter.call(Executors.java:539)
	at java.base/java.util.concurrent.FutureTask.runAndReset(FutureTask.java:305)
	at java.base/java.util.concurrent.ScheduledThreadPoolExecutor$ScheduledFutureTask.run(ScheduledThreadPoolExecutor.java:305)
	at java.base/java.util.concurrent.ThreadPoolExecutor.runWorker(ThreadPoolExecutor.java:1136)
	at java.base/java.util.concurrent.ThreadPoolExecutor$Worker.run(ThreadPoolExecutor.java:635)
	at java.base/java.lang.Thread.run(Thread.java:840)
[2025-11-19 01:43:38.817] ERROR o.alter.game.plugin.PluginRepository - Npc is already bound to a plugin: 2883 [opt=3]
[2025-11-19 01:44:21.502] ERROR org.alter.game.service.GameService - Error with task PlayerCycleTask.
java.util.ConcurrentModificationException: null
	at java.base/java.util.HashMap$HashIterator.remove(HashMap.java:1611)
	at org.alter.game.model.entity.Pawn.timerCycle(Pawn.kt:260)
	at org.alter.game.model.entity.Player.cycle(Player.kt:346)
	at org.alter.game.task.PlayerCycleTask.execute$lambda$2(PlayerCycleTask.kt:24)
	at org.alter.game.model.PawnList.forEach(PawnList.kt:35)
	at org.alter.game.task.PlayerCycleTask.execute(PlayerCycleTask.kt:17)
	at org.alter.game.service.GameService.cycle(GameService.kt:192)
	at java.base/java.util.concurrent.Executors$RunnableAdapter.call(Executors.java:539)
	at java.base/java.util.concurrent.FutureTask.runAndReset(FutureTask.java:305)
	at java.base/java.util.concurrent.ScheduledThreadPoolExecutor$ScheduledFutureTask.run(ScheduledThreadPoolExecutor.java:305)
	at java.base/java.util.concurrent.ThreadPoolExecutor.runWorker(ThreadPoolExecutor.java:1136)
	at java.base/java.util.concurrent.ThreadPoolExecutor$Worker.run(ThreadPoolExecutor.java:635)
	at java.base/java.lang.Thread.run(Thread.java:840)
[2025-11-19 01:44:58.693] ERROR org.alter.game.service.GameService - Error with task PlayerCycleTask.
java.util.ConcurrentModificationException: null
	at java.base/java.util.HashMap$HashIterator.nextNode(HashMap.java:1597)
	at java.base/java.util.HashMap$EntryIterator.next(HashMap.java:1630)
	at java.base/java.util.HashMap$EntryIterator.next(HashMap.java:1628)
	at org.alter.game.model.entity.Pawn.timerCycle(Pawn.kt:246)
	at org.alter.game.model.entity.Player.cycle(Player.kt:346)
	at org.alter.game.task.PlayerCycleTask.execute$lambda$2(PlayerCycleTask.kt:24)
	at org.alter.game.model.PawnList.forEach(PawnList.kt:35)
	at org.alter.game.task.PlayerCycleTask.execute(PlayerCycleTask.kt:17)
	at org.alter.game.service.GameService.cycle(GameService.kt:192)
	at java.base/java.util.concurrent.Executors$RunnableAdapter.call(Executors.java:539)
	at java.base/java.util.concurrent.FutureTask.runAndReset(FutureTask.java:305)
	at java.base/java.util.concurrent.ScheduledThreadPoolExecutor$ScheduledFutureTask.run(ScheduledThreadPoolExecutor.java:305)
	at java.base/java.util.concurrent.ThreadPoolExecutor.runWorker(ThreadPoolExecutor.java:1136)
	at java.base/java.util.concurrent.ThreadPoolExecutor$Worker.run(ThreadPoolExecutor.java:635)
	at java.base/java.lang.Thread.run(Thread.java:840)
[2025-11-19 01:45:59.299] ERROR org.alter.game.service.GameService - Error with task NpcCycleTask.
java.util.ConcurrentModificationException: null
	at java.base/java.util.HashMap$HashIterator.remove(HashMap.java:1611)
	at org.alter.game.model.entity.Pawn.timerCycle(Pawn.kt:260)
	at org.alter.game.model.entity.Npc.cycle(Npc.kt:155)
	at org.alter.game.task.NpcCycleTask.execute$lambda$0(NpcCycleTask.kt:19)
	at org.alter.game.model.PawnList.forEach(PawnList.kt:35)
	at org.alter.game.task.NpcCycleTask.execute(NpcCycleTask.kt:17)
	at org.alter.game.service.GameService.cycle(GameService.kt:192)
	at java.base/java.util.concurrent.Executors$RunnableAdapter.call(Executors.java:539)
	at java.base/java.util.concurrent.FutureTask.runAndReset(FutureTask.java:305)
	at java.base/java.util.concurrent.ScheduledThreadPoolExecutor$ScheduledFutureTask.run(ScheduledThreadPoolExecutor.java:305)
	at java.base/java.util.concurrent.ThreadPoolExecutor.runWorker(ThreadPoolExecutor.java:1136)
	at java.base/java.util.concurrent.ThreadPoolExecutor$Worker.run(ThreadPoolExecutor.java:635)
	at java.base/java.lang.Thread.run(Thread.java:840)
[2025-11-19 01:46:44.888] ERROR org.alter.game.service.GameService - Error with task NpcCycleTask.
java.util.ConcurrentModificationException: null
	at java.base/java.util.HashMap$HashIterator.remove(HashMap.java:1611)
	at org.alter.game.model.entity.Pawn.timerCycle(Pawn.kt:260)
	at org.alter.game.model.entity.Npc.cycle(Npc.kt:155)
	at org.alter.game.task.NpcCycleTask.execute$lambda$0(NpcCycleTask.kt:19)
	at org.alter.game.model.PawnList.forEach(PawnList.kt:35)
	at org.alter.game.task.NpcCycleTask.execute(NpcCycleTask.kt:17)
	at org.alter.game.service.GameService.cycle(GameService.kt:192)
	at java.base/java.util.concurrent.Executors$RunnableAdapter.call(Executors.java:539)
	at java.base/java.util.concurrent.FutureTask.runAndReset(FutureTask.java:305)
	at java.base/java.util.concurrent.ScheduledThreadPoolExecutor$ScheduledFutureTask.run(ScheduledThreadPoolExecutor.java:305)
	at java.base/java.util.concurrent.ThreadPoolExecutor.runWorker(ThreadPoolExecutor.java:1136)
	at java.base/java.util.concurrent.ThreadPoolExecutor$Worker.run(ThreadPoolExecutor.java:635)
	at java.base/java.lang.Thread.run(Thread.java:840)
[2025-11-19 01:46:56.287] ERROR org.alter.game.service.GameService - Error with task NpcCycleTask.
java.util.ConcurrentModificationException: null
	at java.base/java.util.HashMap$HashIterator.remove(HashMap.java:1611)
	at org.alter.game.model.entity.Pawn.timerCycle(Pawn.kt:260)
	at org.alter.game.model.entity.Npc.cycle(Npc.kt:155)
	at org.alter.game.task.NpcCycleTask.execute$lambda$0(NpcCycleTask.kt:19)
	at org.alter.game.model.PawnList.forEach(PawnList.kt:35)
	at org.alter.game.task.NpcCycleTask.execute(NpcCycleTask.kt:17)
	at org.alter.game.service.GameService.cycle(GameService.kt:192)
	at java.base/java.util.concurrent.Executors$RunnableAdapter.call(Executors.java:539)
	at java.base/java.util.concurrent.FutureTask.runAndReset(FutureTask.java:305)
	at java.base/java.util.concurrent.ScheduledThreadPoolExecutor$ScheduledFutureTask.run(ScheduledThreadPoolExecutor.java:305)
	at java.base/java.util.concurrent.ThreadPoolExecutor.runWorker(ThreadPoolExecutor.java:1136)
	at java.base/java.util.concurrent.ThreadPoolExecutor$Worker.run(ThreadPoolExecutor.java:635)
	at java.base/java.lang.Thread.run(Thread.java:840)
[2025-11-19 01:46:58.095] ERROR org.alter.game.service.GameService - Error with task NpcCycleTask.
java.util.ConcurrentModificationException: null
	at java.base/java.util.HashMap$HashIterator.remove(HashMap.java:1611)
	at org.alter.game.model.entity.Pawn.timerCycle(Pawn.kt:260)
	at org.alter.game.model.entity.Npc.cycle(Npc.kt:155)
	at org.alter.game.task.NpcCycleTask.execute$lambda$0(NpcCycleTask.kt:19)
	at org.alter.game.model.PawnList.forEach(PawnList.kt:35)
	at org.alter.game.task.NpcCycleTask.execute(NpcCycleTask.kt:17)
	at org.alter.game.service.GameService.cycle(GameService.kt:192)
	at java.base/java.util.concurrent.Executors$RunnableAdapter.call(Executors.java:539)
	at java.base/java.util.concurrent.FutureTask.runAndReset(FutureTask.java:305)
	at java.base/java.util.concurrent.ScheduledThreadPoolExecutor$ScheduledFutureTask.run(ScheduledThreadPoolExecutor.java:305)
	at java.base/java.util.concurrent.ThreadPoolExecutor.runWorker(ThreadPoolExecutor.java:1136)
	at java.base/java.util.concurrent.ThreadPoolExecutor$Worker.run(ThreadPoolExecutor.java:635)
	at java.base/java.lang.Thread.run(Thread.java:840)
[2025-11-19 01:47:42.498] ERROR org.alter.game.service.GameService - Error with task NpcCycleTask.
java.util.ConcurrentModificationException: null
	at java.base/java.util.HashMap$HashIterator.remove(HashMap.java:1611)
	at org.alter.game.model.entity.Pawn.timerCycle(Pawn.kt:260)
	at org.alter.game.model.entity.Npc.cycle(Npc.kt:155)
	at org.alter.game.task.NpcCycleTask.execute$lambda$0(NpcCycleTask.kt:19)
	at org.alter.game.model.PawnList.forEach(PawnList.kt:35)
	at org.alter.game.task.NpcCycleTask.execute(NpcCycleTask.kt:17)
	at org.alter.game.service.GameService.cycle(GameService.kt:192)
	at java.base/java.util.concurrent.Executors$RunnableAdapter.call(Executors.java:539)
	at java.base/java.util.concurrent.FutureTask.runAndReset(FutureTask.java:305)
	at java.base/java.util.concurrent.ScheduledThreadPoolExecutor$ScheduledFutureTask.run(ScheduledThreadPoolExecutor.java:305)
	at java.base/java.util.concurrent.ThreadPoolExecutor.runWorker(ThreadPoolExecutor.java:1136)
	at java.base/java.util.concurrent.ThreadPoolExecutor$Worker.run(ThreadPoolExecutor.java:635)
	at java.base/java.lang.Thread.run(Thread.java:840)
[2025-11-19 01:47:43.102] ERROR org.alter.game.service.GameService - Error with task NpcCycleTask.
java.util.ConcurrentModificationException: null
	at java.base/java.util.HashMap$HashIterator.remove(HashMap.java:1611)
	at org.alter.game.model.entity.Pawn.timerCycle(Pawn.kt:260)
	at org.alter.game.model.entity.Npc.cycle(Npc.kt:155)
	at org.alter.game.task.NpcCycleTask.execute$lambda$0(NpcCycleTask.kt:19)
	at org.alter.game.model.PawnList.forEach(PawnList.kt:35)
	at org.alter.game.task.NpcCycleTask.execute(NpcCycleTask.kt:17)
	at org.alter.game.service.GameService.cycle(GameService.kt:192)
	at java.base/java.util.concurrent.Executors$RunnableAdapter.call(Executors.java:539)
	at java.base/java.util.concurrent.FutureTask.runAndReset(FutureTask.java:305)
	at java.base/java.util.concurrent.ScheduledThreadPoolExecutor$ScheduledFutureTask.run(ScheduledThreadPoolExecutor.java:305)
	at java.base/java.util.concurrent.ThreadPoolExecutor.runWorker(ThreadPoolExecutor.java:1136)
	at java.base/java.util.concurrent.ThreadPoolExecutor$Worker.run(ThreadPoolExecutor.java:635)
	at java.base/java.lang.Thread.run(Thread.java:840)
[2025-11-19 01:47:52.085] ERROR org.alter.game.service.GameService - Error with task NpcCycleTask.
java.util.ConcurrentModificationException: null
	at java.base/java.util.HashMap$HashIterator.remove(HashMap.java:1611)
	at org.alter.game.model.entity.Pawn.timerCycle(Pawn.kt:260)
	at org.alter.game.model.entity.Npc.cycle(Npc.kt:155)
	at org.alter.game.task.NpcCycleTask.execute$lambda$0(NpcCycleTask.kt:19)
	at org.alter.game.model.PawnList.forEach(PawnList.kt:35)
	at org.alter.game.task.NpcCycleTask.execute(NpcCycleTask.kt:17)
	at org.alter.game.service.GameService.cycle(GameService.kt:192)
	at java.base/java.util.concurrent.Executors$RunnableAdapter.call(Executors.java:539)
	at java.base/java.util.concurrent.FutureTask.runAndReset(FutureTask.java:305)
	at java.base/java.util.concurrent.ScheduledThreadPoolExecutor$ScheduledFutureTask.run(ScheduledThreadPoolExecutor.java:305)
	at java.base/java.util.concurrent.ThreadPoolExecutor.runWorker(ThreadPoolExecutor.java:1136)
	at java.base/java.util.concurrent.ThreadPoolExecutor$Worker.run(ThreadPoolExecutor.java:635)
	at java.base/java.lang.Thread.run(Thread.java:840)
[2025-11-19 01:47:56.292] ERROR org.alter.game.service.GameService - Error with task PlayerCycleTask.
java.util.ConcurrentModificationException: null
	at java.base/java.util.HashMap$HashIterator.remove(HashMap.java:1611)
	at org.alter.game.model.entity.Pawn.timerCycle(Pawn.kt:260)
	at org.alter.game.model.entity.Player.cycle(Player.kt:346)
	at org.alter.game.task.PlayerCycleTask.execute$lambda$2(PlayerCycleTask.kt:24)
	at org.alter.game.model.PawnList.forEach(PawnList.kt:35)
	at org.alter.game.task.PlayerCycleTask.execute(PlayerCycleTask.kt:17)
	at org.alter.game.service.GameService.cycle(GameService.kt:192)
	at java.base/java.util.concurrent.Executors$RunnableAdapter.call(Executors.java:539)
	at java.base/java.util.concurrent.FutureTask.runAndReset(FutureTask.java:305)
	at java.base/java.util.concurrent.ScheduledThreadPoolExecutor$ScheduledFutureTask.run(ScheduledThreadPoolExecutor.java:305)
	at java.base/java.util.concurrent.ThreadPoolExecutor.runWorker(ThreadPoolExecutor.java:1136)
	at java.base/java.util.concurrent.ThreadPoolExecutor$Worker.run(ThreadPoolExecutor.java:635)
	at java.base/java.lang.Thread.run(Thread.java:840)
[2025-11-19 01:48:25.092] ERROR org.alter.game.service.GameService - Error with task NpcCycleTask.
java.util.ConcurrentModificationException: null
	at java.base/java.util.HashMap$HashIterator.remove(HashMap.java:1611)
	at org.alter.game.model.entity.Pawn.timerCycle(Pawn.kt:260)
	at org.alter.game.model.entity.Npc.cycle(Npc.kt:155)
	at org.alter.game.task.NpcCycleTask.execute$lambda$0(NpcCycleTask.kt:19)
	at org.alter.game.model.PawnList.forEach(PawnList.kt:35)
	at org.alter.game.task.NpcCycleTask.execute(NpcCycleTask.kt:17)
	at org.alter.game.service.GameService.cycle(GameService.kt:192)
	at java.base/java.util.concurrent.Executors$RunnableAdapter.call(Executors.java:539)
	at java.base/java.util.concurrent.FutureTask.runAndReset(FutureTask.java:305)
	at java.base/java.util.concurrent.ScheduledThreadPoolExecutor$ScheduledFutureTask.run(ScheduledThreadPoolExecutor.java:305)
	at java.base/java.util.concurrent.ThreadPoolExecutor.runWorker(ThreadPoolExecutor.java:1136)
	at java.base/java.util.concurrent.ThreadPoolExecutor$Worker.run(ThreadPoolExecutor.java:635)
	at java.base/java.lang.Thread.run(Thread.java:840)
[2025-11-19 01:48:28.704] ERROR org.alter.game.service.GameService - Error with task PlayerCycleTask.
java.util.ConcurrentModificationException: null
	at java.base/java.util.HashMap$HashIterator.nextNode(HashMap.java:1597)
	at java.base/java.util.HashMap$EntryIterator.next(HashMap.java:1630)
	at java.base/java.util.HashMap$EntryIterator.next(HashMap.java:1628)
	at org.alter.game.model.entity.Pawn.timerCycle(Pawn.kt:246)
	at org.alter.game.model.entity.Player.cycle(Player.kt:346)
	at org.alter.game.task.PlayerCycleTask.execute$lambda$2(PlayerCycleTask.kt:24)
	at org.alter.game.model.PawnList.forEach(PawnList.kt:35)
	at org.alter.game.task.PlayerCycleTask.execute(PlayerCycleTask.kt:17)
	at org.alter.game.service.GameService.cycle(GameService.kt:192)
	at java.base/java.util.concurrent.Executors$RunnableAdapter.call(Executors.java:539)
	at java.base/java.util.concurrent.FutureTask.runAndReset(FutureTask.java:305)
	at java.base/java.util.concurrent.ScheduledThreadPoolExecutor$ScheduledFutureTask.run(ScheduledThreadPoolExecutor.java:305)
	at java.base/java.util.concurrent.ThreadPoolExecutor.runWorker(ThreadPoolExecutor.java:1136)
	at java.base/java.util.concurrent.ThreadPoolExecutor$Worker.run(ThreadPoolExecutor.java:635)
	at java.base/java.lang.Thread.run(Thread.java:840)
[2025-11-19 01:50:44.379] ERROR org.alter.game.service.GameService - Error with task PlayerCycleTask.
java.util.ConcurrentModificationException: null
	at java.base/java.util.HashMap$HashIterator.nextNode(HashMap.java:1597)
	at java.base/java.util.HashMap$EntryIterator.next(HashMap.java:1630)
	at java.base/java.util.HashMap$EntryIterator.next(HashMap.java:1628)
	at org.alter.game.model.entity.Pawn.timerCycle(Pawn.kt:246)
	at org.alter.game.model.entity.Player.cycle(Player.kt:346)
	at org.alter.game.task.PlayerCycleTask.execute$lambda$2(PlayerCycleTask.kt:24)
	at org.alter.game.model.PawnList.forEach(PawnList.kt:35)
	at org.alter.game.task.PlayerCycleTask.execute(PlayerCycleTask.kt:17)
	at org.alter.game.service.GameService.cycle(GameService.kt:192)
	at java.base/java.util.concurrent.Executors$RunnableAdapter.call(Executors.java:539)
	at java.base/java.util.concurrent.FutureTask.runAndReset(FutureTask.java:305)
	at java.base/java.util.concurrent.ScheduledThreadPoolExecutor$ScheduledFutureTask.run(ScheduledThreadPoolExecutor.java:305)
	at java.base/java.util.concurrent.ThreadPoolExecutor.runWorker(ThreadPoolExecutor.java:1136)
	at java.base/java.util.concurrent.ThreadPoolExecutor$Worker.run(ThreadPoolExecutor.java:635)
	at java.base/java.lang.Thread.run(Thread.java:840)
[2025-11-19 01:50:45.570] ERROR org.alter.game.service.GameService - Error with task PlayerCycleTask.
java.util.ConcurrentModificationException: null
	at java.base/java.util.HashMap$HashIterator.remove(HashMap.java:1611)
	at org.alter.game.model.entity.Pawn.timerCycle(Pawn.kt:260)
	at org.alter.game.model.entity.Player.cycle(Player.kt:346)
	at org.alter.game.task.PlayerCycleTask.execute$lambda$2(PlayerCycleTask.kt:24)
	at org.alter.game.model.PawnList.forEach(PawnList.kt:35)
	at org.alter.game.task.PlayerCycleTask.execute(PlayerCycleTask.kt:17)
	at org.alter.game.service.GameService.cycle(GameService.kt:192)
	at java.base/java.util.concurrent.Executors$RunnableAdapter.call(Executors.java:539)
	at java.base/java.util.concurrent.FutureTask.runAndReset(FutureTask.java:305)
	at java.base/java.util.concurrent.ScheduledThreadPoolExecutor$ScheduledFutureTask.run(ScheduledThreadPoolExecutor.java:305)
	at java.base/java.util.concurrent.ThreadPoolExecutor.runWorker(ThreadPoolExecutor.java:1136)
	at java.base/java.util.concurrent.ThreadPoolExecutor$Worker.run(ThreadPoolExecutor.java:635)
	at java.base/java.lang.Thread.run(Thread.java:840)
[2025-11-19 01:50:55.166] ERROR org.alter.game.service.GameService - Error with task PlayerCycleTask.
java.util.ConcurrentModificationException: null
	at java.base/java.util.HashMap$HashIterator.nextNode(HashMap.java:1597)
	at java.base/java.util.HashMap$EntryIterator.next(HashMap.java:1630)
	at java.base/java.util.HashMap$EntryIterator.next(HashMap.java:1628)
	at org.alter.game.model.entity.Pawn.timerCycle(Pawn.kt:246)
	at org.alter.game.model.entity.Player.cycle(Player.kt:346)
	at org.alter.game.task.PlayerCycleTask.execute$lambda$2(PlayerCycleTask.kt:24)
	at org.alter.game.model.PawnList.forEach(PawnList.kt:35)
	at org.alter.game.task.PlayerCycleTask.execute(PlayerCycleTask.kt:17)
	at org.alter.game.service.GameService.cycle(GameService.kt:192)
	at java.base/java.util.concurrent.Executors$RunnableAdapter.call(Executors.java:539)
	at java.base/java.util.concurrent.FutureTask.runAndReset(FutureTask.java:305)
	at java.base/java.util.concurrent.ScheduledThreadPoolExecutor$ScheduledFutureTask.run(ScheduledThreadPoolExecutor.java:305)
	at java.base/java.util.concurrent.ThreadPoolExecutor.runWorker(ThreadPoolExecutor.java:1136)
	at java.base/java.util.concurrent.ThreadPoolExecutor$Worker.run(ThreadPoolExecutor.java:635)
	at java.base/java.lang.Thread.run(Thread.java:840)
[2025-11-19 01:51:34.167] ERROR org.alter.game.service.GameService - Error with task NpcCycleTask.
java.util.ConcurrentModificationException: null
	at java.base/java.util.HashMap$HashIterator.remove(HashMap.java:1611)
	at org.alter.game.model.entity.Pawn.timerCycle(Pawn.kt:260)
	at org.alter.game.model.entity.Npc.cycle(Npc.kt:155)
	at org.alter.game.task.NpcCycleTask.execute$lambda$0(NpcCycleTask.kt:19)
	at org.alter.game.model.PawnList.forEach(PawnList.kt:35)
	at org.alter.game.task.NpcCycleTask.execute(NpcCycleTask.kt:17)
	at org.alter.game.service.GameService.cycle(GameService.kt:192)
	at java.base/java.util.concurrent.Executors$RunnableAdapter.call(Executors.java:539)
	at java.base/java.util.concurrent.FutureTask.runAndReset(FutureTask.java:305)
	at java.base/java.util.concurrent.ScheduledThreadPoolExecutor$ScheduledFutureTask.run(ScheduledThreadPoolExecutor.java:305)
	at java.base/java.util.concurrent.ThreadPoolExecutor.runWorker(ThreadPoolExecutor.java:1136)
	at java.base/java.util.concurrent.ThreadPoolExecutor$Worker.run(ThreadPoolExecutor.java:635)
	at java.base/java.lang.Thread.run(Thread.java:840)
[2025-11-19 01:51:42.552] ERROR org.alter.game.service.GameService - Error with task NpcCycleTask.
java.util.ConcurrentModificationException: null
	at java.base/java.util.HashMap$HashIterator.remove(HashMap.java:1611)
	at org.alter.game.model.entity.Pawn.timerCycle(Pawn.kt:260)
	at org.alter.game.model.entity.Npc.cycle(Npc.kt:155)
	at org.alter.game.task.NpcCycleTask.execute$lambda$0(NpcCycleTask.kt:19)
	at org.alter.game.model.PawnList.forEach(PawnList.kt:35)
	at org.alter.game.task.NpcCycleTask.execute(NpcCycleTask.kt:17)
	at org.alter.game.service.GameService.cycle(GameService.kt:192)
	at java.base/java.util.concurrent.Executors$RunnableAdapter.call(Executors.java:539)
	at java.base/java.util.concurrent.FutureTask.runAndReset(FutureTask.java:305)
	at java.base/java.util.concurrent.ScheduledThreadPoolExecutor$ScheduledFutureTask.run(ScheduledThreadPoolExecutor.java:305)
	at java.base/java.util.concurrent.ThreadPoolExecutor.runWorker(ThreadPoolExecutor.java:1136)
	at java.base/java.util.concurrent.ThreadPoolExecutor$Worker.run(ThreadPoolExecutor.java:635)
	at java.base/java.lang.Thread.run(Thread.java:840)
[2025-11-19 01:51:43.153] ERROR org.alter.game.service.GameService - Error with task NpcCycleTask.
java.util.ConcurrentModificationException: null
	at java.base/java.util.HashMap$HashIterator.remove(HashMap.java:1611)
	at org.alter.game.model.entity.Pawn.timerCycle(Pawn.kt:260)
	at org.alter.game.model.entity.Npc.cycle(Npc.kt:155)
	at org.alter.game.task.NpcCycleTask.execute$lambda$0(NpcCycleTask.kt:19)
	at org.alter.game.model.PawnList.forEach(PawnList.kt:35)
	at org.alter.game.task.NpcCycleTask.execute(NpcCycleTask.kt:17)
	at org.alter.game.service.GameService.cycle(GameService.kt:192)
	at java.base/java.util.concurrent.Executors$RunnableAdapter.call(Executors.java:539)
	at java.base/java.util.concurrent.FutureTask.runAndReset(FutureTask.java:305)
	at java.base/java.util.concurrent.ScheduledThreadPoolExecutor$ScheduledFutureTask.run(ScheduledThreadPoolExecutor.java:305)
	at java.base/java.util.concurrent.ThreadPoolExecutor.runWorker(ThreadPoolExecutor.java:1136)
	at java.base/java.util.concurrent.ThreadPoolExecutor$Worker.run(ThreadPoolExecutor.java:635)
	at java.base/java.lang.Thread.run(Thread.java:840)
[2025-11-19 01:52:34.762] ERROR org.alter.game.service.GameService - Error with task NpcCycleTask.
java.util.ConcurrentModificationException: null
	at java.base/java.util.HashMap$HashIterator.remove(HashMap.java:1611)
	at org.alter.game.model.entity.Pawn.timerCycle(Pawn.kt:260)
	at org.alter.game.model.entity.Npc.cycle(Npc.kt:155)
	at org.alter.game.task.NpcCycleTask.execute$lambda$0(NpcCycleTask.kt:19)
	at org.alter.game.model.PawnList.forEach(PawnList.kt:35)
	at org.alter.game.task.NpcCycleTask.execute(NpcCycleTask.kt:17)
	at org.alter.game.service.GameService.cycle(GameService.kt:192)
	at java.base/java.util.concurrent.Executors$RunnableAdapter.call(Executors.java:539)
	at java.base/java.util.concurrent.FutureTask.runAndReset(FutureTask.java:305)
	at java.base/java.util.concurrent.ScheduledThreadPoolExecutor$ScheduledFutureTask.run(ScheduledThreadPoolExecutor.java:305)
	at java.base/java.util.concurrent.ThreadPoolExecutor.runWorker(ThreadPoolExecutor.java:1136)
	at java.base/java.util.concurrent.ThreadPoolExecutor$Worker.run(ThreadPoolExecutor.java:635)
	at java.base/java.lang.Thread.run(Thread.java:840)
[2025-11-19 01:52:40.763] ERROR org.alter.game.service.GameService - Error with task NpcCycleTask.
java.util.ConcurrentModificationException: null
	at java.base/java.util.HashMap$HashIterator.remove(HashMap.java:1611)
	at org.alter.game.model.entity.Pawn.timerCycle(Pawn.kt:260)
	at org.alter.game.model.entity.Npc.cycle(Npc.kt:155)
	at org.alter.game.task.NpcCycleTask.execute$lambda$0(NpcCycleTask.kt:19)
	at org.alter.game.model.PawnList.forEach(PawnList.kt:35)
	at org.alter.game.task.NpcCycleTask.execute(NpcCycleTask.kt:17)
	at org.alter.game.service.GameService.cycle(GameService.kt:192)
	at java.base/java.util.concurrent.Executors$RunnableAdapter.call(Executors.java:539)
	at java.base/java.util.concurrent.FutureTask.runAndReset(FutureTask.java:305)
	at java.base/java.util.concurrent.ScheduledThreadPoolExecutor$ScheduledFutureTask.run(ScheduledThreadPoolExecutor.java:305)
	at java.base/java.util.concurrent.ThreadPoolExecutor.runWorker(ThreadPoolExecutor.java:1136)
	at java.base/java.util.concurrent.ThreadPoolExecutor$Worker.run(ThreadPoolExecutor.java:635)
	at java.base/java.lang.Thread.run(Thread.java:840)
[2025-11-19 01:53:50.955] ERROR org.alter.game.service.GameService - Error with task NpcCycleTask.
java.util.ConcurrentModificationException: null
	at java.base/java.util.HashMap$HashIterator.remove(HashMap.java:1611)
	at org.alter.game.model.entity.Pawn.timerCycle(Pawn.kt:260)
	at org.alter.game.model.entity.Npc.cycle(Npc.kt:155)
	at org.alter.game.task.NpcCycleTask.execute$lambda$0(NpcCycleTask.kt:19)
	at org.alter.game.model.PawnList.forEach(PawnList.kt:35)
	at org.alter.game.task.NpcCycleTask.execute(NpcCycleTask.kt:17)
	at org.alter.game.service.GameService.cycle(GameService.kt:192)
	at java.base/java.util.concurrent.Executors$RunnableAdapter.call(Executors.java:539)
	at java.base/java.util.concurrent.FutureTask.runAndReset(FutureTask.java:305)
	at java.base/java.util.concurrent.ScheduledThreadPoolExecutor$ScheduledFutureTask.run(ScheduledThreadPoolExecutor.java:305)
	at java.base/java.util.concurrent.ThreadPoolExecutor.runWorker(ThreadPoolExecutor.java:1136)
	at java.base/java.util.concurrent.ThreadPoolExecutor$Worker.run(ThreadPoolExecutor.java:635)
	at java.base/java.lang.Thread.run(Thread.java:840)
[2025-11-19 01:53:51.552] ERROR org.alter.game.service.GameService - Error with task NpcCycleTask.
java.util.ConcurrentModificationException: null
	at java.base/java.util.HashMap$HashIterator.remove(HashMap.java:1611)
	at org.alter.game.model.entity.Pawn.timerCycle(Pawn.kt:260)
	at org.alter.game.model.entity.Npc.cycle(Npc.kt:155)
	at org.alter.game.task.NpcCycleTask.execute$lambda$0(NpcCycleTask.kt:19)
	at org.alter.game.model.PawnList.forEach(PawnList.kt:35)
	at org.alter.game.task.NpcCycleTask.execute(NpcCycleTask.kt:17)
	at org.alter.game.service.GameService.cycle(GameService.kt:192)
	at java.base/java.util.concurrent.Executors$RunnableAdapter.call(Executors.java:539)
	at java.base/java.util.concurrent.FutureTask.runAndReset(FutureTask.java:305)
	at java.base/java.util.concurrent.ScheduledThreadPoolExecutor$ScheduledFutureTask.run(ScheduledThreadPoolExecutor.java:305)
	at java.base/java.util.concurrent.ThreadPoolExecutor.runWorker(ThreadPoolExecutor.java:1136)
	at java.base/java.util.concurrent.ThreadPoolExecutor$Worker.run(ThreadPoolExecutor.java:635)
	at java.base/java.lang.Thread.run(Thread.java:840)
[2025-11-19 01:53:58.758] ERROR org.alter.game.service.GameService - Error with task NpcCycleTask.
java.util.ConcurrentModificationException: null
	at java.base/java.util.HashMap$HashIterator.remove(HashMap.java:1611)
	at org.alter.game.model.entity.Pawn.timerCycle(Pawn.kt:260)
	at org.alter.game.model.entity.Npc.cycle(Npc.kt:155)
	at org.alter.game.task.NpcCycleTask.execute$lambda$0(NpcCycleTask.kt:19)
	at org.alter.game.model.PawnList.forEach(PawnList.kt:35)
	at org.alter.game.task.NpcCycleTask.execute(NpcCycleTask.kt:17)
	at org.alter.game.service.GameService.cycle(GameService.kt:192)
	at java.base/java.util.concurrent.Executors$RunnableAdapter.call(Executors.java:539)
	at java.base/java.util.concurrent.FutureTask.runAndReset(FutureTask.java:305)
	at java.base/java.util.concurrent.ScheduledThreadPoolExecutor$ScheduledFutureTask.run(ScheduledThreadPoolExecutor.java:305)
	at java.base/java.util.concurrent.ThreadPoolExecutor.runWorker(ThreadPoolExecutor.java:1136)
	at java.base/java.util.concurrent.ThreadPoolExecutor$Worker.run(ThreadPoolExecutor.java:635)
	at java.base/java.lang.Thread.run(Thread.java:840)
[2025-11-19 01:54:11.370] ERROR org.alter.game.service.GameService - Error with task PlayerCycleTask.
java.util.ConcurrentModificationException: null
	at java.base/java.util.HashMap$HashIterator.remove(HashMap.java:1611)
	at org.alter.game.model.entity.Pawn.timerCycle(Pawn.kt:260)
	at org.alter.game.model.entity.Player.cycle(Player.kt:346)
	at org.alter.game.task.PlayerCycleTask.execute$lambda$2(PlayerCycleTask.kt:24)
	at org.alter.game.model.PawnList.forEach(PawnList.kt:35)
	at org.alter.game.task.PlayerCycleTask.execute(PlayerCycleTask.kt:17)
	at org.alter.game.service.GameService.cycle(GameService.kt:192)
	at java.base/java.util.concurrent.Executors$RunnableAdapter.call(Executors.java:539)
	at java.base/java.util.concurrent.FutureTask.runAndReset(FutureTask.java:305)
	at java.base/java.util.concurrent.ScheduledThreadPoolExecutor$ScheduledFutureTask.run(ScheduledThreadPoolExecutor.java:305)
	at java.base/java.util.concurrent.ThreadPoolExecutor.runWorker(ThreadPoolExecutor.java:1136)
	at java.base/java.util.concurrent.ThreadPoolExecutor$Worker.run(ThreadPoolExecutor.java:635)
	at java.base/java.lang.Thread.run(Thread.java:840)
[2025-11-19 01:54:22.160] ERROR org.alter.game.service.GameService - Error with task PlayerCycleTask.
java.util.ConcurrentModificationException: null
	at java.base/java.util.HashMap$HashIterator.nextNode(HashMap.java:1597)
	at java.base/java.util.HashMap$EntryIterator.next(HashMap.java:1630)
	at java.base/java.util.HashMap$EntryIterator.next(HashMap.java:1628)
	at org.alter.game.model.entity.Pawn.timerCycle(Pawn.kt:246)
	at org.alter.game.model.entity.Player.cycle(Player.kt:346)
	at org.alter.game.task.PlayerCycleTask.execute$lambda$2(PlayerCycleTask.kt:24)
	at org.alter.game.model.PawnList.forEach(PawnList.kt:35)
	at org.alter.game.task.PlayerCycleTask.execute(PlayerCycleTask.kt:17)
	at org.alter.game.service.GameService.cycle(GameService.kt:192)
	at java.base/java.util.concurrent.Executors$RunnableAdapter.call(Executors.java:539)
	at java.base/java.util.concurrent.FutureTask.runAndReset(FutureTask.java:305)
	at java.base/java.util.concurrent.ScheduledThreadPoolExecutor$ScheduledFutureTask.run(ScheduledThreadPoolExecutor.java:305)
	at java.base/java.util.concurrent.ThreadPoolExecutor.runWorker(ThreadPoolExecutor.java:1136)
	at java.base/java.util.concurrent.ThreadPoolExecutor$Worker.run(ThreadPoolExecutor.java:635)
	at java.base/java.lang.Thread.run(Thread.java:840)
[2025-11-19 01:54:40.758] ERROR org.alter.game.service.GameService - Error with task NpcCycleTask.
java.util.ConcurrentModificationException: null
	at java.base/java.util.HashMap$HashIterator.remove(HashMap.java:1611)
	at org.alter.game.model.entity.Pawn.timerCycle(Pawn.kt:260)
	at org.alter.game.model.entity.Npc.cycle(Npc.kt:155)
	at org.alter.game.task.NpcCycleTask.execute$lambda$0(NpcCycleTask.kt:19)
	at org.alter.game.model.PawnList.forEach(PawnList.kt:35)
	at org.alter.game.task.NpcCycleTask.execute(NpcCycleTask.kt:17)
	at org.alter.game.service.GameService.cycle(GameService.kt:192)
	at java.base/java.util.concurrent.Executors$RunnableAdapter.call(Executors.java:539)
	at java.base/java.util.concurrent.FutureTask.runAndReset(FutureTask.java:305)
	at java.base/java.util.concurrent.ScheduledThreadPoolExecutor$ScheduledFutureTask.run(ScheduledThreadPoolExecutor.java:305)
	at java.base/java.util.concurrent.ThreadPoolExecutor.runWorker(ThreadPoolExecutor.java:1136)
	at java.base/java.util.concurrent.ThreadPoolExecutor$Worker.run(ThreadPoolExecutor.java:635)
	at java.base/java.lang.Thread.run(Thread.java:840)
[2025-11-19 01:54:53.349] ERROR org.alter.game.service.GameService - Error with task NpcCycleTask.
java.util.ConcurrentModificationException: null
	at java.base/java.util.HashMap$HashIterator.remove(HashMap.java:1611)
	at org.alter.game.model.entity.Pawn.timerCycle(Pawn.kt:260)
	at org.alter.game.model.entity.Npc.cycle(Npc.kt:155)
	at org.alter.game.task.NpcCycleTask.execute$lambda$0(NpcCycleTask.kt:19)
	at org.alter.game.model.PawnList.forEach(PawnList.kt:35)
	at org.alter.game.task.NpcCycleTask.execute(NpcCycleTask.kt:17)
	at org.alter.game.service.GameService.cycle(GameService.kt:192)
	at java.base/java.util.concurrent.Executors$RunnableAdapter.call(Executors.java:539)
	at java.base/java.util.concurrent.FutureTask.runAndReset(FutureTask.java:305)
	at java.base/java.util.concurrent.ScheduledThreadPoolExecutor$ScheduledFutureTask.run(ScheduledThreadPoolExecutor.java:305)
	at java.base/java.util.concurrent.ThreadPoolExecutor.runWorker(ThreadPoolExecutor.java:1136)
	at java.base/java.util.concurrent.ThreadPoolExecutor$Worker.run(ThreadPoolExecutor.java:635)
	at java.base/java.lang.Thread.run(Thread.java:840)
[2025-11-19 01:55:29.972] ERROR o.alter.game.model.queue.QueueTask - Error with plugin!
java.lang.NoClassDefFoundError: org/alter/plugins/content/mechanics/poison/Poison
	at org.alter.plugins.content.mechanics.poison.PoisonPluginPlugin._init_$lambda$0(PoisonPluginPlugin.kt:32)
	at org.alter.game.model.entity.Pawn.executePlugin(Pawn.kt:543)
	at org.alter.game.plugin.PluginRepository.executePlayerDeath(PluginRepository.kt:655)
	at org.alter.game.action.PlayerDeathAction.death(PlayerDeathAction.kt:67)
	at org.alter.game.action.PlayerDeathAction.access$death(PlayerDeathAction.kt:18)
	at org.alter.game.action.PlayerDeathAction$death$1.invokeSuspend(PlayerDeathAction.kt)
	at kotlin.coroutines.jvm.internal.BaseContinuationImpl.resumeWith(ContinuationImpl.kt:33)
	at kotlin.coroutines.SafeContinuation.resumeWith(SafeContinuationJvm.kt:41)
	at org.alter.game.model.queue.QueueTask.cycle$game_server(QueueTask.kt:63)
	at org.alter.game.model.queue.impl.PawnQueueTaskSet.cycle(PawnQueueTaskSet.kt:28)
	at org.alter.game.task.PlayerCycleTask.execute$lambda$2(PlayerCycleTask.kt:23)
	at org.alter.game.model.PawnList.forEach(PawnList.kt:35)
	at org.alter.game.task.PlayerCycleTask.execute(PlayerCycleTask.kt:17)
	at org.alter.game.service.GameService.cycle(GameService.kt:192)
	at java.base/java.util.concurrent.Executors$RunnableAdapter.call(Executors.java:539)
	at java.base/java.util.concurrent.FutureTask.runAndReset(FutureTask.java:305)
	at java.base/java.util.concurrent.ScheduledThreadPoolExecutor$ScheduledFutureTask.run(ScheduledThreadPoolExecutor.java:305)
	at java.base/java.util.concurrent.ThreadPoolExecutor.runWorker(ThreadPoolExecutor.java:1136)
	at java.base/java.util.concurrent.ThreadPoolExecutor$Worker.run(ThreadPoolExecutor.java:635)
	at java.base/java.lang.Thread.run(Thread.java:840)
Caused by: java.lang.ClassNotFoundException: org.alter.plugins.content.mechanics.poison.Poison
	at java.base/jdk.internal.loader.BuiltinClassLoader.loadClass(BuiltinClassLoader.java:641)
	at java.base/jdk.internal.loader.ClassLoaders$AppClassLoader.loadClass(ClassLoaders.java:188)
	at java.base/java.lang.ClassLoader.loadClass(ClassLoader.java:525)
	... 20 common frames omitted
[2025-11-19 01:55:31.157] ERROR org.alter.game.service.GameService - Error with task PlayerCycleTask.
java.util.ConcurrentModificationException: null
	at java.base/java.util.HashMap$HashIterator.remove(HashMap.java:1611)
	at org.alter.game.model.entity.Pawn.timerCycle(Pawn.kt:260)
	at org.alter.game.model.entity.Player.cycle(Player.kt:346)
	at org.alter.game.task.PlayerCycleTask.execute$lambda$2(PlayerCycleTask.kt:24)
	at org.alter.game.model.PawnList.forEach(PawnList.kt:35)
	at org.alter.game.task.PlayerCycleTask.execute(PlayerCycleTask.kt:17)
	at org.alter.game.service.GameService.cycle(GameService.kt:192)
	at java.base/java.util.concurrent.Executors$RunnableAdapter.call(Executors.java:539)
	at java.base/java.util.concurrent.FutureTask.runAndReset(FutureTask.java:305)
	at java.base/java.util.concurrent.ScheduledThreadPoolExecutor$ScheduledFutureTask.run(ScheduledThreadPoolExecutor.java:305)
	at java.base/java.util.concurrent.ThreadPoolExecutor.runWorker(ThreadPoolExecutor.java:1136)
	at java.base/java.util.concurrent.ThreadPoolExecutor$Worker.run(ThreadPoolExecutor.java:635)
	at java.base/java.lang.Thread.run(Thread.java:840)
[2025-11-19 01:55:41.967] ERROR o.alter.game.model.queue.QueueTask - Error with plugin!
java.lang.NoClassDefFoundError: org/alter/plugins/content/interfaces/bank/ExtensionsKt
	at org.alter.plugins.content.objects.bankbooth.BankBoothsPlugin.lambda$2$lambda$0(BankBoothsPlugin.kt:75)
	at org.alter.game.model.entity.Pawn.executePlugin(Pawn.kt:543)
	at org.alter.game.plugin.PluginRepository.executeObject(PluginRepository.kt:1559)
	at org.alter.game.model.move.ObjectPathAction.objectInteractPlugin$lambda$3$lambda$2(ObjectPathAction.kt:110)
	at org.alter.game.model.entity.Pawn.executePlugin(Pawn.kt:543)
	at org.alter.game.model.move.ObjectPathAction$walk$1.invokeSuspend(ObjectPathAction.kt:50)
	at kotlin.coroutines.jvm.internal.BaseContinuationImpl.resumeWith(ContinuationImpl.kt:33)
	at kotlin.coroutines.SafeContinuation.resumeWith(SafeContinuationJvm.kt:41)
	at org.alter.game.model.queue.QueueTask.cycle$game_server(QueueTask.kt:63)
	at org.alter.game.model.queue.impl.PawnQueueTaskSet.cycle(PawnQueueTaskSet.kt:28)
	at org.alter.game.task.PlayerCycleTask.execute$lambda$2(PlayerCycleTask.kt:23)
	at org.alter.game.model.PawnList.forEach(PawnList.kt:35)
	at org.alter.game.task.PlayerCycleTask.execute(PlayerCycleTask.kt:17)
	at org.alter.game.service.GameService.cycle(GameService.kt:192)
	at java.base/java.util.concurrent.Executors$RunnableAdapter.call(Executors.java:539)
	at java.base/java.util.concurrent.FutureTask.runAndReset(FutureTask.java:305)
	at java.base/java.util.concurrent.ScheduledThreadPoolExecutor$ScheduledFutureTask.run(ScheduledThreadPoolExecutor.java:305)
	at java.base/java.util.concurrent.ThreadPoolExecutor.runWorker(ThreadPoolExecutor.java:1136)
	at java.base/java.util.concurrent.ThreadPoolExecutor$Worker.run(ThreadPoolExecutor.java:635)
	at java.base/java.lang.Thread.run(Thread.java:840)
Caused by: java.lang.ClassNotFoundException: org.alter.plugins.content.interfaces.bank.ExtensionsKt
	at java.base/jdk.internal.loader.BuiltinClassLoader.loadClass(BuiltinClassLoader.java:641)
	at java.base/jdk.internal.loader.ClassLoaders$AppClassLoader.loadClass(ClassLoaders.java:188)
	at java.base/java.lang.ClassLoader.loadClass(ClassLoader.java:525)
	... 20 common frames omitted
[2025-11-19 01:55:44.951] ERROR o.alter.game.model.queue.QueueTask - Error with plugin!
java.lang.NoClassDefFoundError: org/alter/plugins/content/interfaces/bank/ExtensionsKt
	at org.alter.plugins.content.objects.bankbooth.BankBoothsPlugin.lambda$2$lambda$0(BankBoothsPlugin.kt:75)
	at org.alter.game.model.entity.Pawn.executePlugin(Pawn.kt:543)
	at org.alter.game.plugin.PluginRepository.executeObject(PluginRepository.kt:1559)
	at org.alter.game.model.move.ObjectPathAction.objectInteractPlugin$lambda$3$lambda$2(ObjectPathAction.kt:110)
	at org.alter.game.model.entity.Pawn.executePlugin(Pawn.kt:543)
	at org.alter.game.model.move.ObjectPathAction$walk$1.invokeSuspend(ObjectPathAction.kt:50)
	at org.alter.game.model.move.ObjectPathAction$walk$1.invoke(ObjectPathAction.kt)
	at org.alter.game.model.move.ObjectPathAction$walk$1.invoke(ObjectPathAction.kt)
	at org.alter.game.model.queue.QueueTaskSet$queue$suspendBlock$1.invokeSuspend(QueueTaskSet.kt:27)
	at kotlin.coroutines.jvm.internal.BaseContinuationImpl.resumeWith(ContinuationImpl.kt:33)
	at kotlin.coroutines.SafeContinuation.resumeWith(SafeContinuationJvm.kt:41)
	at org.alter.game.model.queue.impl.PawnQueueTaskSet.cycle(PawnQueueTaskSet.kt:25)
	at org.alter.game.task.PlayerCycleTask.execute$lambda$2(PlayerCycleTask.kt:23)
	at org.alter.game.model.PawnList.forEach(PawnList.kt:35)
	at org.alter.game.task.PlayerCycleTask.execute(PlayerCycleTask.kt:17)
	at org.alter.game.service.GameService.cycle(GameService.kt:192)
	at java.base/java.util.concurrent.Executors$RunnableAdapter.call(Executors.java:539)
	at java.base/java.util.concurrent.FutureTask.runAndReset(FutureTask.java:305)
	at java.base/java.util.concurrent.ScheduledThreadPoolExecutor$ScheduledFutureTask.run(ScheduledThreadPoolExecutor.java:305)
	at java.base/java.util.concurrent.ThreadPoolExecutor.runWorker(ThreadPoolExecutor.java:1136)
	at java.base/java.util.concurrent.ThreadPoolExecutor$Worker.run(ThreadPoolExecutor.java:635)
	at java.base/java.lang.Thread.run(Thread.java:840)
Caused by: java.lang.ClassNotFoundException: org.alter.plugins.content.interfaces.bank.ExtensionsKt
	... 22 common frames omitted
[2025-11-19 01:55:46.755] ERROR o.alter.game.model.queue.QueueTask - Error with plugin!
java.lang.NoClassDefFoundError: org/alter/plugins/content/interfaces/bank/ExtensionsKt
	at org.alter.plugins.content.objects.bankbooth.BankBoothsPlugin.lambda$2$lambda$0(BankBoothsPlugin.kt:75)
	at org.alter.game.model.entity.Pawn.executePlugin(Pawn.kt:543)
	at org.alter.game.plugin.PluginRepository.executeObject(PluginRepository.kt:1559)
	at org.alter.game.model.move.ObjectPathAction.objectInteractPlugin$lambda$3$lambda$2(ObjectPathAction.kt:110)
	at org.alter.game.model.entity.Pawn.executePlugin(Pawn.kt:543)
	at org.alter.game.model.move.ObjectPathAction$walk$1.invokeSuspend(ObjectPathAction.kt:50)
	at org.alter.game.model.move.ObjectPathAction$walk$1.invoke(ObjectPathAction.kt)
	at org.alter.game.model.move.ObjectPathAction$walk$1.invoke(ObjectPathAction.kt)
	at org.alter.game.model.queue.QueueTaskSet$queue$suspendBlock$1.invokeSuspend(QueueTaskSet.kt:27)
	at kotlin.coroutines.jvm.internal.BaseContinuationImpl.resumeWith(ContinuationImpl.kt:33)
	at kotlin.coroutines.SafeContinuation.resumeWith(SafeContinuationJvm.kt:41)
	at org.alter.game.model.queue.impl.PawnQueueTaskSet.cycle(PawnQueueTaskSet.kt:25)
	at org.alter.game.task.PlayerCycleTask.execute$lambda$2(PlayerCycleTask.kt:23)
	at org.alter.game.model.PawnList.forEach(PawnList.kt:35)
	at org.alter.game.task.PlayerCycleTask.execute(PlayerCycleTask.kt:17)
	at org.alter.game.service.GameService.cycle(GameService.kt:192)
	at java.base/java.util.concurrent.Executors$RunnableAdapter.call(Executors.java:539)
	at java.base/java.util.concurrent.FutureTask.runAndReset(FutureTask.java:305)
	at java.base/java.util.concurrent.ScheduledThreadPoolExecutor$ScheduledFutureTask.run(ScheduledThreadPoolExecutor.java:305)
	at java.base/java.util.concurrent.ThreadPoolExecutor.runWorker(ThreadPoolExecutor.java:1136)
	at java.base/java.util.concurrent.ThreadPoolExecutor$Worker.run(ThreadPoolExecutor.java:635)
	at java.base/java.lang.Thread.run(Thread.java:840)
Caused by: java.lang.ClassNotFoundException: org.alter.plugins.content.interfaces.bank.ExtensionsKt
	... 22 common frames omitted
[2025-11-19 01:55:50.956] ERROR o.alter.game.model.queue.QueueTask - Error with plugin!
java.lang.NoClassDefFoundError: org/alter/plugins/content/interfaces/bank/ExtensionsKt
	at org.alter.plugins.content.objects.bankbooth.BankBoothsPlugin.lambda$2$lambda$0(BankBoothsPlugin.kt:75)
	at org.alter.game.model.entity.Pawn.executePlugin(Pawn.kt:543)
	at org.alter.game.plugin.PluginRepository.executeObject(PluginRepository.kt:1559)
	at org.alter.game.model.move.ObjectPathAction.objectInteractPlugin$lambda$3$lambda$2(ObjectPathAction.kt:110)
	at org.alter.game.model.entity.Pawn.executePlugin(Pawn.kt:543)
	at org.alter.game.model.move.ObjectPathAction$walk$1.invokeSuspend(ObjectPathAction.kt:50)
	at kotlin.coroutines.jvm.internal.BaseContinuationImpl.resumeWith(ContinuationImpl.kt:33)
	at kotlin.coroutines.SafeContinuation.resumeWith(SafeContinuationJvm.kt:41)
	at org.alter.game.model.queue.QueueTask.cycle$game_server(QueueTask.kt:63)
	at org.alter.game.model.queue.impl.PawnQueueTaskSet.cycle(PawnQueueTaskSet.kt:28)
	at org.alter.game.task.PlayerCycleTask.execute$lambda$2(PlayerCycleTask.kt:23)
	at org.alter.game.model.PawnList.forEach(PawnList.kt:35)
	at org.alter.game.task.PlayerCycleTask.execute(PlayerCycleTask.kt:17)
	at org.alter.game.service.GameService.cycle(GameService.kt:192)
	at java.base/java.util.concurrent.Executors$RunnableAdapter.call(Executors.java:539)
	at java.base/java.util.concurrent.FutureTask.runAndReset(FutureTask.java:305)
	at java.base/java.util.concurrent.ScheduledThreadPoolExecutor$ScheduledFutureTask.run(ScheduledThreadPoolExecutor.java:305)
	at java.base/java.util.concurrent.ThreadPoolExecutor.runWorker(ThreadPoolExecutor.java:1136)
	at java.base/java.util.concurrent.ThreadPoolExecutor$Worker.run(ThreadPoolExecutor.java:635)
	at java.base/java.lang.Thread.run(Thread.java:840)
Caused by: java.lang.ClassNotFoundException: org.alter.plugins.content.interfaces.bank.ExtensionsKt
	... 20 common frames omitted
[2025-11-19 01:55:52.151] ERROR o.alter.game.model.queue.QueueTask - Error with plugin!
java.lang.NoClassDefFoundError: org/alter/plugins/content/interfaces/bank/ExtensionsKt
	at org.alter.plugins.content.objects.bankbooth.BankBoothsPlugin.lambda$2$lambda$0(BankBoothsPlugin.kt:75)
	at org.alter.game.model.entity.Pawn.executePlugin(Pawn.kt:543)
	at org.alter.game.plugin.PluginRepository.executeObject(PluginRepository.kt:1559)
	at org.alter.game.model.move.ObjectPathAction.objectInteractPlugin$lambda$3$lambda$2(ObjectPathAction.kt:110)
	at org.alter.game.model.entity.Pawn.executePlugin(Pawn.kt:543)
	at org.alter.game.model.move.ObjectPathAction$walk$1.invokeSuspend(ObjectPathAction.kt:50)
	at org.alter.game.model.move.ObjectPathAction$walk$1.invoke(ObjectPathAction.kt)
	at org.alter.game.model.move.ObjectPathAction$walk$1.invoke(ObjectPathAction.kt)
	at org.alter.game.model.queue.QueueTaskSet$queue$suspendBlock$1.invokeSuspend(QueueTaskSet.kt:27)
	at kotlin.coroutines.jvm.internal.BaseContinuationImpl.resumeWith(ContinuationImpl.kt:33)
	at kotlin.coroutines.SafeContinuation.resumeWith(SafeContinuationJvm.kt:41)
	at org.alter.game.model.queue.impl.PawnQueueTaskSet.cycle(PawnQueueTaskSet.kt:25)
	at org.alter.game.task.PlayerCycleTask.execute$lambda$2(PlayerCycleTask.kt:23)
	at org.alter.game.model.PawnList.forEach(PawnList.kt:35)
	at org.alter.game.task.PlayerCycleTask.execute(PlayerCycleTask.kt:17)
	at org.alter.game.service.GameService.cycle(GameService.kt:192)
	at java.base/java.util.concurrent.Executors$RunnableAdapter.call(Executors.java:539)
	at java.base/java.util.concurrent.FutureTask.runAndReset(FutureTask.java:305)
	at java.base/java.util.concurrent.ScheduledThreadPoolExecutor$ScheduledFutureTask.run(ScheduledThreadPoolExecutor.java:305)
	at java.base/java.util.concurrent.ThreadPoolExecutor.runWorker(ThreadPoolExecutor.java:1136)
	at java.base/java.util.concurrent.ThreadPoolExecutor$Worker.run(ThreadPoolExecutor.java:635)
	at java.base/java.lang.Thread.run(Thread.java:840)
Caused by: java.lang.ClassNotFoundException: org.alter.plugins.content.interfaces.bank.ExtensionsKt
	... 22 common frames omitted
[2025-11-19 01:55:55.168] ERROR o.alter.game.model.queue.QueueTask - Error with plugin!
java.lang.NoClassDefFoundError: org/alter/plugins/content/interfaces/bank/ExtensionsKt
	at org.alter.plugins.content.objects.bankbooth.BankBoothsPlugin.lambda$2$lambda$0(BankBoothsPlugin.kt:75)
	at org.alter.game.model.entity.Pawn.executePlugin(Pawn.kt:543)
	at org.alter.game.plugin.PluginRepository.executeObject(PluginRepository.kt:1559)
	at org.alter.game.model.move.ObjectPathAction.objectInteractPlugin$lambda$3$lambda$2(ObjectPathAction.kt:110)
	at org.alter.game.model.entity.Pawn.executePlugin(Pawn.kt:543)
	at org.alter.game.model.move.ObjectPathAction$walk$1.invokeSuspend(ObjectPathAction.kt:50)
	at kotlin.coroutines.jvm.internal.BaseContinuationImpl.resumeWith(ContinuationImpl.kt:33)
	at kotlin.coroutines.SafeContinuation.resumeWith(SafeContinuationJvm.kt:41)
	at org.alter.game.model.queue.QueueTask.cycle$game_server(QueueTask.kt:63)
	at org.alter.game.model.queue.impl.PawnQueueTaskSet.cycle(PawnQueueTaskSet.kt:28)
	at org.alter.game.task.PlayerCycleTask.execute$lambda$2(PlayerCycleTask.kt:23)
	at org.alter.game.model.PawnList.forEach(PawnList.kt:35)
	at org.alter.game.task.PlayerCycleTask.execute(PlayerCycleTask.kt:17)
	at org.alter.game.service.GameService.cycle(GameService.kt:192)
	at java.base/java.util.concurrent.Executors$RunnableAdapter.call(Executors.java:539)
	at java.base/java.util.concurrent.FutureTask.runAndReset(FutureTask.java:305)
	at java.base/java.util.concurrent.ScheduledThreadPoolExecutor$ScheduledFutureTask.run(ScheduledThreadPoolExecutor.java:305)
	at java.base/java.util.concurrent.ThreadPoolExecutor.runWorker(ThreadPoolExecutor.java:1136)
	at java.base/java.util.concurrent.ThreadPoolExecutor$Worker.run(ThreadPoolExecutor.java:635)
	at java.base/java.lang.Thread.run(Thread.java:840)
Caused by: java.lang.ClassNotFoundException: org.alter.plugins.content.interfaces.bank.ExtensionsKt
	... 20 common frames omitted
[2025-11-19 01:55:55.761] ERROR o.alter.game.model.queue.QueueTask - Error with plugin!
java.lang.NoClassDefFoundError: org/alter/plugins/content/interfaces/bank/ExtensionsKt
	at org.alter.plugins.content.objects.bankbooth.BankBoothsPlugin.lambda$2$lambda$0(BankBoothsPlugin.kt:75)
	at org.alter.game.model.entity.Pawn.executePlugin(Pawn.kt:543)
	at org.alter.game.plugin.PluginRepository.executeObject(PluginRepository.kt:1559)
	at org.alter.game.model.move.ObjectPathAction.objectInteractPlugin$lambda$3$lambda$2(ObjectPathAction.kt:110)
	at org.alter.game.model.entity.Pawn.executePlugin(Pawn.kt:543)
	at org.alter.game.model.move.ObjectPathAction$walk$1.invokeSuspend(ObjectPathAction.kt:50)
	at org.alter.game.model.move.ObjectPathAction$walk$1.invoke(ObjectPathAction.kt)
	at org.alter.game.model.move.ObjectPathAction$walk$1.invoke(ObjectPathAction.kt)
	at org.alter.game.model.queue.QueueTaskSet$queue$suspendBlock$1.invokeSuspend(QueueTaskSet.kt:27)
	at kotlin.coroutines.jvm.internal.BaseContinuationImpl.resumeWith(ContinuationImpl.kt:33)
	at kotlin.coroutines.SafeContinuation.resumeWith(SafeContinuationJvm.kt:41)
	at org.alter.game.model.queue.impl.PawnQueueTaskSet.cycle(PawnQueueTaskSet.kt:25)
	at org.alter.game.task.PlayerCycleTask.execute$lambda$2(PlayerCycleTask.kt:23)
	at org.alter.game.model.PawnList.forEach(PawnList.kt:35)
	at org.alter.game.task.PlayerCycleTask.execute(PlayerCycleTask.kt:17)
	at org.alter.game.service.GameService.cycle(GameService.kt:192)
	at java.base/java.util.concurrent.Executors$RunnableAdapter.call(Executors.java:539)
	at java.base/java.util.concurrent.FutureTask.runAndReset(FutureTask.java:305)
	at java.base/java.util.concurrent.ScheduledThreadPoolExecutor$ScheduledFutureTask.run(ScheduledThreadPoolExecutor.java:305)
	at java.base/java.util.concurrent.ThreadPoolExecutor.runWorker(ThreadPoolExecutor.java:1136)
	at java.base/java.util.concurrent.ThreadPoolExecutor$Worker.run(ThreadPoolExecutor.java:635)
	at java.base/java.lang.Thread.run(Thread.java:840)
Caused by: java.lang.ClassNotFoundException: org.alter.plugins.content.interfaces.bank.ExtensionsKt
	... 22 common frames omitted
[2025-11-19 01:55:56.964] ERROR o.alter.game.model.queue.QueueTask - Error with plugin!
java.lang.NoClassDefFoundError: org/alter/plugins/content/interfaces/bank/ExtensionsKt
	at org.alter.plugins.content.objects.bankbooth.BankBoothsPlugin.lambda$2$lambda$0(BankBoothsPlugin.kt:75)
	at org.alter.game.model.entity.Pawn.executePlugin(Pawn.kt:543)
	at org.alter.game.plugin.PluginRepository.executeObject(PluginRepository.kt:1559)
	at org.alter.game.model.move.ObjectPathAction.objectInteractPlugin$lambda$3$lambda$2(ObjectPathAction.kt:110)
	at org.alter.game.model.entity.Pawn.executePlugin(Pawn.kt:543)
	at org.alter.game.model.move.ObjectPathAction$walk$1.invokeSuspend(ObjectPathAction.kt:50)
	at org.alter.game.model.move.ObjectPathAction$walk$1.invoke(ObjectPathAction.kt)
	at org.alter.game.model.move.ObjectPathAction$walk$1.invoke(ObjectPathAction.kt)
	at org.alter.game.model.queue.QueueTaskSet$queue$suspendBlock$1.invokeSuspend(QueueTaskSet.kt:27)
	at kotlin.coroutines.jvm.internal.BaseContinuationImpl.resumeWith(ContinuationImpl.kt:33)
	at kotlin.coroutines.SafeContinuation.resumeWith(SafeContinuationJvm.kt:41)
	at org.alter.game.model.queue.impl.PawnQueueTaskSet.cycle(PawnQueueTaskSet.kt:25)
	at org.alter.game.task.PlayerCycleTask.execute$lambda$2(PlayerCycleTask.kt:23)
	at org.alter.game.model.PawnList.forEach(PawnList.kt:35)
	at org.alter.game.task.PlayerCycleTask.execute(PlayerCycleTask.kt:17)
	at org.alter.game.service.GameService.cycle(GameService.kt:192)
	at java.base/java.util.concurrent.Executors$RunnableAdapter.call(Executors.java:539)
	at java.base/java.util.concurrent.FutureTask.runAndReset(FutureTask.java:305)
	at java.base/java.util.concurrent.ScheduledThreadPoolExecutor$ScheduledFutureTask.run(ScheduledThreadPoolExecutor.java:305)
	at java.base/java.util.concurrent.ThreadPoolExecutor.runWorker(ThreadPoolExecutor.java:1136)
	at java.base/java.util.concurrent.ThreadPoolExecutor$Worker.run(ThreadPoolExecutor.java:635)
	at java.base/java.lang.Thread.run(Thread.java:840)
Caused by: java.lang.ClassNotFoundException: org.alter.plugins.content.interfaces.bank.ExtensionsKt
	... 22 common frames omitted
[2025-11-19 01:56:00.561] ERROR o.alter.game.model.queue.QueueTask - Error with plugin!
java.lang.NoClassDefFoundError: org/alter/plugins/content/interfaces/bank/ExtensionsKt
	at org.alter.plugins.content.objects.bankbooth.BankBoothsPlugin.lambda$2$lambda$0(BankBoothsPlugin.kt:75)
	at org.alter.game.model.entity.Pawn.executePlugin(Pawn.kt:543)
	at org.alter.game.plugin.PluginRepository.executeObject(PluginRepository.kt:1559)
	at org.alter.game.model.move.ObjectPathAction.objectInteractPlugin$lambda$3$lambda$2(ObjectPathAction.kt:110)
	at org.alter.game.model.entity.Pawn.executePlugin(Pawn.kt:543)
	at org.alter.game.model.move.ObjectPathAction$walk$1.invokeSuspend(ObjectPathAction.kt:50)
	at org.alter.game.model.move.ObjectPathAction$walk$1.invoke(ObjectPathAction.kt)
	at org.alter.game.model.move.ObjectPathAction$walk$1.invoke(ObjectPathAction.kt)
	at org.alter.game.model.queue.QueueTaskSet$queue$suspendBlock$1.invokeSuspend(QueueTaskSet.kt:27)
	at kotlin.coroutines.jvm.internal.BaseContinuationImpl.resumeWith(ContinuationImpl.kt:33)
	at kotlin.coroutines.SafeContinuation.resumeWith(SafeContinuationJvm.kt:41)
	at org.alter.game.model.queue.impl.PawnQueueTaskSet.cycle(PawnQueueTaskSet.kt:25)
	at org.alter.game.task.PlayerCycleTask.execute$lambda$2(PlayerCycleTask.kt:23)
	at org.alter.game.model.PawnList.forEach(PawnList.kt:35)
	at org.alter.game.task.PlayerCycleTask.execute(PlayerCycleTask.kt:17)
	at org.alter.game.service.GameService.cycle(GameService.kt:192)
	at java.base/java.util.concurrent.Executors$RunnableAdapter.call(Executors.java:539)
	at java.base/java.util.concurrent.FutureTask.runAndReset(FutureTask.java:305)
	at java.base/java.util.concurrent.ScheduledThreadPoolExecutor$ScheduledFutureTask.run(ScheduledThreadPoolExecutor.java:305)
	at java.base/java.util.concurrent.ThreadPoolExecutor.runWorker(ThreadPoolExecutor.java:1136)
	at java.base/java.util.concurrent.ThreadPoolExecutor$Worker.run(ThreadPoolExecutor.java:635)
	at java.base/java.lang.Thread.run(Thread.java:840)
Caused by: java.lang.ClassNotFoundException: org.alter.plugins.content.interfaces.bank.ExtensionsKt
	... 22 common frames omitted
[2025-11-19 01:56:05.352] ERROR o.alter.game.model.queue.QueueTask - Error with plugin!
java.lang.NoClassDefFoundError: org/alter/plugins/content/interfaces/bank/ExtensionsKt
	at org.alter.plugins.content.objects.bankbooth.BankBoothsPlugin.lambda$2$lambda$0(BankBoothsPlugin.kt:75)
	at org.alter.game.model.entity.Pawn.executePlugin(Pawn.kt:543)
	at org.alter.game.plugin.PluginRepository.executeObject(PluginRepository.kt:1559)
	at org.alter.game.model.move.ObjectPathAction.objectInteractPlugin$lambda$3$lambda$2(ObjectPathAction.kt:110)
	at org.alter.game.model.entity.Pawn.executePlugin(Pawn.kt:543)
	at org.alter.game.model.move.ObjectPathAction$walk$1.invokeSuspend(ObjectPathAction.kt:50)
	at kotlin.coroutines.jvm.internal.BaseContinuationImpl.resumeWith(ContinuationImpl.kt:33)
	at kotlin.coroutines.SafeContinuation.resumeWith(SafeContinuationJvm.kt:41)
	at org.alter.game.model.queue.QueueTask.cycle$game_server(QueueTask.kt:63)
	at org.alter.game.model.queue.impl.PawnQueueTaskSet.cycle(PawnQueueTaskSet.kt:28)
	at org.alter.game.task.PlayerCycleTask.execute$lambda$2(PlayerCycleTask.kt:23)
	at org.alter.game.model.PawnList.forEach(PawnList.kt:35)
	at org.alter.game.task.PlayerCycleTask.execute(PlayerCycleTask.kt:17)
	at org.alter.game.service.GameService.cycle(GameService.kt:192)
	at java.base/java.util.concurrent.Executors$RunnableAdapter.call(Executors.java:539)
	at java.base/java.util.concurrent.FutureTask.runAndReset(FutureTask.java:305)
	at java.base/java.util.concurrent.ScheduledThreadPoolExecutor$ScheduledFutureTask.run(ScheduledThreadPoolExecutor.java:305)
	at java.base/java.util.concurrent.ThreadPoolExecutor.runWorker(ThreadPoolExecutor.java:1136)
	at java.base/java.util.concurrent.ThreadPoolExecutor$Worker.run(ThreadPoolExecutor.java:635)
	at java.base/java.lang.Thread.run(Thread.java:840)
Caused by: java.lang.ClassNotFoundException: org.alter.plugins.content.interfaces.bank.ExtensionsKt
	... 20 common frames omitted
[2025-11-19 01:56:19.152] ERROR org.alter.game.service.GameService - Error with task NpcCycleTask.
java.util.ConcurrentModificationException: null
	at java.base/java.util.HashMap$HashIterator.remove(HashMap.java:1611)
	at org.alter.game.model.entity.Pawn.timerCycle(Pawn.kt:260)
	at org.alter.game.model.entity.Npc.cycle(Npc.kt:155)
	at org.alter.game.task.NpcCycleTask.execute$lambda$0(NpcCycleTask.kt:19)
	at org.alter.game.model.PawnList.forEach(PawnList.kt:35)
	at org.alter.game.task.NpcCycleTask.execute(NpcCycleTask.kt:17)
	at org.alter.game.service.GameService.cycle(GameService.kt:192)
	at java.base/java.util.concurrent.Executors$RunnableAdapter.call(Executors.java:539)
	at java.base/java.util.concurrent.FutureTask.runAndReset(FutureTask.java:305)
	at java.base/java.util.concurrent.ScheduledThreadPoolExecutor$ScheduledFutureTask.run(ScheduledThreadPoolExecutor.java:305)
	at java.base/java.util.concurrent.ThreadPoolExecutor.runWorker(ThreadPoolExecutor.java:1136)
	at java.base/java.util.concurrent.ThreadPoolExecutor$Worker.run(ThreadPoolExecutor.java:635)
	at java.base/java.lang.Thread.run(Thread.java:840)
[2025-11-19 01:59:45.269] ERROR org.alter.game.service.GameService - Error with task PlayerCycleTask.
java.util.ConcurrentModificationException: null
	at java.base/java.util.HashMap$HashIterator.remove(HashMap.java:1611)
	at org.alter.game.model.entity.Pawn.timerCycle(Pawn.kt:260)
	at org.alter.game.model.entity.Player.cycle(Player.kt:346)
	at org.alter.game.task.PlayerCycleTask.execute$lambda$2(PlayerCycleTask.kt:24)
	at org.alter.game.model.PawnList.forEach(PawnList.kt:35)
	at org.alter.game.task.PlayerCycleTask.execute(PlayerCycleTask.kt:17)
	at org.alter.game.service.GameService.cycle(GameService.kt:192)
	at java.base/java.util.concurrent.Executors$RunnableAdapter.call(Executors.java:539)
	at java.base/java.util.concurrent.FutureTask.runAndReset(FutureTask.java:305)
	at java.base/java.util.concurrent.ScheduledThreadPoolExecutor$ScheduledFutureTask.run(ScheduledThreadPoolExecutor.java:305)
	at java.base/java.util.concurrent.ThreadPoolExecutor.runWorker(ThreadPoolExecutor.java:1136)
	at java.base/java.util.concurrent.ThreadPoolExecutor$Worker.run(ThreadPoolExecutor.java:635)
	at java.base/java.lang.Thread.run(Thread.java:840)
[2025-11-19 02:00:07.475] ERROR org.alter.game.service.GameService - Error with task PlayerCycleTask.
java.util.ConcurrentModificationException: null
	at java.base/java.util.HashMap$HashIterator.nextNode(HashMap.java:1597)
	at java.base/java.util.HashMap$EntryIterator.next(HashMap.java:1630)
	at java.base/java.util.HashMap$EntryIterator.next(HashMap.java:1628)
	at org.alter.game.model.entity.Pawn.timerCycle(Pawn.kt:246)
	at org.alter.game.model.entity.Player.cycle(Player.kt:346)
	at org.alter.game.task.PlayerCycleTask.execute$lambda$2(PlayerCycleTask.kt:24)
	at org.alter.game.model.PawnList.forEach(PawnList.kt:35)
	at org.alter.game.task.PlayerCycleTask.execute(PlayerCycleTask.kt:17)
	at org.alter.game.service.GameService.cycle(GameService.kt:192)
	at java.base/java.util.concurrent.Executors$RunnableAdapter.call(Executors.java:539)
	at java.base/java.util.concurrent.FutureTask.runAndReset(FutureTask.java:305)
	at java.base/java.util.concurrent.ScheduledThreadPoolExecutor$ScheduledFutureTask.run(ScheduledThreadPoolExecutor.java:305)
	at java.base/java.util.concurrent.ThreadPoolExecutor.runWorker(ThreadPoolExecutor.java:1136)
	at java.base/java.util.concurrent.ThreadPoolExecutor$Worker.run(ThreadPoolExecutor.java:635)
	at java.base/java.lang.Thread.run(Thread.java:840)
[2025-11-19 02:00:47.061] ERROR org.alter.game.service.GameService - Error with task NpcCycleTask.
java.util.ConcurrentModificationException: null
	at java.base/java.util.HashMap$HashIterator.remove(HashMap.java:1611)
	at org.alter.game.model.entity.Pawn.timerCycle(Pawn.kt:260)
	at org.alter.game.model.entity.Npc.cycle(Npc.kt:155)
	at org.alter.game.task.NpcCycleTask.execute$lambda$0(NpcCycleTask.kt:19)
	at org.alter.game.model.PawnList.forEach(PawnList.kt:35)
	at org.alter.game.task.NpcCycleTask.execute(NpcCycleTask.kt:17)
	at org.alter.game.service.GameService.cycle(GameService.kt:192)
	at java.base/java.util.concurrent.Executors$RunnableAdapter.call(Executors.java:539)
	at java.base/java.util.concurrent.FutureTask.runAndReset(FutureTask.java:305)
	at java.base/java.util.concurrent.ScheduledThreadPoolExecutor$ScheduledFutureTask.run(ScheduledThreadPoolExecutor.java:305)
	at java.base/java.util.concurrent.ThreadPoolExecutor.runWorker(ThreadPoolExecutor.java:1136)
	at java.base/java.util.concurrent.ThreadPoolExecutor$Worker.run(ThreadPoolExecutor.java:635)
	at java.base/java.lang.Thread.run(Thread.java:840)
[2025-11-19 02:00:51.865] ERROR org.alter.game.service.GameService - Error with task PlayerCycleTask.
java.util.ConcurrentModificationException: null
	at java.base/java.util.HashMap$HashIterator.nextNode(HashMap.java:1597)
	at java.base/java.util.HashMap$EntryIterator.next(HashMap.java:1630)
	at java.base/java.util.HashMap$EntryIterator.next(HashMap.java:1628)
	at org.alter.game.model.entity.Pawn.timerCycle(Pawn.kt:246)
	at org.alter.game.model.entity.Player.cycle(Player.kt:346)
	at org.alter.game.task.PlayerCycleTask.execute$lambda$2(PlayerCycleTask.kt:24)
	at org.alter.game.model.PawnList.forEach(PawnList.kt:35)
	at org.alter.game.task.PlayerCycleTask.execute(PlayerCycleTask.kt:17)
	at org.alter.game.service.GameService.cycle(GameService.kt:192)
	at java.base/java.util.concurrent.Executors$RunnableAdapter.call(Executors.java:539)
	at java.base/java.util.concurrent.FutureTask.runAndReset(FutureTask.java:305)
	at java.base/java.util.concurrent.ScheduledThreadPoolExecutor$ScheduledFutureTask.run(ScheduledThreadPoolExecutor.java:305)
	at java.base/java.util.concurrent.ThreadPoolExecutor.runWorker(ThreadPoolExecutor.java:1136)
	at java.base/java.util.concurrent.ThreadPoolExecutor$Worker.run(ThreadPoolExecutor.java:635)
	at java.base/java.lang.Thread.run(Thread.java:840)
[2025-11-19 02:01:15.860] ERROR org.alter.game.service.GameService - Error with task NpcCycleTask.
java.util.ConcurrentModificationException: null
	at java.base/java.util.HashMap$HashIterator.remove(HashMap.java:1611)
	at org.alter.game.model.entity.Pawn.timerCycle(Pawn.kt:260)
	at org.alter.game.model.entity.Npc.cycle(Npc.kt:155)
	at org.alter.game.task.NpcCycleTask.execute$lambda$0(NpcCycleTask.kt:19)
	at org.alter.game.model.PawnList.forEach(PawnList.kt:35)
	at org.alter.game.task.NpcCycleTask.execute(NpcCycleTask.kt:17)
	at org.alter.game.service.GameService.cycle(GameService.kt:192)
	at java.base/java.util.concurrent.Executors$RunnableAdapter.call(Executors.java:539)
	at java.base/java.util.concurrent.FutureTask.runAndReset(FutureTask.java:305)
	at java.base/java.util.concurrent.ScheduledThreadPoolExecutor$ScheduledFutureTask.run(ScheduledThreadPoolExecutor.java:305)
	at java.base/java.util.concurrent.ThreadPoolExecutor.runWorker(ThreadPoolExecutor.java:1136)
	at java.base/java.util.concurrent.ThreadPoolExecutor$Worker.run(ThreadPoolExecutor.java:635)
	at java.base/java.lang.Thread.run(Thread.java:840)
[2025-11-19 02:01:16.459] ERROR org.alter.game.service.GameService - Error with task NpcCycleTask.
java.util.ConcurrentModificationException: null
	at java.base/java.util.HashMap$HashIterator.remove(HashMap.java:1611)
	at org.alter.game.model.entity.Pawn.timerCycle(Pawn.kt:260)
	at org.alter.game.model.entity.Npc.cycle(Npc.kt:155)
	at org.alter.game.task.NpcCycleTask.execute$lambda$0(NpcCycleTask.kt:19)
	at org.alter.game.model.PawnList.forEach(PawnList.kt:35)
	at org.alter.game.task.NpcCycleTask.execute(NpcCycleTask.kt:17)
	at org.alter.game.service.GameService.cycle(GameService.kt:192)
	at java.base/java.util.concurrent.Executors$RunnableAdapter.call(Executors.java:539)
	at java.base/java.util.concurrent.FutureTask.runAndReset(FutureTask.java:305)
	at java.base/java.util.concurrent.ScheduledThreadPoolExecutor$ScheduledFutureTask.run(ScheduledThreadPoolExecutor.java:305)
	at java.base/java.util.concurrent.ThreadPoolExecutor.runWorker(ThreadPoolExecutor.java:1136)
	at java.base/java.util.concurrent.ThreadPoolExecutor$Worker.run(ThreadPoolExecutor.java:635)
	at java.base/java.lang.Thread.run(Thread.java:840)
[2025-11-19 02:01:44.667] ERROR org.alter.game.service.GameService - Error with task PlayerCycleTask.
java.util.ConcurrentModificationException: null
	at java.base/java.util.HashMap$HashIterator.remove(HashMap.java:1611)
	at org.alter.game.model.entity.Pawn.timerCycle(Pawn.kt:260)
	at org.alter.game.model.entity.Player.cycle(Player.kt:346)
	at org.alter.game.task.PlayerCycleTask.execute$lambda$2(PlayerCycleTask.kt:24)
	at org.alter.game.model.PawnList.forEach(PawnList.kt:35)
	at org.alter.game.task.PlayerCycleTask.execute(PlayerCycleTask.kt:17)
	at org.alter.game.service.GameService.cycle(GameService.kt:192)
	at java.base/java.util.concurrent.Executors$RunnableAdapter.call(Executors.java:539)
	at java.base/java.util.concurrent.FutureTask.runAndReset(FutureTask.java:305)
	at java.base/java.util.concurrent.ScheduledThreadPoolExecutor$ScheduledFutureTask.run(ScheduledThreadPoolExecutor.java:305)
	at java.base/java.util.concurrent.ThreadPoolExecutor.runWorker(ThreadPoolExecutor.java:1136)
	at java.base/java.util.concurrent.ThreadPoolExecutor$Worker.run(ThreadPoolExecutor.java:635)
	at java.base/java.lang.Thread.run(Thread.java:840)
[2025-11-19 02:02:00.869] ERROR org.alter.game.service.GameService - Error with task NpcCycleTask.
java.util.ConcurrentModificationException: null
	at java.base/java.util.HashMap$HashIterator.remove(HashMap.java:1611)
	at org.alter.game.model.entity.Pawn.timerCycle(Pawn.kt:260)
	at org.alter.game.model.entity.Npc.cycle(Npc.kt:155)
	at org.alter.game.task.NpcCycleTask.execute$lambda$0(NpcCycleTask.kt:19)
	at org.alter.game.model.PawnList.forEach(PawnList.kt:35)
	at org.alter.game.task.NpcCycleTask.execute(NpcCycleTask.kt:17)
	at org.alter.game.service.GameService.cycle(GameService.kt:192)
	at java.base/java.util.concurrent.Executors$RunnableAdapter.call(Executors.java:539)
	at java.base/java.util.concurrent.FutureTask.runAndReset(FutureTask.java:305)
	at java.base/java.util.concurrent.ScheduledThreadPoolExecutor$ScheduledFutureTask.run(ScheduledThreadPoolExecutor.java:305)
	at java.base/java.util.concurrent.ThreadPoolExecutor.runWorker(ThreadPoolExecutor.java:1136)
	at java.base/java.util.concurrent.ThreadPoolExecutor$Worker.run(ThreadPoolExecutor.java:635)
	at java.base/java.lang.Thread.run(Thread.java:840)
[2025-11-19 02:02:36.856] ERROR org.alter.game.service.GameService - Error with task NpcCycleTask.
java.util.ConcurrentModificationException: null
	at java.base/java.util.HashMap$HashIterator.remove(HashMap.java:1611)
	at org.alter.game.model.entity.Pawn.timerCycle(Pawn.kt:260)
	at org.alter.game.model.entity.Npc.cycle(Npc.kt:155)
	at org.alter.game.task.NpcCycleTask.execute$lambda$0(NpcCycleTask.kt:19)
	at org.alter.game.model.PawnList.forEach(PawnList.kt:35)
	at org.alter.game.task.NpcCycleTask.execute(NpcCycleTask.kt:17)
	at org.alter.game.service.GameService.cycle(GameService.kt:192)
	at java.base/java.util.concurrent.Executors$RunnableAdapter.call(Executors.java:539)
	at java.base/java.util.concurrent.FutureTask.runAndReset(FutureTask.java:305)
	at java.base/java.util.concurrent.ScheduledThreadPoolExecutor$ScheduledFutureTask.run(ScheduledThreadPoolExecutor.java:305)
	at java.base/java.util.concurrent.ThreadPoolExecutor.runWorker(ThreadPoolExecutor.java:1136)
	at java.base/java.util.concurrent.ThreadPoolExecutor$Worker.run(ThreadPoolExecutor.java:635)
	at java.base/java.lang.Thread.run(Thread.java:840)
[2025-11-19 02:02:45.861] ERROR org.alter.game.service.GameService - Error with task PlayerCycleTask.
java.util.ConcurrentModificationException: null
	at java.base/java.util.HashMap$HashIterator.remove(HashMap.java:1611)
	at org.alter.game.model.entity.Pawn.timerCycle(Pawn.kt:260)
	at org.alter.game.model.entity.Player.cycle(Player.kt:346)
	at org.alter.game.task.PlayerCycleTask.execute$lambda$2(PlayerCycleTask.kt:24)
	at org.alter.game.model.PawnList.forEach(PawnList.kt:35)
	at org.alter.game.task.PlayerCycleTask.execute(PlayerCycleTask.kt:17)
	at org.alter.game.service.GameService.cycle(GameService.kt:192)
	at java.base/java.util.concurrent.Executors$RunnableAdapter.call(Executors.java:539)
	at java.base/java.util.concurrent.FutureTask.runAndReset(FutureTask.java:305)
	at java.base/java.util.concurrent.ScheduledThreadPoolExecutor$ScheduledFutureTask.run(ScheduledThreadPoolExecutor.java:305)
	at java.base/java.util.concurrent.ThreadPoolExecutor.runWorker(ThreadPoolExecutor.java:1136)
	at java.base/java.util.concurrent.ThreadPoolExecutor$Worker.run(ThreadPoolExecutor.java:635)
	at java.base/java.lang.Thread.run(Thread.java:840)
[2025-11-19 02:03:06.271] ERROR org.alter.game.service.GameService - Error with task PlayerCycleTask.
java.util.ConcurrentModificationException: null
	at java.base/java.util.HashMap$HashIterator.nextNode(HashMap.java:1597)
	at java.base/java.util.HashMap$EntryIterator.next(HashMap.java:1630)
	at java.base/java.util.HashMap$EntryIterator.next(HashMap.java:1628)
	at org.alter.game.model.entity.Pawn.timerCycle(Pawn.kt:246)
	at org.alter.game.model.entity.Player.cycle(Player.kt:346)
	at org.alter.game.task.PlayerCycleTask.execute$lambda$2(PlayerCycleTask.kt:24)
	at org.alter.game.model.PawnList.forEach(PawnList.kt:35)
	at org.alter.game.task.PlayerCycleTask.execute(PlayerCycleTask.kt:17)
	at org.alter.game.service.GameService.cycle(GameService.kt:192)
	at java.base/java.util.concurrent.Executors$RunnableAdapter.call(Executors.java:539)
	at java.base/java.util.concurrent.FutureTask.runAndReset(FutureTask.java:305)
	at java.base/java.util.concurrent.ScheduledThreadPoolExecutor$ScheduledFutureTask.run(ScheduledThreadPoolExecutor.java:305)
	at java.base/java.util.concurrent.ThreadPoolExecutor.runWorker(ThreadPoolExecutor.java:1136)
	at java.base/java.util.concurrent.ThreadPoolExecutor$Worker.run(ThreadPoolExecutor.java:635)
	at java.base/java.lang.Thread.run(Thread.java:840)
[2025-11-19 02:03:32.649] ERROR org.alter.game.service.GameService - Error with task NpcCycleTask.
java.util.ConcurrentModificationException: null
	at java.base/java.util.HashMap$HashIterator.remove(HashMap.java:1611)
	at org.alter.game.model.entity.Pawn.timerCycle(Pawn.kt:260)
	at org.alter.game.model.entity.Npc.cycle(Npc.kt:155)
	at org.alter.game.task.NpcCycleTask.execute$lambda$0(NpcCycleTask.kt:19)
	at org.alter.game.model.PawnList.forEach(PawnList.kt:35)
	at org.alter.game.task.NpcCycleTask.execute(NpcCycleTask.kt:17)
	at org.alter.game.service.GameService.cycle(GameService.kt:192)
	at java.base/java.util.concurrent.Executors$RunnableAdapter.call(Executors.java:539)
	at java.base/java.util.concurrent.FutureTask.runAndReset(FutureTask.java:305)
	at java.base/java.util.concurrent.ScheduledThreadPoolExecutor$ScheduledFutureTask.run(ScheduledThreadPoolExecutor.java:305)
	at java.base/java.util.concurrent.ThreadPoolExecutor.runWorker(ThreadPoolExecutor.java:1136)
	at java.base/java.util.concurrent.ThreadPoolExecutor$Worker.run(ThreadPoolExecutor.java:635)
	at java.base/java.lang.Thread.run(Thread.java:840)
[2025-11-19 02:03:59.654] ERROR org.alter.game.service.GameService - Error with task NpcCycleTask.
java.util.ConcurrentModificationException: null
	at java.base/java.util.HashMap$HashIterator.remove(HashMap.java:1611)
	at org.alter.game.model.entity.Pawn.timerCycle(Pawn.kt:260)
	at org.alter.game.model.entity.Npc.cycle(Npc.kt:155)
	at org.alter.game.task.NpcCycleTask.execute$lambda$0(NpcCycleTask.kt:19)
	at org.alter.game.model.PawnList.forEach(PawnList.kt:35)
	at org.alter.game.task.NpcCycleTask.execute(NpcCycleTask.kt:17)
	at org.alter.game.service.GameService.cycle(GameService.kt:192)
	at java.base/java.util.concurrent.Executors$RunnableAdapter.call(Executors.java:539)
	at java.base/java.util.concurrent.FutureTask.runAndReset(FutureTask.java:305)
	at java.base/java.util.concurrent.ScheduledThreadPoolExecutor$ScheduledFutureTask.run(ScheduledThreadPoolExecutor.java:305)
	at java.base/java.util.concurrent.ThreadPoolExecutor.runWorker(ThreadPoolExecutor.java:1136)
	at java.base/java.util.concurrent.ThreadPoolExecutor$Worker.run(ThreadPoolExecutor.java:635)
	at java.base/java.lang.Thread.run(Thread.java:840)
[2025-11-19 02:04:12.870] ERROR org.alter.game.service.GameService - Error with task PlayerCycleTask.
java.util.ConcurrentModificationException: null
	at java.base/java.util.HashMap$HashIterator.nextNode(HashMap.java:1597)
	at java.base/java.util.HashMap$EntryIterator.next(HashMap.java:1630)
	at java.base/java.util.HashMap$EntryIterator.next(HashMap.java:1628)
	at org.alter.game.model.entity.Pawn.timerCycle(Pawn.kt:246)
	at org.alter.game.model.entity.Player.cycle(Player.kt:346)
	at org.alter.game.task.PlayerCycleTask.execute$lambda$2(PlayerCycleTask.kt:24)
	at org.alter.game.model.PawnList.forEach(PawnList.kt:35)
	at org.alter.game.task.PlayerCycleTask.execute(PlayerCycleTask.kt:17)
	at org.alter.game.service.GameService.cycle(GameService.kt:192)
	at java.base/java.util.concurrent.Executors$RunnableAdapter.call(Executors.java:539)
	at java.base/java.util.concurrent.FutureTask.runAndReset(FutureTask.java:305)
	at java.base/java.util.concurrent.ScheduledThreadPoolExecutor$ScheduledFutureTask.run(ScheduledThreadPoolExecutor.java:305)
	at java.base/java.util.concurrent.ThreadPoolExecutor.runWorker(ThreadPoolExecutor.java:1136)
	at java.base/java.util.concurrent.ThreadPoolExecutor$Worker.run(ThreadPoolExecutor.java:635)
	at java.base/java.lang.Thread.run(Thread.java:840)
[2025-11-19 02:04:21.867] ERROR org.alter.game.service.GameService - Error with task PlayerCycleTask.
java.util.ConcurrentModificationException: null
	at java.base/java.util.HashMap$HashIterator.remove(HashMap.java:1611)
	at org.alter.game.model.entity.Pawn.timerCycle(Pawn.kt:260)
	at org.alter.game.model.entity.Player.cycle(Player.kt:346)
	at org.alter.game.task.PlayerCycleTask.execute$lambda$2(PlayerCycleTask.kt:24)
	at org.alter.game.model.PawnList.forEach(PawnList.kt:35)
	at org.alter.game.task.PlayerCycleTask.execute(PlayerCycleTask.kt:17)
	at org.alter.game.service.GameService.cycle(GameService.kt:192)
	at java.base/java.util.concurrent.Executors$RunnableAdapter.call(Executors.java:539)
	at java.base/java.util.concurrent.FutureTask.runAndReset(FutureTask.java:305)
	at java.base/java.util.concurrent.ScheduledThreadPoolExecutor$ScheduledFutureTask.run(ScheduledThreadPoolExecutor.java:305)
	at java.base/java.util.concurrent.ThreadPoolExecutor.runWorker(ThreadPoolExecutor.java:1136)
	at java.base/java.util.concurrent.ThreadPoolExecutor$Worker.run(ThreadPoolExecutor.java:635)
	at java.base/java.lang.Thread.run(Thread.java:840)
[2025-11-19 02:04:24.864] ERROR org.alter.game.service.GameService - Error with task PlayerCycleTask.
java.util.ConcurrentModificationException: null
	at java.base/java.util.HashMap$HashIterator.remove(HashMap.java:1611)
	at org.alter.game.model.entity.Pawn.timerCycle(Pawn.kt:260)
	at org.alter.game.model.entity.Player.cycle(Player.kt:346)
	at org.alter.game.task.PlayerCycleTask.execute$lambda$2(PlayerCycleTask.kt:24)
	at org.alter.game.model.PawnList.forEach(PawnList.kt:35)
	at org.alter.game.task.PlayerCycleTask.execute(PlayerCycleTask.kt:17)
	at org.alter.game.service.GameService.cycle(GameService.kt:192)
	at java.base/java.util.concurrent.Executors$RunnableAdapter.call(Executors.java:539)
	at java.base/java.util.concurrent.FutureTask.runAndReset(FutureTask.java:305)
	at java.base/java.util.concurrent.ScheduledThreadPoolExecutor$ScheduledFutureTask.run(ScheduledThreadPoolExecutor.java:305)
	at java.base/java.util.concurrent.ThreadPoolExecutor.runWorker(ThreadPoolExecutor.java:1136)
	at java.base/java.util.concurrent.ThreadPoolExecutor$Worker.run(ThreadPoolExecutor.java:635)
	at java.base/java.lang.Thread.run(Thread.java:840)
[2025-11-19 02:04:32.655] ERROR org.alter.game.service.GameService - Error with task NpcCycleTask.
java.util.ConcurrentModificationException: null
	at java.base/java.util.HashMap$HashIterator.remove(HashMap.java:1611)
	at org.alter.game.model.entity.Pawn.timerCycle(Pawn.kt:260)
	at org.alter.game.model.entity.Npc.cycle(Npc.kt:155)
	at org.alter.game.task.NpcCycleTask.execute$lambda$0(NpcCycleTask.kt:19)
	at org.alter.game.model.PawnList.forEach(PawnList.kt:35)
	at org.alter.game.task.NpcCycleTask.execute(NpcCycleTask.kt:17)
	at org.alter.game.service.GameService.cycle(GameService.kt:192)
	at java.base/java.util.concurrent.Executors$RunnableAdapter.call(Executors.java:539)
	at java.base/java.util.concurrent.FutureTask.runAndReset(FutureTask.java:305)
	at java.base/java.util.concurrent.ScheduledThreadPoolExecutor$ScheduledFutureTask.run(ScheduledThreadPoolExecutor.java:305)
	at java.base/java.util.concurrent.ThreadPoolExecutor.runWorker(ThreadPoolExecutor.java:1136)
	at java.base/java.util.concurrent.ThreadPoolExecutor$Worker.run(ThreadPoolExecutor.java:635)
	at java.base/java.lang.Thread.run(Thread.java:840)
[2025-11-19 02:05:17.658] ERROR org.alter.game.service.GameService - Error with task NpcCycleTask.
java.util.ConcurrentModificationException: null
	at java.base/java.util.HashMap$HashIterator.remove(HashMap.java:1611)
	at org.alter.game.model.entity.Pawn.timerCycle(Pawn.kt:260)
	at org.alter.game.model.entity.Npc.cycle(Npc.kt:155)
	at org.alter.game.task.NpcCycleTask.execute$lambda$0(NpcCycleTask.kt:19)
	at org.alter.game.model.PawnList.forEach(PawnList.kt:35)
	at org.alter.game.task.NpcCycleTask.execute(NpcCycleTask.kt:17)
	at org.alter.game.service.GameService.cycle(GameService.kt:192)
	at java.base/java.util.concurrent.Executors$RunnableAdapter.call(Executors.java:539)
	at java.base/java.util.concurrent.FutureTask.runAndReset(FutureTask.java:305)
	at java.base/java.util.concurrent.ScheduledThreadPoolExecutor$ScheduledFutureTask.run(ScheduledThreadPoolExecutor.java:305)
	at java.base/java.util.concurrent.ThreadPoolExecutor.runWorker(ThreadPoolExecutor.java:1136)
	at java.base/java.util.concurrent.ThreadPoolExecutor$Worker.run(ThreadPoolExecutor.java:635)
	at java.base/java.lang.Thread.run(Thread.java:840)
[2025-11-19 02:05:18.258] ERROR org.alter.game.service.GameService - Error with task NpcCycleTask.
java.util.ConcurrentModificationException: null
	at java.base/java.util.HashMap$HashIterator.remove(HashMap.java:1611)
	at org.alter.game.model.entity.Pawn.timerCycle(Pawn.kt:260)
	at org.alter.game.model.entity.Npc.cycle(Npc.kt:155)
	at org.alter.game.task.NpcCycleTask.execute$lambda$0(NpcCycleTask.kt:19)
	at org.alter.game.model.PawnList.forEach(PawnList.kt:35)
	at org.alter.game.task.NpcCycleTask.execute(NpcCycleTask.kt:17)
	at org.alter.game.service.GameService.cycle(GameService.kt:192)
	at java.base/java.util.concurrent.Executors$RunnableAdapter.call(Executors.java:539)
	at java.base/java.util.concurrent.FutureTask.runAndReset(FutureTask.java:305)
	at java.base/java.util.concurrent.ScheduledThreadPoolExecutor$ScheduledFutureTask.run(ScheduledThreadPoolExecutor.java:305)
	at java.base/java.util.concurrent.ThreadPoolExecutor.runWorker(ThreadPoolExecutor.java:1136)
	at java.base/java.util.concurrent.ThreadPoolExecutor$Worker.run(ThreadPoolExecutor.java:635)
	at java.base/java.lang.Thread.run(Thread.java:840)
[2025-11-19 02:05:20.657] ERROR o.alter.game.model.queue.QueueTask - Error with plugin!
java.lang.IllegalStateException: Invalid combat style. RANGED
	at org.alter.plugins.content.combat.formula.MeleeCombatFormula.getEquipmentAttackBonus(MeleeCombatFormula.kt:184)
	at org.alter.plugins.content.combat.formula.MeleeCombatFormula.getAttackRoll(MeleeCombatFormula.kt:77)
	at org.alter.plugins.content.combat.formula.MeleeCombatFormula.getAccuracy(MeleeCombatFormula.kt:35)
	at org.alter.plugins.content.combat.formula.CombatFormula$DefaultImpls.getAccuracy$default(CombatFormula.kt:9)
	at org.alter.plugins.content.combat.PawnExtKt.dealHit(PawnExt.kt:61)
	at org.alter.plugins.content.combat.PawnExtKt.dealHit$default(PawnExt.kt:55)
	at org.alter.plugins.content.areas.revenantcaves.RevenantManagementPlugin.revenantCombat(RevenantManagementPlugin.kt:771)
	at org.alter.plugins.content.areas.revenantcaves.RevenantManagementPlugin.access$revenantCombat(RevenantManagementPlugin.kt:57)
	at org.alter.plugins.content.areas.revenantcaves.RevenantManagementPlugin$revenantCombat$1.invokeSuspend(RevenantManagementPlugin.kt)
	at kotlin.coroutines.jvm.internal.BaseContinuationImpl.resumeWith(ContinuationImpl.kt:33)
	at kotlin.coroutines.SafeContinuation.resumeWith(SafeContinuationJvm.kt:41)
	at org.alter.game.model.queue.QueueTask.cycle$game_server(QueueTask.kt:63)
	at org.alter.game.model.queue.impl.PawnQueueTaskSet.cycle(PawnQueueTaskSet.kt:28)
	at org.alter.game.task.NpcCycleTask.execute$lambda$0(NpcCycleTask.kt:18)
	at org.alter.game.model.PawnList.forEach(PawnList.kt:35)
	at org.alter.game.task.NpcCycleTask.execute(NpcCycleTask.kt:17)
	at org.alter.game.service.GameService.cycle(GameService.kt:192)
	at java.base/java.util.concurrent.Executors$RunnableAdapter.call(Executors.java:539)
	at java.base/java.util.concurrent.FutureTask.runAndReset(FutureTask.java:305)
	at java.base/java.util.concurrent.ScheduledThreadPoolExecutor$ScheduledFutureTask.run(ScheduledThreadPoolExecutor.java:305)
	at java.base/java.util.concurrent.ThreadPoolExecutor.runWorker(ThreadPoolExecutor.java:1136)
	at java.base/java.util.concurrent.ThreadPoolExecutor$Worker.run(ThreadPoolExecutor.java:635)
	at java.base/java.lang.Thread.run(Thread.java:840)
[2025-11-19 02:38:06.640] ERROR o.alter.game.model.queue.QueueTask - Error with plugin!
java.lang.IllegalStateException: Invalid combat style. MAGIC
	at org.alter.plugins.content.combat.formula.MeleeCombatFormula.getEquipmentAttackBonus(MeleeCombatFormula.kt:184)
	at org.alter.plugins.content.combat.formula.MeleeCombatFormula.getAttackRoll(MeleeCombatFormula.kt:77)
	at org.alter.plugins.content.combat.formula.MeleeCombatFormula.getAccuracy(MeleeCombatFormula.kt:35)
	at org.alter.plugins.content.combat.formula.CombatFormula$DefaultImpls.getAccuracy$default(CombatFormula.kt:9)
	at org.alter.plugins.content.combat.strategy.MeleeCombatStrategy.attack(MeleeCombatStrategy.kt:63)
	at org.alter.plugins.content.combat.CombatPlugin.cycle(CombatPlugin.kt:266)
	at org.alter.plugins.content.combat.CombatPlugin$1$2.invokeSuspend(CombatPlugin.kt:41)
	at kotlin.coroutines.jvm.internal.BaseContinuationImpl.resumeWith(ContinuationImpl.kt:33)
	at kotlin.coroutines.SafeContinuation.resumeWith(SafeContinuationJvm.kt:41)
	at org.alter.game.model.queue.QueueTask.cycle$game_server(QueueTask.kt:63)
	at org.alter.game.model.queue.impl.PawnQueueTaskSet.cycle(PawnQueueTaskSet.kt:28)
	at org.alter.game.task.PlayerCycleTask.execute$lambda$2(PlayerCycleTask.kt:23)
	at org.alter.game.model.PawnList.forEach(PawnList.kt:35)
	at org.alter.game.task.PlayerCycleTask.execute(PlayerCycleTask.kt:17)
	at org.alter.game.service.GameService.cycle(GameService.kt:192)
	at java.base/java.util.concurrent.Executors$RunnableAdapter.call(Executors.java:539)
	at java.base/java.util.concurrent.FutureTask.runAndReset(FutureTask.java:305)
	at java.base/java.util.concurrent.ScheduledThreadPoolExecutor$ScheduledFutureTask.run(ScheduledThreadPoolExecutor.java:305)
	at java.base/java.util.concurrent.ThreadPoolExecutor.runWorker(ThreadPoolExecutor.java:1136)
	at java.base/java.util.concurrent.ThreadPoolExecutor$Worker.run(ThreadPoolExecutor.java:635)
	at java.base/java.lang.Thread.run(Thread.java:840)
[2025-11-19 02:38:10.237] ERROR o.alter.game.model.queue.QueueTask - Error with plugin!
java.lang.IllegalStateException: Invalid combat style. MAGIC
	at org.alter.plugins.content.combat.formula.MeleeCombatFormula.getEquipmentAttackBonus(MeleeCombatFormula.kt:184)
	at org.alter.plugins.content.combat.formula.MeleeCombatFormula.getAttackRoll(MeleeCombatFormula.kt:77)
	at org.alter.plugins.content.combat.formula.MeleeCombatFormula.getAccuracy(MeleeCombatFormula.kt:35)
	at org.alter.plugins.content.combat.formula.CombatFormula$DefaultImpls.getAccuracy$default(CombatFormula.kt:9)
	at org.alter.plugins.content.combat.strategy.MeleeCombatStrategy.attack(MeleeCombatStrategy.kt:63)
	at org.alter.plugins.content.combat.CombatPlugin.cycle(CombatPlugin.kt:266)
	at org.alter.plugins.content.combat.CombatPlugin$1$2.invokeSuspend(CombatPlugin.kt:41)
	at org.alter.plugins.content.combat.CombatPlugin$1$2.invoke(CombatPlugin.kt)
	at org.alter.plugins.content.combat.CombatPlugin$1$2.invoke(CombatPlugin.kt)
	at org.alter.game.model.queue.QueueTaskSet$queue$suspendBlock$1.invokeSuspend(QueueTaskSet.kt:27)
	at kotlin.coroutines.jvm.internal.BaseContinuationImpl.resumeWith(ContinuationImpl.kt:33)
	at kotlin.coroutines.SafeContinuation.resumeWith(SafeContinuationJvm.kt:41)
	at org.alter.game.model.queue.impl.PawnQueueTaskSet.cycle(PawnQueueTaskSet.kt:25)
	at org.alter.game.task.PlayerCycleTask.execute$lambda$2(PlayerCycleTask.kt:23)
	at org.alter.game.model.PawnList.forEach(PawnList.kt:35)
	at org.alter.game.task.PlayerCycleTask.execute(PlayerCycleTask.kt:17)
	at org.alter.game.service.GameService.cycle(GameService.kt:192)
	at java.base/java.util.concurrent.Executors$RunnableAdapter.call(Executors.java:539)
	at java.base/java.util.concurrent.FutureTask.runAndReset(FutureTask.java:305)
	at java.base/java.util.concurrent.ScheduledThreadPoolExecutor$ScheduledFutureTask.run(ScheduledThreadPoolExecutor.java:305)
	at java.base/java.util.concurrent.ThreadPoolExecutor.runWorker(ThreadPoolExecutor.java:1136)
	at java.base/java.util.concurrent.ThreadPoolExecutor$Worker.run(ThreadPoolExecutor.java:635)
	at java.base/java.lang.Thread.run(Thread.java:840)
[2025-11-19 02:38:14.450] ERROR o.alter.game.model.queue.QueueTask - Error with plugin!
java.lang.IllegalStateException: Invalid combat style. MAGIC
	at org.alter.plugins.content.combat.formula.MeleeCombatFormula.getEquipmentAttackBonus(MeleeCombatFormula.kt:184)
	at org.alter.plugins.content.combat.formula.MeleeCombatFormula.getAttackRoll(MeleeCombatFormula.kt:77)
	at org.alter.plugins.content.combat.formula.MeleeCombatFormula.getAccuracy(MeleeCombatFormula.kt:35)
	at org.alter.plugins.content.combat.formula.CombatFormula$DefaultImpls.getAccuracy$default(CombatFormula.kt:9)
	at org.alter.plugins.content.combat.strategy.MeleeCombatStrategy.attack(MeleeCombatStrategy.kt:63)
	at org.alter.plugins.content.combat.CombatPlugin.cycle(CombatPlugin.kt:266)
	at org.alter.plugins.content.combat.CombatPlugin$1$2.invokeSuspend(CombatPlugin.kt:41)
	at org.alter.plugins.content.combat.CombatPlugin$1$2.invoke(CombatPlugin.kt)
	at org.alter.plugins.content.combat.CombatPlugin$1$2.invoke(CombatPlugin.kt)
	at org.alter.game.model.queue.QueueTaskSet$queue$suspendBlock$1.invokeSuspend(QueueTaskSet.kt:27)
	at kotlin.coroutines.jvm.internal.BaseContinuationImpl.resumeWith(ContinuationImpl.kt:33)
	at kotlin.coroutines.SafeContinuation.resumeWith(SafeContinuationJvm.kt:41)
	at org.alter.game.model.queue.impl.PawnQueueTaskSet.cycle(PawnQueueTaskSet.kt:25)
	at org.alter.game.task.PlayerCycleTask.execute$lambda$2(PlayerCycleTask.kt:23)
	at org.alter.game.model.PawnList.forEach(PawnList.kt:35)
	at org.alter.game.task.PlayerCycleTask.execute(PlayerCycleTask.kt:17)
	at org.alter.game.service.GameService.cycle(GameService.kt:192)
	at java.base/java.util.concurrent.Executors$RunnableAdapter.call(Executors.java:539)
	at java.base/java.util.concurrent.FutureTask.runAndReset(FutureTask.java:305)
	at java.base/java.util.concurrent.ScheduledThreadPoolExecutor$ScheduledFutureTask.run(ScheduledThreadPoolExecutor.java:305)
	at java.base/java.util.concurrent.ThreadPoolExecutor.runWorker(ThreadPoolExecutor.java:1136)
	at java.base/java.util.concurrent.ThreadPoolExecutor$Worker.run(ThreadPoolExecutor.java:635)
	at java.base/java.lang.Thread.run(Thread.java:840)
