[2025-11-15 22:43:05.983] WARN  d.o.c.u.c.DecompressionContext - BZIP2 Compression found - replace to improve read performance.
[2025-11-15 22:43:11.381] WARN  n.rsprot.protocol.common.RSProtFlags - Unknown network logging option: false, expected values: [off, trace, debug, info, warn, error]
[2025-11-15 22:50:14.802] WARN  d.o.c.u.c.DecompressionContext - BZIP2 Compression found - replace to improve read performance.
[2025-11-15 22:50:20.299] WARN  n.rsprot.protocol.common.RSProtFlags - Unknown network logging option: false, expected values: [off, trace, debug, info, warn, error]
[2025-11-15 22:58:04.821] WARN  d.o.c.u.c.DecompressionContext - BZIP2 Compression found - replace to improve read performance.
[2025-11-15 22:58:10.035] WARN  n.rsprot.protocol.common.RSProtFlags - Unknown network logging option: false, expected values: [off, trace, debug, info, warn, error]
[2025-11-15 23:10:10.839] WARN  o.a.game.model.interf.InterfaceSet - No interface visible in pane ({}, {}). 162 566
[2025-11-15 23:12:29.400] WARN  d.o.c.u.c.DecompressionContext - BZIP2 Compression found - replace to improve read performance.
[2025-11-15 23:12:34.679] WARN  n.rsprot.protocol.common.RSProtFlags - Unknown network logging option: false, expected values: [off, trace, debug, info, warn, error]
[2025-11-15 23:17:42.675] WARN  d.o.c.u.c.DecompressionContext - BZIP2 Compression found - replace to improve read performance.
[2025-11-15 23:17:48.017] WARN  n.rsprot.protocol.common.RSProtFlags - Unknown network logging option: false, expected values: [off, trace, debug, info, warn, error]
[2025-11-15 23:18:29.033] WARN  o.a.game.model.interf.InterfaceSet - Interface 860 is not visible and cannot be closed.
[2025-11-15 23:19:24.832] WARN  o.a.game.model.interf.InterfaceSet - Interface 860 is not visible and cannot be closed.
[2025-11-15 23:22:24.870] WARN  d.o.c.u.c.DecompressionContext - BZIP2 Compression found - replace to improve read performance.
[2025-11-15 23:22:30.011] WARN  n.rsprot.protocol.common.RSProtFlags - Unknown network logging option: false, expected values: [off, trace, debug, info, warn, error]
[2025-11-15 23:31:33.863] WARN  d.o.c.u.c.DecompressionContext - BZIP2 Compression found - replace to improve read performance.
[2025-11-15 23:31:39.222] WARN  n.rsprot.protocol.common.RSProtFlags - Unknown network logging option: false, expected values: [off, trace, debug, info, warn, error]
[2025-11-15 23:32:39.612] WARN  o.a.g.s.impl.DetailSerialisation - Failed to load tile position for player DragonM: List element cannot be cast to int. Falling back to home location.
[2025-11-15 23:32:39.613] WARN  o.a.g.s.impl.DetailSerialisation - Player DragonM position not found in save file (tile data: null), spawning at home location
[2025-11-15 23:32:42.079] ERROR org.alter.game.saving.PlayerSaving - Failed to serialize details for player DragonM
java.lang.ClassCastException: List element cannot be cast to int
	at org.bson.Document.constructValuesList(Document.java:402)
	at org.bson.Document.getList(Document.java:369)
	at org.alter.game.saving.PlayerSaving.savePlayer(PlayerSaving.kt:56)
	at org.alter.game.task.AutoSaveTask.performAutoSave$lambda$4(AutoSaveTask.kt:64)
	at org.alter.game.model.PawnList.forEach(PawnList.kt:35)
	at org.alter.game.task.AutoSaveTask.performAutoSave(AutoSaveTask.kt:55)
	at org.alter.game.task.AutoSaveTask.execute(AutoSaveTask.kt:40)
	at org.alter.game.service.GameService.cycle(GameService.kt:192)
	at java.base/java.util.concurrent.Executors$RunnableAdapter.call(Executors.java:539)
	at java.base/java.util.concurrent.FutureTask.runAndReset(FutureTask.java:305)
	at java.base/java.util.concurrent.ScheduledThreadPoolExecutor$ScheduledFutureTask.run(ScheduledThreadPoolExecutor.java:305)
	at java.base/java.util.concurrent.ThreadPoolExecutor.runWorker(ThreadPoolExecutor.java:1136)
	at java.base/java.util.concurrent.ThreadPoolExecutor$Worker.run(ThreadPoolExecutor.java:635)
	at java.base/java.lang.Thread.run(Thread.java:840)
[2025-11-15 23:32:42.081] ERROR org.alter.game.saving.PlayerSaving - Failed to save player DragonM: List element cannot be cast to int
java.lang.ClassCastException: List element cannot be cast to int
	at org.bson.Document.constructValuesList(Document.java:402)
	at org.bson.Document.getList(Document.java:369)
	at org.alter.game.saving.PlayerSaving.savePlayer(PlayerSaving.kt:56)
	at org.alter.game.task.AutoSaveTask.performAutoSave$lambda$4(AutoSaveTask.kt:64)
	at org.alter.game.model.PawnList.forEach(PawnList.kt:35)
	at org.alter.game.task.AutoSaveTask.performAutoSave(AutoSaveTask.kt:55)
	at org.alter.game.task.AutoSaveTask.execute(AutoSaveTask.kt:40)
	at org.alter.game.service.GameService.cycle(GameService.kt:192)
	at java.base/java.util.concurrent.Executors$RunnableAdapter.call(Executors.java:539)
	at java.base/java.util.concurrent.FutureTask.runAndReset(FutureTask.java:305)
	at java.base/java.util.concurrent.ScheduledThreadPoolExecutor$ScheduledFutureTask.run(ScheduledThreadPoolExecutor.java:305)
	at java.base/java.util.concurrent.ThreadPoolExecutor.runWorker(ThreadPoolExecutor.java:1136)
	at java.base/java.util.concurrent.ThreadPoolExecutor$Worker.run(ThreadPoolExecutor.java:635)
	at java.base/java.lang.Thread.run(Thread.java:840)
[2025-11-15 23:32:42.082] ERROR org.alter.game.task.AutoSaveTask - Failed to auto-save player 'DragonM': List element cannot be cast to int
java.lang.ClassCastException: List element cannot be cast to int
	at org.bson.Document.constructValuesList(Document.java:402)
	at org.bson.Document.getList(Document.java:369)
	at org.alter.game.saving.PlayerSaving.savePlayer(PlayerSaving.kt:56)
	at org.alter.game.task.AutoSaveTask.performAutoSave$lambda$4(AutoSaveTask.kt:64)
	at org.alter.game.model.PawnList.forEach(PawnList.kt:35)
	at org.alter.game.task.AutoSaveTask.performAutoSave(AutoSaveTask.kt:55)
	at org.alter.game.task.AutoSaveTask.execute(AutoSaveTask.kt:40)
	at org.alter.game.service.GameService.cycle(GameService.kt:192)
	at java.base/java.util.concurrent.Executors$RunnableAdapter.call(Executors.java:539)
	at java.base/java.util.concurrent.FutureTask.runAndReset(FutureTask.java:305)
	at java.base/java.util.concurrent.ScheduledThreadPoolExecutor$ScheduledFutureTask.run(ScheduledThreadPoolExecutor.java:305)
	at java.base/java.util.concurrent.ThreadPoolExecutor.runWorker(ThreadPoolExecutor.java:1136)
	at java.base/java.util.concurrent.ThreadPoolExecutor$Worker.run(ThreadPoolExecutor.java:635)
	at java.base/java.lang.Thread.run(Thread.java:840)
[2025-11-15 23:32:42.082] WARN  org.alter.game.task.AutoSaveTask - Auto-save attempted but no players were saved (1 players online)
[2025-11-15 23:33:04.697] WARN  o.a.g.s.impl.DetailSerialisation - Failed to load tile position for player SpideyM: List element cannot be cast to int. Falling back to home location.
[2025-11-15 23:33:04.698] WARN  o.a.g.s.impl.DetailSerialisation - Player SpideyM position not found in save file (tile data: null), spawning at home location
[2025-11-15 23:33:12.074] ERROR org.alter.game.saving.PlayerSaving - Failed to serialize details for player DragonM
java.lang.ClassCastException: List element cannot be cast to int
	at org.bson.Document.constructValuesList(Document.java:402)
	at org.bson.Document.getList(Document.java:369)
	at org.alter.game.saving.PlayerSaving.savePlayer(PlayerSaving.kt:56)
	at org.alter.game.task.AutoSaveTask.performAutoSave$lambda$4(AutoSaveTask.kt:64)
	at org.alter.game.model.PawnList.forEach(PawnList.kt:35)
	at org.alter.game.task.AutoSaveTask.performAutoSave(AutoSaveTask.kt:55)
	at org.alter.game.task.AutoSaveTask.execute(AutoSaveTask.kt:40)
	at org.alter.game.service.GameService.cycle(GameService.kt:192)
	at java.base/java.util.concurrent.Executors$RunnableAdapter.call(Executors.java:539)
	at java.base/java.util.concurrent.FutureTask.runAndReset(FutureTask.java:305)
	at java.base/java.util.concurrent.ScheduledThreadPoolExecutor$ScheduledFutureTask.run(ScheduledThreadPoolExecutor.java:305)
	at java.base/java.util.concurrent.ThreadPoolExecutor.runWorker(ThreadPoolExecutor.java:1136)
	at java.base/java.util.concurrent.ThreadPoolExecutor$Worker.run(ThreadPoolExecutor.java:635)
	at java.base/java.lang.Thread.run(Thread.java:840)
[2025-11-15 23:33:12.075] ERROR org.alter.game.saving.PlayerSaving - Failed to save player DragonM: List element cannot be cast to int
java.lang.ClassCastException: List element cannot be cast to int
	at org.bson.Document.constructValuesList(Document.java:402)
	at org.bson.Document.getList(Document.java:369)
	at org.alter.game.saving.PlayerSaving.savePlayer(PlayerSaving.kt:56)
	at org.alter.game.task.AutoSaveTask.performAutoSave$lambda$4(AutoSaveTask.kt:64)
	at org.alter.game.model.PawnList.forEach(PawnList.kt:35)
	at org.alter.game.task.AutoSaveTask.performAutoSave(AutoSaveTask.kt:55)
	at org.alter.game.task.AutoSaveTask.execute(AutoSaveTask.kt:40)
	at org.alter.game.service.GameService.cycle(GameService.kt:192)
	at java.base/java.util.concurrent.Executors$RunnableAdapter.call(Executors.java:539)
	at java.base/java.util.concurrent.FutureTask.runAndReset(FutureTask.java:305)
	at java.base/java.util.concurrent.ScheduledThreadPoolExecutor$ScheduledFutureTask.run(ScheduledThreadPoolExecutor.java:305)
	at java.base/java.util.concurrent.ThreadPoolExecutor.runWorker(ThreadPoolExecutor.java:1136)
	at java.base/java.util.concurrent.ThreadPoolExecutor$Worker.run(ThreadPoolExecutor.java:635)
	at java.base/java.lang.Thread.run(Thread.java:840)
[2025-11-15 23:33:12.075] ERROR org.alter.game.task.AutoSaveTask - Failed to auto-save player 'DragonM': List element cannot be cast to int
java.lang.ClassCastException: List element cannot be cast to int
	at org.bson.Document.constructValuesList(Document.java:402)
	at org.bson.Document.getList(Document.java:369)
	at org.alter.game.saving.PlayerSaving.savePlayer(PlayerSaving.kt:56)
	at org.alter.game.task.AutoSaveTask.performAutoSave$lambda$4(AutoSaveTask.kt:64)
	at org.alter.game.model.PawnList.forEach(PawnList.kt:35)
	at org.alter.game.task.AutoSaveTask.performAutoSave(AutoSaveTask.kt:55)
	at org.alter.game.task.AutoSaveTask.execute(AutoSaveTask.kt:40)
	at org.alter.game.service.GameService.cycle(GameService.kt:192)
	at java.base/java.util.concurrent.Executors$RunnableAdapter.call(Executors.java:539)
	at java.base/java.util.concurrent.FutureTask.runAndReset(FutureTask.java:305)
	at java.base/java.util.concurrent.ScheduledThreadPoolExecutor$ScheduledFutureTask.run(ScheduledThreadPoolExecutor.java:305)
	at java.base/java.util.concurrent.ThreadPoolExecutor.runWorker(ThreadPoolExecutor.java:1136)
	at java.base/java.util.concurrent.ThreadPoolExecutor$Worker.run(ThreadPoolExecutor.java:635)
	at java.base/java.lang.Thread.run(Thread.java:840)
[2025-11-15 23:33:12.075] ERROR org.alter.game.saving.PlayerSaving - Failed to serialize details for player SpideyM
java.lang.ClassCastException: List element cannot be cast to int
	at org.bson.Document.constructValuesList(Document.java:402)
	at org.bson.Document.getList(Document.java:369)
	at org.alter.game.saving.PlayerSaving.savePlayer(PlayerSaving.kt:56)
	at org.alter.game.task.AutoSaveTask.performAutoSave$lambda$4(AutoSaveTask.kt:64)
	at org.alter.game.model.PawnList.forEach(PawnList.kt:35)
	at org.alter.game.task.AutoSaveTask.performAutoSave(AutoSaveTask.kt:55)
	at org.alter.game.task.AutoSaveTask.execute(AutoSaveTask.kt:40)
	at org.alter.game.service.GameService.cycle(GameService.kt:192)
	at java.base/java.util.concurrent.Executors$RunnableAdapter.call(Executors.java:539)
	at java.base/java.util.concurrent.FutureTask.runAndReset(FutureTask.java:305)
	at java.base/java.util.concurrent.ScheduledThreadPoolExecutor$ScheduledFutureTask.run(ScheduledThreadPoolExecutor.java:305)
	at java.base/java.util.concurrent.ThreadPoolExecutor.runWorker(ThreadPoolExecutor.java:1136)
	at java.base/java.util.concurrent.ThreadPoolExecutor$Worker.run(ThreadPoolExecutor.java:635)
	at java.base/java.lang.Thread.run(Thread.java:840)
[2025-11-15 23:33:12.075] ERROR org.alter.game.saving.PlayerSaving - Failed to save player SpideyM: List element cannot be cast to int
java.lang.ClassCastException: List element cannot be cast to int
	at org.bson.Document.constructValuesList(Document.java:402)
	at org.bson.Document.getList(Document.java:369)
	at org.alter.game.saving.PlayerSaving.savePlayer(PlayerSaving.kt:56)
	at org.alter.game.task.AutoSaveTask.performAutoSave$lambda$4(AutoSaveTask.kt:64)
	at org.alter.game.model.PawnList.forEach(PawnList.kt:35)
	at org.alter.game.task.AutoSaveTask.performAutoSave(AutoSaveTask.kt:55)
	at org.alter.game.task.AutoSaveTask.execute(AutoSaveTask.kt:40)
	at org.alter.game.service.GameService.cycle(GameService.kt:192)
	at java.base/java.util.concurrent.Executors$RunnableAdapter.call(Executors.java:539)
	at java.base/java.util.concurrent.FutureTask.runAndReset(FutureTask.java:305)
	at java.base/java.util.concurrent.ScheduledThreadPoolExecutor$ScheduledFutureTask.run(ScheduledThreadPoolExecutor.java:305)
	at java.base/java.util.concurrent.ThreadPoolExecutor.runWorker(ThreadPoolExecutor.java:1136)
	at java.base/java.util.concurrent.ThreadPoolExecutor$Worker.run(ThreadPoolExecutor.java:635)
	at java.base/java.lang.Thread.run(Thread.java:840)
[2025-11-15 23:33:12.075] ERROR org.alter.game.task.AutoSaveTask - Failed to auto-save player 'SpideyM': List element cannot be cast to int
java.lang.ClassCastException: List element cannot be cast to int
	at org.bson.Document.constructValuesList(Document.java:402)
	at org.bson.Document.getList(Document.java:369)
	at org.alter.game.saving.PlayerSaving.savePlayer(PlayerSaving.kt:56)
	at org.alter.game.task.AutoSaveTask.performAutoSave$lambda$4(AutoSaveTask.kt:64)
	at org.alter.game.model.PawnList.forEach(PawnList.kt:35)
	at org.alter.game.task.AutoSaveTask.performAutoSave(AutoSaveTask.kt:55)
	at org.alter.game.task.AutoSaveTask.execute(AutoSaveTask.kt:40)
	at org.alter.game.service.GameService.cycle(GameService.kt:192)
	at java.base/java.util.concurrent.Executors$RunnableAdapter.call(Executors.java:539)
	at java.base/java.util.concurrent.FutureTask.runAndReset(FutureTask.java:305)
	at java.base/java.util.concurrent.ScheduledThreadPoolExecutor$ScheduledFutureTask.run(ScheduledThreadPoolExecutor.java:305)
	at java.base/java.util.concurrent.ThreadPoolExecutor.runWorker(ThreadPoolExecutor.java:1136)
	at java.base/java.util.concurrent.ThreadPoolExecutor$Worker.run(ThreadPoolExecutor.java:635)
	at java.base/java.lang.Thread.run(Thread.java:840)
[2025-11-15 23:33:12.075] WARN  org.alter.game.task.AutoSaveTask - Auto-save attempted but no players were saved (2 players online)
[2025-11-15 23:33:42.078] ERROR org.alter.game.saving.PlayerSaving - Failed to serialize details for player DragonM
java.lang.ClassCastException: List element cannot be cast to int
	at org.bson.Document.constructValuesList(Document.java:402)
	at org.bson.Document.getList(Document.java:369)
	at org.alter.game.saving.PlayerSaving.savePlayer(PlayerSaving.kt:56)
	at org.alter.game.task.AutoSaveTask.performAutoSave$lambda$4(AutoSaveTask.kt:64)
	at org.alter.game.model.PawnList.forEach(PawnList.kt:35)
	at org.alter.game.task.AutoSaveTask.performAutoSave(AutoSaveTask.kt:55)
	at org.alter.game.task.AutoSaveTask.execute(AutoSaveTask.kt:40)
	at org.alter.game.service.GameService.cycle(GameService.kt:192)
	at java.base/java.util.concurrent.Executors$RunnableAdapter.call(Executors.java:539)
	at java.base/java.util.concurrent.FutureTask.runAndReset(FutureTask.java:305)
	at java.base/java.util.concurrent.ScheduledThreadPoolExecutor$ScheduledFutureTask.run(ScheduledThreadPoolExecutor.java:305)
	at java.base/java.util.concurrent.ThreadPoolExecutor.runWorker(ThreadPoolExecutor.java:1136)
	at java.base/java.util.concurrent.ThreadPoolExecutor$Worker.run(ThreadPoolExecutor.java:635)
	at java.base/java.lang.Thread.run(Thread.java:840)
[2025-11-15 23:33:42.079] ERROR org.alter.game.saving.PlayerSaving - Failed to save player DragonM: List element cannot be cast to int
java.lang.ClassCastException: List element cannot be cast to int
	at org.bson.Document.constructValuesList(Document.java:402)
	at org.bson.Document.getList(Document.java:369)
	at org.alter.game.saving.PlayerSaving.savePlayer(PlayerSaving.kt:56)
	at org.alter.game.task.AutoSaveTask.performAutoSave$lambda$4(AutoSaveTask.kt:64)
	at org.alter.game.model.PawnList.forEach(PawnList.kt:35)
	at org.alter.game.task.AutoSaveTask.performAutoSave(AutoSaveTask.kt:55)
	at org.alter.game.task.AutoSaveTask.execute(AutoSaveTask.kt:40)
	at org.alter.game.service.GameService.cycle(GameService.kt:192)
	at java.base/java.util.concurrent.Executors$RunnableAdapter.call(Executors.java:539)
	at java.base/java.util.concurrent.FutureTask.runAndReset(FutureTask.java:305)
	at java.base/java.util.concurrent.ScheduledThreadPoolExecutor$ScheduledFutureTask.run(ScheduledThreadPoolExecutor.java:305)
	at java.base/java.util.concurrent.ThreadPoolExecutor.runWorker(ThreadPoolExecutor.java:1136)
	at java.base/java.util.concurrent.ThreadPoolExecutor$Worker.run(ThreadPoolExecutor.java:635)
	at java.base/java.lang.Thread.run(Thread.java:840)
[2025-11-15 23:33:42.079] ERROR org.alter.game.task.AutoSaveTask - Failed to auto-save player 'DragonM': List element cannot be cast to int
java.lang.ClassCastException: List element cannot be cast to int
	at org.bson.Document.constructValuesList(Document.java:402)
	at org.bson.Document.getList(Document.java:369)
	at org.alter.game.saving.PlayerSaving.savePlayer(PlayerSaving.kt:56)
	at org.alter.game.task.AutoSaveTask.performAutoSave$lambda$4(AutoSaveTask.kt:64)
	at org.alter.game.model.PawnList.forEach(PawnList.kt:35)
	at org.alter.game.task.AutoSaveTask.performAutoSave(AutoSaveTask.kt:55)
	at org.alter.game.task.AutoSaveTask.execute(AutoSaveTask.kt:40)
	at org.alter.game.service.GameService.cycle(GameService.kt:192)
	at java.base/java.util.concurrent.Executors$RunnableAdapter.call(Executors.java:539)
	at java.base/java.util.concurrent.FutureTask.runAndReset(FutureTask.java:305)
	at java.base/java.util.concurrent.ScheduledThreadPoolExecutor$ScheduledFutureTask.run(ScheduledThreadPoolExecutor.java:305)
	at java.base/java.util.concurrent.ThreadPoolExecutor.runWorker(ThreadPoolExecutor.java:1136)
	at java.base/java.util.concurrent.ThreadPoolExecutor$Worker.run(ThreadPoolExecutor.java:635)
	at java.base/java.lang.Thread.run(Thread.java:840)
[2025-11-15 23:33:42.079] ERROR org.alter.game.saving.PlayerSaving - Failed to serialize details for player SpideyM
java.lang.ClassCastException: List element cannot be cast to int
	at org.bson.Document.constructValuesList(Document.java:402)
	at org.bson.Document.getList(Document.java:369)
	at org.alter.game.saving.PlayerSaving.savePlayer(PlayerSaving.kt:56)
	at org.alter.game.task.AutoSaveTask.performAutoSave$lambda$4(AutoSaveTask.kt:64)
	at org.alter.game.model.PawnList.forEach(PawnList.kt:35)
	at org.alter.game.task.AutoSaveTask.performAutoSave(AutoSaveTask.kt:55)
	at org.alter.game.task.AutoSaveTask.execute(AutoSaveTask.kt:40)
	at org.alter.game.service.GameService.cycle(GameService.kt:192)
	at java.base/java.util.concurrent.Executors$RunnableAdapter.call(Executors.java:539)
	at java.base/java.util.concurrent.FutureTask.runAndReset(FutureTask.java:305)
	at java.base/java.util.concurrent.ScheduledThreadPoolExecutor$ScheduledFutureTask.run(ScheduledThreadPoolExecutor.java:305)
	at java.base/java.util.concurrent.ThreadPoolExecutor.runWorker(ThreadPoolExecutor.java:1136)
	at java.base/java.util.concurrent.ThreadPoolExecutor$Worker.run(ThreadPoolExecutor.java:635)
	at java.base/java.lang.Thread.run(Thread.java:840)
[2025-11-15 23:33:42.079] ERROR org.alter.game.saving.PlayerSaving - Failed to save player SpideyM: List element cannot be cast to int
java.lang.ClassCastException: List element cannot be cast to int
	at org.bson.Document.constructValuesList(Document.java:402)
	at org.bson.Document.getList(Document.java:369)
	at org.alter.game.saving.PlayerSaving.savePlayer(PlayerSaving.kt:56)
	at org.alter.game.task.AutoSaveTask.performAutoSave$lambda$4(AutoSaveTask.kt:64)
	at org.alter.game.model.PawnList.forEach(PawnList.kt:35)
	at org.alter.game.task.AutoSaveTask.performAutoSave(AutoSaveTask.kt:55)
	at org.alter.game.task.AutoSaveTask.execute(AutoSaveTask.kt:40)
	at org.alter.game.service.GameService.cycle(GameService.kt:192)
	at java.base/java.util.concurrent.Executors$RunnableAdapter.call(Executors.java:539)
	at java.base/java.util.concurrent.FutureTask.runAndReset(FutureTask.java:305)
	at java.base/java.util.concurrent.ScheduledThreadPoolExecutor$ScheduledFutureTask.run(ScheduledThreadPoolExecutor.java:305)
	at java.base/java.util.concurrent.ThreadPoolExecutor.runWorker(ThreadPoolExecutor.java:1136)
	at java.base/java.util.concurrent.ThreadPoolExecutor$Worker.run(ThreadPoolExecutor.java:635)
	at java.base/java.lang.Thread.run(Thread.java:840)
[2025-11-15 23:33:42.080] ERROR org.alter.game.task.AutoSaveTask - Failed to auto-save player 'SpideyM': List element cannot be cast to int
java.lang.ClassCastException: List element cannot be cast to int
	at org.bson.Document.constructValuesList(Document.java:402)
	at org.bson.Document.getList(Document.java:369)
	at org.alter.game.saving.PlayerSaving.savePlayer(PlayerSaving.kt:56)
	at org.alter.game.task.AutoSaveTask.performAutoSave$lambda$4(AutoSaveTask.kt:64)
	at org.alter.game.model.PawnList.forEach(PawnList.kt:35)
	at org.alter.game.task.AutoSaveTask.performAutoSave(AutoSaveTask.kt:55)
	at org.alter.game.task.AutoSaveTask.execute(AutoSaveTask.kt:40)
	at org.alter.game.service.GameService.cycle(GameService.kt:192)
	at java.base/java.util.concurrent.Executors$RunnableAdapter.call(Executors.java:539)
	at java.base/java.util.concurrent.FutureTask.runAndReset(FutureTask.java:305)
	at java.base/java.util.concurrent.ScheduledThreadPoolExecutor$ScheduledFutureTask.run(ScheduledThreadPoolExecutor.java:305)
	at java.base/java.util.concurrent.ThreadPoolExecutor.runWorker(ThreadPoolExecutor.java:1136)
	at java.base/java.util.concurrent.ThreadPoolExecutor$Worker.run(ThreadPoolExecutor.java:635)
	at java.base/java.lang.Thread.run(Thread.java:840)
[2025-11-15 23:33:42.080] WARN  org.alter.game.task.AutoSaveTask - Auto-save attempted but no players were saved (2 players online)
[2025-11-15 23:34:12.079] ERROR org.alter.game.saving.PlayerSaving - Failed to serialize details for player DragonM
java.lang.ClassCastException: List element cannot be cast to int
	at org.bson.Document.constructValuesList(Document.java:402)
	at org.bson.Document.getList(Document.java:369)
	at org.alter.game.saving.PlayerSaving.savePlayer(PlayerSaving.kt:56)
	at org.alter.game.task.AutoSaveTask.performAutoSave$lambda$4(AutoSaveTask.kt:64)
	at org.alter.game.model.PawnList.forEach(PawnList.kt:35)
	at org.alter.game.task.AutoSaveTask.performAutoSave(AutoSaveTask.kt:55)
	at org.alter.game.task.AutoSaveTask.execute(AutoSaveTask.kt:40)
	at org.alter.game.service.GameService.cycle(GameService.kt:192)
	at java.base/java.util.concurrent.Executors$RunnableAdapter.call(Executors.java:539)
	at java.base/java.util.concurrent.FutureTask.runAndReset(FutureTask.java:305)
	at java.base/java.util.concurrent.ScheduledThreadPoolExecutor$ScheduledFutureTask.run(ScheduledThreadPoolExecutor.java:305)
	at java.base/java.util.concurrent.ThreadPoolExecutor.runWorker(ThreadPoolExecutor.java:1136)
	at java.base/java.util.concurrent.ThreadPoolExecutor$Worker.run(ThreadPoolExecutor.java:635)
	at java.base/java.lang.Thread.run(Thread.java:840)
[2025-11-15 23:34:12.080] ERROR org.alter.game.saving.PlayerSaving - Failed to save player DragonM: List element cannot be cast to int
java.lang.ClassCastException: List element cannot be cast to int
	at org.bson.Document.constructValuesList(Document.java:402)
	at org.bson.Document.getList(Document.java:369)
	at org.alter.game.saving.PlayerSaving.savePlayer(PlayerSaving.kt:56)
	at org.alter.game.task.AutoSaveTask.performAutoSave$lambda$4(AutoSaveTask.kt:64)
	at org.alter.game.model.PawnList.forEach(PawnList.kt:35)
	at org.alter.game.task.AutoSaveTask.performAutoSave(AutoSaveTask.kt:55)
	at org.alter.game.task.AutoSaveTask.execute(AutoSaveTask.kt:40)
	at org.alter.game.service.GameService.cycle(GameService.kt:192)
	at java.base/java.util.concurrent.Executors$RunnableAdapter.call(Executors.java:539)
	at java.base/java.util.concurrent.FutureTask.runAndReset(FutureTask.java:305)
	at java.base/java.util.concurrent.ScheduledThreadPoolExecutor$ScheduledFutureTask.run(ScheduledThreadPoolExecutor.java:305)
	at java.base/java.util.concurrent.ThreadPoolExecutor.runWorker(ThreadPoolExecutor.java:1136)
	at java.base/java.util.concurrent.ThreadPoolExecutor$Worker.run(ThreadPoolExecutor.java:635)
	at java.base/java.lang.Thread.run(Thread.java:840)
[2025-11-15 23:34:12.080] ERROR org.alter.game.task.AutoSaveTask - Failed to auto-save player 'DragonM': List element cannot be cast to int
java.lang.ClassCastException: List element cannot be cast to int
	at org.bson.Document.constructValuesList(Document.java:402)
	at org.bson.Document.getList(Document.java:369)
	at org.alter.game.saving.PlayerSaving.savePlayer(PlayerSaving.kt:56)
	at org.alter.game.task.AutoSaveTask.performAutoSave$lambda$4(AutoSaveTask.kt:64)
	at org.alter.game.model.PawnList.forEach(PawnList.kt:35)
	at org.alter.game.task.AutoSaveTask.performAutoSave(AutoSaveTask.kt:55)
	at org.alter.game.task.AutoSaveTask.execute(AutoSaveTask.kt:40)
	at org.alter.game.service.GameService.cycle(GameService.kt:192)
	at java.base/java.util.concurrent.Executors$RunnableAdapter.call(Executors.java:539)
	at java.base/java.util.concurrent.FutureTask.runAndReset(FutureTask.java:305)
	at java.base/java.util.concurrent.ScheduledThreadPoolExecutor$ScheduledFutureTask.run(ScheduledThreadPoolExecutor.java:305)
	at java.base/java.util.concurrent.ThreadPoolExecutor.runWorker(ThreadPoolExecutor.java:1136)
	at java.base/java.util.concurrent.ThreadPoolExecutor$Worker.run(ThreadPoolExecutor.java:635)
	at java.base/java.lang.Thread.run(Thread.java:840)
[2025-11-15 23:34:12.080] ERROR org.alter.game.saving.PlayerSaving - Failed to serialize details for player SpideyM
java.lang.ClassCastException: List element cannot be cast to int
	at org.bson.Document.constructValuesList(Document.java:402)
	at org.bson.Document.getList(Document.java:369)
	at org.alter.game.saving.PlayerSaving.savePlayer(PlayerSaving.kt:56)
	at org.alter.game.task.AutoSaveTask.performAutoSave$lambda$4(AutoSaveTask.kt:64)
	at org.alter.game.model.PawnList.forEach(PawnList.kt:35)
	at org.alter.game.task.AutoSaveTask.performAutoSave(AutoSaveTask.kt:55)
	at org.alter.game.task.AutoSaveTask.execute(AutoSaveTask.kt:40)
	at org.alter.game.service.GameService.cycle(GameService.kt:192)
	at java.base/java.util.concurrent.Executors$RunnableAdapter.call(Executors.java:539)
	at java.base/java.util.concurrent.FutureTask.runAndReset(FutureTask.java:305)
	at java.base/java.util.concurrent.ScheduledThreadPoolExecutor$ScheduledFutureTask.run(ScheduledThreadPoolExecutor.java:305)
	at java.base/java.util.concurrent.ThreadPoolExecutor.runWorker(ThreadPoolExecutor.java:1136)
	at java.base/java.util.concurrent.ThreadPoolExecutor$Worker.run(ThreadPoolExecutor.java:635)
	at java.base/java.lang.Thread.run(Thread.java:840)
[2025-11-15 23:34:12.080] ERROR org.alter.game.saving.PlayerSaving - Failed to save player SpideyM: List element cannot be cast to int
java.lang.ClassCastException: List element cannot be cast to int
	at org.bson.Document.constructValuesList(Document.java:402)
	at org.bson.Document.getList(Document.java:369)
	at org.alter.game.saving.PlayerSaving.savePlayer(PlayerSaving.kt:56)
	at org.alter.game.task.AutoSaveTask.performAutoSave$lambda$4(AutoSaveTask.kt:64)
	at org.alter.game.model.PawnList.forEach(PawnList.kt:35)
	at org.alter.game.task.AutoSaveTask.performAutoSave(AutoSaveTask.kt:55)
	at org.alter.game.task.AutoSaveTask.execute(AutoSaveTask.kt:40)
	at org.alter.game.service.GameService.cycle(GameService.kt:192)
	at java.base/java.util.concurrent.Executors$RunnableAdapter.call(Executors.java:539)
	at java.base/java.util.concurrent.FutureTask.runAndReset(FutureTask.java:305)
	at java.base/java.util.concurrent.ScheduledThreadPoolExecutor$ScheduledFutureTask.run(ScheduledThreadPoolExecutor.java:305)
	at java.base/java.util.concurrent.ThreadPoolExecutor.runWorker(ThreadPoolExecutor.java:1136)
	at java.base/java.util.concurrent.ThreadPoolExecutor$Worker.run(ThreadPoolExecutor.java:635)
	at java.base/java.lang.Thread.run(Thread.java:840)
[2025-11-15 23:34:12.080] ERROR org.alter.game.task.AutoSaveTask - Failed to auto-save player 'SpideyM': List element cannot be cast to int
java.lang.ClassCastException: List element cannot be cast to int
	at org.bson.Document.constructValuesList(Document.java:402)
	at org.bson.Document.getList(Document.java:369)
	at org.alter.game.saving.PlayerSaving.savePlayer(PlayerSaving.kt:56)
	at org.alter.game.task.AutoSaveTask.performAutoSave$lambda$4(AutoSaveTask.kt:64)
	at org.alter.game.model.PawnList.forEach(PawnList.kt:35)
	at org.alter.game.task.AutoSaveTask.performAutoSave(AutoSaveTask.kt:55)
	at org.alter.game.task.AutoSaveTask.execute(AutoSaveTask.kt:40)
	at org.alter.game.service.GameService.cycle(GameService.kt:192)
	at java.base/java.util.concurrent.Executors$RunnableAdapter.call(Executors.java:539)
	at java.base/java.util.concurrent.FutureTask.runAndReset(FutureTask.java:305)
	at java.base/java.util.concurrent.ScheduledThreadPoolExecutor$ScheduledFutureTask.run(ScheduledThreadPoolExecutor.java:305)
	at java.base/java.util.concurrent.ThreadPoolExecutor.runWorker(ThreadPoolExecutor.java:1136)
	at java.base/java.util.concurrent.ThreadPoolExecutor$Worker.run(ThreadPoolExecutor.java:635)
	at java.base/java.lang.Thread.run(Thread.java:840)
[2025-11-15 23:34:12.081] WARN  org.alter.game.task.AutoSaveTask - Auto-save attempted but no players were saved (2 players online)
[2025-11-15 23:34:20.709] WARN  o.a.g.s.impl.DetailSerialisation - Failed to load tile position for player Pnda: List element cannot be cast to int. Falling back to home location.
[2025-11-15 23:34:20.709] WARN  o.a.g.s.impl.DetailSerialisation - Player Pnda position not found in save file (tile data: null), spawning at home location
[2025-11-15 23:34:42.070] ERROR org.alter.game.saving.PlayerSaving - Failed to serialize details for player DragonM
java.lang.ClassCastException: List element cannot be cast to int
	at org.bson.Document.constructValuesList(Document.java:402)
	at org.bson.Document.getList(Document.java:369)
	at org.alter.game.saving.PlayerSaving.savePlayer(PlayerSaving.kt:56)
	at org.alter.game.task.AutoSaveTask.performAutoSave$lambda$4(AutoSaveTask.kt:64)
	at org.alter.game.model.PawnList.forEach(PawnList.kt:35)
	at org.alter.game.task.AutoSaveTask.performAutoSave(AutoSaveTask.kt:55)
	at org.alter.game.task.AutoSaveTask.execute(AutoSaveTask.kt:40)
	at org.alter.game.service.GameService.cycle(GameService.kt:192)
	at java.base/java.util.concurrent.Executors$RunnableAdapter.call(Executors.java:539)
	at java.base/java.util.concurrent.FutureTask.runAndReset(FutureTask.java:305)
	at java.base/java.util.concurrent.ScheduledThreadPoolExecutor$ScheduledFutureTask.run(ScheduledThreadPoolExecutor.java:305)
	at java.base/java.util.concurrent.ThreadPoolExecutor.runWorker(ThreadPoolExecutor.java:1136)
	at java.base/java.util.concurrent.ThreadPoolExecutor$Worker.run(ThreadPoolExecutor.java:635)
	at java.base/java.lang.Thread.run(Thread.java:840)
[2025-11-15 23:34:42.071] ERROR org.alter.game.saving.PlayerSaving - Failed to save player DragonM: List element cannot be cast to int
java.lang.ClassCastException: List element cannot be cast to int
	at org.bson.Document.constructValuesList(Document.java:402)
	at org.bson.Document.getList(Document.java:369)
	at org.alter.game.saving.PlayerSaving.savePlayer(PlayerSaving.kt:56)
	at org.alter.game.task.AutoSaveTask.performAutoSave$lambda$4(AutoSaveTask.kt:64)
	at org.alter.game.model.PawnList.forEach(PawnList.kt:35)
	at org.alter.game.task.AutoSaveTask.performAutoSave(AutoSaveTask.kt:55)
	at org.alter.game.task.AutoSaveTask.execute(AutoSaveTask.kt:40)
	at org.alter.game.service.GameService.cycle(GameService.kt:192)
	at java.base/java.util.concurrent.Executors$RunnableAdapter.call(Executors.java:539)
	at java.base/java.util.concurrent.FutureTask.runAndReset(FutureTask.java:305)
	at java.base/java.util.concurrent.ScheduledThreadPoolExecutor$ScheduledFutureTask.run(ScheduledThreadPoolExecutor.java:305)
	at java.base/java.util.concurrent.ThreadPoolExecutor.runWorker(ThreadPoolExecutor.java:1136)
	at java.base/java.util.concurrent.ThreadPoolExecutor$Worker.run(ThreadPoolExecutor.java:635)
	at java.base/java.lang.Thread.run(Thread.java:840)
[2025-11-15 23:34:42.071] ERROR org.alter.game.task.AutoSaveTask - Failed to auto-save player 'DragonM': List element cannot be cast to int
java.lang.ClassCastException: List element cannot be cast to int
	at org.bson.Document.constructValuesList(Document.java:402)
	at org.bson.Document.getList(Document.java:369)
	at org.alter.game.saving.PlayerSaving.savePlayer(PlayerSaving.kt:56)
	at org.alter.game.task.AutoSaveTask.performAutoSave$lambda$4(AutoSaveTask.kt:64)
	at org.alter.game.model.PawnList.forEach(PawnList.kt:35)
	at org.alter.game.task.AutoSaveTask.performAutoSave(AutoSaveTask.kt:55)
	at org.alter.game.task.AutoSaveTask.execute(AutoSaveTask.kt:40)
	at org.alter.game.service.GameService.cycle(GameService.kt:192)
	at java.base/java.util.concurrent.Executors$RunnableAdapter.call(Executors.java:539)
	at java.base/java.util.concurrent.FutureTask.runAndReset(FutureTask.java:305)
	at java.base/java.util.concurrent.ScheduledThreadPoolExecutor$ScheduledFutureTask.run(ScheduledThreadPoolExecutor.java:305)
	at java.base/java.util.concurrent.ThreadPoolExecutor.runWorker(ThreadPoolExecutor.java:1136)
	at java.base/java.util.concurrent.ThreadPoolExecutor$Worker.run(ThreadPoolExecutor.java:635)
	at java.base/java.lang.Thread.run(Thread.java:840)
[2025-11-15 23:34:42.071] ERROR org.alter.game.saving.PlayerSaving - Failed to serialize details for player SpideyM
java.lang.ClassCastException: List element cannot be cast to int
	at org.bson.Document.constructValuesList(Document.java:402)
	at org.bson.Document.getList(Document.java:369)
	at org.alter.game.saving.PlayerSaving.savePlayer(PlayerSaving.kt:56)
	at org.alter.game.task.AutoSaveTask.performAutoSave$lambda$4(AutoSaveTask.kt:64)
	at org.alter.game.model.PawnList.forEach(PawnList.kt:35)
	at org.alter.game.task.AutoSaveTask.performAutoSave(AutoSaveTask.kt:55)
	at org.alter.game.task.AutoSaveTask.execute(AutoSaveTask.kt:40)
	at org.alter.game.service.GameService.cycle(GameService.kt:192)
	at java.base/java.util.concurrent.Executors$RunnableAdapter.call(Executors.java:539)
	at java.base/java.util.concurrent.FutureTask.runAndReset(FutureTask.java:305)
	at java.base/java.util.concurrent.ScheduledThreadPoolExecutor$ScheduledFutureTask.run(ScheduledThreadPoolExecutor.java:305)
	at java.base/java.util.concurrent.ThreadPoolExecutor.runWorker(ThreadPoolExecutor.java:1136)
	at java.base/java.util.concurrent.ThreadPoolExecutor$Worker.run(ThreadPoolExecutor.java:635)
	at java.base/java.lang.Thread.run(Thread.java:840)
[2025-11-15 23:34:42.071] ERROR org.alter.game.saving.PlayerSaving - Failed to save player SpideyM: List element cannot be cast to int
java.lang.ClassCastException: List element cannot be cast to int
	at org.bson.Document.constructValuesList(Document.java:402)
	at org.bson.Document.getList(Document.java:369)
	at org.alter.game.saving.PlayerSaving.savePlayer(PlayerSaving.kt:56)
	at org.alter.game.task.AutoSaveTask.performAutoSave$lambda$4(AutoSaveTask.kt:64)
	at org.alter.game.model.PawnList.forEach(PawnList.kt:35)
	at org.alter.game.task.AutoSaveTask.performAutoSave(AutoSaveTask.kt:55)
	at org.alter.game.task.AutoSaveTask.execute(AutoSaveTask.kt:40)
	at org.alter.game.service.GameService.cycle(GameService.kt:192)
	at java.base/java.util.concurrent.Executors$RunnableAdapter.call(Executors.java:539)
	at java.base/java.util.concurrent.FutureTask.runAndReset(FutureTask.java:305)
	at java.base/java.util.concurrent.ScheduledThreadPoolExecutor$ScheduledFutureTask.run(ScheduledThreadPoolExecutor.java:305)
	at java.base/java.util.concurrent.ThreadPoolExecutor.runWorker(ThreadPoolExecutor.java:1136)
	at java.base/java.util.concurrent.ThreadPoolExecutor$Worker.run(ThreadPoolExecutor.java:635)
	at java.base/java.lang.Thread.run(Thread.java:840)
[2025-11-15 23:34:42.071] ERROR org.alter.game.task.AutoSaveTask - Failed to auto-save player 'SpideyM': List element cannot be cast to int
java.lang.ClassCastException: List element cannot be cast to int
	at org.bson.Document.constructValuesList(Document.java:402)
	at org.bson.Document.getList(Document.java:369)
	at org.alter.game.saving.PlayerSaving.savePlayer(PlayerSaving.kt:56)
	at org.alter.game.task.AutoSaveTask.performAutoSave$lambda$4(AutoSaveTask.kt:64)
	at org.alter.game.model.PawnList.forEach(PawnList.kt:35)
	at org.alter.game.task.AutoSaveTask.performAutoSave(AutoSaveTask.kt:55)
	at org.alter.game.task.AutoSaveTask.execute(AutoSaveTask.kt:40)
	at org.alter.game.service.GameService.cycle(GameService.kt:192)
	at java.base/java.util.concurrent.Executors$RunnableAdapter.call(Executors.java:539)
	at java.base/java.util.concurrent.FutureTask.runAndReset(FutureTask.java:305)
	at java.base/java.util.concurrent.ScheduledThreadPoolExecutor$ScheduledFutureTask.run(ScheduledThreadPoolExecutor.java:305)
	at java.base/java.util.concurrent.ThreadPoolExecutor.runWorker(ThreadPoolExecutor.java:1136)
	at java.base/java.util.concurrent.ThreadPoolExecutor$Worker.run(ThreadPoolExecutor.java:635)
	at java.base/java.lang.Thread.run(Thread.java:840)
[2025-11-15 23:34:42.071] ERROR org.alter.game.saving.PlayerSaving - Failed to serialize details for player Pnda
java.lang.ClassCastException: List element cannot be cast to int
	at org.bson.Document.constructValuesList(Document.java:402)
	at org.bson.Document.getList(Document.java:369)
	at org.alter.game.saving.PlayerSaving.savePlayer(PlayerSaving.kt:56)
	at org.alter.game.task.AutoSaveTask.performAutoSave$lambda$4(AutoSaveTask.kt:64)
	at org.alter.game.model.PawnList.forEach(PawnList.kt:35)
	at org.alter.game.task.AutoSaveTask.performAutoSave(AutoSaveTask.kt:55)
	at org.alter.game.task.AutoSaveTask.execute(AutoSaveTask.kt:40)
	at org.alter.game.service.GameService.cycle(GameService.kt:192)
	at java.base/java.util.concurrent.Executors$RunnableAdapter.call(Executors.java:539)
	at java.base/java.util.concurrent.FutureTask.runAndReset(FutureTask.java:305)
	at java.base/java.util.concurrent.ScheduledThreadPoolExecutor$ScheduledFutureTask.run(ScheduledThreadPoolExecutor.java:305)
	at java.base/java.util.concurrent.ThreadPoolExecutor.runWorker(ThreadPoolExecutor.java:1136)
	at java.base/java.util.concurrent.ThreadPoolExecutor$Worker.run(ThreadPoolExecutor.java:635)
	at java.base/java.lang.Thread.run(Thread.java:840)
[2025-11-15 23:34:42.071] ERROR org.alter.game.saving.PlayerSaving - Failed to save player Pnda: List element cannot be cast to int
java.lang.ClassCastException: List element cannot be cast to int
	at org.bson.Document.constructValuesList(Document.java:402)
	at org.bson.Document.getList(Document.java:369)
	at org.alter.game.saving.PlayerSaving.savePlayer(PlayerSaving.kt:56)
	at org.alter.game.task.AutoSaveTask.performAutoSave$lambda$4(AutoSaveTask.kt:64)
	at org.alter.game.model.PawnList.forEach(PawnList.kt:35)
	at org.alter.game.task.AutoSaveTask.performAutoSave(AutoSaveTask.kt:55)
	at org.alter.game.task.AutoSaveTask.execute(AutoSaveTask.kt:40)
	at org.alter.game.service.GameService.cycle(GameService.kt:192)
	at java.base/java.util.concurrent.Executors$RunnableAdapter.call(Executors.java:539)
	at java.base/java.util.concurrent.FutureTask.runAndReset(FutureTask.java:305)
	at java.base/java.util.concurrent.ScheduledThreadPoolExecutor$ScheduledFutureTask.run(ScheduledThreadPoolExecutor.java:305)
	at java.base/java.util.concurrent.ThreadPoolExecutor.runWorker(ThreadPoolExecutor.java:1136)
	at java.base/java.util.concurrent.ThreadPoolExecutor$Worker.run(ThreadPoolExecutor.java:635)
	at java.base/java.lang.Thread.run(Thread.java:840)
[2025-11-15 23:34:42.071] ERROR org.alter.game.task.AutoSaveTask - Failed to auto-save player 'Pnda': List element cannot be cast to int
java.lang.ClassCastException: List element cannot be cast to int
	at org.bson.Document.constructValuesList(Document.java:402)
	at org.bson.Document.getList(Document.java:369)
	at org.alter.game.saving.PlayerSaving.savePlayer(PlayerSaving.kt:56)
	at org.alter.game.task.AutoSaveTask.performAutoSave$lambda$4(AutoSaveTask.kt:64)
	at org.alter.game.model.PawnList.forEach(PawnList.kt:35)
	at org.alter.game.task.AutoSaveTask.performAutoSave(AutoSaveTask.kt:55)
	at org.alter.game.task.AutoSaveTask.execute(AutoSaveTask.kt:40)
	at org.alter.game.service.GameService.cycle(GameService.kt:192)
	at java.base/java.util.concurrent.Executors$RunnableAdapter.call(Executors.java:539)
	at java.base/java.util.concurrent.FutureTask.runAndReset(FutureTask.java:305)
	at java.base/java.util.concurrent.ScheduledThreadPoolExecutor$ScheduledFutureTask.run(ScheduledThreadPoolExecutor.java:305)
	at java.base/java.util.concurrent.ThreadPoolExecutor.runWorker(ThreadPoolExecutor.java:1136)
	at java.base/java.util.concurrent.ThreadPoolExecutor$Worker.run(ThreadPoolExecutor.java:635)
	at java.base/java.lang.Thread.run(Thread.java:840)
[2025-11-15 23:34:42.071] WARN  org.alter.game.task.AutoSaveTask - Auto-save attempted but no players were saved (3 players online)
[2025-11-15 23:35:12.079] ERROR org.alter.game.saving.PlayerSaving - Failed to serialize details for player DragonM
java.lang.ClassCastException: List element cannot be cast to int
	at org.bson.Document.constructValuesList(Document.java:402)
	at org.bson.Document.getList(Document.java:369)
	at org.alter.game.saving.PlayerSaving.savePlayer(PlayerSaving.kt:56)
	at org.alter.game.task.AutoSaveTask.performAutoSave$lambda$4(AutoSaveTask.kt:64)
	at org.alter.game.model.PawnList.forEach(PawnList.kt:35)
	at org.alter.game.task.AutoSaveTask.performAutoSave(AutoSaveTask.kt:55)
	at org.alter.game.task.AutoSaveTask.execute(AutoSaveTask.kt:40)
	at org.alter.game.service.GameService.cycle(GameService.kt:192)
	at java.base/java.util.concurrent.Executors$RunnableAdapter.call(Executors.java:539)
	at java.base/java.util.concurrent.FutureTask.runAndReset(FutureTask.java:305)
	at java.base/java.util.concurrent.ScheduledThreadPoolExecutor$ScheduledFutureTask.run(ScheduledThreadPoolExecutor.java:305)
	at java.base/java.util.concurrent.ThreadPoolExecutor.runWorker(ThreadPoolExecutor.java:1136)
	at java.base/java.util.concurrent.ThreadPoolExecutor$Worker.run(ThreadPoolExecutor.java:635)
	at java.base/java.lang.Thread.run(Thread.java:840)
[2025-11-15 23:35:12.080] ERROR org.alter.game.saving.PlayerSaving - Failed to save player DragonM: List element cannot be cast to int
java.lang.ClassCastException: List element cannot be cast to int
	at org.bson.Document.constructValuesList(Document.java:402)
	at org.bson.Document.getList(Document.java:369)
	at org.alter.game.saving.PlayerSaving.savePlayer(PlayerSaving.kt:56)
	at org.alter.game.task.AutoSaveTask.performAutoSave$lambda$4(AutoSaveTask.kt:64)
	at org.alter.game.model.PawnList.forEach(PawnList.kt:35)
	at org.alter.game.task.AutoSaveTask.performAutoSave(AutoSaveTask.kt:55)
	at org.alter.game.task.AutoSaveTask.execute(AutoSaveTask.kt:40)
	at org.alter.game.service.GameService.cycle(GameService.kt:192)
	at java.base/java.util.concurrent.Executors$RunnableAdapter.call(Executors.java:539)
	at java.base/java.util.concurrent.FutureTask.runAndReset(FutureTask.java:305)
	at java.base/java.util.concurrent.ScheduledThreadPoolExecutor$ScheduledFutureTask.run(ScheduledThreadPoolExecutor.java:305)
	at java.base/java.util.concurrent.ThreadPoolExecutor.runWorker(ThreadPoolExecutor.java:1136)
	at java.base/java.util.concurrent.ThreadPoolExecutor$Worker.run(ThreadPoolExecutor.java:635)
	at java.base/java.lang.Thread.run(Thread.java:840)
[2025-11-15 23:35:12.080] ERROR org.alter.game.task.AutoSaveTask - Failed to auto-save player 'DragonM': List element cannot be cast to int
java.lang.ClassCastException: List element cannot be cast to int
	at org.bson.Document.constructValuesList(Document.java:402)
	at org.bson.Document.getList(Document.java:369)
	at org.alter.game.saving.PlayerSaving.savePlayer(PlayerSaving.kt:56)
	at org.alter.game.task.AutoSaveTask.performAutoSave$lambda$4(AutoSaveTask.kt:64)
	at org.alter.game.model.PawnList.forEach(PawnList.kt:35)
	at org.alter.game.task.AutoSaveTask.performAutoSave(AutoSaveTask.kt:55)
	at org.alter.game.task.AutoSaveTask.execute(AutoSaveTask.kt:40)
	at org.alter.game.service.GameService.cycle(GameService.kt:192)
	at java.base/java.util.concurrent.Executors$RunnableAdapter.call(Executors.java:539)
	at java.base/java.util.concurrent.FutureTask.runAndReset(FutureTask.java:305)
	at java.base/java.util.concurrent.ScheduledThreadPoolExecutor$ScheduledFutureTask.run(ScheduledThreadPoolExecutor.java:305)
	at java.base/java.util.concurrent.ThreadPoolExecutor.runWorker(ThreadPoolExecutor.java:1136)
	at java.base/java.util.concurrent.ThreadPoolExecutor$Worker.run(ThreadPoolExecutor.java:635)
	at java.base/java.lang.Thread.run(Thread.java:840)
[2025-11-15 23:35:12.080] ERROR org.alter.game.saving.PlayerSaving - Failed to serialize details for player SpideyM
java.lang.ClassCastException: List element cannot be cast to int
	at org.bson.Document.constructValuesList(Document.java:402)
	at org.bson.Document.getList(Document.java:369)
	at org.alter.game.saving.PlayerSaving.savePlayer(PlayerSaving.kt:56)
	at org.alter.game.task.AutoSaveTask.performAutoSave$lambda$4(AutoSaveTask.kt:64)
	at org.alter.game.model.PawnList.forEach(PawnList.kt:35)
	at org.alter.game.task.AutoSaveTask.performAutoSave(AutoSaveTask.kt:55)
	at org.alter.game.task.AutoSaveTask.execute(AutoSaveTask.kt:40)
	at org.alter.game.service.GameService.cycle(GameService.kt:192)
	at java.base/java.util.concurrent.Executors$RunnableAdapter.call(Executors.java:539)
	at java.base/java.util.concurrent.FutureTask.runAndReset(FutureTask.java:305)
	at java.base/java.util.concurrent.ScheduledThreadPoolExecutor$ScheduledFutureTask.run(ScheduledThreadPoolExecutor.java:305)
	at java.base/java.util.concurrent.ThreadPoolExecutor.runWorker(ThreadPoolExecutor.java:1136)
	at java.base/java.util.concurrent.ThreadPoolExecutor$Worker.run(ThreadPoolExecutor.java:635)
	at java.base/java.lang.Thread.run(Thread.java:840)
[2025-11-15 23:35:12.080] ERROR org.alter.game.saving.PlayerSaving - Failed to save player SpideyM: List element cannot be cast to int
java.lang.ClassCastException: List element cannot be cast to int
	at org.bson.Document.constructValuesList(Document.java:402)
	at org.bson.Document.getList(Document.java:369)
	at org.alter.game.saving.PlayerSaving.savePlayer(PlayerSaving.kt:56)
	at org.alter.game.task.AutoSaveTask.performAutoSave$lambda$4(AutoSaveTask.kt:64)
	at org.alter.game.model.PawnList.forEach(PawnList.kt:35)
	at org.alter.game.task.AutoSaveTask.performAutoSave(AutoSaveTask.kt:55)
	at org.alter.game.task.AutoSaveTask.execute(AutoSaveTask.kt:40)
	at org.alter.game.service.GameService.cycle(GameService.kt:192)
	at java.base/java.util.concurrent.Executors$RunnableAdapter.call(Executors.java:539)
	at java.base/java.util.concurrent.FutureTask.runAndReset(FutureTask.java:305)
	at java.base/java.util.concurrent.ScheduledThreadPoolExecutor$ScheduledFutureTask.run(ScheduledThreadPoolExecutor.java:305)
	at java.base/java.util.concurrent.ThreadPoolExecutor.runWorker(ThreadPoolExecutor.java:1136)
	at java.base/java.util.concurrent.ThreadPoolExecutor$Worker.run(ThreadPoolExecutor.java:635)
	at java.base/java.lang.Thread.run(Thread.java:840)
[2025-11-15 23:35:12.080] ERROR org.alter.game.task.AutoSaveTask - Failed to auto-save player 'SpideyM': List element cannot be cast to int
java.lang.ClassCastException: List element cannot be cast to int
	at org.bson.Document.constructValuesList(Document.java:402)
	at org.bson.Document.getList(Document.java:369)
	at org.alter.game.saving.PlayerSaving.savePlayer(PlayerSaving.kt:56)
	at org.alter.game.task.AutoSaveTask.performAutoSave$lambda$4(AutoSaveTask.kt:64)
	at org.alter.game.model.PawnList.forEach(PawnList.kt:35)
	at org.alter.game.task.AutoSaveTask.performAutoSave(AutoSaveTask.kt:55)
	at org.alter.game.task.AutoSaveTask.execute(AutoSaveTask.kt:40)
	at org.alter.game.service.GameService.cycle(GameService.kt:192)
	at java.base/java.util.concurrent.Executors$RunnableAdapter.call(Executors.java:539)
	at java.base/java.util.concurrent.FutureTask.runAndReset(FutureTask.java:305)
	at java.base/java.util.concurrent.ScheduledThreadPoolExecutor$ScheduledFutureTask.run(ScheduledThreadPoolExecutor.java:305)
	at java.base/java.util.concurrent.ThreadPoolExecutor.runWorker(ThreadPoolExecutor.java:1136)
	at java.base/java.util.concurrent.ThreadPoolExecutor$Worker.run(ThreadPoolExecutor.java:635)
	at java.base/java.lang.Thread.run(Thread.java:840)
[2025-11-15 23:35:12.081] ERROR org.alter.game.saving.PlayerSaving - Failed to serialize details for player Pnda
java.lang.ClassCastException: List element cannot be cast to int
	at org.bson.Document.constructValuesList(Document.java:402)
	at org.bson.Document.getList(Document.java:369)
	at org.alter.game.saving.PlayerSaving.savePlayer(PlayerSaving.kt:56)
	at org.alter.game.task.AutoSaveTask.performAutoSave$lambda$4(AutoSaveTask.kt:64)
	at org.alter.game.model.PawnList.forEach(PawnList.kt:35)
	at org.alter.game.task.AutoSaveTask.performAutoSave(AutoSaveTask.kt:55)
	at org.alter.game.task.AutoSaveTask.execute(AutoSaveTask.kt:40)
	at org.alter.game.service.GameService.cycle(GameService.kt:192)
	at java.base/java.util.concurrent.Executors$RunnableAdapter.call(Executors.java:539)
	at java.base/java.util.concurrent.FutureTask.runAndReset(FutureTask.java:305)
	at java.base/java.util.concurrent.ScheduledThreadPoolExecutor$ScheduledFutureTask.run(ScheduledThreadPoolExecutor.java:305)
	at java.base/java.util.concurrent.ThreadPoolExecutor.runWorker(ThreadPoolExecutor.java:1136)
	at java.base/java.util.concurrent.ThreadPoolExecutor$Worker.run(ThreadPoolExecutor.java:635)
	at java.base/java.lang.Thread.run(Thread.java:840)
[2025-11-15 23:35:12.081] ERROR org.alter.game.saving.PlayerSaving - Failed to save player Pnda: List element cannot be cast to int
java.lang.ClassCastException: List element cannot be cast to int
	at org.bson.Document.constructValuesList(Document.java:402)
	at org.bson.Document.getList(Document.java:369)
	at org.alter.game.saving.PlayerSaving.savePlayer(PlayerSaving.kt:56)
	at org.alter.game.task.AutoSaveTask.performAutoSave$lambda$4(AutoSaveTask.kt:64)
	at org.alter.game.model.PawnList.forEach(PawnList.kt:35)
	at org.alter.game.task.AutoSaveTask.performAutoSave(AutoSaveTask.kt:55)
	at org.alter.game.task.AutoSaveTask.execute(AutoSaveTask.kt:40)
	at org.alter.game.service.GameService.cycle(GameService.kt:192)
	at java.base/java.util.concurrent.Executors$RunnableAdapter.call(Executors.java:539)
	at java.base/java.util.concurrent.FutureTask.runAndReset(FutureTask.java:305)
	at java.base/java.util.concurrent.ScheduledThreadPoolExecutor$ScheduledFutureTask.run(ScheduledThreadPoolExecutor.java:305)
	at java.base/java.util.concurrent.ThreadPoolExecutor.runWorker(ThreadPoolExecutor.java:1136)
	at java.base/java.util.concurrent.ThreadPoolExecutor$Worker.run(ThreadPoolExecutor.java:635)
	at java.base/java.lang.Thread.run(Thread.java:840)
[2025-11-15 23:35:12.081] ERROR org.alter.game.task.AutoSaveTask - Failed to auto-save player 'Pnda': List element cannot be cast to int
java.lang.ClassCastException: List element cannot be cast to int
	at org.bson.Document.constructValuesList(Document.java:402)
	at org.bson.Document.getList(Document.java:369)
	at org.alter.game.saving.PlayerSaving.savePlayer(PlayerSaving.kt:56)
	at org.alter.game.task.AutoSaveTask.performAutoSave$lambda$4(AutoSaveTask.kt:64)
	at org.alter.game.model.PawnList.forEach(PawnList.kt:35)
	at org.alter.game.task.AutoSaveTask.performAutoSave(AutoSaveTask.kt:55)
	at org.alter.game.task.AutoSaveTask.execute(AutoSaveTask.kt:40)
	at org.alter.game.service.GameService.cycle(GameService.kt:192)
	at java.base/java.util.concurrent.Executors$RunnableAdapter.call(Executors.java:539)
	at java.base/java.util.concurrent.FutureTask.runAndReset(FutureTask.java:305)
	at java.base/java.util.concurrent.ScheduledThreadPoolExecutor$ScheduledFutureTask.run(ScheduledThreadPoolExecutor.java:305)
	at java.base/java.util.concurrent.ThreadPoolExecutor.runWorker(ThreadPoolExecutor.java:1136)
	at java.base/java.util.concurrent.ThreadPoolExecutor$Worker.run(ThreadPoolExecutor.java:635)
	at java.base/java.lang.Thread.run(Thread.java:840)
[2025-11-15 23:35:12.081] WARN  org.alter.game.task.AutoSaveTask - Auto-save attempted but no players were saved (3 players online)
[2025-11-15 23:35:42.074] ERROR org.alter.game.saving.PlayerSaving - Failed to serialize details for player DragonM
java.lang.ClassCastException: List element cannot be cast to int
	at org.bson.Document.constructValuesList(Document.java:402)
	at org.bson.Document.getList(Document.java:369)
	at org.alter.game.saving.PlayerSaving.savePlayer(PlayerSaving.kt:56)
	at org.alter.game.task.AutoSaveTask.performAutoSave$lambda$4(AutoSaveTask.kt:64)
	at org.alter.game.model.PawnList.forEach(PawnList.kt:35)
	at org.alter.game.task.AutoSaveTask.performAutoSave(AutoSaveTask.kt:55)
	at org.alter.game.task.AutoSaveTask.execute(AutoSaveTask.kt:40)
	at org.alter.game.service.GameService.cycle(GameService.kt:192)
	at java.base/java.util.concurrent.Executors$RunnableAdapter.call(Executors.java:539)
	at java.base/java.util.concurrent.FutureTask.runAndReset(FutureTask.java:305)
	at java.base/java.util.concurrent.ScheduledThreadPoolExecutor$ScheduledFutureTask.run(ScheduledThreadPoolExecutor.java:305)
	at java.base/java.util.concurrent.ThreadPoolExecutor.runWorker(ThreadPoolExecutor.java:1136)
	at java.base/java.util.concurrent.ThreadPoolExecutor$Worker.run(ThreadPoolExecutor.java:635)
	at java.base/java.lang.Thread.run(Thread.java:840)
[2025-11-15 23:35:42.074] ERROR org.alter.game.saving.PlayerSaving - Failed to save player DragonM: List element cannot be cast to int
java.lang.ClassCastException: List element cannot be cast to int
	at org.bson.Document.constructValuesList(Document.java:402)
	at org.bson.Document.getList(Document.java:369)
	at org.alter.game.saving.PlayerSaving.savePlayer(PlayerSaving.kt:56)
	at org.alter.game.task.AutoSaveTask.performAutoSave$lambda$4(AutoSaveTask.kt:64)
	at org.alter.game.model.PawnList.forEach(PawnList.kt:35)
	at org.alter.game.task.AutoSaveTask.performAutoSave(AutoSaveTask.kt:55)
	at org.alter.game.task.AutoSaveTask.execute(AutoSaveTask.kt:40)
	at org.alter.game.service.GameService.cycle(GameService.kt:192)
	at java.base/java.util.concurrent.Executors$RunnableAdapter.call(Executors.java:539)
	at java.base/java.util.concurrent.FutureTask.runAndReset(FutureTask.java:305)
	at java.base/java.util.concurrent.ScheduledThreadPoolExecutor$ScheduledFutureTask.run(ScheduledThreadPoolExecutor.java:305)
	at java.base/java.util.concurrent.ThreadPoolExecutor.runWorker(ThreadPoolExecutor.java:1136)
	at java.base/java.util.concurrent.ThreadPoolExecutor$Worker.run(ThreadPoolExecutor.java:635)
	at java.base/java.lang.Thread.run(Thread.java:840)
[2025-11-15 23:35:42.074] ERROR org.alter.game.task.AutoSaveTask - Failed to auto-save player 'DragonM': List element cannot be cast to int
java.lang.ClassCastException: List element cannot be cast to int
	at org.bson.Document.constructValuesList(Document.java:402)
	at org.bson.Document.getList(Document.java:369)
	at org.alter.game.saving.PlayerSaving.savePlayer(PlayerSaving.kt:56)
	at org.alter.game.task.AutoSaveTask.performAutoSave$lambda$4(AutoSaveTask.kt:64)
	at org.alter.game.model.PawnList.forEach(PawnList.kt:35)
	at org.alter.game.task.AutoSaveTask.performAutoSave(AutoSaveTask.kt:55)
	at org.alter.game.task.AutoSaveTask.execute(AutoSaveTask.kt:40)
	at org.alter.game.service.GameService.cycle(GameService.kt:192)
	at java.base/java.util.concurrent.Executors$RunnableAdapter.call(Executors.java:539)
	at java.base/java.util.concurrent.FutureTask.runAndReset(FutureTask.java:305)
	at java.base/java.util.concurrent.ScheduledThreadPoolExecutor$ScheduledFutureTask.run(ScheduledThreadPoolExecutor.java:305)
	at java.base/java.util.concurrent.ThreadPoolExecutor.runWorker(ThreadPoolExecutor.java:1136)
	at java.base/java.util.concurrent.ThreadPoolExecutor$Worker.run(ThreadPoolExecutor.java:635)
	at java.base/java.lang.Thread.run(Thread.java:840)
[2025-11-15 23:35:42.074] ERROR org.alter.game.saving.PlayerSaving - Failed to serialize details for player SpideyM
java.lang.ClassCastException: List element cannot be cast to int
	at org.bson.Document.constructValuesList(Document.java:402)
	at org.bson.Document.getList(Document.java:369)
	at org.alter.game.saving.PlayerSaving.savePlayer(PlayerSaving.kt:56)
	at org.alter.game.task.AutoSaveTask.performAutoSave$lambda$4(AutoSaveTask.kt:64)
	at org.alter.game.model.PawnList.forEach(PawnList.kt:35)
	at org.alter.game.task.AutoSaveTask.performAutoSave(AutoSaveTask.kt:55)
	at org.alter.game.task.AutoSaveTask.execute(AutoSaveTask.kt:40)
	at org.alter.game.service.GameService.cycle(GameService.kt:192)
	at java.base/java.util.concurrent.Executors$RunnableAdapter.call(Executors.java:539)
	at java.base/java.util.concurrent.FutureTask.runAndReset(FutureTask.java:305)
	at java.base/java.util.concurrent.ScheduledThreadPoolExecutor$ScheduledFutureTask.run(ScheduledThreadPoolExecutor.java:305)
	at java.base/java.util.concurrent.ThreadPoolExecutor.runWorker(ThreadPoolExecutor.java:1136)
	at java.base/java.util.concurrent.ThreadPoolExecutor$Worker.run(ThreadPoolExecutor.java:635)
	at java.base/java.lang.Thread.run(Thread.java:840)
[2025-11-15 23:35:42.075] ERROR org.alter.game.saving.PlayerSaving - Failed to save player SpideyM: List element cannot be cast to int
java.lang.ClassCastException: List element cannot be cast to int
	at org.bson.Document.constructValuesList(Document.java:402)
	at org.bson.Document.getList(Document.java:369)
	at org.alter.game.saving.PlayerSaving.savePlayer(PlayerSaving.kt:56)
	at org.alter.game.task.AutoSaveTask.performAutoSave$lambda$4(AutoSaveTask.kt:64)
	at org.alter.game.model.PawnList.forEach(PawnList.kt:35)
	at org.alter.game.task.AutoSaveTask.performAutoSave(AutoSaveTask.kt:55)
	at org.alter.game.task.AutoSaveTask.execute(AutoSaveTask.kt:40)
	at org.alter.game.service.GameService.cycle(GameService.kt:192)
	at java.base/java.util.concurrent.Executors$RunnableAdapter.call(Executors.java:539)
	at java.base/java.util.concurrent.FutureTask.runAndReset(FutureTask.java:305)
	at java.base/java.util.concurrent.ScheduledThreadPoolExecutor$ScheduledFutureTask.run(ScheduledThreadPoolExecutor.java:305)
	at java.base/java.util.concurrent.ThreadPoolExecutor.runWorker(ThreadPoolExecutor.java:1136)
	at java.base/java.util.concurrent.ThreadPoolExecutor$Worker.run(ThreadPoolExecutor.java:635)
	at java.base/java.lang.Thread.run(Thread.java:840)
[2025-11-15 23:35:42.075] ERROR org.alter.game.task.AutoSaveTask - Failed to auto-save player 'SpideyM': List element cannot be cast to int
java.lang.ClassCastException: List element cannot be cast to int
	at org.bson.Document.constructValuesList(Document.java:402)
	at org.bson.Document.getList(Document.java:369)
	at org.alter.game.saving.PlayerSaving.savePlayer(PlayerSaving.kt:56)
	at org.alter.game.task.AutoSaveTask.performAutoSave$lambda$4(AutoSaveTask.kt:64)
	at org.alter.game.model.PawnList.forEach(PawnList.kt:35)
	at org.alter.game.task.AutoSaveTask.performAutoSave(AutoSaveTask.kt:55)
	at org.alter.game.task.AutoSaveTask.execute(AutoSaveTask.kt:40)
	at org.alter.game.service.GameService.cycle(GameService.kt:192)
	at java.base/java.util.concurrent.Executors$RunnableAdapter.call(Executors.java:539)
	at java.base/java.util.concurrent.FutureTask.runAndReset(FutureTask.java:305)
	at java.base/java.util.concurrent.ScheduledThreadPoolExecutor$ScheduledFutureTask.run(ScheduledThreadPoolExecutor.java:305)
	at java.base/java.util.concurrent.ThreadPoolExecutor.runWorker(ThreadPoolExecutor.java:1136)
	at java.base/java.util.concurrent.ThreadPoolExecutor$Worker.run(ThreadPoolExecutor.java:635)
	at java.base/java.lang.Thread.run(Thread.java:840)
[2025-11-15 23:35:42.075] ERROR org.alter.game.saving.PlayerSaving - Failed to serialize details for player Pnda
java.lang.ClassCastException: List element cannot be cast to int
	at org.bson.Document.constructValuesList(Document.java:402)
	at org.bson.Document.getList(Document.java:369)
	at org.alter.game.saving.PlayerSaving.savePlayer(PlayerSaving.kt:56)
	at org.alter.game.task.AutoSaveTask.performAutoSave$lambda$4(AutoSaveTask.kt:64)
	at org.alter.game.model.PawnList.forEach(PawnList.kt:35)
	at org.alter.game.task.AutoSaveTask.performAutoSave(AutoSaveTask.kt:55)
	at org.alter.game.task.AutoSaveTask.execute(AutoSaveTask.kt:40)
	at org.alter.game.service.GameService.cycle(GameService.kt:192)
	at java.base/java.util.concurrent.Executors$RunnableAdapter.call(Executors.java:539)
	at java.base/java.util.concurrent.FutureTask.runAndReset(FutureTask.java:305)
	at java.base/java.util.concurrent.ScheduledThreadPoolExecutor$ScheduledFutureTask.run(ScheduledThreadPoolExecutor.java:305)
	at java.base/java.util.concurrent.ThreadPoolExecutor.runWorker(ThreadPoolExecutor.java:1136)
	at java.base/java.util.concurrent.ThreadPoolExecutor$Worker.run(ThreadPoolExecutor.java:635)
	at java.base/java.lang.Thread.run(Thread.java:840)
[2025-11-15 23:35:42.075] ERROR org.alter.game.saving.PlayerSaving - Failed to save player Pnda: List element cannot be cast to int
java.lang.ClassCastException: List element cannot be cast to int
	at org.bson.Document.constructValuesList(Document.java:402)
	at org.bson.Document.getList(Document.java:369)
	at org.alter.game.saving.PlayerSaving.savePlayer(PlayerSaving.kt:56)
	at org.alter.game.task.AutoSaveTask.performAutoSave$lambda$4(AutoSaveTask.kt:64)
	at org.alter.game.model.PawnList.forEach(PawnList.kt:35)
	at org.alter.game.task.AutoSaveTask.performAutoSave(AutoSaveTask.kt:55)
	at org.alter.game.task.AutoSaveTask.execute(AutoSaveTask.kt:40)
	at org.alter.game.service.GameService.cycle(GameService.kt:192)
	at java.base/java.util.concurrent.Executors$RunnableAdapter.call(Executors.java:539)
	at java.base/java.util.concurrent.FutureTask.runAndReset(FutureTask.java:305)
	at java.base/java.util.concurrent.ScheduledThreadPoolExecutor$ScheduledFutureTask.run(ScheduledThreadPoolExecutor.java:305)
	at java.base/java.util.concurrent.ThreadPoolExecutor.runWorker(ThreadPoolExecutor.java:1136)
	at java.base/java.util.concurrent.ThreadPoolExecutor$Worker.run(ThreadPoolExecutor.java:635)
	at java.base/java.lang.Thread.run(Thread.java:840)
[2025-11-15 23:35:42.075] ERROR org.alter.game.task.AutoSaveTask - Failed to auto-save player 'Pnda': List element cannot be cast to int
java.lang.ClassCastException: List element cannot be cast to int
	at org.bson.Document.constructValuesList(Document.java:402)
	at org.bson.Document.getList(Document.java:369)
	at org.alter.game.saving.PlayerSaving.savePlayer(PlayerSaving.kt:56)
	at org.alter.game.task.AutoSaveTask.performAutoSave$lambda$4(AutoSaveTask.kt:64)
	at org.alter.game.model.PawnList.forEach(PawnList.kt:35)
	at org.alter.game.task.AutoSaveTask.performAutoSave(AutoSaveTask.kt:55)
	at org.alter.game.task.AutoSaveTask.execute(AutoSaveTask.kt:40)
	at org.alter.game.service.GameService.cycle(GameService.kt:192)
	at java.base/java.util.concurrent.Executors$RunnableAdapter.call(Executors.java:539)
	at java.base/java.util.concurrent.FutureTask.runAndReset(FutureTask.java:305)
	at java.base/java.util.concurrent.ScheduledThreadPoolExecutor$ScheduledFutureTask.run(ScheduledThreadPoolExecutor.java:305)
	at java.base/java.util.concurrent.ThreadPoolExecutor.runWorker(ThreadPoolExecutor.java:1136)
	at java.base/java.util.concurrent.ThreadPoolExecutor$Worker.run(ThreadPoolExecutor.java:635)
	at java.base/java.lang.Thread.run(Thread.java:840)
[2025-11-15 23:35:42.075] WARN  org.alter.game.task.AutoSaveTask - Auto-save attempted but no players were saved (3 players online)
[2025-11-15 23:35:53.413] WARN  o.a.g.s.impl.DetailSerialisation - Failed to load tile position for player Pnda: List element cannot be cast to int. Falling back to home location.
[2025-11-15 23:35:53.413] WARN  o.a.g.s.impl.DetailSerialisation - Player Pnda position not found in save file (tile data: null), spawning at home location
[2025-11-15 23:35:59.761] WARN  o.a.g.s.impl.DetailSerialisation - Failed to load tile position for player DragonM: List element cannot be cast to int. Falling back to home location.
[2025-11-15 23:35:59.761] WARN  o.a.g.s.impl.DetailSerialisation - Player DragonM position not found in save file (tile data: null), spawning at home location
[2025-11-15 23:36:12.071] ERROR org.alter.game.saving.PlayerSaving - Failed to serialize details for player DragonM
java.lang.ClassCastException: List element cannot be cast to int
	at org.bson.Document.constructValuesList(Document.java:402)
	at org.bson.Document.getList(Document.java:369)
	at org.alter.game.saving.PlayerSaving.savePlayer(PlayerSaving.kt:56)
	at org.alter.game.task.AutoSaveTask.performAutoSave$lambda$4(AutoSaveTask.kt:64)
	at org.alter.game.model.PawnList.forEach(PawnList.kt:35)
	at org.alter.game.task.AutoSaveTask.performAutoSave(AutoSaveTask.kt:55)
	at org.alter.game.task.AutoSaveTask.execute(AutoSaveTask.kt:40)
	at org.alter.game.service.GameService.cycle(GameService.kt:192)
	at java.base/java.util.concurrent.Executors$RunnableAdapter.call(Executors.java:539)
	at java.base/java.util.concurrent.FutureTask.runAndReset(FutureTask.java:305)
	at java.base/java.util.concurrent.ScheduledThreadPoolExecutor$ScheduledFutureTask.run(ScheduledThreadPoolExecutor.java:305)
	at java.base/java.util.concurrent.ThreadPoolExecutor.runWorker(ThreadPoolExecutor.java:1136)
	at java.base/java.util.concurrent.ThreadPoolExecutor$Worker.run(ThreadPoolExecutor.java:635)
	at java.base/java.lang.Thread.run(Thread.java:840)
[2025-11-15 23:36:12.071] ERROR org.alter.game.saving.PlayerSaving - Failed to save player DragonM: List element cannot be cast to int
java.lang.ClassCastException: List element cannot be cast to int
	at org.bson.Document.constructValuesList(Document.java:402)
	at org.bson.Document.getList(Document.java:369)
	at org.alter.game.saving.PlayerSaving.savePlayer(PlayerSaving.kt:56)
	at org.alter.game.task.AutoSaveTask.performAutoSave$lambda$4(AutoSaveTask.kt:64)
	at org.alter.game.model.PawnList.forEach(PawnList.kt:35)
	at org.alter.game.task.AutoSaveTask.performAutoSave(AutoSaveTask.kt:55)
	at org.alter.game.task.AutoSaveTask.execute(AutoSaveTask.kt:40)
	at org.alter.game.service.GameService.cycle(GameService.kt:192)
	at java.base/java.util.concurrent.Executors$RunnableAdapter.call(Executors.java:539)
	at java.base/java.util.concurrent.FutureTask.runAndReset(FutureTask.java:305)
	at java.base/java.util.concurrent.ScheduledThreadPoolExecutor$ScheduledFutureTask.run(ScheduledThreadPoolExecutor.java:305)
	at java.base/java.util.concurrent.ThreadPoolExecutor.runWorker(ThreadPoolExecutor.java:1136)
	at java.base/java.util.concurrent.ThreadPoolExecutor$Worker.run(ThreadPoolExecutor.java:635)
	at java.base/java.lang.Thread.run(Thread.java:840)
[2025-11-15 23:36:12.071] ERROR org.alter.game.task.AutoSaveTask - Failed to auto-save player 'DragonM': List element cannot be cast to int
java.lang.ClassCastException: List element cannot be cast to int
	at org.bson.Document.constructValuesList(Document.java:402)
	at org.bson.Document.getList(Document.java:369)
	at org.alter.game.saving.PlayerSaving.savePlayer(PlayerSaving.kt:56)
	at org.alter.game.task.AutoSaveTask.performAutoSave$lambda$4(AutoSaveTask.kt:64)
	at org.alter.game.model.PawnList.forEach(PawnList.kt:35)
	at org.alter.game.task.AutoSaveTask.performAutoSave(AutoSaveTask.kt:55)
	at org.alter.game.task.AutoSaveTask.execute(AutoSaveTask.kt:40)
	at org.alter.game.service.GameService.cycle(GameService.kt:192)
	at java.base/java.util.concurrent.Executors$RunnableAdapter.call(Executors.java:539)
	at java.base/java.util.concurrent.FutureTask.runAndReset(FutureTask.java:305)
	at java.base/java.util.concurrent.ScheduledThreadPoolExecutor$ScheduledFutureTask.run(ScheduledThreadPoolExecutor.java:305)
	at java.base/java.util.concurrent.ThreadPoolExecutor.runWorker(ThreadPoolExecutor.java:1136)
	at java.base/java.util.concurrent.ThreadPoolExecutor$Worker.run(ThreadPoolExecutor.java:635)
	at java.base/java.lang.Thread.run(Thread.java:840)
[2025-11-15 23:36:12.071] ERROR org.alter.game.saving.PlayerSaving - Failed to serialize details for player SpideyM
java.lang.ClassCastException: List element cannot be cast to int
	at org.bson.Document.constructValuesList(Document.java:402)
	at org.bson.Document.getList(Document.java:369)
	at org.alter.game.saving.PlayerSaving.savePlayer(PlayerSaving.kt:56)
	at org.alter.game.task.AutoSaveTask.performAutoSave$lambda$4(AutoSaveTask.kt:64)
	at org.alter.game.model.PawnList.forEach(PawnList.kt:35)
	at org.alter.game.task.AutoSaveTask.performAutoSave(AutoSaveTask.kt:55)
	at org.alter.game.task.AutoSaveTask.execute(AutoSaveTask.kt:40)
	at org.alter.game.service.GameService.cycle(GameService.kt:192)
	at java.base/java.util.concurrent.Executors$RunnableAdapter.call(Executors.java:539)
	at java.base/java.util.concurrent.FutureTask.runAndReset(FutureTask.java:305)
	at java.base/java.util.concurrent.ScheduledThreadPoolExecutor$ScheduledFutureTask.run(ScheduledThreadPoolExecutor.java:305)
	at java.base/java.util.concurrent.ThreadPoolExecutor.runWorker(ThreadPoolExecutor.java:1136)
	at java.base/java.util.concurrent.ThreadPoolExecutor$Worker.run(ThreadPoolExecutor.java:635)
	at java.base/java.lang.Thread.run(Thread.java:840)
[2025-11-15 23:36:12.071] ERROR org.alter.game.saving.PlayerSaving - Failed to save player SpideyM: List element cannot be cast to int
java.lang.ClassCastException: List element cannot be cast to int
	at org.bson.Document.constructValuesList(Document.java:402)
	at org.bson.Document.getList(Document.java:369)
	at org.alter.game.saving.PlayerSaving.savePlayer(PlayerSaving.kt:56)
	at org.alter.game.task.AutoSaveTask.performAutoSave$lambda$4(AutoSaveTask.kt:64)
	at org.alter.game.model.PawnList.forEach(PawnList.kt:35)
	at org.alter.game.task.AutoSaveTask.performAutoSave(AutoSaveTask.kt:55)
	at org.alter.game.task.AutoSaveTask.execute(AutoSaveTask.kt:40)
	at org.alter.game.service.GameService.cycle(GameService.kt:192)
	at java.base/java.util.concurrent.Executors$RunnableAdapter.call(Executors.java:539)
	at java.base/java.util.concurrent.FutureTask.runAndReset(FutureTask.java:305)
	at java.base/java.util.concurrent.ScheduledThreadPoolExecutor$ScheduledFutureTask.run(ScheduledThreadPoolExecutor.java:305)
	at java.base/java.util.concurrent.ThreadPoolExecutor.runWorker(ThreadPoolExecutor.java:1136)
	at java.base/java.util.concurrent.ThreadPoolExecutor$Worker.run(ThreadPoolExecutor.java:635)
	at java.base/java.lang.Thread.run(Thread.java:840)
[2025-11-15 23:36:12.072] ERROR org.alter.game.task.AutoSaveTask - Failed to auto-save player 'SpideyM': List element cannot be cast to int
java.lang.ClassCastException: List element cannot be cast to int
	at org.bson.Document.constructValuesList(Document.java:402)
	at org.bson.Document.getList(Document.java:369)
	at org.alter.game.saving.PlayerSaving.savePlayer(PlayerSaving.kt:56)
	at org.alter.game.task.AutoSaveTask.performAutoSave$lambda$4(AutoSaveTask.kt:64)
	at org.alter.game.model.PawnList.forEach(PawnList.kt:35)
	at org.alter.game.task.AutoSaveTask.performAutoSave(AutoSaveTask.kt:55)
	at org.alter.game.task.AutoSaveTask.execute(AutoSaveTask.kt:40)
	at org.alter.game.service.GameService.cycle(GameService.kt:192)
	at java.base/java.util.concurrent.Executors$RunnableAdapter.call(Executors.java:539)
	at java.base/java.util.concurrent.FutureTask.runAndReset(FutureTask.java:305)
	at java.base/java.util.concurrent.ScheduledThreadPoolExecutor$ScheduledFutureTask.run(ScheduledThreadPoolExecutor.java:305)
	at java.base/java.util.concurrent.ThreadPoolExecutor.runWorker(ThreadPoolExecutor.java:1136)
	at java.base/java.util.concurrent.ThreadPoolExecutor$Worker.run(ThreadPoolExecutor.java:635)
	at java.base/java.lang.Thread.run(Thread.java:840)
[2025-11-15 23:36:12.072] ERROR org.alter.game.saving.PlayerSaving - Failed to serialize details for player Pnda
java.lang.ClassCastException: List element cannot be cast to int
	at org.bson.Document.constructValuesList(Document.java:402)
	at org.bson.Document.getList(Document.java:369)
	at org.alter.game.saving.PlayerSaving.savePlayer(PlayerSaving.kt:56)
	at org.alter.game.task.AutoSaveTask.performAutoSave$lambda$4(AutoSaveTask.kt:64)
	at org.alter.game.model.PawnList.forEach(PawnList.kt:35)
	at org.alter.game.task.AutoSaveTask.performAutoSave(AutoSaveTask.kt:55)
	at org.alter.game.task.AutoSaveTask.execute(AutoSaveTask.kt:40)
	at org.alter.game.service.GameService.cycle(GameService.kt:192)
	at java.base/java.util.concurrent.Executors$RunnableAdapter.call(Executors.java:539)
	at java.base/java.util.concurrent.FutureTask.runAndReset(FutureTask.java:305)
	at java.base/java.util.concurrent.ScheduledThreadPoolExecutor$ScheduledFutureTask.run(ScheduledThreadPoolExecutor.java:305)
	at java.base/java.util.concurrent.ThreadPoolExecutor.runWorker(ThreadPoolExecutor.java:1136)
	at java.base/java.util.concurrent.ThreadPoolExecutor$Worker.run(ThreadPoolExecutor.java:635)
	at java.base/java.lang.Thread.run(Thread.java:840)
[2025-11-15 23:36:12.072] ERROR org.alter.game.saving.PlayerSaving - Failed to save player Pnda: List element cannot be cast to int
java.lang.ClassCastException: List element cannot be cast to int
	at org.bson.Document.constructValuesList(Document.java:402)
	at org.bson.Document.getList(Document.java:369)
	at org.alter.game.saving.PlayerSaving.savePlayer(PlayerSaving.kt:56)
	at org.alter.game.task.AutoSaveTask.performAutoSave$lambda$4(AutoSaveTask.kt:64)
	at org.alter.game.model.PawnList.forEach(PawnList.kt:35)
	at org.alter.game.task.AutoSaveTask.performAutoSave(AutoSaveTask.kt:55)
	at org.alter.game.task.AutoSaveTask.execute(AutoSaveTask.kt:40)
	at org.alter.game.service.GameService.cycle(GameService.kt:192)
	at java.base/java.util.concurrent.Executors$RunnableAdapter.call(Executors.java:539)
	at java.base/java.util.concurrent.FutureTask.runAndReset(FutureTask.java:305)
	at java.base/java.util.concurrent.ScheduledThreadPoolExecutor$ScheduledFutureTask.run(ScheduledThreadPoolExecutor.java:305)
	at java.base/java.util.concurrent.ThreadPoolExecutor.runWorker(ThreadPoolExecutor.java:1136)
	at java.base/java.util.concurrent.ThreadPoolExecutor$Worker.run(ThreadPoolExecutor.java:635)
	at java.base/java.lang.Thread.run(Thread.java:840)
[2025-11-15 23:36:12.072] ERROR org.alter.game.task.AutoSaveTask - Failed to auto-save player 'Pnda': List element cannot be cast to int
java.lang.ClassCastException: List element cannot be cast to int
	at org.bson.Document.constructValuesList(Document.java:402)
	at org.bson.Document.getList(Document.java:369)
	at org.alter.game.saving.PlayerSaving.savePlayer(PlayerSaving.kt:56)
	at org.alter.game.task.AutoSaveTask.performAutoSave$lambda$4(AutoSaveTask.kt:64)
	at org.alter.game.model.PawnList.forEach(PawnList.kt:35)
	at org.alter.game.task.AutoSaveTask.performAutoSave(AutoSaveTask.kt:55)
	at org.alter.game.task.AutoSaveTask.execute(AutoSaveTask.kt:40)
	at org.alter.game.service.GameService.cycle(GameService.kt:192)
	at java.base/java.util.concurrent.Executors$RunnableAdapter.call(Executors.java:539)
	at java.base/java.util.concurrent.FutureTask.runAndReset(FutureTask.java:305)
	at java.base/java.util.concurrent.ScheduledThreadPoolExecutor$ScheduledFutureTask.run(ScheduledThreadPoolExecutor.java:305)
	at java.base/java.util.concurrent.ThreadPoolExecutor.runWorker(ThreadPoolExecutor.java:1136)
	at java.base/java.util.concurrent.ThreadPoolExecutor$Worker.run(ThreadPoolExecutor.java:635)
	at java.base/java.lang.Thread.run(Thread.java:840)
[2025-11-15 23:36:12.072] WARN  org.alter.game.task.AutoSaveTask - Auto-save attempted but no players were saved (3 players online)
[2025-11-15 23:36:15.904] WARN  o.a.g.s.impl.DetailSerialisation - Failed to load tile position for player DragonM: List element cannot be cast to int. Falling back to home location.
[2025-11-15 23:36:15.904] WARN  o.a.g.s.impl.DetailSerialisation - Player DragonM position not found in save file (tile data: null), spawning at home location
[2025-11-15 23:36:42.071] ERROR org.alter.game.saving.PlayerSaving - Failed to serialize details for player DragonM
java.lang.ClassCastException: List element cannot be cast to int
	at org.bson.Document.constructValuesList(Document.java:402)
	at org.bson.Document.getList(Document.java:369)
	at org.alter.game.saving.PlayerSaving.savePlayer(PlayerSaving.kt:56)
	at org.alter.game.task.AutoSaveTask.performAutoSave$lambda$4(AutoSaveTask.kt:64)
	at org.alter.game.model.PawnList.forEach(PawnList.kt:35)
	at org.alter.game.task.AutoSaveTask.performAutoSave(AutoSaveTask.kt:55)
	at org.alter.game.task.AutoSaveTask.execute(AutoSaveTask.kt:40)
	at org.alter.game.service.GameService.cycle(GameService.kt:192)
	at java.base/java.util.concurrent.Executors$RunnableAdapter.call(Executors.java:539)
	at java.base/java.util.concurrent.FutureTask.runAndReset(FutureTask.java:305)
	at java.base/java.util.concurrent.ScheduledThreadPoolExecutor$ScheduledFutureTask.run(ScheduledThreadPoolExecutor.java:305)
	at java.base/java.util.concurrent.ThreadPoolExecutor.runWorker(ThreadPoolExecutor.java:1136)
	at java.base/java.util.concurrent.ThreadPoolExecutor$Worker.run(ThreadPoolExecutor.java:635)
	at java.base/java.lang.Thread.run(Thread.java:840)
[2025-11-15 23:36:42.072] ERROR org.alter.game.saving.PlayerSaving - Failed to save player DragonM: List element cannot be cast to int
java.lang.ClassCastException: List element cannot be cast to int
	at org.bson.Document.constructValuesList(Document.java:402)
	at org.bson.Document.getList(Document.java:369)
	at org.alter.game.saving.PlayerSaving.savePlayer(PlayerSaving.kt:56)
	at org.alter.game.task.AutoSaveTask.performAutoSave$lambda$4(AutoSaveTask.kt:64)
	at org.alter.game.model.PawnList.forEach(PawnList.kt:35)
	at org.alter.game.task.AutoSaveTask.performAutoSave(AutoSaveTask.kt:55)
	at org.alter.game.task.AutoSaveTask.execute(AutoSaveTask.kt:40)
	at org.alter.game.service.GameService.cycle(GameService.kt:192)
	at java.base/java.util.concurrent.Executors$RunnableAdapter.call(Executors.java:539)
	at java.base/java.util.concurrent.FutureTask.runAndReset(FutureTask.java:305)
	at java.base/java.util.concurrent.ScheduledThreadPoolExecutor$ScheduledFutureTask.run(ScheduledThreadPoolExecutor.java:305)
	at java.base/java.util.concurrent.ThreadPoolExecutor.runWorker(ThreadPoolExecutor.java:1136)
	at java.base/java.util.concurrent.ThreadPoolExecutor$Worker.run(ThreadPoolExecutor.java:635)
	at java.base/java.lang.Thread.run(Thread.java:840)
[2025-11-15 23:36:42.072] ERROR org.alter.game.task.AutoSaveTask - Failed to auto-save player 'DragonM': List element cannot be cast to int
java.lang.ClassCastException: List element cannot be cast to int
	at org.bson.Document.constructValuesList(Document.java:402)
	at org.bson.Document.getList(Document.java:369)
	at org.alter.game.saving.PlayerSaving.savePlayer(PlayerSaving.kt:56)
	at org.alter.game.task.AutoSaveTask.performAutoSave$lambda$4(AutoSaveTask.kt:64)
	at org.alter.game.model.PawnList.forEach(PawnList.kt:35)
	at org.alter.game.task.AutoSaveTask.performAutoSave(AutoSaveTask.kt:55)
	at org.alter.game.task.AutoSaveTask.execute(AutoSaveTask.kt:40)
	at org.alter.game.service.GameService.cycle(GameService.kt:192)
	at java.base/java.util.concurrent.Executors$RunnableAdapter.call(Executors.java:539)
	at java.base/java.util.concurrent.FutureTask.runAndReset(FutureTask.java:305)
	at java.base/java.util.concurrent.ScheduledThreadPoolExecutor$ScheduledFutureTask.run(ScheduledThreadPoolExecutor.java:305)
	at java.base/java.util.concurrent.ThreadPoolExecutor.runWorker(ThreadPoolExecutor.java:1136)
	at java.base/java.util.concurrent.ThreadPoolExecutor$Worker.run(ThreadPoolExecutor.java:635)
	at java.base/java.lang.Thread.run(Thread.java:840)
[2025-11-15 23:36:42.072] ERROR org.alter.game.saving.PlayerSaving - Failed to serialize details for player SpideyM
java.lang.ClassCastException: List element cannot be cast to int
	at org.bson.Document.constructValuesList(Document.java:402)
	at org.bson.Document.getList(Document.java:369)
	at org.alter.game.saving.PlayerSaving.savePlayer(PlayerSaving.kt:56)
	at org.alter.game.task.AutoSaveTask.performAutoSave$lambda$4(AutoSaveTask.kt:64)
	at org.alter.game.model.PawnList.forEach(PawnList.kt:35)
	at org.alter.game.task.AutoSaveTask.performAutoSave(AutoSaveTask.kt:55)
	at org.alter.game.task.AutoSaveTask.execute(AutoSaveTask.kt:40)
	at org.alter.game.service.GameService.cycle(GameService.kt:192)
	at java.base/java.util.concurrent.Executors$RunnableAdapter.call(Executors.java:539)
	at java.base/java.util.concurrent.FutureTask.runAndReset(FutureTask.java:305)
	at java.base/java.util.concurrent.ScheduledThreadPoolExecutor$ScheduledFutureTask.run(ScheduledThreadPoolExecutor.java:305)
	at java.base/java.util.concurrent.ThreadPoolExecutor.runWorker(ThreadPoolExecutor.java:1136)
	at java.base/java.util.concurrent.ThreadPoolExecutor$Worker.run(ThreadPoolExecutor.java:635)
	at java.base/java.lang.Thread.run(Thread.java:840)
[2025-11-15 23:36:42.072] ERROR org.alter.game.saving.PlayerSaving - Failed to save player SpideyM: List element cannot be cast to int
java.lang.ClassCastException: List element cannot be cast to int
	at org.bson.Document.constructValuesList(Document.java:402)
	at org.bson.Document.getList(Document.java:369)
	at org.alter.game.saving.PlayerSaving.savePlayer(PlayerSaving.kt:56)
	at org.alter.game.task.AutoSaveTask.performAutoSave$lambda$4(AutoSaveTask.kt:64)
	at org.alter.game.model.PawnList.forEach(PawnList.kt:35)
	at org.alter.game.task.AutoSaveTask.performAutoSave(AutoSaveTask.kt:55)
	at org.alter.game.task.AutoSaveTask.execute(AutoSaveTask.kt:40)
	at org.alter.game.service.GameService.cycle(GameService.kt:192)
	at java.base/java.util.concurrent.Executors$RunnableAdapter.call(Executors.java:539)
	at java.base/java.util.concurrent.FutureTask.runAndReset(FutureTask.java:305)
	at java.base/java.util.concurrent.ScheduledThreadPoolExecutor$ScheduledFutureTask.run(ScheduledThreadPoolExecutor.java:305)
	at java.base/java.util.concurrent.ThreadPoolExecutor.runWorker(ThreadPoolExecutor.java:1136)
	at java.base/java.util.concurrent.ThreadPoolExecutor$Worker.run(ThreadPoolExecutor.java:635)
	at java.base/java.lang.Thread.run(Thread.java:840)
[2025-11-15 23:36:42.072] ERROR org.alter.game.task.AutoSaveTask - Failed to auto-save player 'SpideyM': List element cannot be cast to int
java.lang.ClassCastException: List element cannot be cast to int
	at org.bson.Document.constructValuesList(Document.java:402)
	at org.bson.Document.getList(Document.java:369)
	at org.alter.game.saving.PlayerSaving.savePlayer(PlayerSaving.kt:56)
	at org.alter.game.task.AutoSaveTask.performAutoSave$lambda$4(AutoSaveTask.kt:64)
	at org.alter.game.model.PawnList.forEach(PawnList.kt:35)
	at org.alter.game.task.AutoSaveTask.performAutoSave(AutoSaveTask.kt:55)
	at org.alter.game.task.AutoSaveTask.execute(AutoSaveTask.kt:40)
	at org.alter.game.service.GameService.cycle(GameService.kt:192)
	at java.base/java.util.concurrent.Executors$RunnableAdapter.call(Executors.java:539)
	at java.base/java.util.concurrent.FutureTask.runAndReset(FutureTask.java:305)
	at java.base/java.util.concurrent.ScheduledThreadPoolExecutor$ScheduledFutureTask.run(ScheduledThreadPoolExecutor.java:305)
	at java.base/java.util.concurrent.ThreadPoolExecutor.runWorker(ThreadPoolExecutor.java:1136)
	at java.base/java.util.concurrent.ThreadPoolExecutor$Worker.run(ThreadPoolExecutor.java:635)
	at java.base/java.lang.Thread.run(Thread.java:840)
[2025-11-15 23:36:42.072] ERROR org.alter.game.saving.PlayerSaving - Failed to serialize details for player Pnda
java.lang.ClassCastException: List element cannot be cast to int
	at org.bson.Document.constructValuesList(Document.java:402)
	at org.bson.Document.getList(Document.java:369)
	at org.alter.game.saving.PlayerSaving.savePlayer(PlayerSaving.kt:56)
	at org.alter.game.task.AutoSaveTask.performAutoSave$lambda$4(AutoSaveTask.kt:64)
	at org.alter.game.model.PawnList.forEach(PawnList.kt:35)
	at org.alter.game.task.AutoSaveTask.performAutoSave(AutoSaveTask.kt:55)
	at org.alter.game.task.AutoSaveTask.execute(AutoSaveTask.kt:40)
	at org.alter.game.service.GameService.cycle(GameService.kt:192)
	at java.base/java.util.concurrent.Executors$RunnableAdapter.call(Executors.java:539)
	at java.base/java.util.concurrent.FutureTask.runAndReset(FutureTask.java:305)
	at java.base/java.util.concurrent.ScheduledThreadPoolExecutor$ScheduledFutureTask.run(ScheduledThreadPoolExecutor.java:305)
	at java.base/java.util.concurrent.ThreadPoolExecutor.runWorker(ThreadPoolExecutor.java:1136)
	at java.base/java.util.concurrent.ThreadPoolExecutor$Worker.run(ThreadPoolExecutor.java:635)
	at java.base/java.lang.Thread.run(Thread.java:840)
[2025-11-15 23:36:42.072] ERROR org.alter.game.saving.PlayerSaving - Failed to save player Pnda: List element cannot be cast to int
java.lang.ClassCastException: List element cannot be cast to int
	at org.bson.Document.constructValuesList(Document.java:402)
	at org.bson.Document.getList(Document.java:369)
	at org.alter.game.saving.PlayerSaving.savePlayer(PlayerSaving.kt:56)
	at org.alter.game.task.AutoSaveTask.performAutoSave$lambda$4(AutoSaveTask.kt:64)
	at org.alter.game.model.PawnList.forEach(PawnList.kt:35)
	at org.alter.game.task.AutoSaveTask.performAutoSave(AutoSaveTask.kt:55)
	at org.alter.game.task.AutoSaveTask.execute(AutoSaveTask.kt:40)
	at org.alter.game.service.GameService.cycle(GameService.kt:192)
	at java.base/java.util.concurrent.Executors$RunnableAdapter.call(Executors.java:539)
	at java.base/java.util.concurrent.FutureTask.runAndReset(FutureTask.java:305)
	at java.base/java.util.concurrent.ScheduledThreadPoolExecutor$ScheduledFutureTask.run(ScheduledThreadPoolExecutor.java:305)
	at java.base/java.util.concurrent.ThreadPoolExecutor.runWorker(ThreadPoolExecutor.java:1136)
	at java.base/java.util.concurrent.ThreadPoolExecutor$Worker.run(ThreadPoolExecutor.java:635)
	at java.base/java.lang.Thread.run(Thread.java:840)
[2025-11-15 23:36:42.072] ERROR org.alter.game.task.AutoSaveTask - Failed to auto-save player 'Pnda': List element cannot be cast to int
java.lang.ClassCastException: List element cannot be cast to int
	at org.bson.Document.constructValuesList(Document.java:402)
	at org.bson.Document.getList(Document.java:369)
	at org.alter.game.saving.PlayerSaving.savePlayer(PlayerSaving.kt:56)
	at org.alter.game.task.AutoSaveTask.performAutoSave$lambda$4(AutoSaveTask.kt:64)
	at org.alter.game.model.PawnList.forEach(PawnList.kt:35)
	at org.alter.game.task.AutoSaveTask.performAutoSave(AutoSaveTask.kt:55)
	at org.alter.game.task.AutoSaveTask.execute(AutoSaveTask.kt:40)
	at org.alter.game.service.GameService.cycle(GameService.kt:192)
	at java.base/java.util.concurrent.Executors$RunnableAdapter.call(Executors.java:539)
	at java.base/java.util.concurrent.FutureTask.runAndReset(FutureTask.java:305)
	at java.base/java.util.concurrent.ScheduledThreadPoolExecutor$ScheduledFutureTask.run(ScheduledThreadPoolExecutor.java:305)
	at java.base/java.util.concurrent.ThreadPoolExecutor.runWorker(ThreadPoolExecutor.java:1136)
	at java.base/java.util.concurrent.ThreadPoolExecutor$Worker.run(ThreadPoolExecutor.java:635)
	at java.base/java.lang.Thread.run(Thread.java:840)
[2025-11-15 23:36:42.072] WARN  org.alter.game.task.AutoSaveTask - Auto-save attempted but no players were saved (3 players online)
[2025-11-15 23:36:55.725] WARN  o.a.g.s.impl.DetailSerialisation - Failed to load tile position for player Pnda: List element cannot be cast to int. Falling back to home location.
[2025-11-15 23:36:55.726] WARN  o.a.g.s.impl.DetailSerialisation - Player Pnda position not found in save file (tile data: null), spawning at home location
[2025-11-15 23:37:05.791] WARN  o.a.g.s.impl.DetailSerialisation - Failed to load tile position for player DragonM: List element cannot be cast to int. Falling back to home location.
[2025-11-15 23:37:05.792] WARN  o.a.g.s.impl.DetailSerialisation - Player DragonM position not found in save file (tile data: null), spawning at home location
[2025-11-15 23:37:12.084] ERROR org.alter.game.saving.PlayerSaving - Failed to serialize details for player DragonM
java.lang.ClassCastException: List element cannot be cast to int
	at org.bson.Document.constructValuesList(Document.java:402)
	at org.bson.Document.getList(Document.java:369)
	at org.alter.game.saving.PlayerSaving.savePlayer(PlayerSaving.kt:56)
	at org.alter.game.task.AutoSaveTask.performAutoSave$lambda$4(AutoSaveTask.kt:64)
	at org.alter.game.model.PawnList.forEach(PawnList.kt:35)
	at org.alter.game.task.AutoSaveTask.performAutoSave(AutoSaveTask.kt:55)
	at org.alter.game.task.AutoSaveTask.execute(AutoSaveTask.kt:40)
	at org.alter.game.service.GameService.cycle(GameService.kt:192)
	at java.base/java.util.concurrent.Executors$RunnableAdapter.call(Executors.java:539)
	at java.base/java.util.concurrent.FutureTask.runAndReset(FutureTask.java:305)
	at java.base/java.util.concurrent.ScheduledThreadPoolExecutor$ScheduledFutureTask.run(ScheduledThreadPoolExecutor.java:305)
	at java.base/java.util.concurrent.ThreadPoolExecutor.runWorker(ThreadPoolExecutor.java:1136)
	at java.base/java.util.concurrent.ThreadPoolExecutor$Worker.run(ThreadPoolExecutor.java:635)
	at java.base/java.lang.Thread.run(Thread.java:840)
[2025-11-15 23:37:12.084] ERROR org.alter.game.saving.PlayerSaving - Failed to save player DragonM: List element cannot be cast to int
java.lang.ClassCastException: List element cannot be cast to int
	at org.bson.Document.constructValuesList(Document.java:402)
	at org.bson.Document.getList(Document.java:369)
	at org.alter.game.saving.PlayerSaving.savePlayer(PlayerSaving.kt:56)
	at org.alter.game.task.AutoSaveTask.performAutoSave$lambda$4(AutoSaveTask.kt:64)
	at org.alter.game.model.PawnList.forEach(PawnList.kt:35)
	at org.alter.game.task.AutoSaveTask.performAutoSave(AutoSaveTask.kt:55)
	at org.alter.game.task.AutoSaveTask.execute(AutoSaveTask.kt:40)
	at org.alter.game.service.GameService.cycle(GameService.kt:192)
	at java.base/java.util.concurrent.Executors$RunnableAdapter.call(Executors.java:539)
	at java.base/java.util.concurrent.FutureTask.runAndReset(FutureTask.java:305)
	at java.base/java.util.concurrent.ScheduledThreadPoolExecutor$ScheduledFutureTask.run(ScheduledThreadPoolExecutor.java:305)
	at java.base/java.util.concurrent.ThreadPoolExecutor.runWorker(ThreadPoolExecutor.java:1136)
	at java.base/java.util.concurrent.ThreadPoolExecutor$Worker.run(ThreadPoolExecutor.java:635)
	at java.base/java.lang.Thread.run(Thread.java:840)
[2025-11-15 23:37:12.084] ERROR org.alter.game.task.AutoSaveTask - Failed to auto-save player 'DragonM': List element cannot be cast to int
java.lang.ClassCastException: List element cannot be cast to int
	at org.bson.Document.constructValuesList(Document.java:402)
	at org.bson.Document.getList(Document.java:369)
	at org.alter.game.saving.PlayerSaving.savePlayer(PlayerSaving.kt:56)
	at org.alter.game.task.AutoSaveTask.performAutoSave$lambda$4(AutoSaveTask.kt:64)
	at org.alter.game.model.PawnList.forEach(PawnList.kt:35)
	at org.alter.game.task.AutoSaveTask.performAutoSave(AutoSaveTask.kt:55)
	at org.alter.game.task.AutoSaveTask.execute(AutoSaveTask.kt:40)
	at org.alter.game.service.GameService.cycle(GameService.kt:192)
	at java.base/java.util.concurrent.Executors$RunnableAdapter.call(Executors.java:539)
	at java.base/java.util.concurrent.FutureTask.runAndReset(FutureTask.java:305)
	at java.base/java.util.concurrent.ScheduledThreadPoolExecutor$ScheduledFutureTask.run(ScheduledThreadPoolExecutor.java:305)
	at java.base/java.util.concurrent.ThreadPoolExecutor.runWorker(ThreadPoolExecutor.java:1136)
	at java.base/java.util.concurrent.ThreadPoolExecutor$Worker.run(ThreadPoolExecutor.java:635)
	at java.base/java.lang.Thread.run(Thread.java:840)
[2025-11-15 23:37:12.084] ERROR org.alter.game.saving.PlayerSaving - Failed to serialize details for player SpideyM
java.lang.ClassCastException: List element cannot be cast to int
	at org.bson.Document.constructValuesList(Document.java:402)
	at org.bson.Document.getList(Document.java:369)
	at org.alter.game.saving.PlayerSaving.savePlayer(PlayerSaving.kt:56)
	at org.alter.game.task.AutoSaveTask.performAutoSave$lambda$4(AutoSaveTask.kt:64)
	at org.alter.game.model.PawnList.forEach(PawnList.kt:35)
	at org.alter.game.task.AutoSaveTask.performAutoSave(AutoSaveTask.kt:55)
	at org.alter.game.task.AutoSaveTask.execute(AutoSaveTask.kt:40)
	at org.alter.game.service.GameService.cycle(GameService.kt:192)
	at java.base/java.util.concurrent.Executors$RunnableAdapter.call(Executors.java:539)
	at java.base/java.util.concurrent.FutureTask.runAndReset(FutureTask.java:305)
	at java.base/java.util.concurrent.ScheduledThreadPoolExecutor$ScheduledFutureTask.run(ScheduledThreadPoolExecutor.java:305)
	at java.base/java.util.concurrent.ThreadPoolExecutor.runWorker(ThreadPoolExecutor.java:1136)
	at java.base/java.util.concurrent.ThreadPoolExecutor$Worker.run(ThreadPoolExecutor.java:635)
	at java.base/java.lang.Thread.run(Thread.java:840)
[2025-11-15 23:37:12.084] ERROR org.alter.game.saving.PlayerSaving - Failed to save player SpideyM: List element cannot be cast to int
java.lang.ClassCastException: List element cannot be cast to int
	at org.bson.Document.constructValuesList(Document.java:402)
	at org.bson.Document.getList(Document.java:369)
	at org.alter.game.saving.PlayerSaving.savePlayer(PlayerSaving.kt:56)
	at org.alter.game.task.AutoSaveTask.performAutoSave$lambda$4(AutoSaveTask.kt:64)
	at org.alter.game.model.PawnList.forEach(PawnList.kt:35)
	at org.alter.game.task.AutoSaveTask.performAutoSave(AutoSaveTask.kt:55)
	at org.alter.game.task.AutoSaveTask.execute(AutoSaveTask.kt:40)
	at org.alter.game.service.GameService.cycle(GameService.kt:192)
	at java.base/java.util.concurrent.Executors$RunnableAdapter.call(Executors.java:539)
	at java.base/java.util.concurrent.FutureTask.runAndReset(FutureTask.java:305)
	at java.base/java.util.concurrent.ScheduledThreadPoolExecutor$ScheduledFutureTask.run(ScheduledThreadPoolExecutor.java:305)
	at java.base/java.util.concurrent.ThreadPoolExecutor.runWorker(ThreadPoolExecutor.java:1136)
	at java.base/java.util.concurrent.ThreadPoolExecutor$Worker.run(ThreadPoolExecutor.java:635)
	at java.base/java.lang.Thread.run(Thread.java:840)
[2025-11-15 23:37:12.084] ERROR org.alter.game.task.AutoSaveTask - Failed to auto-save player 'SpideyM': List element cannot be cast to int
java.lang.ClassCastException: List element cannot be cast to int
	at org.bson.Document.constructValuesList(Document.java:402)
	at org.bson.Document.getList(Document.java:369)
	at org.alter.game.saving.PlayerSaving.savePlayer(PlayerSaving.kt:56)
	at org.alter.game.task.AutoSaveTask.performAutoSave$lambda$4(AutoSaveTask.kt:64)
	at org.alter.game.model.PawnList.forEach(PawnList.kt:35)
	at org.alter.game.task.AutoSaveTask.performAutoSave(AutoSaveTask.kt:55)
	at org.alter.game.task.AutoSaveTask.execute(AutoSaveTask.kt:40)
	at org.alter.game.service.GameService.cycle(GameService.kt:192)
	at java.base/java.util.concurrent.Executors$RunnableAdapter.call(Executors.java:539)
	at java.base/java.util.concurrent.FutureTask.runAndReset(FutureTask.java:305)
	at java.base/java.util.concurrent.ScheduledThreadPoolExecutor$ScheduledFutureTask.run(ScheduledThreadPoolExecutor.java:305)
	at java.base/java.util.concurrent.ThreadPoolExecutor.runWorker(ThreadPoolExecutor.java:1136)
	at java.base/java.util.concurrent.ThreadPoolExecutor$Worker.run(ThreadPoolExecutor.java:635)
	at java.base/java.lang.Thread.run(Thread.java:840)
[2025-11-15 23:37:12.084] ERROR org.alter.game.saving.PlayerSaving - Failed to serialize details for player Pnda
java.lang.ClassCastException: List element cannot be cast to int
	at org.bson.Document.constructValuesList(Document.java:402)
	at org.bson.Document.getList(Document.java:369)
	at org.alter.game.saving.PlayerSaving.savePlayer(PlayerSaving.kt:56)
	at org.alter.game.task.AutoSaveTask.performAutoSave$lambda$4(AutoSaveTask.kt:64)
	at org.alter.game.model.PawnList.forEach(PawnList.kt:35)
	at org.alter.game.task.AutoSaveTask.performAutoSave(AutoSaveTask.kt:55)
	at org.alter.game.task.AutoSaveTask.execute(AutoSaveTask.kt:40)
	at org.alter.game.service.GameService.cycle(GameService.kt:192)
	at java.base/java.util.concurrent.Executors$RunnableAdapter.call(Executors.java:539)
	at java.base/java.util.concurrent.FutureTask.runAndReset(FutureTask.java:305)
	at java.base/java.util.concurrent.ScheduledThreadPoolExecutor$ScheduledFutureTask.run(ScheduledThreadPoolExecutor.java:305)
	at java.base/java.util.concurrent.ThreadPoolExecutor.runWorker(ThreadPoolExecutor.java:1136)
	at java.base/java.util.concurrent.ThreadPoolExecutor$Worker.run(ThreadPoolExecutor.java:635)
	at java.base/java.lang.Thread.run(Thread.java:840)
[2025-11-15 23:37:12.085] ERROR org.alter.game.saving.PlayerSaving - Failed to save player Pnda: List element cannot be cast to int
java.lang.ClassCastException: List element cannot be cast to int
	at org.bson.Document.constructValuesList(Document.java:402)
	at org.bson.Document.getList(Document.java:369)
	at org.alter.game.saving.PlayerSaving.savePlayer(PlayerSaving.kt:56)
	at org.alter.game.task.AutoSaveTask.performAutoSave$lambda$4(AutoSaveTask.kt:64)
	at org.alter.game.model.PawnList.forEach(PawnList.kt:35)
	at org.alter.game.task.AutoSaveTask.performAutoSave(AutoSaveTask.kt:55)
	at org.alter.game.task.AutoSaveTask.execute(AutoSaveTask.kt:40)
	at org.alter.game.service.GameService.cycle(GameService.kt:192)
	at java.base/java.util.concurrent.Executors$RunnableAdapter.call(Executors.java:539)
	at java.base/java.util.concurrent.FutureTask.runAndReset(FutureTask.java:305)
	at java.base/java.util.concurrent.ScheduledThreadPoolExecutor$ScheduledFutureTask.run(ScheduledThreadPoolExecutor.java:305)
	at java.base/java.util.concurrent.ThreadPoolExecutor.runWorker(ThreadPoolExecutor.java:1136)
	at java.base/java.util.concurrent.ThreadPoolExecutor$Worker.run(ThreadPoolExecutor.java:635)
	at java.base/java.lang.Thread.run(Thread.java:840)
[2025-11-15 23:37:12.085] ERROR org.alter.game.task.AutoSaveTask - Failed to auto-save player 'Pnda': List element cannot be cast to int
java.lang.ClassCastException: List element cannot be cast to int
	at org.bson.Document.constructValuesList(Document.java:402)
	at org.bson.Document.getList(Document.java:369)
	at org.alter.game.saving.PlayerSaving.savePlayer(PlayerSaving.kt:56)
	at org.alter.game.task.AutoSaveTask.performAutoSave$lambda$4(AutoSaveTask.kt:64)
	at org.alter.game.model.PawnList.forEach(PawnList.kt:35)
	at org.alter.game.task.AutoSaveTask.performAutoSave(AutoSaveTask.kt:55)
	at org.alter.game.task.AutoSaveTask.execute(AutoSaveTask.kt:40)
	at org.alter.game.service.GameService.cycle(GameService.kt:192)
	at java.base/java.util.concurrent.Executors$RunnableAdapter.call(Executors.java:539)
	at java.base/java.util.concurrent.FutureTask.runAndReset(FutureTask.java:305)
	at java.base/java.util.concurrent.ScheduledThreadPoolExecutor$ScheduledFutureTask.run(ScheduledThreadPoolExecutor.java:305)
	at java.base/java.util.concurrent.ThreadPoolExecutor.runWorker(ThreadPoolExecutor.java:1136)
	at java.base/java.util.concurrent.ThreadPoolExecutor$Worker.run(ThreadPoolExecutor.java:635)
	at java.base/java.lang.Thread.run(Thread.java:840)
[2025-11-15 23:37:12.085] WARN  org.alter.game.task.AutoSaveTask - Auto-save attempted but no players were saved (3 players online)
[2025-11-15 23:37:42.087] ERROR org.alter.game.saving.PlayerSaving - Failed to serialize details for player DragonM
java.lang.ClassCastException: List element cannot be cast to int
	at org.bson.Document.constructValuesList(Document.java:402)
	at org.bson.Document.getList(Document.java:369)
	at org.alter.game.saving.PlayerSaving.savePlayer(PlayerSaving.kt:56)
	at org.alter.game.task.AutoSaveTask.performAutoSave$lambda$4(AutoSaveTask.kt:64)
	at org.alter.game.model.PawnList.forEach(PawnList.kt:35)
	at org.alter.game.task.AutoSaveTask.performAutoSave(AutoSaveTask.kt:55)
	at org.alter.game.task.AutoSaveTask.execute(AutoSaveTask.kt:40)
	at org.alter.game.service.GameService.cycle(GameService.kt:192)
	at java.base/java.util.concurrent.Executors$RunnableAdapter.call(Executors.java:539)
	at java.base/java.util.concurrent.FutureTask.runAndReset(FutureTask.java:305)
	at java.base/java.util.concurrent.ScheduledThreadPoolExecutor$ScheduledFutureTask.run(ScheduledThreadPoolExecutor.java:305)
	at java.base/java.util.concurrent.ThreadPoolExecutor.runWorker(ThreadPoolExecutor.java:1136)
	at java.base/java.util.concurrent.ThreadPoolExecutor$Worker.run(ThreadPoolExecutor.java:635)
	at java.base/java.lang.Thread.run(Thread.java:840)
[2025-11-15 23:37:42.088] ERROR org.alter.game.saving.PlayerSaving - Failed to save player DragonM: List element cannot be cast to int
java.lang.ClassCastException: List element cannot be cast to int
	at org.bson.Document.constructValuesList(Document.java:402)
	at org.bson.Document.getList(Document.java:369)
	at org.alter.game.saving.PlayerSaving.savePlayer(PlayerSaving.kt:56)
	at org.alter.game.task.AutoSaveTask.performAutoSave$lambda$4(AutoSaveTask.kt:64)
	at org.alter.game.model.PawnList.forEach(PawnList.kt:35)
	at org.alter.game.task.AutoSaveTask.performAutoSave(AutoSaveTask.kt:55)
	at org.alter.game.task.AutoSaveTask.execute(AutoSaveTask.kt:40)
	at org.alter.game.service.GameService.cycle(GameService.kt:192)
	at java.base/java.util.concurrent.Executors$RunnableAdapter.call(Executors.java:539)
	at java.base/java.util.concurrent.FutureTask.runAndReset(FutureTask.java:305)
	at java.base/java.util.concurrent.ScheduledThreadPoolExecutor$ScheduledFutureTask.run(ScheduledThreadPoolExecutor.java:305)
	at java.base/java.util.concurrent.ThreadPoolExecutor.runWorker(ThreadPoolExecutor.java:1136)
	at java.base/java.util.concurrent.ThreadPoolExecutor$Worker.run(ThreadPoolExecutor.java:635)
	at java.base/java.lang.Thread.run(Thread.java:840)
[2025-11-15 23:37:42.088] ERROR org.alter.game.task.AutoSaveTask - Failed to auto-save player 'DragonM': List element cannot be cast to int
java.lang.ClassCastException: List element cannot be cast to int
	at org.bson.Document.constructValuesList(Document.java:402)
	at org.bson.Document.getList(Document.java:369)
	at org.alter.game.saving.PlayerSaving.savePlayer(PlayerSaving.kt:56)
	at org.alter.game.task.AutoSaveTask.performAutoSave$lambda$4(AutoSaveTask.kt:64)
	at org.alter.game.model.PawnList.forEach(PawnList.kt:35)
	at org.alter.game.task.AutoSaveTask.performAutoSave(AutoSaveTask.kt:55)
	at org.alter.game.task.AutoSaveTask.execute(AutoSaveTask.kt:40)
	at org.alter.game.service.GameService.cycle(GameService.kt:192)
	at java.base/java.util.concurrent.Executors$RunnableAdapter.call(Executors.java:539)
	at java.base/java.util.concurrent.FutureTask.runAndReset(FutureTask.java:305)
	at java.base/java.util.concurrent.ScheduledThreadPoolExecutor$ScheduledFutureTask.run(ScheduledThreadPoolExecutor.java:305)
	at java.base/java.util.concurrent.ThreadPoolExecutor.runWorker(ThreadPoolExecutor.java:1136)
	at java.base/java.util.concurrent.ThreadPoolExecutor$Worker.run(ThreadPoolExecutor.java:635)
	at java.base/java.lang.Thread.run(Thread.java:840)
[2025-11-15 23:37:42.088] ERROR org.alter.game.saving.PlayerSaving - Failed to serialize details for player SpideyM
java.lang.ClassCastException: List element cannot be cast to int
	at org.bson.Document.constructValuesList(Document.java:402)
	at org.bson.Document.getList(Document.java:369)
	at org.alter.game.saving.PlayerSaving.savePlayer(PlayerSaving.kt:56)
	at org.alter.game.task.AutoSaveTask.performAutoSave$lambda$4(AutoSaveTask.kt:64)
	at org.alter.game.model.PawnList.forEach(PawnList.kt:35)
	at org.alter.game.task.AutoSaveTask.performAutoSave(AutoSaveTask.kt:55)
	at org.alter.game.task.AutoSaveTask.execute(AutoSaveTask.kt:40)
	at org.alter.game.service.GameService.cycle(GameService.kt:192)
	at java.base/java.util.concurrent.Executors$RunnableAdapter.call(Executors.java:539)
	at java.base/java.util.concurrent.FutureTask.runAndReset(FutureTask.java:305)
	at java.base/java.util.concurrent.ScheduledThreadPoolExecutor$ScheduledFutureTask.run(ScheduledThreadPoolExecutor.java:305)
	at java.base/java.util.concurrent.ThreadPoolExecutor.runWorker(ThreadPoolExecutor.java:1136)
	at java.base/java.util.concurrent.ThreadPoolExecutor$Worker.run(ThreadPoolExecutor.java:635)
	at java.base/java.lang.Thread.run(Thread.java:840)
[2025-11-15 23:37:42.088] ERROR org.alter.game.saving.PlayerSaving - Failed to save player SpideyM: List element cannot be cast to int
java.lang.ClassCastException: List element cannot be cast to int
	at org.bson.Document.constructValuesList(Document.java:402)
	at org.bson.Document.getList(Document.java:369)
	at org.alter.game.saving.PlayerSaving.savePlayer(PlayerSaving.kt:56)
	at org.alter.game.task.AutoSaveTask.performAutoSave$lambda$4(AutoSaveTask.kt:64)
	at org.alter.game.model.PawnList.forEach(PawnList.kt:35)
	at org.alter.game.task.AutoSaveTask.performAutoSave(AutoSaveTask.kt:55)
	at org.alter.game.task.AutoSaveTask.execute(AutoSaveTask.kt:40)
	at org.alter.game.service.GameService.cycle(GameService.kt:192)
	at java.base/java.util.concurrent.Executors$RunnableAdapter.call(Executors.java:539)
	at java.base/java.util.concurrent.FutureTask.runAndReset(FutureTask.java:305)
	at java.base/java.util.concurrent.ScheduledThreadPoolExecutor$ScheduledFutureTask.run(ScheduledThreadPoolExecutor.java:305)
	at java.base/java.util.concurrent.ThreadPoolExecutor.runWorker(ThreadPoolExecutor.java:1136)
	at java.base/java.util.concurrent.ThreadPoolExecutor$Worker.run(ThreadPoolExecutor.java:635)
	at java.base/java.lang.Thread.run(Thread.java:840)
[2025-11-15 23:37:42.088] ERROR org.alter.game.task.AutoSaveTask - Failed to auto-save player 'SpideyM': List element cannot be cast to int
java.lang.ClassCastException: List element cannot be cast to int
	at org.bson.Document.constructValuesList(Document.java:402)
	at org.bson.Document.getList(Document.java:369)
	at org.alter.game.saving.PlayerSaving.savePlayer(PlayerSaving.kt:56)
	at org.alter.game.task.AutoSaveTask.performAutoSave$lambda$4(AutoSaveTask.kt:64)
	at org.alter.game.model.PawnList.forEach(PawnList.kt:35)
	at org.alter.game.task.AutoSaveTask.performAutoSave(AutoSaveTask.kt:55)
	at org.alter.game.task.AutoSaveTask.execute(AutoSaveTask.kt:40)
	at org.alter.game.service.GameService.cycle(GameService.kt:192)
	at java.base/java.util.concurrent.Executors$RunnableAdapter.call(Executors.java:539)
	at java.base/java.util.concurrent.FutureTask.runAndReset(FutureTask.java:305)
	at java.base/java.util.concurrent.ScheduledThreadPoolExecutor$ScheduledFutureTask.run(ScheduledThreadPoolExecutor.java:305)
	at java.base/java.util.concurrent.ThreadPoolExecutor.runWorker(ThreadPoolExecutor.java:1136)
	at java.base/java.util.concurrent.ThreadPoolExecutor$Worker.run(ThreadPoolExecutor.java:635)
	at java.base/java.lang.Thread.run(Thread.java:840)
[2025-11-15 23:37:42.088] ERROR org.alter.game.saving.PlayerSaving - Failed to serialize details for player Pnda
java.lang.ClassCastException: List element cannot be cast to int
	at org.bson.Document.constructValuesList(Document.java:402)
	at org.bson.Document.getList(Document.java:369)
	at org.alter.game.saving.PlayerSaving.savePlayer(PlayerSaving.kt:56)
	at org.alter.game.task.AutoSaveTask.performAutoSave$lambda$4(AutoSaveTask.kt:64)
	at org.alter.game.model.PawnList.forEach(PawnList.kt:35)
	at org.alter.game.task.AutoSaveTask.performAutoSave(AutoSaveTask.kt:55)
	at org.alter.game.task.AutoSaveTask.execute(AutoSaveTask.kt:40)
	at org.alter.game.service.GameService.cycle(GameService.kt:192)
	at java.base/java.util.concurrent.Executors$RunnableAdapter.call(Executors.java:539)
	at java.base/java.util.concurrent.FutureTask.runAndReset(FutureTask.java:305)
	at java.base/java.util.concurrent.ScheduledThreadPoolExecutor$ScheduledFutureTask.run(ScheduledThreadPoolExecutor.java:305)
	at java.base/java.util.concurrent.ThreadPoolExecutor.runWorker(ThreadPoolExecutor.java:1136)
	at java.base/java.util.concurrent.ThreadPoolExecutor$Worker.run(ThreadPoolExecutor.java:635)
	at java.base/java.lang.Thread.run(Thread.java:840)
[2025-11-15 23:37:42.089] ERROR org.alter.game.saving.PlayerSaving - Failed to save player Pnda: List element cannot be cast to int
java.lang.ClassCastException: List element cannot be cast to int
	at org.bson.Document.constructValuesList(Document.java:402)
	at org.bson.Document.getList(Document.java:369)
	at org.alter.game.saving.PlayerSaving.savePlayer(PlayerSaving.kt:56)
	at org.alter.game.task.AutoSaveTask.performAutoSave$lambda$4(AutoSaveTask.kt:64)
	at org.alter.game.model.PawnList.forEach(PawnList.kt:35)
	at org.alter.game.task.AutoSaveTask.performAutoSave(AutoSaveTask.kt:55)
	at org.alter.game.task.AutoSaveTask.execute(AutoSaveTask.kt:40)
	at org.alter.game.service.GameService.cycle(GameService.kt:192)
	at java.base/java.util.concurrent.Executors$RunnableAdapter.call(Executors.java:539)
	at java.base/java.util.concurrent.FutureTask.runAndReset(FutureTask.java:305)
	at java.base/java.util.concurrent.ScheduledThreadPoolExecutor$ScheduledFutureTask.run(ScheduledThreadPoolExecutor.java:305)
	at java.base/java.util.concurrent.ThreadPoolExecutor.runWorker(ThreadPoolExecutor.java:1136)
	at java.base/java.util.concurrent.ThreadPoolExecutor$Worker.run(ThreadPoolExecutor.java:635)
	at java.base/java.lang.Thread.run(Thread.java:840)
[2025-11-15 23:37:42.090] ERROR org.alter.game.task.AutoSaveTask - Failed to auto-save player 'Pnda': List element cannot be cast to int
java.lang.ClassCastException: List element cannot be cast to int
	at org.bson.Document.constructValuesList(Document.java:402)
	at org.bson.Document.getList(Document.java:369)
	at org.alter.game.saving.PlayerSaving.savePlayer(PlayerSaving.kt:56)
	at org.alter.game.task.AutoSaveTask.performAutoSave$lambda$4(AutoSaveTask.kt:64)
	at org.alter.game.model.PawnList.forEach(PawnList.kt:35)
	at org.alter.game.task.AutoSaveTask.performAutoSave(AutoSaveTask.kt:55)
	at org.alter.game.task.AutoSaveTask.execute(AutoSaveTask.kt:40)
	at org.alter.game.service.GameService.cycle(GameService.kt:192)
	at java.base/java.util.concurrent.Executors$RunnableAdapter.call(Executors.java:539)
	at java.base/java.util.concurrent.FutureTask.runAndReset(FutureTask.java:305)
	at java.base/java.util.concurrent.ScheduledThreadPoolExecutor$ScheduledFutureTask.run(ScheduledThreadPoolExecutor.java:305)
	at java.base/java.util.concurrent.ThreadPoolExecutor.runWorker(ThreadPoolExecutor.java:1136)
	at java.base/java.util.concurrent.ThreadPoolExecutor$Worker.run(ThreadPoolExecutor.java:635)
	at java.base/java.lang.Thread.run(Thread.java:840)
[2025-11-15 23:37:42.090] WARN  org.alter.game.task.AutoSaveTask - Auto-save attempted but no players were saved (3 players online)
[2025-11-15 23:37:47.784] WARN  o.a.g.s.impl.DetailSerialisation - Failed to load tile position for player DragonM: List element cannot be cast to int. Falling back to home location.
[2025-11-15 23:37:47.784] WARN  o.a.g.s.impl.DetailSerialisation - Player DragonM position not found in save file (tile data: null), spawning at home location
[2025-11-15 23:38:00.229] WARN  o.a.g.s.impl.DetailSerialisation - Failed to load tile position for player DragonM: List element cannot be cast to int. Falling back to home location.
[2025-11-15 23:38:00.230] WARN  o.a.g.s.impl.DetailSerialisation - Player DragonM position not found in save file (tile data: null), spawning at home location
[2025-11-15 23:38:05.482] WARN  o.a.g.s.impl.DetailSerialisation - Failed to load tile position for player SpideyM: List element cannot be cast to int. Falling back to home location.
[2025-11-15 23:38:05.483] WARN  o.a.g.s.impl.DetailSerialisation - Player SpideyM position not found in save file (tile data: null), spawning at home location
[2025-11-15 23:38:12.079] ERROR org.alter.game.saving.PlayerSaving - Failed to serialize details for player DragonM
java.lang.ClassCastException: List element cannot be cast to int
	at org.bson.Document.constructValuesList(Document.java:402)
	at org.bson.Document.getList(Document.java:369)
	at org.alter.game.saving.PlayerSaving.savePlayer(PlayerSaving.kt:56)
	at org.alter.game.task.AutoSaveTask.performAutoSave$lambda$4(AutoSaveTask.kt:64)
	at org.alter.game.model.PawnList.forEach(PawnList.kt:35)
	at org.alter.game.task.AutoSaveTask.performAutoSave(AutoSaveTask.kt:55)
	at org.alter.game.task.AutoSaveTask.execute(AutoSaveTask.kt:40)
	at org.alter.game.service.GameService.cycle(GameService.kt:192)
	at java.base/java.util.concurrent.Executors$RunnableAdapter.call(Executors.java:539)
	at java.base/java.util.concurrent.FutureTask.runAndReset(FutureTask.java:305)
	at java.base/java.util.concurrent.ScheduledThreadPoolExecutor$ScheduledFutureTask.run(ScheduledThreadPoolExecutor.java:305)
	at java.base/java.util.concurrent.ThreadPoolExecutor.runWorker(ThreadPoolExecutor.java:1136)
	at java.base/java.util.concurrent.ThreadPoolExecutor$Worker.run(ThreadPoolExecutor.java:635)
	at java.base/java.lang.Thread.run(Thread.java:840)
[2025-11-15 23:38:12.079] ERROR org.alter.game.saving.PlayerSaving - Failed to save player DragonM: List element cannot be cast to int
java.lang.ClassCastException: List element cannot be cast to int
	at org.bson.Document.constructValuesList(Document.java:402)
	at org.bson.Document.getList(Document.java:369)
	at org.alter.game.saving.PlayerSaving.savePlayer(PlayerSaving.kt:56)
	at org.alter.game.task.AutoSaveTask.performAutoSave$lambda$4(AutoSaveTask.kt:64)
	at org.alter.game.model.PawnList.forEach(PawnList.kt:35)
	at org.alter.game.task.AutoSaveTask.performAutoSave(AutoSaveTask.kt:55)
	at org.alter.game.task.AutoSaveTask.execute(AutoSaveTask.kt:40)
	at org.alter.game.service.GameService.cycle(GameService.kt:192)
	at java.base/java.util.concurrent.Executors$RunnableAdapter.call(Executors.java:539)
	at java.base/java.util.concurrent.FutureTask.runAndReset(FutureTask.java:305)
	at java.base/java.util.concurrent.ScheduledThreadPoolExecutor$ScheduledFutureTask.run(ScheduledThreadPoolExecutor.java:305)
	at java.base/java.util.concurrent.ThreadPoolExecutor.runWorker(ThreadPoolExecutor.java:1136)
	at java.base/java.util.concurrent.ThreadPoolExecutor$Worker.run(ThreadPoolExecutor.java:635)
	at java.base/java.lang.Thread.run(Thread.java:840)
[2025-11-15 23:38:12.079] ERROR org.alter.game.task.AutoSaveTask - Failed to auto-save player 'DragonM': List element cannot be cast to int
java.lang.ClassCastException: List element cannot be cast to int
	at org.bson.Document.constructValuesList(Document.java:402)
	at org.bson.Document.getList(Document.java:369)
	at org.alter.game.saving.PlayerSaving.savePlayer(PlayerSaving.kt:56)
	at org.alter.game.task.AutoSaveTask.performAutoSave$lambda$4(AutoSaveTask.kt:64)
	at org.alter.game.model.PawnList.forEach(PawnList.kt:35)
	at org.alter.game.task.AutoSaveTask.performAutoSave(AutoSaveTask.kt:55)
	at org.alter.game.task.AutoSaveTask.execute(AutoSaveTask.kt:40)
	at org.alter.game.service.GameService.cycle(GameService.kt:192)
	at java.base/java.util.concurrent.Executors$RunnableAdapter.call(Executors.java:539)
	at java.base/java.util.concurrent.FutureTask.runAndReset(FutureTask.java:305)
	at java.base/java.util.concurrent.ScheduledThreadPoolExecutor$ScheduledFutureTask.run(ScheduledThreadPoolExecutor.java:305)
	at java.base/java.util.concurrent.ThreadPoolExecutor.runWorker(ThreadPoolExecutor.java:1136)
	at java.base/java.util.concurrent.ThreadPoolExecutor$Worker.run(ThreadPoolExecutor.java:635)
	at java.base/java.lang.Thread.run(Thread.java:840)
[2025-11-15 23:38:12.079] ERROR org.alter.game.saving.PlayerSaving - Failed to serialize details for player SpideyM
java.lang.ClassCastException: List element cannot be cast to int
	at org.bson.Document.constructValuesList(Document.java:402)
	at org.bson.Document.getList(Document.java:369)
	at org.alter.game.saving.PlayerSaving.savePlayer(PlayerSaving.kt:56)
	at org.alter.game.task.AutoSaveTask.performAutoSave$lambda$4(AutoSaveTask.kt:64)
	at org.alter.game.model.PawnList.forEach(PawnList.kt:35)
	at org.alter.game.task.AutoSaveTask.performAutoSave(AutoSaveTask.kt:55)
	at org.alter.game.task.AutoSaveTask.execute(AutoSaveTask.kt:40)
	at org.alter.game.service.GameService.cycle(GameService.kt:192)
	at java.base/java.util.concurrent.Executors$RunnableAdapter.call(Executors.java:539)
	at java.base/java.util.concurrent.FutureTask.runAndReset(FutureTask.java:305)
	at java.base/java.util.concurrent.ScheduledThreadPoolExecutor$ScheduledFutureTask.run(ScheduledThreadPoolExecutor.java:305)
	at java.base/java.util.concurrent.ThreadPoolExecutor.runWorker(ThreadPoolExecutor.java:1136)
	at java.base/java.util.concurrent.ThreadPoolExecutor$Worker.run(ThreadPoolExecutor.java:635)
	at java.base/java.lang.Thread.run(Thread.java:840)
[2025-11-15 23:38:12.080] ERROR org.alter.game.saving.PlayerSaving - Failed to save player SpideyM: List element cannot be cast to int
java.lang.ClassCastException: List element cannot be cast to int
	at org.bson.Document.constructValuesList(Document.java:402)
	at org.bson.Document.getList(Document.java:369)
	at org.alter.game.saving.PlayerSaving.savePlayer(PlayerSaving.kt:56)
	at org.alter.game.task.AutoSaveTask.performAutoSave$lambda$4(AutoSaveTask.kt:64)
	at org.alter.game.model.PawnList.forEach(PawnList.kt:35)
	at org.alter.game.task.AutoSaveTask.performAutoSave(AutoSaveTask.kt:55)
	at org.alter.game.task.AutoSaveTask.execute(AutoSaveTask.kt:40)
	at org.alter.game.service.GameService.cycle(GameService.kt:192)
	at java.base/java.util.concurrent.Executors$RunnableAdapter.call(Executors.java:539)
	at java.base/java.util.concurrent.FutureTask.runAndReset(FutureTask.java:305)
	at java.base/java.util.concurrent.ScheduledThreadPoolExecutor$ScheduledFutureTask.run(ScheduledThreadPoolExecutor.java:305)
	at java.base/java.util.concurrent.ThreadPoolExecutor.runWorker(ThreadPoolExecutor.java:1136)
	at java.base/java.util.concurrent.ThreadPoolExecutor$Worker.run(ThreadPoolExecutor.java:635)
	at java.base/java.lang.Thread.run(Thread.java:840)
[2025-11-15 23:38:12.080] ERROR org.alter.game.task.AutoSaveTask - Failed to auto-save player 'SpideyM': List element cannot be cast to int
java.lang.ClassCastException: List element cannot be cast to int
	at org.bson.Document.constructValuesList(Document.java:402)
	at org.bson.Document.getList(Document.java:369)
	at org.alter.game.saving.PlayerSaving.savePlayer(PlayerSaving.kt:56)
	at org.alter.game.task.AutoSaveTask.performAutoSave$lambda$4(AutoSaveTask.kt:64)
	at org.alter.game.model.PawnList.forEach(PawnList.kt:35)
	at org.alter.game.task.AutoSaveTask.performAutoSave(AutoSaveTask.kt:55)
	at org.alter.game.task.AutoSaveTask.execute(AutoSaveTask.kt:40)
	at org.alter.game.service.GameService.cycle(GameService.kt:192)
	at java.base/java.util.concurrent.Executors$RunnableAdapter.call(Executors.java:539)
	at java.base/java.util.concurrent.FutureTask.runAndReset(FutureTask.java:305)
	at java.base/java.util.concurrent.ScheduledThreadPoolExecutor$ScheduledFutureTask.run(ScheduledThreadPoolExecutor.java:305)
	at java.base/java.util.concurrent.ThreadPoolExecutor.runWorker(ThreadPoolExecutor.java:1136)
	at java.base/java.util.concurrent.ThreadPoolExecutor$Worker.run(ThreadPoolExecutor.java:635)
	at java.base/java.lang.Thread.run(Thread.java:840)
[2025-11-15 23:38:12.080] ERROR org.alter.game.saving.PlayerSaving - Failed to serialize details for player Pnda
java.lang.ClassCastException: List element cannot be cast to int
	at org.bson.Document.constructValuesList(Document.java:402)
	at org.bson.Document.getList(Document.java:369)
	at org.alter.game.saving.PlayerSaving.savePlayer(PlayerSaving.kt:56)
	at org.alter.game.task.AutoSaveTask.performAutoSave$lambda$4(AutoSaveTask.kt:64)
	at org.alter.game.model.PawnList.forEach(PawnList.kt:35)
	at org.alter.game.task.AutoSaveTask.performAutoSave(AutoSaveTask.kt:55)
	at org.alter.game.task.AutoSaveTask.execute(AutoSaveTask.kt:40)
	at org.alter.game.service.GameService.cycle(GameService.kt:192)
	at java.base/java.util.concurrent.Executors$RunnableAdapter.call(Executors.java:539)
	at java.base/java.util.concurrent.FutureTask.runAndReset(FutureTask.java:305)
	at java.base/java.util.concurrent.ScheduledThreadPoolExecutor$ScheduledFutureTask.run(ScheduledThreadPoolExecutor.java:305)
	at java.base/java.util.concurrent.ThreadPoolExecutor.runWorker(ThreadPoolExecutor.java:1136)
	at java.base/java.util.concurrent.ThreadPoolExecutor$Worker.run(ThreadPoolExecutor.java:635)
	at java.base/java.lang.Thread.run(Thread.java:840)
[2025-11-15 23:38:12.080] ERROR org.alter.game.saving.PlayerSaving - Failed to save player Pnda: List element cannot be cast to int
java.lang.ClassCastException: List element cannot be cast to int
	at org.bson.Document.constructValuesList(Document.java:402)
	at org.bson.Document.getList(Document.java:369)
	at org.alter.game.saving.PlayerSaving.savePlayer(PlayerSaving.kt:56)
	at org.alter.game.task.AutoSaveTask.performAutoSave$lambda$4(AutoSaveTask.kt:64)
	at org.alter.game.model.PawnList.forEach(PawnList.kt:35)
	at org.alter.game.task.AutoSaveTask.performAutoSave(AutoSaveTask.kt:55)
	at org.alter.game.task.AutoSaveTask.execute(AutoSaveTask.kt:40)
	at org.alter.game.service.GameService.cycle(GameService.kt:192)
	at java.base/java.util.concurrent.Executors$RunnableAdapter.call(Executors.java:539)
	at java.base/java.util.concurrent.FutureTask.runAndReset(FutureTask.java:305)
	at java.base/java.util.concurrent.ScheduledThreadPoolExecutor$ScheduledFutureTask.run(ScheduledThreadPoolExecutor.java:305)
	at java.base/java.util.concurrent.ThreadPoolExecutor.runWorker(ThreadPoolExecutor.java:1136)
	at java.base/java.util.concurrent.ThreadPoolExecutor$Worker.run(ThreadPoolExecutor.java:635)
	at java.base/java.lang.Thread.run(Thread.java:840)
[2025-11-15 23:38:12.080] ERROR org.alter.game.task.AutoSaveTask - Failed to auto-save player 'Pnda': List element cannot be cast to int
java.lang.ClassCastException: List element cannot be cast to int
	at org.bson.Document.constructValuesList(Document.java:402)
	at org.bson.Document.getList(Document.java:369)
	at org.alter.game.saving.PlayerSaving.savePlayer(PlayerSaving.kt:56)
	at org.alter.game.task.AutoSaveTask.performAutoSave$lambda$4(AutoSaveTask.kt:64)
	at org.alter.game.model.PawnList.forEach(PawnList.kt:35)
	at org.alter.game.task.AutoSaveTask.performAutoSave(AutoSaveTask.kt:55)
	at org.alter.game.task.AutoSaveTask.execute(AutoSaveTask.kt:40)
	at org.alter.game.service.GameService.cycle(GameService.kt:192)
	at java.base/java.util.concurrent.Executors$RunnableAdapter.call(Executors.java:539)
	at java.base/java.util.concurrent.FutureTask.runAndReset(FutureTask.java:305)
	at java.base/java.util.concurrent.ScheduledThreadPoolExecutor$ScheduledFutureTask.run(ScheduledThreadPoolExecutor.java:305)
	at java.base/java.util.concurrent.ThreadPoolExecutor.runWorker(ThreadPoolExecutor.java:1136)
	at java.base/java.util.concurrent.ThreadPoolExecutor$Worker.run(ThreadPoolExecutor.java:635)
	at java.base/java.lang.Thread.run(Thread.java:840)
[2025-11-15 23:38:12.080] WARN  org.alter.game.task.AutoSaveTask - Auto-save attempted but no players were saved (3 players online)
[2025-11-15 23:38:13.071] WARN  o.a.g.s.impl.DetailSerialisation - Failed to load tile position for player SpideyM: List element cannot be cast to int. Falling back to home location.
[2025-11-15 23:38:13.071] WARN  o.a.g.s.impl.DetailSerialisation - Player SpideyM position not found in save file (tile data: null), spawning at home location
[2025-11-15 23:38:21.072] WARN  o.a.g.s.impl.DetailSerialisation - Failed to load tile position for player SpideyM: List element cannot be cast to int. Falling back to home location.
[2025-11-15 23:38:21.073] WARN  o.a.g.s.impl.DetailSerialisation - Player SpideyM position not found in save file (tile data: null), spawning at home location
[2025-11-15 23:38:42.076] ERROR org.alter.game.saving.PlayerSaving - Failed to serialize details for player DragonM
java.lang.ClassCastException: List element cannot be cast to int
	at org.bson.Document.constructValuesList(Document.java:402)
	at org.bson.Document.getList(Document.java:369)
	at org.alter.game.saving.PlayerSaving.savePlayer(PlayerSaving.kt:56)
	at org.alter.game.task.AutoSaveTask.performAutoSave$lambda$4(AutoSaveTask.kt:64)
	at org.alter.game.model.PawnList.forEach(PawnList.kt:35)
	at org.alter.game.task.AutoSaveTask.performAutoSave(AutoSaveTask.kt:55)
	at org.alter.game.task.AutoSaveTask.execute(AutoSaveTask.kt:40)
	at org.alter.game.service.GameService.cycle(GameService.kt:192)
	at java.base/java.util.concurrent.Executors$RunnableAdapter.call(Executors.java:539)
	at java.base/java.util.concurrent.FutureTask.runAndReset(FutureTask.java:305)
	at java.base/java.util.concurrent.ScheduledThreadPoolExecutor$ScheduledFutureTask.run(ScheduledThreadPoolExecutor.java:305)
	at java.base/java.util.concurrent.ThreadPoolExecutor.runWorker(ThreadPoolExecutor.java:1136)
	at java.base/java.util.concurrent.ThreadPoolExecutor$Worker.run(ThreadPoolExecutor.java:635)
	at java.base/java.lang.Thread.run(Thread.java:840)
[2025-11-15 23:38:42.076] ERROR org.alter.game.saving.PlayerSaving - Failed to save player DragonM: List element cannot be cast to int
java.lang.ClassCastException: List element cannot be cast to int
	at org.bson.Document.constructValuesList(Document.java:402)
	at org.bson.Document.getList(Document.java:369)
	at org.alter.game.saving.PlayerSaving.savePlayer(PlayerSaving.kt:56)
	at org.alter.game.task.AutoSaveTask.performAutoSave$lambda$4(AutoSaveTask.kt:64)
	at org.alter.game.model.PawnList.forEach(PawnList.kt:35)
	at org.alter.game.task.AutoSaveTask.performAutoSave(AutoSaveTask.kt:55)
	at org.alter.game.task.AutoSaveTask.execute(AutoSaveTask.kt:40)
	at org.alter.game.service.GameService.cycle(GameService.kt:192)
	at java.base/java.util.concurrent.Executors$RunnableAdapter.call(Executors.java:539)
	at java.base/java.util.concurrent.FutureTask.runAndReset(FutureTask.java:305)
	at java.base/java.util.concurrent.ScheduledThreadPoolExecutor$ScheduledFutureTask.run(ScheduledThreadPoolExecutor.java:305)
	at java.base/java.util.concurrent.ThreadPoolExecutor.runWorker(ThreadPoolExecutor.java:1136)
	at java.base/java.util.concurrent.ThreadPoolExecutor$Worker.run(ThreadPoolExecutor.java:635)
	at java.base/java.lang.Thread.run(Thread.java:840)
[2025-11-15 23:38:42.076] ERROR org.alter.game.task.AutoSaveTask - Failed to auto-save player 'DragonM': List element cannot be cast to int
java.lang.ClassCastException: List element cannot be cast to int
	at org.bson.Document.constructValuesList(Document.java:402)
	at org.bson.Document.getList(Document.java:369)
	at org.alter.game.saving.PlayerSaving.savePlayer(PlayerSaving.kt:56)
	at org.alter.game.task.AutoSaveTask.performAutoSave$lambda$4(AutoSaveTask.kt:64)
	at org.alter.game.model.PawnList.forEach(PawnList.kt:35)
	at org.alter.game.task.AutoSaveTask.performAutoSave(AutoSaveTask.kt:55)
	at org.alter.game.task.AutoSaveTask.execute(AutoSaveTask.kt:40)
	at org.alter.game.service.GameService.cycle(GameService.kt:192)
	at java.base/java.util.concurrent.Executors$RunnableAdapter.call(Executors.java:539)
	at java.base/java.util.concurrent.FutureTask.runAndReset(FutureTask.java:305)
	at java.base/java.util.concurrent.ScheduledThreadPoolExecutor$ScheduledFutureTask.run(ScheduledThreadPoolExecutor.java:305)
	at java.base/java.util.concurrent.ThreadPoolExecutor.runWorker(ThreadPoolExecutor.java:1136)
	at java.base/java.util.concurrent.ThreadPoolExecutor$Worker.run(ThreadPoolExecutor.java:635)
	at java.base/java.lang.Thread.run(Thread.java:840)
[2025-11-15 23:38:42.076] ERROR org.alter.game.saving.PlayerSaving - Failed to serialize details for player SpideyM
java.lang.ClassCastException: List element cannot be cast to int
	at org.bson.Document.constructValuesList(Document.java:402)
	at org.bson.Document.getList(Document.java:369)
	at org.alter.game.saving.PlayerSaving.savePlayer(PlayerSaving.kt:56)
	at org.alter.game.task.AutoSaveTask.performAutoSave$lambda$4(AutoSaveTask.kt:64)
	at org.alter.game.model.PawnList.forEach(PawnList.kt:35)
	at org.alter.game.task.AutoSaveTask.performAutoSave(AutoSaveTask.kt:55)
	at org.alter.game.task.AutoSaveTask.execute(AutoSaveTask.kt:40)
	at org.alter.game.service.GameService.cycle(GameService.kt:192)
	at java.base/java.util.concurrent.Executors$RunnableAdapter.call(Executors.java:539)
	at java.base/java.util.concurrent.FutureTask.runAndReset(FutureTask.java:305)
	at java.base/java.util.concurrent.ScheduledThreadPoolExecutor$ScheduledFutureTask.run(ScheduledThreadPoolExecutor.java:305)
	at java.base/java.util.concurrent.ThreadPoolExecutor.runWorker(ThreadPoolExecutor.java:1136)
	at java.base/java.util.concurrent.ThreadPoolExecutor$Worker.run(ThreadPoolExecutor.java:635)
	at java.base/java.lang.Thread.run(Thread.java:840)
[2025-11-15 23:38:42.076] ERROR org.alter.game.saving.PlayerSaving - Failed to save player SpideyM: List element cannot be cast to int
java.lang.ClassCastException: List element cannot be cast to int
	at org.bson.Document.constructValuesList(Document.java:402)
	at org.bson.Document.getList(Document.java:369)
	at org.alter.game.saving.PlayerSaving.savePlayer(PlayerSaving.kt:56)
	at org.alter.game.task.AutoSaveTask.performAutoSave$lambda$4(AutoSaveTask.kt:64)
	at org.alter.game.model.PawnList.forEach(PawnList.kt:35)
	at org.alter.game.task.AutoSaveTask.performAutoSave(AutoSaveTask.kt:55)
	at org.alter.game.task.AutoSaveTask.execute(AutoSaveTask.kt:40)
	at org.alter.game.service.GameService.cycle(GameService.kt:192)
	at java.base/java.util.concurrent.Executors$RunnableAdapter.call(Executors.java:539)
	at java.base/java.util.concurrent.FutureTask.runAndReset(FutureTask.java:305)
	at java.base/java.util.concurrent.ScheduledThreadPoolExecutor$ScheduledFutureTask.run(ScheduledThreadPoolExecutor.java:305)
	at java.base/java.util.concurrent.ThreadPoolExecutor.runWorker(ThreadPoolExecutor.java:1136)
	at java.base/java.util.concurrent.ThreadPoolExecutor$Worker.run(ThreadPoolExecutor.java:635)
	at java.base/java.lang.Thread.run(Thread.java:840)
[2025-11-15 23:38:42.076] ERROR org.alter.game.task.AutoSaveTask - Failed to auto-save player 'SpideyM': List element cannot be cast to int
java.lang.ClassCastException: List element cannot be cast to int
	at org.bson.Document.constructValuesList(Document.java:402)
	at org.bson.Document.getList(Document.java:369)
	at org.alter.game.saving.PlayerSaving.savePlayer(PlayerSaving.kt:56)
	at org.alter.game.task.AutoSaveTask.performAutoSave$lambda$4(AutoSaveTask.kt:64)
	at org.alter.game.model.PawnList.forEach(PawnList.kt:35)
	at org.alter.game.task.AutoSaveTask.performAutoSave(AutoSaveTask.kt:55)
	at org.alter.game.task.AutoSaveTask.execute(AutoSaveTask.kt:40)
	at org.alter.game.service.GameService.cycle(GameService.kt:192)
	at java.base/java.util.concurrent.Executors$RunnableAdapter.call(Executors.java:539)
	at java.base/java.util.concurrent.FutureTask.runAndReset(FutureTask.java:305)
	at java.base/java.util.concurrent.ScheduledThreadPoolExecutor$ScheduledFutureTask.run(ScheduledThreadPoolExecutor.java:305)
	at java.base/java.util.concurrent.ThreadPoolExecutor.runWorker(ThreadPoolExecutor.java:1136)
	at java.base/java.util.concurrent.ThreadPoolExecutor$Worker.run(ThreadPoolExecutor.java:635)
	at java.base/java.lang.Thread.run(Thread.java:840)
[2025-11-15 23:38:42.076] ERROR org.alter.game.saving.PlayerSaving - Failed to serialize details for player Pnda
java.lang.ClassCastException: List element cannot be cast to int
	at org.bson.Document.constructValuesList(Document.java:402)
	at org.bson.Document.getList(Document.java:369)
	at org.alter.game.saving.PlayerSaving.savePlayer(PlayerSaving.kt:56)
	at org.alter.game.task.AutoSaveTask.performAutoSave$lambda$4(AutoSaveTask.kt:64)
	at org.alter.game.model.PawnList.forEach(PawnList.kt:35)
	at org.alter.game.task.AutoSaveTask.performAutoSave(AutoSaveTask.kt:55)
	at org.alter.game.task.AutoSaveTask.execute(AutoSaveTask.kt:40)
	at org.alter.game.service.GameService.cycle(GameService.kt:192)
	at java.base/java.util.concurrent.Executors$RunnableAdapter.call(Executors.java:539)
	at java.base/java.util.concurrent.FutureTask.runAndReset(FutureTask.java:305)
	at java.base/java.util.concurrent.ScheduledThreadPoolExecutor$ScheduledFutureTask.run(ScheduledThreadPoolExecutor.java:305)
	at java.base/java.util.concurrent.ThreadPoolExecutor.runWorker(ThreadPoolExecutor.java:1136)
	at java.base/java.util.concurrent.ThreadPoolExecutor$Worker.run(ThreadPoolExecutor.java:635)
	at java.base/java.lang.Thread.run(Thread.java:840)
[2025-11-15 23:38:42.076] ERROR org.alter.game.saving.PlayerSaving - Failed to save player Pnda: List element cannot be cast to int
java.lang.ClassCastException: List element cannot be cast to int
	at org.bson.Document.constructValuesList(Document.java:402)
	at org.bson.Document.getList(Document.java:369)
	at org.alter.game.saving.PlayerSaving.savePlayer(PlayerSaving.kt:56)
	at org.alter.game.task.AutoSaveTask.performAutoSave$lambda$4(AutoSaveTask.kt:64)
	at org.alter.game.model.PawnList.forEach(PawnList.kt:35)
	at org.alter.game.task.AutoSaveTask.performAutoSave(AutoSaveTask.kt:55)
	at org.alter.game.task.AutoSaveTask.execute(AutoSaveTask.kt:40)
	at org.alter.game.service.GameService.cycle(GameService.kt:192)
	at java.base/java.util.concurrent.Executors$RunnableAdapter.call(Executors.java:539)
	at java.base/java.util.concurrent.FutureTask.runAndReset(FutureTask.java:305)
	at java.base/java.util.concurrent.ScheduledThreadPoolExecutor$ScheduledFutureTask.run(ScheduledThreadPoolExecutor.java:305)
	at java.base/java.util.concurrent.ThreadPoolExecutor.runWorker(ThreadPoolExecutor.java:1136)
	at java.base/java.util.concurrent.ThreadPoolExecutor$Worker.run(ThreadPoolExecutor.java:635)
	at java.base/java.lang.Thread.run(Thread.java:840)
[2025-11-15 23:38:42.077] ERROR org.alter.game.task.AutoSaveTask - Failed to auto-save player 'Pnda': List element cannot be cast to int
java.lang.ClassCastException: List element cannot be cast to int
	at org.bson.Document.constructValuesList(Document.java:402)
	at org.bson.Document.getList(Document.java:369)
	at org.alter.game.saving.PlayerSaving.savePlayer(PlayerSaving.kt:56)
	at org.alter.game.task.AutoSaveTask.performAutoSave$lambda$4(AutoSaveTask.kt:64)
	at org.alter.game.model.PawnList.forEach(PawnList.kt:35)
	at org.alter.game.task.AutoSaveTask.performAutoSave(AutoSaveTask.kt:55)
	at org.alter.game.task.AutoSaveTask.execute(AutoSaveTask.kt:40)
	at org.alter.game.service.GameService.cycle(GameService.kt:192)
	at java.base/java.util.concurrent.Executors$RunnableAdapter.call(Executors.java:539)
	at java.base/java.util.concurrent.FutureTask.runAndReset(FutureTask.java:305)
	at java.base/java.util.concurrent.ScheduledThreadPoolExecutor$ScheduledFutureTask.run(ScheduledThreadPoolExecutor.java:305)
	at java.base/java.util.concurrent.ThreadPoolExecutor.runWorker(ThreadPoolExecutor.java:1136)
	at java.base/java.util.concurrent.ThreadPoolExecutor$Worker.run(ThreadPoolExecutor.java:635)
	at java.base/java.lang.Thread.run(Thread.java:840)
[2025-11-15 23:38:42.077] WARN  org.alter.game.task.AutoSaveTask - Auto-save attempted but no players were saved (3 players online)
[2025-11-15 23:38:47.235] WARN  o.a.g.s.impl.DetailSerialisation - Failed to load tile position for player SpideyM: List element cannot be cast to int. Falling back to home location.
[2025-11-15 23:38:47.235] WARN  o.a.g.s.impl.DetailSerialisation - Player SpideyM position not found in save file (tile data: null), spawning at home location
[2025-11-15 23:38:56.340] WARN  o.a.g.s.impl.DetailSerialisation - Failed to load tile position for player SpideyM: List element cannot be cast to int. Falling back to home location.
[2025-11-15 23:38:56.341] WARN  o.a.g.s.impl.DetailSerialisation - Player SpideyM position not found in save file (tile data: null), spawning at home location
[2025-11-15 23:39:08.672] WARN  o.a.g.s.impl.DetailSerialisation - Failed to load tile position for player SpideyM: List element cannot be cast to int. Falling back to home location.
[2025-11-15 23:39:08.672] WARN  o.a.g.s.impl.DetailSerialisation - Player SpideyM position not found in save file (tile data: null), spawning at home location
[2025-11-15 23:39:12.071] ERROR org.alter.game.saving.PlayerSaving - Failed to serialize details for player DragonM
java.lang.ClassCastException: List element cannot be cast to int
	at org.bson.Document.constructValuesList(Document.java:402)
	at org.bson.Document.getList(Document.java:369)
	at org.alter.game.saving.PlayerSaving.savePlayer(PlayerSaving.kt:56)
	at org.alter.game.task.AutoSaveTask.performAutoSave$lambda$4(AutoSaveTask.kt:64)
	at org.alter.game.model.PawnList.forEach(PawnList.kt:35)
	at org.alter.game.task.AutoSaveTask.performAutoSave(AutoSaveTask.kt:55)
	at org.alter.game.task.AutoSaveTask.execute(AutoSaveTask.kt:40)
	at org.alter.game.service.GameService.cycle(GameService.kt:192)
	at java.base/java.util.concurrent.Executors$RunnableAdapter.call(Executors.java:539)
	at java.base/java.util.concurrent.FutureTask.runAndReset(FutureTask.java:305)
	at java.base/java.util.concurrent.ScheduledThreadPoolExecutor$ScheduledFutureTask.run(ScheduledThreadPoolExecutor.java:305)
	at java.base/java.util.concurrent.ThreadPoolExecutor.runWorker(ThreadPoolExecutor.java:1136)
	at java.base/java.util.concurrent.ThreadPoolExecutor$Worker.run(ThreadPoolExecutor.java:635)
	at java.base/java.lang.Thread.run(Thread.java:840)
[2025-11-15 23:39:12.071] ERROR org.alter.game.saving.PlayerSaving - Failed to save player DragonM: List element cannot be cast to int
java.lang.ClassCastException: List element cannot be cast to int
	at org.bson.Document.constructValuesList(Document.java:402)
	at org.bson.Document.getList(Document.java:369)
	at org.alter.game.saving.PlayerSaving.savePlayer(PlayerSaving.kt:56)
	at org.alter.game.task.AutoSaveTask.performAutoSave$lambda$4(AutoSaveTask.kt:64)
	at org.alter.game.model.PawnList.forEach(PawnList.kt:35)
	at org.alter.game.task.AutoSaveTask.performAutoSave(AutoSaveTask.kt:55)
	at org.alter.game.task.AutoSaveTask.execute(AutoSaveTask.kt:40)
	at org.alter.game.service.GameService.cycle(GameService.kt:192)
	at java.base/java.util.concurrent.Executors$RunnableAdapter.call(Executors.java:539)
	at java.base/java.util.concurrent.FutureTask.runAndReset(FutureTask.java:305)
	at java.base/java.util.concurrent.ScheduledThreadPoolExecutor$ScheduledFutureTask.run(ScheduledThreadPoolExecutor.java:305)
	at java.base/java.util.concurrent.ThreadPoolExecutor.runWorker(ThreadPoolExecutor.java:1136)
	at java.base/java.util.concurrent.ThreadPoolExecutor$Worker.run(ThreadPoolExecutor.java:635)
	at java.base/java.lang.Thread.run(Thread.java:840)
[2025-11-15 23:39:12.071] ERROR org.alter.game.task.AutoSaveTask - Failed to auto-save player 'DragonM': List element cannot be cast to int
java.lang.ClassCastException: List element cannot be cast to int
	at org.bson.Document.constructValuesList(Document.java:402)
	at org.bson.Document.getList(Document.java:369)
	at org.alter.game.saving.PlayerSaving.savePlayer(PlayerSaving.kt:56)
	at org.alter.game.task.AutoSaveTask.performAutoSave$lambda$4(AutoSaveTask.kt:64)
	at org.alter.game.model.PawnList.forEach(PawnList.kt:35)
	at org.alter.game.task.AutoSaveTask.performAutoSave(AutoSaveTask.kt:55)
	at org.alter.game.task.AutoSaveTask.execute(AutoSaveTask.kt:40)
	at org.alter.game.service.GameService.cycle(GameService.kt:192)
	at java.base/java.util.concurrent.Executors$RunnableAdapter.call(Executors.java:539)
	at java.base/java.util.concurrent.FutureTask.runAndReset(FutureTask.java:305)
	at java.base/java.util.concurrent.ScheduledThreadPoolExecutor$ScheduledFutureTask.run(ScheduledThreadPoolExecutor.java:305)
	at java.base/java.util.concurrent.ThreadPoolExecutor.runWorker(ThreadPoolExecutor.java:1136)
	at java.base/java.util.concurrent.ThreadPoolExecutor$Worker.run(ThreadPoolExecutor.java:635)
	at java.base/java.lang.Thread.run(Thread.java:840)
[2025-11-15 23:39:12.071] ERROR org.alter.game.saving.PlayerSaving - Failed to serialize details for player SpideyM
java.lang.ClassCastException: List element cannot be cast to int
	at org.bson.Document.constructValuesList(Document.java:402)
	at org.bson.Document.getList(Document.java:369)
	at org.alter.game.saving.PlayerSaving.savePlayer(PlayerSaving.kt:56)
	at org.alter.game.task.AutoSaveTask.performAutoSave$lambda$4(AutoSaveTask.kt:64)
	at org.alter.game.model.PawnList.forEach(PawnList.kt:35)
	at org.alter.game.task.AutoSaveTask.performAutoSave(AutoSaveTask.kt:55)
	at org.alter.game.task.AutoSaveTask.execute(AutoSaveTask.kt:40)
	at org.alter.game.service.GameService.cycle(GameService.kt:192)
	at java.base/java.util.concurrent.Executors$RunnableAdapter.call(Executors.java:539)
	at java.base/java.util.concurrent.FutureTask.runAndReset(FutureTask.java:305)
	at java.base/java.util.concurrent.ScheduledThreadPoolExecutor$ScheduledFutureTask.run(ScheduledThreadPoolExecutor.java:305)
	at java.base/java.util.concurrent.ThreadPoolExecutor.runWorker(ThreadPoolExecutor.java:1136)
	at java.base/java.util.concurrent.ThreadPoolExecutor$Worker.run(ThreadPoolExecutor.java:635)
	at java.base/java.lang.Thread.run(Thread.java:840)
[2025-11-15 23:39:12.072] ERROR org.alter.game.saving.PlayerSaving - Failed to save player SpideyM: List element cannot be cast to int
java.lang.ClassCastException: List element cannot be cast to int
	at org.bson.Document.constructValuesList(Document.java:402)
	at org.bson.Document.getList(Document.java:369)
	at org.alter.game.saving.PlayerSaving.savePlayer(PlayerSaving.kt:56)
	at org.alter.game.task.AutoSaveTask.performAutoSave$lambda$4(AutoSaveTask.kt:64)
	at org.alter.game.model.PawnList.forEach(PawnList.kt:35)
	at org.alter.game.task.AutoSaveTask.performAutoSave(AutoSaveTask.kt:55)
	at org.alter.game.task.AutoSaveTask.execute(AutoSaveTask.kt:40)
	at org.alter.game.service.GameService.cycle(GameService.kt:192)
	at java.base/java.util.concurrent.Executors$RunnableAdapter.call(Executors.java:539)
	at java.base/java.util.concurrent.FutureTask.runAndReset(FutureTask.java:305)
	at java.base/java.util.concurrent.ScheduledThreadPoolExecutor$ScheduledFutureTask.run(ScheduledThreadPoolExecutor.java:305)
	at java.base/java.util.concurrent.ThreadPoolExecutor.runWorker(ThreadPoolExecutor.java:1136)
	at java.base/java.util.concurrent.ThreadPoolExecutor$Worker.run(ThreadPoolExecutor.java:635)
	at java.base/java.lang.Thread.run(Thread.java:840)
[2025-11-15 23:39:12.072] ERROR org.alter.game.task.AutoSaveTask - Failed to auto-save player 'SpideyM': List element cannot be cast to int
java.lang.ClassCastException: List element cannot be cast to int
	at org.bson.Document.constructValuesList(Document.java:402)
	at org.bson.Document.getList(Document.java:369)
	at org.alter.game.saving.PlayerSaving.savePlayer(PlayerSaving.kt:56)
	at org.alter.game.task.AutoSaveTask.performAutoSave$lambda$4(AutoSaveTask.kt:64)
	at org.alter.game.model.PawnList.forEach(PawnList.kt:35)
	at org.alter.game.task.AutoSaveTask.performAutoSave(AutoSaveTask.kt:55)
	at org.alter.game.task.AutoSaveTask.execute(AutoSaveTask.kt:40)
	at org.alter.game.service.GameService.cycle(GameService.kt:192)
	at java.base/java.util.concurrent.Executors$RunnableAdapter.call(Executors.java:539)
	at java.base/java.util.concurrent.FutureTask.runAndReset(FutureTask.java:305)
	at java.base/java.util.concurrent.ScheduledThreadPoolExecutor$ScheduledFutureTask.run(ScheduledThreadPoolExecutor.java:305)
	at java.base/java.util.concurrent.ThreadPoolExecutor.runWorker(ThreadPoolExecutor.java:1136)
	at java.base/java.util.concurrent.ThreadPoolExecutor$Worker.run(ThreadPoolExecutor.java:635)
	at java.base/java.lang.Thread.run(Thread.java:840)
[2025-11-15 23:39:12.072] ERROR org.alter.game.saving.PlayerSaving - Failed to serialize details for player Pnda
java.lang.ClassCastException: List element cannot be cast to int
	at org.bson.Document.constructValuesList(Document.java:402)
	at org.bson.Document.getList(Document.java:369)
	at org.alter.game.saving.PlayerSaving.savePlayer(PlayerSaving.kt:56)
	at org.alter.game.task.AutoSaveTask.performAutoSave$lambda$4(AutoSaveTask.kt:64)
	at org.alter.game.model.PawnList.forEach(PawnList.kt:35)
	at org.alter.game.task.AutoSaveTask.performAutoSave(AutoSaveTask.kt:55)
	at org.alter.game.task.AutoSaveTask.execute(AutoSaveTask.kt:40)
	at org.alter.game.service.GameService.cycle(GameService.kt:192)
	at java.base/java.util.concurrent.Executors$RunnableAdapter.call(Executors.java:539)
	at java.base/java.util.concurrent.FutureTask.runAndReset(FutureTask.java:305)
	at java.base/java.util.concurrent.ScheduledThreadPoolExecutor$ScheduledFutureTask.run(ScheduledThreadPoolExecutor.java:305)
	at java.base/java.util.concurrent.ThreadPoolExecutor.runWorker(ThreadPoolExecutor.java:1136)
	at java.base/java.util.concurrent.ThreadPoolExecutor$Worker.run(ThreadPoolExecutor.java:635)
	at java.base/java.lang.Thread.run(Thread.java:840)
[2025-11-15 23:39:12.072] ERROR org.alter.game.saving.PlayerSaving - Failed to save player Pnda: List element cannot be cast to int
java.lang.ClassCastException: List element cannot be cast to int
	at org.bson.Document.constructValuesList(Document.java:402)
	at org.bson.Document.getList(Document.java:369)
	at org.alter.game.saving.PlayerSaving.savePlayer(PlayerSaving.kt:56)
	at org.alter.game.task.AutoSaveTask.performAutoSave$lambda$4(AutoSaveTask.kt:64)
	at org.alter.game.model.PawnList.forEach(PawnList.kt:35)
	at org.alter.game.task.AutoSaveTask.performAutoSave(AutoSaveTask.kt:55)
	at org.alter.game.task.AutoSaveTask.execute(AutoSaveTask.kt:40)
	at org.alter.game.service.GameService.cycle(GameService.kt:192)
	at java.base/java.util.concurrent.Executors$RunnableAdapter.call(Executors.java:539)
	at java.base/java.util.concurrent.FutureTask.runAndReset(FutureTask.java:305)
	at java.base/java.util.concurrent.ScheduledThreadPoolExecutor$ScheduledFutureTask.run(ScheduledThreadPoolExecutor.java:305)
	at java.base/java.util.concurrent.ThreadPoolExecutor.runWorker(ThreadPoolExecutor.java:1136)
	at java.base/java.util.concurrent.ThreadPoolExecutor$Worker.run(ThreadPoolExecutor.java:635)
	at java.base/java.lang.Thread.run(Thread.java:840)
[2025-11-15 23:39:12.072] ERROR org.alter.game.task.AutoSaveTask - Failed to auto-save player 'Pnda': List element cannot be cast to int
java.lang.ClassCastException: List element cannot be cast to int
	at org.bson.Document.constructValuesList(Document.java:402)
	at org.bson.Document.getList(Document.java:369)
	at org.alter.game.saving.PlayerSaving.savePlayer(PlayerSaving.kt:56)
	at org.alter.game.task.AutoSaveTask.performAutoSave$lambda$4(AutoSaveTask.kt:64)
	at org.alter.game.model.PawnList.forEach(PawnList.kt:35)
	at org.alter.game.task.AutoSaveTask.performAutoSave(AutoSaveTask.kt:55)
	at org.alter.game.task.AutoSaveTask.execute(AutoSaveTask.kt:40)
	at org.alter.game.service.GameService.cycle(GameService.kt:192)
	at java.base/java.util.concurrent.Executors$RunnableAdapter.call(Executors.java:539)
	at java.base/java.util.concurrent.FutureTask.runAndReset(FutureTask.java:305)
	at java.base/java.util.concurrent.ScheduledThreadPoolExecutor$ScheduledFutureTask.run(ScheduledThreadPoolExecutor.java:305)
	at java.base/java.util.concurrent.ThreadPoolExecutor.runWorker(ThreadPoolExecutor.java:1136)
	at java.base/java.util.concurrent.ThreadPoolExecutor$Worker.run(ThreadPoolExecutor.java:635)
	at java.base/java.lang.Thread.run(Thread.java:840)
[2025-11-15 23:39:12.072] WARN  org.alter.game.task.AutoSaveTask - Auto-save attempted but no players were saved (3 players online)
[2025-11-15 23:39:42.070] ERROR org.alter.game.saving.PlayerSaving - Failed to serialize details for player DragonM
java.lang.ClassCastException: List element cannot be cast to int
	at org.bson.Document.constructValuesList(Document.java:402)
	at org.bson.Document.getList(Document.java:369)
	at org.alter.game.saving.PlayerSaving.savePlayer(PlayerSaving.kt:56)
	at org.alter.game.task.AutoSaveTask.performAutoSave$lambda$4(AutoSaveTask.kt:64)
	at org.alter.game.model.PawnList.forEach(PawnList.kt:35)
	at org.alter.game.task.AutoSaveTask.performAutoSave(AutoSaveTask.kt:55)
	at org.alter.game.task.AutoSaveTask.execute(AutoSaveTask.kt:40)
	at org.alter.game.service.GameService.cycle(GameService.kt:192)
	at java.base/java.util.concurrent.Executors$RunnableAdapter.call(Executors.java:539)
	at java.base/java.util.concurrent.FutureTask.runAndReset(FutureTask.java:305)
	at java.base/java.util.concurrent.ScheduledThreadPoolExecutor$ScheduledFutureTask.run(ScheduledThreadPoolExecutor.java:305)
	at java.base/java.util.concurrent.ThreadPoolExecutor.runWorker(ThreadPoolExecutor.java:1136)
	at java.base/java.util.concurrent.ThreadPoolExecutor$Worker.run(ThreadPoolExecutor.java:635)
	at java.base/java.lang.Thread.run(Thread.java:840)
[2025-11-15 23:39:42.070] ERROR org.alter.game.saving.PlayerSaving - Failed to save player DragonM: List element cannot be cast to int
java.lang.ClassCastException: List element cannot be cast to int
	at org.bson.Document.constructValuesList(Document.java:402)
	at org.bson.Document.getList(Document.java:369)
	at org.alter.game.saving.PlayerSaving.savePlayer(PlayerSaving.kt:56)
	at org.alter.game.task.AutoSaveTask.performAutoSave$lambda$4(AutoSaveTask.kt:64)
	at org.alter.game.model.PawnList.forEach(PawnList.kt:35)
	at org.alter.game.task.AutoSaveTask.performAutoSave(AutoSaveTask.kt:55)
	at org.alter.game.task.AutoSaveTask.execute(AutoSaveTask.kt:40)
	at org.alter.game.service.GameService.cycle(GameService.kt:192)
	at java.base/java.util.concurrent.Executors$RunnableAdapter.call(Executors.java:539)
	at java.base/java.util.concurrent.FutureTask.runAndReset(FutureTask.java:305)
	at java.base/java.util.concurrent.ScheduledThreadPoolExecutor$ScheduledFutureTask.run(ScheduledThreadPoolExecutor.java:305)
	at java.base/java.util.concurrent.ThreadPoolExecutor.runWorker(ThreadPoolExecutor.java:1136)
	at java.base/java.util.concurrent.ThreadPoolExecutor$Worker.run(ThreadPoolExecutor.java:635)
	at java.base/java.lang.Thread.run(Thread.java:840)
[2025-11-15 23:39:42.070] ERROR org.alter.game.task.AutoSaveTask - Failed to auto-save player 'DragonM': List element cannot be cast to int
java.lang.ClassCastException: List element cannot be cast to int
	at org.bson.Document.constructValuesList(Document.java:402)
	at org.bson.Document.getList(Document.java:369)
	at org.alter.game.saving.PlayerSaving.savePlayer(PlayerSaving.kt:56)
	at org.alter.game.task.AutoSaveTask.performAutoSave$lambda$4(AutoSaveTask.kt:64)
	at org.alter.game.model.PawnList.forEach(PawnList.kt:35)
	at org.alter.game.task.AutoSaveTask.performAutoSave(AutoSaveTask.kt:55)
	at org.alter.game.task.AutoSaveTask.execute(AutoSaveTask.kt:40)
	at org.alter.game.service.GameService.cycle(GameService.kt:192)
	at java.base/java.util.concurrent.Executors$RunnableAdapter.call(Executors.java:539)
	at java.base/java.util.concurrent.FutureTask.runAndReset(FutureTask.java:305)
	at java.base/java.util.concurrent.ScheduledThreadPoolExecutor$ScheduledFutureTask.run(ScheduledThreadPoolExecutor.java:305)
	at java.base/java.util.concurrent.ThreadPoolExecutor.runWorker(ThreadPoolExecutor.java:1136)
	at java.base/java.util.concurrent.ThreadPoolExecutor$Worker.run(ThreadPoolExecutor.java:635)
	at java.base/java.lang.Thread.run(Thread.java:840)
[2025-11-15 23:39:42.071] ERROR org.alter.game.saving.PlayerSaving - Failed to serialize details for player SpideyM
java.lang.ClassCastException: List element cannot be cast to int
	at org.bson.Document.constructValuesList(Document.java:402)
	at org.bson.Document.getList(Document.java:369)
	at org.alter.game.saving.PlayerSaving.savePlayer(PlayerSaving.kt:56)
	at org.alter.game.task.AutoSaveTask.performAutoSave$lambda$4(AutoSaveTask.kt:64)
	at org.alter.game.model.PawnList.forEach(PawnList.kt:35)
	at org.alter.game.task.AutoSaveTask.performAutoSave(AutoSaveTask.kt:55)
	at org.alter.game.task.AutoSaveTask.execute(AutoSaveTask.kt:40)
	at org.alter.game.service.GameService.cycle(GameService.kt:192)
	at java.base/java.util.concurrent.Executors$RunnableAdapter.call(Executors.java:539)
	at java.base/java.util.concurrent.FutureTask.runAndReset(FutureTask.java:305)
	at java.base/java.util.concurrent.ScheduledThreadPoolExecutor$ScheduledFutureTask.run(ScheduledThreadPoolExecutor.java:305)
	at java.base/java.util.concurrent.ThreadPoolExecutor.runWorker(ThreadPoolExecutor.java:1136)
	at java.base/java.util.concurrent.ThreadPoolExecutor$Worker.run(ThreadPoolExecutor.java:635)
	at java.base/java.lang.Thread.run(Thread.java:840)
[2025-11-15 23:39:42.071] ERROR org.alter.game.saving.PlayerSaving - Failed to save player SpideyM: List element cannot be cast to int
java.lang.ClassCastException: List element cannot be cast to int
	at org.bson.Document.constructValuesList(Document.java:402)
	at org.bson.Document.getList(Document.java:369)
	at org.alter.game.saving.PlayerSaving.savePlayer(PlayerSaving.kt:56)
	at org.alter.game.task.AutoSaveTask.performAutoSave$lambda$4(AutoSaveTask.kt:64)
	at org.alter.game.model.PawnList.forEach(PawnList.kt:35)
	at org.alter.game.task.AutoSaveTask.performAutoSave(AutoSaveTask.kt:55)
	at org.alter.game.task.AutoSaveTask.execute(AutoSaveTask.kt:40)
	at org.alter.game.service.GameService.cycle(GameService.kt:192)
	at java.base/java.util.concurrent.Executors$RunnableAdapter.call(Executors.java:539)
	at java.base/java.util.concurrent.FutureTask.runAndReset(FutureTask.java:305)
	at java.base/java.util.concurrent.ScheduledThreadPoolExecutor$ScheduledFutureTask.run(ScheduledThreadPoolExecutor.java:305)
	at java.base/java.util.concurrent.ThreadPoolExecutor.runWorker(ThreadPoolExecutor.java:1136)
	at java.base/java.util.concurrent.ThreadPoolExecutor$Worker.run(ThreadPoolExecutor.java:635)
	at java.base/java.lang.Thread.run(Thread.java:840)
[2025-11-15 23:39:42.071] ERROR org.alter.game.task.AutoSaveTask - Failed to auto-save player 'SpideyM': List element cannot be cast to int
java.lang.ClassCastException: List element cannot be cast to int
	at org.bson.Document.constructValuesList(Document.java:402)
	at org.bson.Document.getList(Document.java:369)
	at org.alter.game.saving.PlayerSaving.savePlayer(PlayerSaving.kt:56)
	at org.alter.game.task.AutoSaveTask.performAutoSave$lambda$4(AutoSaveTask.kt:64)
	at org.alter.game.model.PawnList.forEach(PawnList.kt:35)
	at org.alter.game.task.AutoSaveTask.performAutoSave(AutoSaveTask.kt:55)
	at org.alter.game.task.AutoSaveTask.execute(AutoSaveTask.kt:40)
	at org.alter.game.service.GameService.cycle(GameService.kt:192)
	at java.base/java.util.concurrent.Executors$RunnableAdapter.call(Executors.java:539)
	at java.base/java.util.concurrent.FutureTask.runAndReset(FutureTask.java:305)
	at java.base/java.util.concurrent.ScheduledThreadPoolExecutor$ScheduledFutureTask.run(ScheduledThreadPoolExecutor.java:305)
	at java.base/java.util.concurrent.ThreadPoolExecutor.runWorker(ThreadPoolExecutor.java:1136)
	at java.base/java.util.concurrent.ThreadPoolExecutor$Worker.run(ThreadPoolExecutor.java:635)
	at java.base/java.lang.Thread.run(Thread.java:840)
[2025-11-15 23:39:42.071] ERROR org.alter.game.saving.PlayerSaving - Failed to serialize details for player Pnda
java.lang.ClassCastException: List element cannot be cast to int
	at org.bson.Document.constructValuesList(Document.java:402)
	at org.bson.Document.getList(Document.java:369)
	at org.alter.game.saving.PlayerSaving.savePlayer(PlayerSaving.kt:56)
	at org.alter.game.task.AutoSaveTask.performAutoSave$lambda$4(AutoSaveTask.kt:64)
	at org.alter.game.model.PawnList.forEach(PawnList.kt:35)
	at org.alter.game.task.AutoSaveTask.performAutoSave(AutoSaveTask.kt:55)
	at org.alter.game.task.AutoSaveTask.execute(AutoSaveTask.kt:40)
	at org.alter.game.service.GameService.cycle(GameService.kt:192)
	at java.base/java.util.concurrent.Executors$RunnableAdapter.call(Executors.java:539)
	at java.base/java.util.concurrent.FutureTask.runAndReset(FutureTask.java:305)
	at java.base/java.util.concurrent.ScheduledThreadPoolExecutor$ScheduledFutureTask.run(ScheduledThreadPoolExecutor.java:305)
	at java.base/java.util.concurrent.ThreadPoolExecutor.runWorker(ThreadPoolExecutor.java:1136)
	at java.base/java.util.concurrent.ThreadPoolExecutor$Worker.run(ThreadPoolExecutor.java:635)
	at java.base/java.lang.Thread.run(Thread.java:840)
[2025-11-15 23:39:42.071] ERROR org.alter.game.saving.PlayerSaving - Failed to save player Pnda: List element cannot be cast to int
java.lang.ClassCastException: List element cannot be cast to int
	at org.bson.Document.constructValuesList(Document.java:402)
	at org.bson.Document.getList(Document.java:369)
	at org.alter.game.saving.PlayerSaving.savePlayer(PlayerSaving.kt:56)
	at org.alter.game.task.AutoSaveTask.performAutoSave$lambda$4(AutoSaveTask.kt:64)
	at org.alter.game.model.PawnList.forEach(PawnList.kt:35)
	at org.alter.game.task.AutoSaveTask.performAutoSave(AutoSaveTask.kt:55)
	at org.alter.game.task.AutoSaveTask.execute(AutoSaveTask.kt:40)
	at org.alter.game.service.GameService.cycle(GameService.kt:192)
	at java.base/java.util.concurrent.Executors$RunnableAdapter.call(Executors.java:539)
	at java.base/java.util.concurrent.FutureTask.runAndReset(FutureTask.java:305)
	at java.base/java.util.concurrent.ScheduledThreadPoolExecutor$ScheduledFutureTask.run(ScheduledThreadPoolExecutor.java:305)
	at java.base/java.util.concurrent.ThreadPoolExecutor.runWorker(ThreadPoolExecutor.java:1136)
	at java.base/java.util.concurrent.ThreadPoolExecutor$Worker.run(ThreadPoolExecutor.java:635)
	at java.base/java.lang.Thread.run(Thread.java:840)
[2025-11-15 23:39:42.071] ERROR org.alter.game.task.AutoSaveTask - Failed to auto-save player 'Pnda': List element cannot be cast to int
java.lang.ClassCastException: List element cannot be cast to int
	at org.bson.Document.constructValuesList(Document.java:402)
	at org.bson.Document.getList(Document.java:369)
	at org.alter.game.saving.PlayerSaving.savePlayer(PlayerSaving.kt:56)
	at org.alter.game.task.AutoSaveTask.performAutoSave$lambda$4(AutoSaveTask.kt:64)
	at org.alter.game.model.PawnList.forEach(PawnList.kt:35)
	at org.alter.game.task.AutoSaveTask.performAutoSave(AutoSaveTask.kt:55)
	at org.alter.game.task.AutoSaveTask.execute(AutoSaveTask.kt:40)
	at org.alter.game.service.GameService.cycle(GameService.kt:192)
	at java.base/java.util.concurrent.Executors$RunnableAdapter.call(Executors.java:539)
	at java.base/java.util.concurrent.FutureTask.runAndReset(FutureTask.java:305)
	at java.base/java.util.concurrent.ScheduledThreadPoolExecutor$ScheduledFutureTask.run(ScheduledThreadPoolExecutor.java:305)
	at java.base/java.util.concurrent.ThreadPoolExecutor.runWorker(ThreadPoolExecutor.java:1136)
	at java.base/java.util.concurrent.ThreadPoolExecutor$Worker.run(ThreadPoolExecutor.java:635)
	at java.base/java.lang.Thread.run(Thread.java:840)
[2025-11-15 23:39:42.071] WARN  org.alter.game.task.AutoSaveTask - Auto-save attempted but no players were saved (3 players online)
[2025-11-15 23:40:12.072] ERROR org.alter.game.saving.PlayerSaving - Failed to serialize details for player DragonM
java.lang.ClassCastException: List element cannot be cast to int
	at org.bson.Document.constructValuesList(Document.java:402)
	at org.bson.Document.getList(Document.java:369)
	at org.alter.game.saving.PlayerSaving.savePlayer(PlayerSaving.kt:56)
	at org.alter.game.task.AutoSaveTask.performAutoSave$lambda$4(AutoSaveTask.kt:64)
	at org.alter.game.model.PawnList.forEach(PawnList.kt:35)
	at org.alter.game.task.AutoSaveTask.performAutoSave(AutoSaveTask.kt:55)
	at org.alter.game.task.AutoSaveTask.execute(AutoSaveTask.kt:40)
	at org.alter.game.service.GameService.cycle(GameService.kt:192)
	at java.base/java.util.concurrent.Executors$RunnableAdapter.call(Executors.java:539)
	at java.base/java.util.concurrent.FutureTask.runAndReset(FutureTask.java:305)
	at java.base/java.util.concurrent.ScheduledThreadPoolExecutor$ScheduledFutureTask.run(ScheduledThreadPoolExecutor.java:305)
	at java.base/java.util.concurrent.ThreadPoolExecutor.runWorker(ThreadPoolExecutor.java:1136)
	at java.base/java.util.concurrent.ThreadPoolExecutor$Worker.run(ThreadPoolExecutor.java:635)
	at java.base/java.lang.Thread.run(Thread.java:840)
[2025-11-15 23:40:12.073] ERROR org.alter.game.saving.PlayerSaving - Failed to save player DragonM: List element cannot be cast to int
java.lang.ClassCastException: List element cannot be cast to int
	at org.bson.Document.constructValuesList(Document.java:402)
	at org.bson.Document.getList(Document.java:369)
	at org.alter.game.saving.PlayerSaving.savePlayer(PlayerSaving.kt:56)
	at org.alter.game.task.AutoSaveTask.performAutoSave$lambda$4(AutoSaveTask.kt:64)
	at org.alter.game.model.PawnList.forEach(PawnList.kt:35)
	at org.alter.game.task.AutoSaveTask.performAutoSave(AutoSaveTask.kt:55)
	at org.alter.game.task.AutoSaveTask.execute(AutoSaveTask.kt:40)
	at org.alter.game.service.GameService.cycle(GameService.kt:192)
	at java.base/java.util.concurrent.Executors$RunnableAdapter.call(Executors.java:539)
	at java.base/java.util.concurrent.FutureTask.runAndReset(FutureTask.java:305)
	at java.base/java.util.concurrent.ScheduledThreadPoolExecutor$ScheduledFutureTask.run(ScheduledThreadPoolExecutor.java:305)
	at java.base/java.util.concurrent.ThreadPoolExecutor.runWorker(ThreadPoolExecutor.java:1136)
	at java.base/java.util.concurrent.ThreadPoolExecutor$Worker.run(ThreadPoolExecutor.java:635)
	at java.base/java.lang.Thread.run(Thread.java:840)
[2025-11-15 23:40:12.073] ERROR org.alter.game.task.AutoSaveTask - Failed to auto-save player 'DragonM': List element cannot be cast to int
java.lang.ClassCastException: List element cannot be cast to int
	at org.bson.Document.constructValuesList(Document.java:402)
	at org.bson.Document.getList(Document.java:369)
	at org.alter.game.saving.PlayerSaving.savePlayer(PlayerSaving.kt:56)
	at org.alter.game.task.AutoSaveTask.performAutoSave$lambda$4(AutoSaveTask.kt:64)
	at org.alter.game.model.PawnList.forEach(PawnList.kt:35)
	at org.alter.game.task.AutoSaveTask.performAutoSave(AutoSaveTask.kt:55)
	at org.alter.game.task.AutoSaveTask.execute(AutoSaveTask.kt:40)
	at org.alter.game.service.GameService.cycle(GameService.kt:192)
	at java.base/java.util.concurrent.Executors$RunnableAdapter.call(Executors.java:539)
	at java.base/java.util.concurrent.FutureTask.runAndReset(FutureTask.java:305)
	at java.base/java.util.concurrent.ScheduledThreadPoolExecutor$ScheduledFutureTask.run(ScheduledThreadPoolExecutor.java:305)
	at java.base/java.util.concurrent.ThreadPoolExecutor.runWorker(ThreadPoolExecutor.java:1136)
	at java.base/java.util.concurrent.ThreadPoolExecutor$Worker.run(ThreadPoolExecutor.java:635)
	at java.base/java.lang.Thread.run(Thread.java:840)
[2025-11-15 23:40:12.073] ERROR org.alter.game.saving.PlayerSaving - Failed to serialize details for player SpideyM
java.lang.ClassCastException: List element cannot be cast to int
	at org.bson.Document.constructValuesList(Document.java:402)
	at org.bson.Document.getList(Document.java:369)
	at org.alter.game.saving.PlayerSaving.savePlayer(PlayerSaving.kt:56)
	at org.alter.game.task.AutoSaveTask.performAutoSave$lambda$4(AutoSaveTask.kt:64)
	at org.alter.game.model.PawnList.forEach(PawnList.kt:35)
	at org.alter.game.task.AutoSaveTask.performAutoSave(AutoSaveTask.kt:55)
	at org.alter.game.task.AutoSaveTask.execute(AutoSaveTask.kt:40)
	at org.alter.game.service.GameService.cycle(GameService.kt:192)
	at java.base/java.util.concurrent.Executors$RunnableAdapter.call(Executors.java:539)
	at java.base/java.util.concurrent.FutureTask.runAndReset(FutureTask.java:305)
	at java.base/java.util.concurrent.ScheduledThreadPoolExecutor$ScheduledFutureTask.run(ScheduledThreadPoolExecutor.java:305)
	at java.base/java.util.concurrent.ThreadPoolExecutor.runWorker(ThreadPoolExecutor.java:1136)
	at java.base/java.util.concurrent.ThreadPoolExecutor$Worker.run(ThreadPoolExecutor.java:635)
	at java.base/java.lang.Thread.run(Thread.java:840)
[2025-11-15 23:40:12.073] ERROR org.alter.game.saving.PlayerSaving - Failed to save player SpideyM: List element cannot be cast to int
java.lang.ClassCastException: List element cannot be cast to int
	at org.bson.Document.constructValuesList(Document.java:402)
	at org.bson.Document.getList(Document.java:369)
	at org.alter.game.saving.PlayerSaving.savePlayer(PlayerSaving.kt:56)
	at org.alter.game.task.AutoSaveTask.performAutoSave$lambda$4(AutoSaveTask.kt:64)
	at org.alter.game.model.PawnList.forEach(PawnList.kt:35)
	at org.alter.game.task.AutoSaveTask.performAutoSave(AutoSaveTask.kt:55)
	at org.alter.game.task.AutoSaveTask.execute(AutoSaveTask.kt:40)
	at org.alter.game.service.GameService.cycle(GameService.kt:192)
	at java.base/java.util.concurrent.Executors$RunnableAdapter.call(Executors.java:539)
	at java.base/java.util.concurrent.FutureTask.runAndReset(FutureTask.java:305)
	at java.base/java.util.concurrent.ScheduledThreadPoolExecutor$ScheduledFutureTask.run(ScheduledThreadPoolExecutor.java:305)
	at java.base/java.util.concurrent.ThreadPoolExecutor.runWorker(ThreadPoolExecutor.java:1136)
	at java.base/java.util.concurrent.ThreadPoolExecutor$Worker.run(ThreadPoolExecutor.java:635)
	at java.base/java.lang.Thread.run(Thread.java:840)
[2025-11-15 23:40:12.073] ERROR org.alter.game.task.AutoSaveTask - Failed to auto-save player 'SpideyM': List element cannot be cast to int
java.lang.ClassCastException: List element cannot be cast to int
	at org.bson.Document.constructValuesList(Document.java:402)
	at org.bson.Document.getList(Document.java:369)
	at org.alter.game.saving.PlayerSaving.savePlayer(PlayerSaving.kt:56)
	at org.alter.game.task.AutoSaveTask.performAutoSave$lambda$4(AutoSaveTask.kt:64)
	at org.alter.game.model.PawnList.forEach(PawnList.kt:35)
	at org.alter.game.task.AutoSaveTask.performAutoSave(AutoSaveTask.kt:55)
	at org.alter.game.task.AutoSaveTask.execute(AutoSaveTask.kt:40)
	at org.alter.game.service.GameService.cycle(GameService.kt:192)
	at java.base/java.util.concurrent.Executors$RunnableAdapter.call(Executors.java:539)
	at java.base/java.util.concurrent.FutureTask.runAndReset(FutureTask.java:305)
	at java.base/java.util.concurrent.ScheduledThreadPoolExecutor$ScheduledFutureTask.run(ScheduledThreadPoolExecutor.java:305)
	at java.base/java.util.concurrent.ThreadPoolExecutor.runWorker(ThreadPoolExecutor.java:1136)
	at java.base/java.util.concurrent.ThreadPoolExecutor$Worker.run(ThreadPoolExecutor.java:635)
	at java.base/java.lang.Thread.run(Thread.java:840)
[2025-11-15 23:40:12.073] ERROR org.alter.game.saving.PlayerSaving - Failed to serialize details for player Pnda
java.lang.ClassCastException: List element cannot be cast to int
	at org.bson.Document.constructValuesList(Document.java:402)
	at org.bson.Document.getList(Document.java:369)
	at org.alter.game.saving.PlayerSaving.savePlayer(PlayerSaving.kt:56)
	at org.alter.game.task.AutoSaveTask.performAutoSave$lambda$4(AutoSaveTask.kt:64)
	at org.alter.game.model.PawnList.forEach(PawnList.kt:35)
	at org.alter.game.task.AutoSaveTask.performAutoSave(AutoSaveTask.kt:55)
	at org.alter.game.task.AutoSaveTask.execute(AutoSaveTask.kt:40)
	at org.alter.game.service.GameService.cycle(GameService.kt:192)
	at java.base/java.util.concurrent.Executors$RunnableAdapter.call(Executors.java:539)
	at java.base/java.util.concurrent.FutureTask.runAndReset(FutureTask.java:305)
	at java.base/java.util.concurrent.ScheduledThreadPoolExecutor$ScheduledFutureTask.run(ScheduledThreadPoolExecutor.java:305)
	at java.base/java.util.concurrent.ThreadPoolExecutor.runWorker(ThreadPoolExecutor.java:1136)
	at java.base/java.util.concurrent.ThreadPoolExecutor$Worker.run(ThreadPoolExecutor.java:635)
	at java.base/java.lang.Thread.run(Thread.java:840)
[2025-11-15 23:40:12.073] ERROR org.alter.game.saving.PlayerSaving - Failed to save player Pnda: List element cannot be cast to int
java.lang.ClassCastException: List element cannot be cast to int
	at org.bson.Document.constructValuesList(Document.java:402)
	at org.bson.Document.getList(Document.java:369)
	at org.alter.game.saving.PlayerSaving.savePlayer(PlayerSaving.kt:56)
	at org.alter.game.task.AutoSaveTask.performAutoSave$lambda$4(AutoSaveTask.kt:64)
	at org.alter.game.model.PawnList.forEach(PawnList.kt:35)
	at org.alter.game.task.AutoSaveTask.performAutoSave(AutoSaveTask.kt:55)
	at org.alter.game.task.AutoSaveTask.execute(AutoSaveTask.kt:40)
	at org.alter.game.service.GameService.cycle(GameService.kt:192)
	at java.base/java.util.concurrent.Executors$RunnableAdapter.call(Executors.java:539)
	at java.base/java.util.concurrent.FutureTask.runAndReset(FutureTask.java:305)
	at java.base/java.util.concurrent.ScheduledThreadPoolExecutor$ScheduledFutureTask.run(ScheduledThreadPoolExecutor.java:305)
	at java.base/java.util.concurrent.ThreadPoolExecutor.runWorker(ThreadPoolExecutor.java:1136)
	at java.base/java.util.concurrent.ThreadPoolExecutor$Worker.run(ThreadPoolExecutor.java:635)
	at java.base/java.lang.Thread.run(Thread.java:840)
[2025-11-15 23:40:12.073] ERROR org.alter.game.task.AutoSaveTask - Failed to auto-save player 'Pnda': List element cannot be cast to int
java.lang.ClassCastException: List element cannot be cast to int
	at org.bson.Document.constructValuesList(Document.java:402)
	at org.bson.Document.getList(Document.java:369)
	at org.alter.game.saving.PlayerSaving.savePlayer(PlayerSaving.kt:56)
	at org.alter.game.task.AutoSaveTask.performAutoSave$lambda$4(AutoSaveTask.kt:64)
	at org.alter.game.model.PawnList.forEach(PawnList.kt:35)
	at org.alter.game.task.AutoSaveTask.performAutoSave(AutoSaveTask.kt:55)
	at org.alter.game.task.AutoSaveTask.execute(AutoSaveTask.kt:40)
	at org.alter.game.service.GameService.cycle(GameService.kt:192)
	at java.base/java.util.concurrent.Executors$RunnableAdapter.call(Executors.java:539)
	at java.base/java.util.concurrent.FutureTask.runAndReset(FutureTask.java:305)
	at java.base/java.util.concurrent.ScheduledThreadPoolExecutor$ScheduledFutureTask.run(ScheduledThreadPoolExecutor.java:305)
	at java.base/java.util.concurrent.ThreadPoolExecutor.runWorker(ThreadPoolExecutor.java:1136)
	at java.base/java.util.concurrent.ThreadPoolExecutor$Worker.run(ThreadPoolExecutor.java:635)
	at java.base/java.lang.Thread.run(Thread.java:840)
[2025-11-15 23:40:12.074] WARN  org.alter.game.task.AutoSaveTask - Auto-save attempted but no players were saved (3 players online)
[2025-11-15 23:40:42.075] ERROR org.alter.game.saving.PlayerSaving - Failed to serialize details for player DragonM
java.lang.ClassCastException: List element cannot be cast to int
	at org.bson.Document.constructValuesList(Document.java:402)
	at org.bson.Document.getList(Document.java:369)
	at org.alter.game.saving.PlayerSaving.savePlayer(PlayerSaving.kt:56)
	at org.alter.game.task.AutoSaveTask.performAutoSave$lambda$4(AutoSaveTask.kt:64)
	at org.alter.game.model.PawnList.forEach(PawnList.kt:35)
	at org.alter.game.task.AutoSaveTask.performAutoSave(AutoSaveTask.kt:55)
	at org.alter.game.task.AutoSaveTask.execute(AutoSaveTask.kt:40)
	at org.alter.game.service.GameService.cycle(GameService.kt:192)
	at java.base/java.util.concurrent.Executors$RunnableAdapter.call(Executors.java:539)
	at java.base/java.util.concurrent.FutureTask.runAndReset(FutureTask.java:305)
	at java.base/java.util.concurrent.ScheduledThreadPoolExecutor$ScheduledFutureTask.run(ScheduledThreadPoolExecutor.java:305)
	at java.base/java.util.concurrent.ThreadPoolExecutor.runWorker(ThreadPoolExecutor.java:1136)
	at java.base/java.util.concurrent.ThreadPoolExecutor$Worker.run(ThreadPoolExecutor.java:635)
	at java.base/java.lang.Thread.run(Thread.java:840)
[2025-11-15 23:40:42.075] ERROR org.alter.game.saving.PlayerSaving - Failed to save player DragonM: List element cannot be cast to int
java.lang.ClassCastException: List element cannot be cast to int
	at org.bson.Document.constructValuesList(Document.java:402)
	at org.bson.Document.getList(Document.java:369)
	at org.alter.game.saving.PlayerSaving.savePlayer(PlayerSaving.kt:56)
	at org.alter.game.task.AutoSaveTask.performAutoSave$lambda$4(AutoSaveTask.kt:64)
	at org.alter.game.model.PawnList.forEach(PawnList.kt:35)
	at org.alter.game.task.AutoSaveTask.performAutoSave(AutoSaveTask.kt:55)
	at org.alter.game.task.AutoSaveTask.execute(AutoSaveTask.kt:40)
	at org.alter.game.service.GameService.cycle(GameService.kt:192)
	at java.base/java.util.concurrent.Executors$RunnableAdapter.call(Executors.java:539)
	at java.base/java.util.concurrent.FutureTask.runAndReset(FutureTask.java:305)
	at java.base/java.util.concurrent.ScheduledThreadPoolExecutor$ScheduledFutureTask.run(ScheduledThreadPoolExecutor.java:305)
	at java.base/java.util.concurrent.ThreadPoolExecutor.runWorker(ThreadPoolExecutor.java:1136)
	at java.base/java.util.concurrent.ThreadPoolExecutor$Worker.run(ThreadPoolExecutor.java:635)
	at java.base/java.lang.Thread.run(Thread.java:840)
[2025-11-15 23:40:42.075] ERROR org.alter.game.task.AutoSaveTask - Failed to auto-save player 'DragonM': List element cannot be cast to int
java.lang.ClassCastException: List element cannot be cast to int
	at org.bson.Document.constructValuesList(Document.java:402)
	at org.bson.Document.getList(Document.java:369)
	at org.alter.game.saving.PlayerSaving.savePlayer(PlayerSaving.kt:56)
	at org.alter.game.task.AutoSaveTask.performAutoSave$lambda$4(AutoSaveTask.kt:64)
	at org.alter.game.model.PawnList.forEach(PawnList.kt:35)
	at org.alter.game.task.AutoSaveTask.performAutoSave(AutoSaveTask.kt:55)
	at org.alter.game.task.AutoSaveTask.execute(AutoSaveTask.kt:40)
	at org.alter.game.service.GameService.cycle(GameService.kt:192)
	at java.base/java.util.concurrent.Executors$RunnableAdapter.call(Executors.java:539)
	at java.base/java.util.concurrent.FutureTask.runAndReset(FutureTask.java:305)
	at java.base/java.util.concurrent.ScheduledThreadPoolExecutor$ScheduledFutureTask.run(ScheduledThreadPoolExecutor.java:305)
	at java.base/java.util.concurrent.ThreadPoolExecutor.runWorker(ThreadPoolExecutor.java:1136)
	at java.base/java.util.concurrent.ThreadPoolExecutor$Worker.run(ThreadPoolExecutor.java:635)
	at java.base/java.lang.Thread.run(Thread.java:840)
[2025-11-15 23:40:42.075] ERROR org.alter.game.saving.PlayerSaving - Failed to serialize details for player SpideyM
java.lang.ClassCastException: List element cannot be cast to int
	at org.bson.Document.constructValuesList(Document.java:402)
	at org.bson.Document.getList(Document.java:369)
	at org.alter.game.saving.PlayerSaving.savePlayer(PlayerSaving.kt:56)
	at org.alter.game.task.AutoSaveTask.performAutoSave$lambda$4(AutoSaveTask.kt:64)
	at org.alter.game.model.PawnList.forEach(PawnList.kt:35)
	at org.alter.game.task.AutoSaveTask.performAutoSave(AutoSaveTask.kt:55)
	at org.alter.game.task.AutoSaveTask.execute(AutoSaveTask.kt:40)
	at org.alter.game.service.GameService.cycle(GameService.kt:192)
	at java.base/java.util.concurrent.Executors$RunnableAdapter.call(Executors.java:539)
	at java.base/java.util.concurrent.FutureTask.runAndReset(FutureTask.java:305)
	at java.base/java.util.concurrent.ScheduledThreadPoolExecutor$ScheduledFutureTask.run(ScheduledThreadPoolExecutor.java:305)
	at java.base/java.util.concurrent.ThreadPoolExecutor.runWorker(ThreadPoolExecutor.java:1136)
	at java.base/java.util.concurrent.ThreadPoolExecutor$Worker.run(ThreadPoolExecutor.java:635)
	at java.base/java.lang.Thread.run(Thread.java:840)
[2025-11-15 23:40:42.075] ERROR org.alter.game.saving.PlayerSaving - Failed to save player SpideyM: List element cannot be cast to int
java.lang.ClassCastException: List element cannot be cast to int
	at org.bson.Document.constructValuesList(Document.java:402)
	at org.bson.Document.getList(Document.java:369)
	at org.alter.game.saving.PlayerSaving.savePlayer(PlayerSaving.kt:56)
	at org.alter.game.task.AutoSaveTask.performAutoSave$lambda$4(AutoSaveTask.kt:64)
	at org.alter.game.model.PawnList.forEach(PawnList.kt:35)
	at org.alter.game.task.AutoSaveTask.performAutoSave(AutoSaveTask.kt:55)
	at org.alter.game.task.AutoSaveTask.execute(AutoSaveTask.kt:40)
	at org.alter.game.service.GameService.cycle(GameService.kt:192)
	at java.base/java.util.concurrent.Executors$RunnableAdapter.call(Executors.java:539)
	at java.base/java.util.concurrent.FutureTask.runAndReset(FutureTask.java:305)
	at java.base/java.util.concurrent.ScheduledThreadPoolExecutor$ScheduledFutureTask.run(ScheduledThreadPoolExecutor.java:305)
	at java.base/java.util.concurrent.ThreadPoolExecutor.runWorker(ThreadPoolExecutor.java:1136)
	at java.base/java.util.concurrent.ThreadPoolExecutor$Worker.run(ThreadPoolExecutor.java:635)
	at java.base/java.lang.Thread.run(Thread.java:840)
[2025-11-15 23:40:42.075] ERROR org.alter.game.task.AutoSaveTask - Failed to auto-save player 'SpideyM': List element cannot be cast to int
java.lang.ClassCastException: List element cannot be cast to int
	at org.bson.Document.constructValuesList(Document.java:402)
	at org.bson.Document.getList(Document.java:369)
	at org.alter.game.saving.PlayerSaving.savePlayer(PlayerSaving.kt:56)
	at org.alter.game.task.AutoSaveTask.performAutoSave$lambda$4(AutoSaveTask.kt:64)
	at org.alter.game.model.PawnList.forEach(PawnList.kt:35)
	at org.alter.game.task.AutoSaveTask.performAutoSave(AutoSaveTask.kt:55)
	at org.alter.game.task.AutoSaveTask.execute(AutoSaveTask.kt:40)
	at org.alter.game.service.GameService.cycle(GameService.kt:192)
	at java.base/java.util.concurrent.Executors$RunnableAdapter.call(Executors.java:539)
	at java.base/java.util.concurrent.FutureTask.runAndReset(FutureTask.java:305)
	at java.base/java.util.concurrent.ScheduledThreadPoolExecutor$ScheduledFutureTask.run(ScheduledThreadPoolExecutor.java:305)
	at java.base/java.util.concurrent.ThreadPoolExecutor.runWorker(ThreadPoolExecutor.java:1136)
	at java.base/java.util.concurrent.ThreadPoolExecutor$Worker.run(ThreadPoolExecutor.java:635)
	at java.base/java.lang.Thread.run(Thread.java:840)
[2025-11-15 23:40:42.075] ERROR org.alter.game.saving.PlayerSaving - Failed to serialize details for player Pnda
java.lang.ClassCastException: List element cannot be cast to int
	at org.bson.Document.constructValuesList(Document.java:402)
	at org.bson.Document.getList(Document.java:369)
	at org.alter.game.saving.PlayerSaving.savePlayer(PlayerSaving.kt:56)
	at org.alter.game.task.AutoSaveTask.performAutoSave$lambda$4(AutoSaveTask.kt:64)
	at org.alter.game.model.PawnList.forEach(PawnList.kt:35)
	at org.alter.game.task.AutoSaveTask.performAutoSave(AutoSaveTask.kt:55)
	at org.alter.game.task.AutoSaveTask.execute(AutoSaveTask.kt:40)
	at org.alter.game.service.GameService.cycle(GameService.kt:192)
	at java.base/java.util.concurrent.Executors$RunnableAdapter.call(Executors.java:539)
	at java.base/java.util.concurrent.FutureTask.runAndReset(FutureTask.java:305)
	at java.base/java.util.concurrent.ScheduledThreadPoolExecutor$ScheduledFutureTask.run(ScheduledThreadPoolExecutor.java:305)
	at java.base/java.util.concurrent.ThreadPoolExecutor.runWorker(ThreadPoolExecutor.java:1136)
	at java.base/java.util.concurrent.ThreadPoolExecutor$Worker.run(ThreadPoolExecutor.java:635)
	at java.base/java.lang.Thread.run(Thread.java:840)
[2025-11-15 23:40:42.076] ERROR org.alter.game.saving.PlayerSaving - Failed to save player Pnda: List element cannot be cast to int
java.lang.ClassCastException: List element cannot be cast to int
	at org.bson.Document.constructValuesList(Document.java:402)
	at org.bson.Document.getList(Document.java:369)
	at org.alter.game.saving.PlayerSaving.savePlayer(PlayerSaving.kt:56)
	at org.alter.game.task.AutoSaveTask.performAutoSave$lambda$4(AutoSaveTask.kt:64)
	at org.alter.game.model.PawnList.forEach(PawnList.kt:35)
	at org.alter.game.task.AutoSaveTask.performAutoSave(AutoSaveTask.kt:55)
	at org.alter.game.task.AutoSaveTask.execute(AutoSaveTask.kt:40)
	at org.alter.game.service.GameService.cycle(GameService.kt:192)
	at java.base/java.util.concurrent.Executors$RunnableAdapter.call(Executors.java:539)
	at java.base/java.util.concurrent.FutureTask.runAndReset(FutureTask.java:305)
	at java.base/java.util.concurrent.ScheduledThreadPoolExecutor$ScheduledFutureTask.run(ScheduledThreadPoolExecutor.java:305)
	at java.base/java.util.concurrent.ThreadPoolExecutor.runWorker(ThreadPoolExecutor.java:1136)
	at java.base/java.util.concurrent.ThreadPoolExecutor$Worker.run(ThreadPoolExecutor.java:635)
	at java.base/java.lang.Thread.run(Thread.java:840)
[2025-11-15 23:40:42.076] ERROR org.alter.game.task.AutoSaveTask - Failed to auto-save player 'Pnda': List element cannot be cast to int
java.lang.ClassCastException: List element cannot be cast to int
	at org.bson.Document.constructValuesList(Document.java:402)
	at org.bson.Document.getList(Document.java:369)
	at org.alter.game.saving.PlayerSaving.savePlayer(PlayerSaving.kt:56)
	at org.alter.game.task.AutoSaveTask.performAutoSave$lambda$4(AutoSaveTask.kt:64)
	at org.alter.game.model.PawnList.forEach(PawnList.kt:35)
	at org.alter.game.task.AutoSaveTask.performAutoSave(AutoSaveTask.kt:55)
	at org.alter.game.task.AutoSaveTask.execute(AutoSaveTask.kt:40)
	at org.alter.game.service.GameService.cycle(GameService.kt:192)
	at java.base/java.util.concurrent.Executors$RunnableAdapter.call(Executors.java:539)
	at java.base/java.util.concurrent.FutureTask.runAndReset(FutureTask.java:305)
	at java.base/java.util.concurrent.ScheduledThreadPoolExecutor$ScheduledFutureTask.run(ScheduledThreadPoolExecutor.java:305)
	at java.base/java.util.concurrent.ThreadPoolExecutor.runWorker(ThreadPoolExecutor.java:1136)
	at java.base/java.util.concurrent.ThreadPoolExecutor$Worker.run(ThreadPoolExecutor.java:635)
	at java.base/java.lang.Thread.run(Thread.java:840)
[2025-11-15 23:40:42.076] WARN  org.alter.game.task.AutoSaveTask - Auto-save attempted but no players were saved (3 players online)
[2025-11-15 23:41:12.084] ERROR org.alter.game.saving.PlayerSaving - Failed to serialize details for player DragonM
java.lang.ClassCastException: List element cannot be cast to int
	at org.bson.Document.constructValuesList(Document.java:402)
	at org.bson.Document.getList(Document.java:369)
	at org.alter.game.saving.PlayerSaving.savePlayer(PlayerSaving.kt:56)
	at org.alter.game.task.AutoSaveTask.performAutoSave$lambda$4(AutoSaveTask.kt:64)
	at org.alter.game.model.PawnList.forEach(PawnList.kt:35)
	at org.alter.game.task.AutoSaveTask.performAutoSave(AutoSaveTask.kt:55)
	at org.alter.game.task.AutoSaveTask.execute(AutoSaveTask.kt:40)
	at org.alter.game.service.GameService.cycle(GameService.kt:192)
	at java.base/java.util.concurrent.Executors$RunnableAdapter.call(Executors.java:539)
	at java.base/java.util.concurrent.FutureTask.runAndReset(FutureTask.java:305)
	at java.base/java.util.concurrent.ScheduledThreadPoolExecutor$ScheduledFutureTask.run(ScheduledThreadPoolExecutor.java:305)
	at java.base/java.util.concurrent.ThreadPoolExecutor.runWorker(ThreadPoolExecutor.java:1136)
	at java.base/java.util.concurrent.ThreadPoolExecutor$Worker.run(ThreadPoolExecutor.java:635)
	at java.base/java.lang.Thread.run(Thread.java:840)
[2025-11-15 23:41:12.084] ERROR org.alter.game.saving.PlayerSaving - Failed to save player DragonM: List element cannot be cast to int
java.lang.ClassCastException: List element cannot be cast to int
	at org.bson.Document.constructValuesList(Document.java:402)
	at org.bson.Document.getList(Document.java:369)
	at org.alter.game.saving.PlayerSaving.savePlayer(PlayerSaving.kt:56)
	at org.alter.game.task.AutoSaveTask.performAutoSave$lambda$4(AutoSaveTask.kt:64)
	at org.alter.game.model.PawnList.forEach(PawnList.kt:35)
	at org.alter.game.task.AutoSaveTask.performAutoSave(AutoSaveTask.kt:55)
	at org.alter.game.task.AutoSaveTask.execute(AutoSaveTask.kt:40)
	at org.alter.game.service.GameService.cycle(GameService.kt:192)
	at java.base/java.util.concurrent.Executors$RunnableAdapter.call(Executors.java:539)
	at java.base/java.util.concurrent.FutureTask.runAndReset(FutureTask.java:305)
	at java.base/java.util.concurrent.ScheduledThreadPoolExecutor$ScheduledFutureTask.run(ScheduledThreadPoolExecutor.java:305)
	at java.base/java.util.concurrent.ThreadPoolExecutor.runWorker(ThreadPoolExecutor.java:1136)
	at java.base/java.util.concurrent.ThreadPoolExecutor$Worker.run(ThreadPoolExecutor.java:635)
	at java.base/java.lang.Thread.run(Thread.java:840)
[2025-11-15 23:41:12.084] ERROR org.alter.game.task.AutoSaveTask - Failed to auto-save player 'DragonM': List element cannot be cast to int
java.lang.ClassCastException: List element cannot be cast to int
	at org.bson.Document.constructValuesList(Document.java:402)
	at org.bson.Document.getList(Document.java:369)
	at org.alter.game.saving.PlayerSaving.savePlayer(PlayerSaving.kt:56)
	at org.alter.game.task.AutoSaveTask.performAutoSave$lambda$4(AutoSaveTask.kt:64)
	at org.alter.game.model.PawnList.forEach(PawnList.kt:35)
	at org.alter.game.task.AutoSaveTask.performAutoSave(AutoSaveTask.kt:55)
	at org.alter.game.task.AutoSaveTask.execute(AutoSaveTask.kt:40)
	at org.alter.game.service.GameService.cycle(GameService.kt:192)
	at java.base/java.util.concurrent.Executors$RunnableAdapter.call(Executors.java:539)
	at java.base/java.util.concurrent.FutureTask.runAndReset(FutureTask.java:305)
	at java.base/java.util.concurrent.ScheduledThreadPoolExecutor$ScheduledFutureTask.run(ScheduledThreadPoolExecutor.java:305)
	at java.base/java.util.concurrent.ThreadPoolExecutor.runWorker(ThreadPoolExecutor.java:1136)
	at java.base/java.util.concurrent.ThreadPoolExecutor$Worker.run(ThreadPoolExecutor.java:635)
	at java.base/java.lang.Thread.run(Thread.java:840)
[2025-11-15 23:41:12.084] ERROR org.alter.game.saving.PlayerSaving - Failed to serialize details for player SpideyM
java.lang.ClassCastException: List element cannot be cast to int
	at org.bson.Document.constructValuesList(Document.java:402)
	at org.bson.Document.getList(Document.java:369)
	at org.alter.game.saving.PlayerSaving.savePlayer(PlayerSaving.kt:56)
	at org.alter.game.task.AutoSaveTask.performAutoSave$lambda$4(AutoSaveTask.kt:64)
	at org.alter.game.model.PawnList.forEach(PawnList.kt:35)
	at org.alter.game.task.AutoSaveTask.performAutoSave(AutoSaveTask.kt:55)
	at org.alter.game.task.AutoSaveTask.execute(AutoSaveTask.kt:40)
	at org.alter.game.service.GameService.cycle(GameService.kt:192)
	at java.base/java.util.concurrent.Executors$RunnableAdapter.call(Executors.java:539)
	at java.base/java.util.concurrent.FutureTask.runAndReset(FutureTask.java:305)
	at java.base/java.util.concurrent.ScheduledThreadPoolExecutor$ScheduledFutureTask.run(ScheduledThreadPoolExecutor.java:305)
	at java.base/java.util.concurrent.ThreadPoolExecutor.runWorker(ThreadPoolExecutor.java:1136)
	at java.base/java.util.concurrent.ThreadPoolExecutor$Worker.run(ThreadPoolExecutor.java:635)
	at java.base/java.lang.Thread.run(Thread.java:840)
[2025-11-15 23:41:12.084] ERROR org.alter.game.saving.PlayerSaving - Failed to save player SpideyM: List element cannot be cast to int
java.lang.ClassCastException: List element cannot be cast to int
	at org.bson.Document.constructValuesList(Document.java:402)
	at org.bson.Document.getList(Document.java:369)
	at org.alter.game.saving.PlayerSaving.savePlayer(PlayerSaving.kt:56)
	at org.alter.game.task.AutoSaveTask.performAutoSave$lambda$4(AutoSaveTask.kt:64)
	at org.alter.game.model.PawnList.forEach(PawnList.kt:35)
	at org.alter.game.task.AutoSaveTask.performAutoSave(AutoSaveTask.kt:55)
	at org.alter.game.task.AutoSaveTask.execute(AutoSaveTask.kt:40)
	at org.alter.game.service.GameService.cycle(GameService.kt:192)
	at java.base/java.util.concurrent.Executors$RunnableAdapter.call(Executors.java:539)
	at java.base/java.util.concurrent.FutureTask.runAndReset(FutureTask.java:305)
	at java.base/java.util.concurrent.ScheduledThreadPoolExecutor$ScheduledFutureTask.run(ScheduledThreadPoolExecutor.java:305)
	at java.base/java.util.concurrent.ThreadPoolExecutor.runWorker(ThreadPoolExecutor.java:1136)
	at java.base/java.util.concurrent.ThreadPoolExecutor$Worker.run(ThreadPoolExecutor.java:635)
	at java.base/java.lang.Thread.run(Thread.java:840)
[2025-11-15 23:41:12.084] ERROR org.alter.game.task.AutoSaveTask - Failed to auto-save player 'SpideyM': List element cannot be cast to int
java.lang.ClassCastException: List element cannot be cast to int
	at org.bson.Document.constructValuesList(Document.java:402)
	at org.bson.Document.getList(Document.java:369)
	at org.alter.game.saving.PlayerSaving.savePlayer(PlayerSaving.kt:56)
	at org.alter.game.task.AutoSaveTask.performAutoSave$lambda$4(AutoSaveTask.kt:64)
	at org.alter.game.model.PawnList.forEach(PawnList.kt:35)
	at org.alter.game.task.AutoSaveTask.performAutoSave(AutoSaveTask.kt:55)
	at org.alter.game.task.AutoSaveTask.execute(AutoSaveTask.kt:40)
	at org.alter.game.service.GameService.cycle(GameService.kt:192)
	at java.base/java.util.concurrent.Executors$RunnableAdapter.call(Executors.java:539)
	at java.base/java.util.concurrent.FutureTask.runAndReset(FutureTask.java:305)
	at java.base/java.util.concurrent.ScheduledThreadPoolExecutor$ScheduledFutureTask.run(ScheduledThreadPoolExecutor.java:305)
	at java.base/java.util.concurrent.ThreadPoolExecutor.runWorker(ThreadPoolExecutor.java:1136)
	at java.base/java.util.concurrent.ThreadPoolExecutor$Worker.run(ThreadPoolExecutor.java:635)
	at java.base/java.lang.Thread.run(Thread.java:840)
[2025-11-15 23:41:12.084] ERROR org.alter.game.saving.PlayerSaving - Failed to serialize details for player Pnda
java.lang.ClassCastException: List element cannot be cast to int
	at org.bson.Document.constructValuesList(Document.java:402)
	at org.bson.Document.getList(Document.java:369)
	at org.alter.game.saving.PlayerSaving.savePlayer(PlayerSaving.kt:56)
	at org.alter.game.task.AutoSaveTask.performAutoSave$lambda$4(AutoSaveTask.kt:64)
	at org.alter.game.model.PawnList.forEach(PawnList.kt:35)
	at org.alter.game.task.AutoSaveTask.performAutoSave(AutoSaveTask.kt:55)
	at org.alter.game.task.AutoSaveTask.execute(AutoSaveTask.kt:40)
	at org.alter.game.service.GameService.cycle(GameService.kt:192)
	at java.base/java.util.concurrent.Executors$RunnableAdapter.call(Executors.java:539)
	at java.base/java.util.concurrent.FutureTask.runAndReset(FutureTask.java:305)
	at java.base/java.util.concurrent.ScheduledThreadPoolExecutor$ScheduledFutureTask.run(ScheduledThreadPoolExecutor.java:305)
	at java.base/java.util.concurrent.ThreadPoolExecutor.runWorker(ThreadPoolExecutor.java:1136)
	at java.base/java.util.concurrent.ThreadPoolExecutor$Worker.run(ThreadPoolExecutor.java:635)
	at java.base/java.lang.Thread.run(Thread.java:840)
[2025-11-15 23:41:12.084] ERROR org.alter.game.saving.PlayerSaving - Failed to save player Pnda: List element cannot be cast to int
java.lang.ClassCastException: List element cannot be cast to int
	at org.bson.Document.constructValuesList(Document.java:402)
	at org.bson.Document.getList(Document.java:369)
	at org.alter.game.saving.PlayerSaving.savePlayer(PlayerSaving.kt:56)
	at org.alter.game.task.AutoSaveTask.performAutoSave$lambda$4(AutoSaveTask.kt:64)
	at org.alter.game.model.PawnList.forEach(PawnList.kt:35)
	at org.alter.game.task.AutoSaveTask.performAutoSave(AutoSaveTask.kt:55)
	at org.alter.game.task.AutoSaveTask.execute(AutoSaveTask.kt:40)
	at org.alter.game.service.GameService.cycle(GameService.kt:192)
	at java.base/java.util.concurrent.Executors$RunnableAdapter.call(Executors.java:539)
	at java.base/java.util.concurrent.FutureTask.runAndReset(FutureTask.java:305)
	at java.base/java.util.concurrent.ScheduledThreadPoolExecutor$ScheduledFutureTask.run(ScheduledThreadPoolExecutor.java:305)
	at java.base/java.util.concurrent.ThreadPoolExecutor.runWorker(ThreadPoolExecutor.java:1136)
	at java.base/java.util.concurrent.ThreadPoolExecutor$Worker.run(ThreadPoolExecutor.java:635)
	at java.base/java.lang.Thread.run(Thread.java:840)
[2025-11-15 23:41:12.085] ERROR org.alter.game.task.AutoSaveTask - Failed to auto-save player 'Pnda': List element cannot be cast to int
java.lang.ClassCastException: List element cannot be cast to int
	at org.bson.Document.constructValuesList(Document.java:402)
	at org.bson.Document.getList(Document.java:369)
	at org.alter.game.saving.PlayerSaving.savePlayer(PlayerSaving.kt:56)
	at org.alter.game.task.AutoSaveTask.performAutoSave$lambda$4(AutoSaveTask.kt:64)
	at org.alter.game.model.PawnList.forEach(PawnList.kt:35)
	at org.alter.game.task.AutoSaveTask.performAutoSave(AutoSaveTask.kt:55)
	at org.alter.game.task.AutoSaveTask.execute(AutoSaveTask.kt:40)
	at org.alter.game.service.GameService.cycle(GameService.kt:192)
	at java.base/java.util.concurrent.Executors$RunnableAdapter.call(Executors.java:539)
	at java.base/java.util.concurrent.FutureTask.runAndReset(FutureTask.java:305)
	at java.base/java.util.concurrent.ScheduledThreadPoolExecutor$ScheduledFutureTask.run(ScheduledThreadPoolExecutor.java:305)
	at java.base/java.util.concurrent.ThreadPoolExecutor.runWorker(ThreadPoolExecutor.java:1136)
	at java.base/java.util.concurrent.ThreadPoolExecutor$Worker.run(ThreadPoolExecutor.java:635)
	at java.base/java.lang.Thread.run(Thread.java:840)
[2025-11-15 23:41:12.085] WARN  org.alter.game.task.AutoSaveTask - Auto-save attempted but no players were saved (3 players online)
[2025-11-15 23:41:42.083] ERROR org.alter.game.saving.PlayerSaving - Failed to serialize details for player DragonM
java.lang.ClassCastException: List element cannot be cast to int
	at org.bson.Document.constructValuesList(Document.java:402)
	at org.bson.Document.getList(Document.java:369)
	at org.alter.game.saving.PlayerSaving.savePlayer(PlayerSaving.kt:56)
	at org.alter.game.task.AutoSaveTask.performAutoSave$lambda$4(AutoSaveTask.kt:64)
	at org.alter.game.model.PawnList.forEach(PawnList.kt:35)
	at org.alter.game.task.AutoSaveTask.performAutoSave(AutoSaveTask.kt:55)
	at org.alter.game.task.AutoSaveTask.execute(AutoSaveTask.kt:40)
	at org.alter.game.service.GameService.cycle(GameService.kt:192)
	at java.base/java.util.concurrent.Executors$RunnableAdapter.call(Executors.java:539)
	at java.base/java.util.concurrent.FutureTask.runAndReset(FutureTask.java:305)
	at java.base/java.util.concurrent.ScheduledThreadPoolExecutor$ScheduledFutureTask.run(ScheduledThreadPoolExecutor.java:305)
	at java.base/java.util.concurrent.ThreadPoolExecutor.runWorker(ThreadPoolExecutor.java:1136)
	at java.base/java.util.concurrent.ThreadPoolExecutor$Worker.run(ThreadPoolExecutor.java:635)
	at java.base/java.lang.Thread.run(Thread.java:840)
[2025-11-15 23:41:42.083] ERROR org.alter.game.saving.PlayerSaving - Failed to save player DragonM: List element cannot be cast to int
java.lang.ClassCastException: List element cannot be cast to int
	at org.bson.Document.constructValuesList(Document.java:402)
	at org.bson.Document.getList(Document.java:369)
	at org.alter.game.saving.PlayerSaving.savePlayer(PlayerSaving.kt:56)
	at org.alter.game.task.AutoSaveTask.performAutoSave$lambda$4(AutoSaveTask.kt:64)
	at org.alter.game.model.PawnList.forEach(PawnList.kt:35)
	at org.alter.game.task.AutoSaveTask.performAutoSave(AutoSaveTask.kt:55)
	at org.alter.game.task.AutoSaveTask.execute(AutoSaveTask.kt:40)
	at org.alter.game.service.GameService.cycle(GameService.kt:192)
	at java.base/java.util.concurrent.Executors$RunnableAdapter.call(Executors.java:539)
	at java.base/java.util.concurrent.FutureTask.runAndReset(FutureTask.java:305)
	at java.base/java.util.concurrent.ScheduledThreadPoolExecutor$ScheduledFutureTask.run(ScheduledThreadPoolExecutor.java:305)
	at java.base/java.util.concurrent.ThreadPoolExecutor.runWorker(ThreadPoolExecutor.java:1136)
	at java.base/java.util.concurrent.ThreadPoolExecutor$Worker.run(ThreadPoolExecutor.java:635)
	at java.base/java.lang.Thread.run(Thread.java:840)
[2025-11-15 23:41:42.083] ERROR org.alter.game.task.AutoSaveTask - Failed to auto-save player 'DragonM': List element cannot be cast to int
java.lang.ClassCastException: List element cannot be cast to int
	at org.bson.Document.constructValuesList(Document.java:402)
	at org.bson.Document.getList(Document.java:369)
	at org.alter.game.saving.PlayerSaving.savePlayer(PlayerSaving.kt:56)
	at org.alter.game.task.AutoSaveTask.performAutoSave$lambda$4(AutoSaveTask.kt:64)
	at org.alter.game.model.PawnList.forEach(PawnList.kt:35)
	at org.alter.game.task.AutoSaveTask.performAutoSave(AutoSaveTask.kt:55)
	at org.alter.game.task.AutoSaveTask.execute(AutoSaveTask.kt:40)
	at org.alter.game.service.GameService.cycle(GameService.kt:192)
	at java.base/java.util.concurrent.Executors$RunnableAdapter.call(Executors.java:539)
	at java.base/java.util.concurrent.FutureTask.runAndReset(FutureTask.java:305)
	at java.base/java.util.concurrent.ScheduledThreadPoolExecutor$ScheduledFutureTask.run(ScheduledThreadPoolExecutor.java:305)
	at java.base/java.util.concurrent.ThreadPoolExecutor.runWorker(ThreadPoolExecutor.java:1136)
	at java.base/java.util.concurrent.ThreadPoolExecutor$Worker.run(ThreadPoolExecutor.java:635)
	at java.base/java.lang.Thread.run(Thread.java:840)
[2025-11-15 23:41:42.083] ERROR org.alter.game.saving.PlayerSaving - Failed to serialize details for player SpideyM
java.lang.ClassCastException: List element cannot be cast to int
	at org.bson.Document.constructValuesList(Document.java:402)
	at org.bson.Document.getList(Document.java:369)
	at org.alter.game.saving.PlayerSaving.savePlayer(PlayerSaving.kt:56)
	at org.alter.game.task.AutoSaveTask.performAutoSave$lambda$4(AutoSaveTask.kt:64)
	at org.alter.game.model.PawnList.forEach(PawnList.kt:35)
	at org.alter.game.task.AutoSaveTask.performAutoSave(AutoSaveTask.kt:55)
	at org.alter.game.task.AutoSaveTask.execute(AutoSaveTask.kt:40)
	at org.alter.game.service.GameService.cycle(GameService.kt:192)
	at java.base/java.util.concurrent.Executors$RunnableAdapter.call(Executors.java:539)
	at java.base/java.util.concurrent.FutureTask.runAndReset(FutureTask.java:305)
	at java.base/java.util.concurrent.ScheduledThreadPoolExecutor$ScheduledFutureTask.run(ScheduledThreadPoolExecutor.java:305)
	at java.base/java.util.concurrent.ThreadPoolExecutor.runWorker(ThreadPoolExecutor.java:1136)
	at java.base/java.util.concurrent.ThreadPoolExecutor$Worker.run(ThreadPoolExecutor.java:635)
	at java.base/java.lang.Thread.run(Thread.java:840)
[2025-11-15 23:41:42.083] ERROR org.alter.game.saving.PlayerSaving - Failed to save player SpideyM: List element cannot be cast to int
java.lang.ClassCastException: List element cannot be cast to int
	at org.bson.Document.constructValuesList(Document.java:402)
	at org.bson.Document.getList(Document.java:369)
	at org.alter.game.saving.PlayerSaving.savePlayer(PlayerSaving.kt:56)
	at org.alter.game.task.AutoSaveTask.performAutoSave$lambda$4(AutoSaveTask.kt:64)
	at org.alter.game.model.PawnList.forEach(PawnList.kt:35)
	at org.alter.game.task.AutoSaveTask.performAutoSave(AutoSaveTask.kt:55)
	at org.alter.game.task.AutoSaveTask.execute(AutoSaveTask.kt:40)
	at org.alter.game.service.GameService.cycle(GameService.kt:192)
	at java.base/java.util.concurrent.Executors$RunnableAdapter.call(Executors.java:539)
	at java.base/java.util.concurrent.FutureTask.runAndReset(FutureTask.java:305)
	at java.base/java.util.concurrent.ScheduledThreadPoolExecutor$ScheduledFutureTask.run(ScheduledThreadPoolExecutor.java:305)
	at java.base/java.util.concurrent.ThreadPoolExecutor.runWorker(ThreadPoolExecutor.java:1136)
	at java.base/java.util.concurrent.ThreadPoolExecutor$Worker.run(ThreadPoolExecutor.java:635)
	at java.base/java.lang.Thread.run(Thread.java:840)
[2025-11-15 23:41:42.083] ERROR org.alter.game.task.AutoSaveTask - Failed to auto-save player 'SpideyM': List element cannot be cast to int
java.lang.ClassCastException: List element cannot be cast to int
	at org.bson.Document.constructValuesList(Document.java:402)
	at org.bson.Document.getList(Document.java:369)
	at org.alter.game.saving.PlayerSaving.savePlayer(PlayerSaving.kt:56)
	at org.alter.game.task.AutoSaveTask.performAutoSave$lambda$4(AutoSaveTask.kt:64)
	at org.alter.game.model.PawnList.forEach(PawnList.kt:35)
	at org.alter.game.task.AutoSaveTask.performAutoSave(AutoSaveTask.kt:55)
	at org.alter.game.task.AutoSaveTask.execute(AutoSaveTask.kt:40)
	at org.alter.game.service.GameService.cycle(GameService.kt:192)
	at java.base/java.util.concurrent.Executors$RunnableAdapter.call(Executors.java:539)
	at java.base/java.util.concurrent.FutureTask.runAndReset(FutureTask.java:305)
	at java.base/java.util.concurrent.ScheduledThreadPoolExecutor$ScheduledFutureTask.run(ScheduledThreadPoolExecutor.java:305)
	at java.base/java.util.concurrent.ThreadPoolExecutor.runWorker(ThreadPoolExecutor.java:1136)
	at java.base/java.util.concurrent.ThreadPoolExecutor$Worker.run(ThreadPoolExecutor.java:635)
	at java.base/java.lang.Thread.run(Thread.java:840)
[2025-11-15 23:41:42.084] ERROR org.alter.game.saving.PlayerSaving - Failed to serialize details for player Pnda
java.lang.ClassCastException: List element cannot be cast to int
	at org.bson.Document.constructValuesList(Document.java:402)
	at org.bson.Document.getList(Document.java:369)
	at org.alter.game.saving.PlayerSaving.savePlayer(PlayerSaving.kt:56)
	at org.alter.game.task.AutoSaveTask.performAutoSave$lambda$4(AutoSaveTask.kt:64)
	at org.alter.game.model.PawnList.forEach(PawnList.kt:35)
	at org.alter.game.task.AutoSaveTask.performAutoSave(AutoSaveTask.kt:55)
	at org.alter.game.task.AutoSaveTask.execute(AutoSaveTask.kt:40)
	at org.alter.game.service.GameService.cycle(GameService.kt:192)
	at java.base/java.util.concurrent.Executors$RunnableAdapter.call(Executors.java:539)
	at java.base/java.util.concurrent.FutureTask.runAndReset(FutureTask.java:305)
	at java.base/java.util.concurrent.ScheduledThreadPoolExecutor$ScheduledFutureTask.run(ScheduledThreadPoolExecutor.java:305)
	at java.base/java.util.concurrent.ThreadPoolExecutor.runWorker(ThreadPoolExecutor.java:1136)
	at java.base/java.util.concurrent.ThreadPoolExecutor$Worker.run(ThreadPoolExecutor.java:635)
	at java.base/java.lang.Thread.run(Thread.java:840)
[2025-11-15 23:41:42.084] ERROR org.alter.game.saving.PlayerSaving - Failed to save player Pnda: List element cannot be cast to int
java.lang.ClassCastException: List element cannot be cast to int
	at org.bson.Document.constructValuesList(Document.java:402)
	at org.bson.Document.getList(Document.java:369)
	at org.alter.game.saving.PlayerSaving.savePlayer(PlayerSaving.kt:56)
	at org.alter.game.task.AutoSaveTask.performAutoSave$lambda$4(AutoSaveTask.kt:64)
	at org.alter.game.model.PawnList.forEach(PawnList.kt:35)
	at org.alter.game.task.AutoSaveTask.performAutoSave(AutoSaveTask.kt:55)
	at org.alter.game.task.AutoSaveTask.execute(AutoSaveTask.kt:40)
	at org.alter.game.service.GameService.cycle(GameService.kt:192)
	at java.base/java.util.concurrent.Executors$RunnableAdapter.call(Executors.java:539)
	at java.base/java.util.concurrent.FutureTask.runAndReset(FutureTask.java:305)
	at java.base/java.util.concurrent.ScheduledThreadPoolExecutor$ScheduledFutureTask.run(ScheduledThreadPoolExecutor.java:305)
	at java.base/java.util.concurrent.ThreadPoolExecutor.runWorker(ThreadPoolExecutor.java:1136)
	at java.base/java.util.concurrent.ThreadPoolExecutor$Worker.run(ThreadPoolExecutor.java:635)
	at java.base/java.lang.Thread.run(Thread.java:840)
[2025-11-15 23:41:42.084] ERROR org.alter.game.task.AutoSaveTask - Failed to auto-save player 'Pnda': List element cannot be cast to int
java.lang.ClassCastException: List element cannot be cast to int
	at org.bson.Document.constructValuesList(Document.java:402)
	at org.bson.Document.getList(Document.java:369)
	at org.alter.game.saving.PlayerSaving.savePlayer(PlayerSaving.kt:56)
	at org.alter.game.task.AutoSaveTask.performAutoSave$lambda$4(AutoSaveTask.kt:64)
	at org.alter.game.model.PawnList.forEach(PawnList.kt:35)
	at org.alter.game.task.AutoSaveTask.performAutoSave(AutoSaveTask.kt:55)
	at org.alter.game.task.AutoSaveTask.execute(AutoSaveTask.kt:40)
	at org.alter.game.service.GameService.cycle(GameService.kt:192)
	at java.base/java.util.concurrent.Executors$RunnableAdapter.call(Executors.java:539)
	at java.base/java.util.concurrent.FutureTask.runAndReset(FutureTask.java:305)
	at java.base/java.util.concurrent.ScheduledThreadPoolExecutor$ScheduledFutureTask.run(ScheduledThreadPoolExecutor.java:305)
	at java.base/java.util.concurrent.ThreadPoolExecutor.runWorker(ThreadPoolExecutor.java:1136)
	at java.base/java.util.concurrent.ThreadPoolExecutor$Worker.run(ThreadPoolExecutor.java:635)
	at java.base/java.lang.Thread.run(Thread.java:840)
[2025-11-15 23:41:42.084] WARN  org.alter.game.task.AutoSaveTask - Auto-save attempted but no players were saved (3 players online)
[2025-11-15 23:42:12.071] ERROR org.alter.game.saving.PlayerSaving - Failed to serialize details for player DragonM
java.lang.ClassCastException: List element cannot be cast to int
	at org.bson.Document.constructValuesList(Document.java:402)
	at org.bson.Document.getList(Document.java:369)
	at org.alter.game.saving.PlayerSaving.savePlayer(PlayerSaving.kt:56)
	at org.alter.game.task.AutoSaveTask.performAutoSave$lambda$4(AutoSaveTask.kt:64)
	at org.alter.game.model.PawnList.forEach(PawnList.kt:35)
	at org.alter.game.task.AutoSaveTask.performAutoSave(AutoSaveTask.kt:55)
	at org.alter.game.task.AutoSaveTask.execute(AutoSaveTask.kt:40)
	at org.alter.game.service.GameService.cycle(GameService.kt:192)
	at java.base/java.util.concurrent.Executors$RunnableAdapter.call(Executors.java:539)
	at java.base/java.util.concurrent.FutureTask.runAndReset(FutureTask.java:305)
	at java.base/java.util.concurrent.ScheduledThreadPoolExecutor$ScheduledFutureTask.run(ScheduledThreadPoolExecutor.java:305)
	at java.base/java.util.concurrent.ThreadPoolExecutor.runWorker(ThreadPoolExecutor.java:1136)
	at java.base/java.util.concurrent.ThreadPoolExecutor$Worker.run(ThreadPoolExecutor.java:635)
	at java.base/java.lang.Thread.run(Thread.java:840)
[2025-11-15 23:42:12.071] ERROR org.alter.game.saving.PlayerSaving - Failed to save player DragonM: List element cannot be cast to int
java.lang.ClassCastException: List element cannot be cast to int
	at org.bson.Document.constructValuesList(Document.java:402)
	at org.bson.Document.getList(Document.java:369)
	at org.alter.game.saving.PlayerSaving.savePlayer(PlayerSaving.kt:56)
	at org.alter.game.task.AutoSaveTask.performAutoSave$lambda$4(AutoSaveTask.kt:64)
	at org.alter.game.model.PawnList.forEach(PawnList.kt:35)
	at org.alter.game.task.AutoSaveTask.performAutoSave(AutoSaveTask.kt:55)
	at org.alter.game.task.AutoSaveTask.execute(AutoSaveTask.kt:40)
	at org.alter.game.service.GameService.cycle(GameService.kt:192)
	at java.base/java.util.concurrent.Executors$RunnableAdapter.call(Executors.java:539)
	at java.base/java.util.concurrent.FutureTask.runAndReset(FutureTask.java:305)
	at java.base/java.util.concurrent.ScheduledThreadPoolExecutor$ScheduledFutureTask.run(ScheduledThreadPoolExecutor.java:305)
	at java.base/java.util.concurrent.ThreadPoolExecutor.runWorker(ThreadPoolExecutor.java:1136)
	at java.base/java.util.concurrent.ThreadPoolExecutor$Worker.run(ThreadPoolExecutor.java:635)
	at java.base/java.lang.Thread.run(Thread.java:840)
[2025-11-15 23:42:12.071] ERROR org.alter.game.task.AutoSaveTask - Failed to auto-save player 'DragonM': List element cannot be cast to int
java.lang.ClassCastException: List element cannot be cast to int
	at org.bson.Document.constructValuesList(Document.java:402)
	at org.bson.Document.getList(Document.java:369)
	at org.alter.game.saving.PlayerSaving.savePlayer(PlayerSaving.kt:56)
	at org.alter.game.task.AutoSaveTask.performAutoSave$lambda$4(AutoSaveTask.kt:64)
	at org.alter.game.model.PawnList.forEach(PawnList.kt:35)
	at org.alter.game.task.AutoSaveTask.performAutoSave(AutoSaveTask.kt:55)
	at org.alter.game.task.AutoSaveTask.execute(AutoSaveTask.kt:40)
	at org.alter.game.service.GameService.cycle(GameService.kt:192)
	at java.base/java.util.concurrent.Executors$RunnableAdapter.call(Executors.java:539)
	at java.base/java.util.concurrent.FutureTask.runAndReset(FutureTask.java:305)
	at java.base/java.util.concurrent.ScheduledThreadPoolExecutor$ScheduledFutureTask.run(ScheduledThreadPoolExecutor.java:305)
	at java.base/java.util.concurrent.ThreadPoolExecutor.runWorker(ThreadPoolExecutor.java:1136)
	at java.base/java.util.concurrent.ThreadPoolExecutor$Worker.run(ThreadPoolExecutor.java:635)
	at java.base/java.lang.Thread.run(Thread.java:840)
[2025-11-15 23:42:12.071] ERROR org.alter.game.saving.PlayerSaving - Failed to serialize details for player SpideyM
java.lang.ClassCastException: List element cannot be cast to int
	at org.bson.Document.constructValuesList(Document.java:402)
	at org.bson.Document.getList(Document.java:369)
	at org.alter.game.saving.PlayerSaving.savePlayer(PlayerSaving.kt:56)
	at org.alter.game.task.AutoSaveTask.performAutoSave$lambda$4(AutoSaveTask.kt:64)
	at org.alter.game.model.PawnList.forEach(PawnList.kt:35)
	at org.alter.game.task.AutoSaveTask.performAutoSave(AutoSaveTask.kt:55)
	at org.alter.game.task.AutoSaveTask.execute(AutoSaveTask.kt:40)
	at org.alter.game.service.GameService.cycle(GameService.kt:192)
	at java.base/java.util.concurrent.Executors$RunnableAdapter.call(Executors.java:539)
	at java.base/java.util.concurrent.FutureTask.runAndReset(FutureTask.java:305)
	at java.base/java.util.concurrent.ScheduledThreadPoolExecutor$ScheduledFutureTask.run(ScheduledThreadPoolExecutor.java:305)
	at java.base/java.util.concurrent.ThreadPoolExecutor.runWorker(ThreadPoolExecutor.java:1136)
	at java.base/java.util.concurrent.ThreadPoolExecutor$Worker.run(ThreadPoolExecutor.java:635)
	at java.base/java.lang.Thread.run(Thread.java:840)
[2025-11-15 23:42:12.071] ERROR org.alter.game.saving.PlayerSaving - Failed to save player SpideyM: List element cannot be cast to int
java.lang.ClassCastException: List element cannot be cast to int
	at org.bson.Document.constructValuesList(Document.java:402)
	at org.bson.Document.getList(Document.java:369)
	at org.alter.game.saving.PlayerSaving.savePlayer(PlayerSaving.kt:56)
	at org.alter.game.task.AutoSaveTask.performAutoSave$lambda$4(AutoSaveTask.kt:64)
	at org.alter.game.model.PawnList.forEach(PawnList.kt:35)
	at org.alter.game.task.AutoSaveTask.performAutoSave(AutoSaveTask.kt:55)
	at org.alter.game.task.AutoSaveTask.execute(AutoSaveTask.kt:40)
	at org.alter.game.service.GameService.cycle(GameService.kt:192)
	at java.base/java.util.concurrent.Executors$RunnableAdapter.call(Executors.java:539)
	at java.base/java.util.concurrent.FutureTask.runAndReset(FutureTask.java:305)
	at java.base/java.util.concurrent.ScheduledThreadPoolExecutor$ScheduledFutureTask.run(ScheduledThreadPoolExecutor.java:305)
	at java.base/java.util.concurrent.ThreadPoolExecutor.runWorker(ThreadPoolExecutor.java:1136)
	at java.base/java.util.concurrent.ThreadPoolExecutor$Worker.run(ThreadPoolExecutor.java:635)
	at java.base/java.lang.Thread.run(Thread.java:840)
[2025-11-15 23:42:12.071] ERROR org.alter.game.task.AutoSaveTask - Failed to auto-save player 'SpideyM': List element cannot be cast to int
java.lang.ClassCastException: List element cannot be cast to int
	at org.bson.Document.constructValuesList(Document.java:402)
	at org.bson.Document.getList(Document.java:369)
	at org.alter.game.saving.PlayerSaving.savePlayer(PlayerSaving.kt:56)
	at org.alter.game.task.AutoSaveTask.performAutoSave$lambda$4(AutoSaveTask.kt:64)
	at org.alter.game.model.PawnList.forEach(PawnList.kt:35)
	at org.alter.game.task.AutoSaveTask.performAutoSave(AutoSaveTask.kt:55)
	at org.alter.game.task.AutoSaveTask.execute(AutoSaveTask.kt:40)
	at org.alter.game.service.GameService.cycle(GameService.kt:192)
	at java.base/java.util.concurrent.Executors$RunnableAdapter.call(Executors.java:539)
	at java.base/java.util.concurrent.FutureTask.runAndReset(FutureTask.java:305)
	at java.base/java.util.concurrent.ScheduledThreadPoolExecutor$ScheduledFutureTask.run(ScheduledThreadPoolExecutor.java:305)
	at java.base/java.util.concurrent.ThreadPoolExecutor.runWorker(ThreadPoolExecutor.java:1136)
	at java.base/java.util.concurrent.ThreadPoolExecutor$Worker.run(ThreadPoolExecutor.java:635)
	at java.base/java.lang.Thread.run(Thread.java:840)
[2025-11-15 23:42:12.071] ERROR org.alter.game.saving.PlayerSaving - Failed to serialize details for player Pnda
java.lang.ClassCastException: List element cannot be cast to int
	at org.bson.Document.constructValuesList(Document.java:402)
	at org.bson.Document.getList(Document.java:369)
	at org.alter.game.saving.PlayerSaving.savePlayer(PlayerSaving.kt:56)
	at org.alter.game.task.AutoSaveTask.performAutoSave$lambda$4(AutoSaveTask.kt:64)
	at org.alter.game.model.PawnList.forEach(PawnList.kt:35)
	at org.alter.game.task.AutoSaveTask.performAutoSave(AutoSaveTask.kt:55)
	at org.alter.game.task.AutoSaveTask.execute(AutoSaveTask.kt:40)
	at org.alter.game.service.GameService.cycle(GameService.kt:192)
	at java.base/java.util.concurrent.Executors$RunnableAdapter.call(Executors.java:539)
	at java.base/java.util.concurrent.FutureTask.runAndReset(FutureTask.java:305)
	at java.base/java.util.concurrent.ScheduledThreadPoolExecutor$ScheduledFutureTask.run(ScheduledThreadPoolExecutor.java:305)
	at java.base/java.util.concurrent.ThreadPoolExecutor.runWorker(ThreadPoolExecutor.java:1136)
	at java.base/java.util.concurrent.ThreadPoolExecutor$Worker.run(ThreadPoolExecutor.java:635)
	at java.base/java.lang.Thread.run(Thread.java:840)
[2025-11-15 23:42:12.071] ERROR org.alter.game.saving.PlayerSaving - Failed to save player Pnda: List element cannot be cast to int
java.lang.ClassCastException: List element cannot be cast to int
	at org.bson.Document.constructValuesList(Document.java:402)
	at org.bson.Document.getList(Document.java:369)
	at org.alter.game.saving.PlayerSaving.savePlayer(PlayerSaving.kt:56)
	at org.alter.game.task.AutoSaveTask.performAutoSave$lambda$4(AutoSaveTask.kt:64)
	at org.alter.game.model.PawnList.forEach(PawnList.kt:35)
	at org.alter.game.task.AutoSaveTask.performAutoSave(AutoSaveTask.kt:55)
	at org.alter.game.task.AutoSaveTask.execute(AutoSaveTask.kt:40)
	at org.alter.game.service.GameService.cycle(GameService.kt:192)
	at java.base/java.util.concurrent.Executors$RunnableAdapter.call(Executors.java:539)
	at java.base/java.util.concurrent.FutureTask.runAndReset(FutureTask.java:305)
	at java.base/java.util.concurrent.ScheduledThreadPoolExecutor$ScheduledFutureTask.run(ScheduledThreadPoolExecutor.java:305)
	at java.base/java.util.concurrent.ThreadPoolExecutor.runWorker(ThreadPoolExecutor.java:1136)
	at java.base/java.util.concurrent.ThreadPoolExecutor$Worker.run(ThreadPoolExecutor.java:635)
	at java.base/java.lang.Thread.run(Thread.java:840)
[2025-11-15 23:42:12.072] ERROR org.alter.game.task.AutoSaveTask - Failed to auto-save player 'Pnda': List element cannot be cast to int
java.lang.ClassCastException: List element cannot be cast to int
	at org.bson.Document.constructValuesList(Document.java:402)
	at org.bson.Document.getList(Document.java:369)
	at org.alter.game.saving.PlayerSaving.savePlayer(PlayerSaving.kt:56)
	at org.alter.game.task.AutoSaveTask.performAutoSave$lambda$4(AutoSaveTask.kt:64)
	at org.alter.game.model.PawnList.forEach(PawnList.kt:35)
	at org.alter.game.task.AutoSaveTask.performAutoSave(AutoSaveTask.kt:55)
	at org.alter.game.task.AutoSaveTask.execute(AutoSaveTask.kt:40)
	at org.alter.game.service.GameService.cycle(GameService.kt:192)
	at java.base/java.util.concurrent.Executors$RunnableAdapter.call(Executors.java:539)
	at java.base/java.util.concurrent.FutureTask.runAndReset(FutureTask.java:305)
	at java.base/java.util.concurrent.ScheduledThreadPoolExecutor$ScheduledFutureTask.run(ScheduledThreadPoolExecutor.java:305)
	at java.base/java.util.concurrent.ThreadPoolExecutor.runWorker(ThreadPoolExecutor.java:1136)
	at java.base/java.util.concurrent.ThreadPoolExecutor$Worker.run(ThreadPoolExecutor.java:635)
	at java.base/java.lang.Thread.run(Thread.java:840)
[2025-11-15 23:42:12.072] WARN  org.alter.game.task.AutoSaveTask - Auto-save attempted but no players were saved (3 players online)
[2025-11-15 23:42:23.491] WARN  d.o.c.u.c.DecompressionContext - BZIP2 Compression found - replace to improve read performance.
[2025-11-15 23:42:28.735] WARN  n.rsprot.protocol.common.RSProtFlags - Unknown network logging option: false, expected values: [off, trace, debug, info, warn, error]
[2025-11-15 23:43:34.409] WARN  o.a.g.s.impl.DetailSerialisation - Failed to load tile position for player Pnda: List element cannot be cast to int. Falling back to home location.
[2025-11-15 23:43:34.409] WARN  o.a.g.s.impl.DetailSerialisation - Player Pnda position not found in save file (tile data: null), spawning at home location
[2025-11-15 23:43:54.536] WARN  o.a.g.s.impl.DetailSerialisation - Failed to load tile position for player DragonM: List element cannot be cast to int. Falling back to home location.
[2025-11-15 23:43:54.536] WARN  o.a.g.s.impl.DetailSerialisation - Player DragonM position not found in save file (tile data: null), spawning at home location
[2025-11-15 23:44:01.434] ERROR org.alter.game.saving.PlayerSaving - Failed to serialize details for player Pnda
java.lang.ClassCastException: List element cannot be cast to int
	at org.bson.Document.constructValuesList(Document.java:402)
	at org.bson.Document.getList(Document.java:369)
	at org.alter.game.saving.PlayerSaving.savePlayer(PlayerSaving.kt:56)
	at org.alter.game.task.AutoSaveTask.performAutoSave$lambda$4(AutoSaveTask.kt:64)
	at org.alter.game.model.PawnList.forEach(PawnList.kt:35)
	at org.alter.game.task.AutoSaveTask.performAutoSave(AutoSaveTask.kt:55)
	at org.alter.game.task.AutoSaveTask.execute(AutoSaveTask.kt:40)
	at org.alter.game.service.GameService.cycle(GameService.kt:192)
	at java.base/java.util.concurrent.Executors$RunnableAdapter.call(Executors.java:539)
	at java.base/java.util.concurrent.FutureTask.runAndReset(FutureTask.java:305)
	at java.base/java.util.concurrent.ScheduledThreadPoolExecutor$ScheduledFutureTask.run(ScheduledThreadPoolExecutor.java:305)
	at java.base/java.util.concurrent.ThreadPoolExecutor.runWorker(ThreadPoolExecutor.java:1136)
	at java.base/java.util.concurrent.ThreadPoolExecutor$Worker.run(ThreadPoolExecutor.java:635)
	at java.base/java.lang.Thread.run(Thread.java:840)
[2025-11-15 23:44:01.436] ERROR org.alter.game.saving.PlayerSaving - Failed to save player Pnda: List element cannot be cast to int
java.lang.ClassCastException: List element cannot be cast to int
	at org.bson.Document.constructValuesList(Document.java:402)
	at org.bson.Document.getList(Document.java:369)
	at org.alter.game.saving.PlayerSaving.savePlayer(PlayerSaving.kt:56)
	at org.alter.game.task.AutoSaveTask.performAutoSave$lambda$4(AutoSaveTask.kt:64)
	at org.alter.game.model.PawnList.forEach(PawnList.kt:35)
	at org.alter.game.task.AutoSaveTask.performAutoSave(AutoSaveTask.kt:55)
	at org.alter.game.task.AutoSaveTask.execute(AutoSaveTask.kt:40)
	at org.alter.game.service.GameService.cycle(GameService.kt:192)
	at java.base/java.util.concurrent.Executors$RunnableAdapter.call(Executors.java:539)
	at java.base/java.util.concurrent.FutureTask.runAndReset(FutureTask.java:305)
	at java.base/java.util.concurrent.ScheduledThreadPoolExecutor$ScheduledFutureTask.run(ScheduledThreadPoolExecutor.java:305)
	at java.base/java.util.concurrent.ThreadPoolExecutor.runWorker(ThreadPoolExecutor.java:1136)
	at java.base/java.util.concurrent.ThreadPoolExecutor$Worker.run(ThreadPoolExecutor.java:635)
	at java.base/java.lang.Thread.run(Thread.java:840)
[2025-11-15 23:44:01.436] ERROR org.alter.game.task.AutoSaveTask - Failed to auto-save player 'Pnda': List element cannot be cast to int
java.lang.ClassCastException: List element cannot be cast to int
	at org.bson.Document.constructValuesList(Document.java:402)
	at org.bson.Document.getList(Document.java:369)
	at org.alter.game.saving.PlayerSaving.savePlayer(PlayerSaving.kt:56)
	at org.alter.game.task.AutoSaveTask.performAutoSave$lambda$4(AutoSaveTask.kt:64)
	at org.alter.game.model.PawnList.forEach(PawnList.kt:35)
	at org.alter.game.task.AutoSaveTask.performAutoSave(AutoSaveTask.kt:55)
	at org.alter.game.task.AutoSaveTask.execute(AutoSaveTask.kt:40)
	at org.alter.game.service.GameService.cycle(GameService.kt:192)
	at java.base/java.util.concurrent.Executors$RunnableAdapter.call(Executors.java:539)
	at java.base/java.util.concurrent.FutureTask.runAndReset(FutureTask.java:305)
	at java.base/java.util.concurrent.ScheduledThreadPoolExecutor$ScheduledFutureTask.run(ScheduledThreadPoolExecutor.java:305)
	at java.base/java.util.concurrent.ThreadPoolExecutor.runWorker(ThreadPoolExecutor.java:1136)
	at java.base/java.util.concurrent.ThreadPoolExecutor$Worker.run(ThreadPoolExecutor.java:635)
	at java.base/java.lang.Thread.run(Thread.java:840)
[2025-11-15 23:44:01.436] ERROR org.alter.game.saving.PlayerSaving - Failed to serialize details for player DragonM
java.lang.ClassCastException: List element cannot be cast to int
	at org.bson.Document.constructValuesList(Document.java:402)
	at org.bson.Document.getList(Document.java:369)
	at org.alter.game.saving.PlayerSaving.savePlayer(PlayerSaving.kt:56)
	at org.alter.game.task.AutoSaveTask.performAutoSave$lambda$4(AutoSaveTask.kt:64)
	at org.alter.game.model.PawnList.forEach(PawnList.kt:35)
	at org.alter.game.task.AutoSaveTask.performAutoSave(AutoSaveTask.kt:55)
	at org.alter.game.task.AutoSaveTask.execute(AutoSaveTask.kt:40)
	at org.alter.game.service.GameService.cycle(GameService.kt:192)
	at java.base/java.util.concurrent.Executors$RunnableAdapter.call(Executors.java:539)
	at java.base/java.util.concurrent.FutureTask.runAndReset(FutureTask.java:305)
	at java.base/java.util.concurrent.ScheduledThreadPoolExecutor$ScheduledFutureTask.run(ScheduledThreadPoolExecutor.java:305)
	at java.base/java.util.concurrent.ThreadPoolExecutor.runWorker(ThreadPoolExecutor.java:1136)
	at java.base/java.util.concurrent.ThreadPoolExecutor$Worker.run(ThreadPoolExecutor.java:635)
	at java.base/java.lang.Thread.run(Thread.java:840)
[2025-11-15 23:44:01.437] ERROR org.alter.game.saving.PlayerSaving - Failed to save player DragonM: List element cannot be cast to int
java.lang.ClassCastException: List element cannot be cast to int
	at org.bson.Document.constructValuesList(Document.java:402)
	at org.bson.Document.getList(Document.java:369)
	at org.alter.game.saving.PlayerSaving.savePlayer(PlayerSaving.kt:56)
	at org.alter.game.task.AutoSaveTask.performAutoSave$lambda$4(AutoSaveTask.kt:64)
	at org.alter.game.model.PawnList.forEach(PawnList.kt:35)
	at org.alter.game.task.AutoSaveTask.performAutoSave(AutoSaveTask.kt:55)
	at org.alter.game.task.AutoSaveTask.execute(AutoSaveTask.kt:40)
	at org.alter.game.service.GameService.cycle(GameService.kt:192)
	at java.base/java.util.concurrent.Executors$RunnableAdapter.call(Executors.java:539)
	at java.base/java.util.concurrent.FutureTask.runAndReset(FutureTask.java:305)
	at java.base/java.util.concurrent.ScheduledThreadPoolExecutor$ScheduledFutureTask.run(ScheduledThreadPoolExecutor.java:305)
	at java.base/java.util.concurrent.ThreadPoolExecutor.runWorker(ThreadPoolExecutor.java:1136)
	at java.base/java.util.concurrent.ThreadPoolExecutor$Worker.run(ThreadPoolExecutor.java:635)
	at java.base/java.lang.Thread.run(Thread.java:840)
[2025-11-15 23:44:01.437] ERROR org.alter.game.task.AutoSaveTask - Failed to auto-save player 'DragonM': List element cannot be cast to int
java.lang.ClassCastException: List element cannot be cast to int
	at org.bson.Document.constructValuesList(Document.java:402)
	at org.bson.Document.getList(Document.java:369)
	at org.alter.game.saving.PlayerSaving.savePlayer(PlayerSaving.kt:56)
	at org.alter.game.task.AutoSaveTask.performAutoSave$lambda$4(AutoSaveTask.kt:64)
	at org.alter.game.model.PawnList.forEach(PawnList.kt:35)
	at org.alter.game.task.AutoSaveTask.performAutoSave(AutoSaveTask.kt:55)
	at org.alter.game.task.AutoSaveTask.execute(AutoSaveTask.kt:40)
	at org.alter.game.service.GameService.cycle(GameService.kt:192)
	at java.base/java.util.concurrent.Executors$RunnableAdapter.call(Executors.java:539)
	at java.base/java.util.concurrent.FutureTask.runAndReset(FutureTask.java:305)
	at java.base/java.util.concurrent.ScheduledThreadPoolExecutor$ScheduledFutureTask.run(ScheduledThreadPoolExecutor.java:305)
	at java.base/java.util.concurrent.ThreadPoolExecutor.runWorker(ThreadPoolExecutor.java:1136)
	at java.base/java.util.concurrent.ThreadPoolExecutor$Worker.run(ThreadPoolExecutor.java:635)
	at java.base/java.lang.Thread.run(Thread.java:840)
[2025-11-15 23:44:01.437] WARN  org.alter.game.task.AutoSaveTask - Auto-save attempted but no players were saved (2 players online)
[2025-11-15 23:44:31.437] ERROR org.alter.game.saving.PlayerSaving - Failed to serialize details for player Pnda
java.lang.ClassCastException: List element cannot be cast to int
	at org.bson.Document.constructValuesList(Document.java:402)
	at org.bson.Document.getList(Document.java:369)
	at org.alter.game.saving.PlayerSaving.savePlayer(PlayerSaving.kt:56)
	at org.alter.game.task.AutoSaveTask.performAutoSave$lambda$4(AutoSaveTask.kt:64)
	at org.alter.game.model.PawnList.forEach(PawnList.kt:35)
	at org.alter.game.task.AutoSaveTask.performAutoSave(AutoSaveTask.kt:55)
	at org.alter.game.task.AutoSaveTask.execute(AutoSaveTask.kt:40)
	at org.alter.game.service.GameService.cycle(GameService.kt:192)
	at java.base/java.util.concurrent.Executors$RunnableAdapter.call(Executors.java:539)
	at java.base/java.util.concurrent.FutureTask.runAndReset(FutureTask.java:305)
	at java.base/java.util.concurrent.ScheduledThreadPoolExecutor$ScheduledFutureTask.run(ScheduledThreadPoolExecutor.java:305)
	at java.base/java.util.concurrent.ThreadPoolExecutor.runWorker(ThreadPoolExecutor.java:1136)
	at java.base/java.util.concurrent.ThreadPoolExecutor$Worker.run(ThreadPoolExecutor.java:635)
	at java.base/java.lang.Thread.run(Thread.java:840)
[2025-11-15 23:44:31.437] ERROR org.alter.game.saving.PlayerSaving - Failed to save player Pnda: List element cannot be cast to int
java.lang.ClassCastException: List element cannot be cast to int
	at org.bson.Document.constructValuesList(Document.java:402)
	at org.bson.Document.getList(Document.java:369)
	at org.alter.game.saving.PlayerSaving.savePlayer(PlayerSaving.kt:56)
	at org.alter.game.task.AutoSaveTask.performAutoSave$lambda$4(AutoSaveTask.kt:64)
	at org.alter.game.model.PawnList.forEach(PawnList.kt:35)
	at org.alter.game.task.AutoSaveTask.performAutoSave(AutoSaveTask.kt:55)
	at org.alter.game.task.AutoSaveTask.execute(AutoSaveTask.kt:40)
	at org.alter.game.service.GameService.cycle(GameService.kt:192)
	at java.base/java.util.concurrent.Executors$RunnableAdapter.call(Executors.java:539)
	at java.base/java.util.concurrent.FutureTask.runAndReset(FutureTask.java:305)
	at java.base/java.util.concurrent.ScheduledThreadPoolExecutor$ScheduledFutureTask.run(ScheduledThreadPoolExecutor.java:305)
	at java.base/java.util.concurrent.ThreadPoolExecutor.runWorker(ThreadPoolExecutor.java:1136)
	at java.base/java.util.concurrent.ThreadPoolExecutor$Worker.run(ThreadPoolExecutor.java:635)
	at java.base/java.lang.Thread.run(Thread.java:840)
[2025-11-15 23:44:31.437] ERROR org.alter.game.task.AutoSaveTask - Failed to auto-save player 'Pnda': List element cannot be cast to int
java.lang.ClassCastException: List element cannot be cast to int
	at org.bson.Document.constructValuesList(Document.java:402)
	at org.bson.Document.getList(Document.java:369)
	at org.alter.game.saving.PlayerSaving.savePlayer(PlayerSaving.kt:56)
	at org.alter.game.task.AutoSaveTask.performAutoSave$lambda$4(AutoSaveTask.kt:64)
	at org.alter.game.model.PawnList.forEach(PawnList.kt:35)
	at org.alter.game.task.AutoSaveTask.performAutoSave(AutoSaveTask.kt:55)
	at org.alter.game.task.AutoSaveTask.execute(AutoSaveTask.kt:40)
	at org.alter.game.service.GameService.cycle(GameService.kt:192)
	at java.base/java.util.concurrent.Executors$RunnableAdapter.call(Executors.java:539)
	at java.base/java.util.concurrent.FutureTask.runAndReset(FutureTask.java:305)
	at java.base/java.util.concurrent.ScheduledThreadPoolExecutor$ScheduledFutureTask.run(ScheduledThreadPoolExecutor.java:305)
	at java.base/java.util.concurrent.ThreadPoolExecutor.runWorker(ThreadPoolExecutor.java:1136)
	at java.base/java.util.concurrent.ThreadPoolExecutor$Worker.run(ThreadPoolExecutor.java:635)
	at java.base/java.lang.Thread.run(Thread.java:840)
[2025-11-15 23:44:31.438] ERROR org.alter.game.saving.PlayerSaving - Failed to serialize details for player DragonM
java.lang.ClassCastException: List element cannot be cast to int
	at org.bson.Document.constructValuesList(Document.java:402)
	at org.bson.Document.getList(Document.java:369)
	at org.alter.game.saving.PlayerSaving.savePlayer(PlayerSaving.kt:56)
	at org.alter.game.task.AutoSaveTask.performAutoSave$lambda$4(AutoSaveTask.kt:64)
	at org.alter.game.model.PawnList.forEach(PawnList.kt:35)
	at org.alter.game.task.AutoSaveTask.performAutoSave(AutoSaveTask.kt:55)
	at org.alter.game.task.AutoSaveTask.execute(AutoSaveTask.kt:40)
	at org.alter.game.service.GameService.cycle(GameService.kt:192)
	at java.base/java.util.concurrent.Executors$RunnableAdapter.call(Executors.java:539)
	at java.base/java.util.concurrent.FutureTask.runAndReset(FutureTask.java:305)
	at java.base/java.util.concurrent.ScheduledThreadPoolExecutor$ScheduledFutureTask.run(ScheduledThreadPoolExecutor.java:305)
	at java.base/java.util.concurrent.ThreadPoolExecutor.runWorker(ThreadPoolExecutor.java:1136)
	at java.base/java.util.concurrent.ThreadPoolExecutor$Worker.run(ThreadPoolExecutor.java:635)
	at java.base/java.lang.Thread.run(Thread.java:840)
[2025-11-15 23:44:31.438] ERROR org.alter.game.saving.PlayerSaving - Failed to save player DragonM: List element cannot be cast to int
java.lang.ClassCastException: List element cannot be cast to int
	at org.bson.Document.constructValuesList(Document.java:402)
	at org.bson.Document.getList(Document.java:369)
	at org.alter.game.saving.PlayerSaving.savePlayer(PlayerSaving.kt:56)
	at org.alter.game.task.AutoSaveTask.performAutoSave$lambda$4(AutoSaveTask.kt:64)
	at org.alter.game.model.PawnList.forEach(PawnList.kt:35)
	at org.alter.game.task.AutoSaveTask.performAutoSave(AutoSaveTask.kt:55)
	at org.alter.game.task.AutoSaveTask.execute(AutoSaveTask.kt:40)
	at org.alter.game.service.GameService.cycle(GameService.kt:192)
	at java.base/java.util.concurrent.Executors$RunnableAdapter.call(Executors.java:539)
	at java.base/java.util.concurrent.FutureTask.runAndReset(FutureTask.java:305)
	at java.base/java.util.concurrent.ScheduledThreadPoolExecutor$ScheduledFutureTask.run(ScheduledThreadPoolExecutor.java:305)
	at java.base/java.util.concurrent.ThreadPoolExecutor.runWorker(ThreadPoolExecutor.java:1136)
	at java.base/java.util.concurrent.ThreadPoolExecutor$Worker.run(ThreadPoolExecutor.java:635)
	at java.base/java.lang.Thread.run(Thread.java:840)
[2025-11-15 23:44:31.438] ERROR org.alter.game.task.AutoSaveTask - Failed to auto-save player 'DragonM': List element cannot be cast to int
java.lang.ClassCastException: List element cannot be cast to int
	at org.bson.Document.constructValuesList(Document.java:402)
	at org.bson.Document.getList(Document.java:369)
	at org.alter.game.saving.PlayerSaving.savePlayer(PlayerSaving.kt:56)
	at org.alter.game.task.AutoSaveTask.performAutoSave$lambda$4(AutoSaveTask.kt:64)
	at org.alter.game.model.PawnList.forEach(PawnList.kt:35)
	at org.alter.game.task.AutoSaveTask.performAutoSave(AutoSaveTask.kt:55)
	at org.alter.game.task.AutoSaveTask.execute(AutoSaveTask.kt:40)
	at org.alter.game.service.GameService.cycle(GameService.kt:192)
	at java.base/java.util.concurrent.Executors$RunnableAdapter.call(Executors.java:539)
	at java.base/java.util.concurrent.FutureTask.runAndReset(FutureTask.java:305)
	at java.base/java.util.concurrent.ScheduledThreadPoolExecutor$ScheduledFutureTask.run(ScheduledThreadPoolExecutor.java:305)
	at java.base/java.util.concurrent.ThreadPoolExecutor.runWorker(ThreadPoolExecutor.java:1136)
	at java.base/java.util.concurrent.ThreadPoolExecutor$Worker.run(ThreadPoolExecutor.java:635)
	at java.base/java.lang.Thread.run(Thread.java:840)
[2025-11-15 23:44:31.438] WARN  org.alter.game.task.AutoSaveTask - Auto-save attempted but no players were saved (2 players online)
[2025-11-15 23:45:01.435] ERROR org.alter.game.saving.PlayerSaving - Failed to serialize details for player Pnda
java.lang.ClassCastException: List element cannot be cast to int
	at org.bson.Document.constructValuesList(Document.java:402)
	at org.bson.Document.getList(Document.java:369)
	at org.alter.game.saving.PlayerSaving.savePlayer(PlayerSaving.kt:56)
	at org.alter.game.task.AutoSaveTask.performAutoSave$lambda$4(AutoSaveTask.kt:64)
	at org.alter.game.model.PawnList.forEach(PawnList.kt:35)
	at org.alter.game.task.AutoSaveTask.performAutoSave(AutoSaveTask.kt:55)
	at org.alter.game.task.AutoSaveTask.execute(AutoSaveTask.kt:40)
	at org.alter.game.service.GameService.cycle(GameService.kt:192)
	at java.base/java.util.concurrent.Executors$RunnableAdapter.call(Executors.java:539)
	at java.base/java.util.concurrent.FutureTask.runAndReset(FutureTask.java:305)
	at java.base/java.util.concurrent.ScheduledThreadPoolExecutor$ScheduledFutureTask.run(ScheduledThreadPoolExecutor.java:305)
	at java.base/java.util.concurrent.ThreadPoolExecutor.runWorker(ThreadPoolExecutor.java:1136)
	at java.base/java.util.concurrent.ThreadPoolExecutor$Worker.run(ThreadPoolExecutor.java:635)
	at java.base/java.lang.Thread.run(Thread.java:840)
[2025-11-15 23:45:01.436] ERROR org.alter.game.saving.PlayerSaving - Failed to save player Pnda: List element cannot be cast to int
java.lang.ClassCastException: List element cannot be cast to int
	at org.bson.Document.constructValuesList(Document.java:402)
	at org.bson.Document.getList(Document.java:369)
	at org.alter.game.saving.PlayerSaving.savePlayer(PlayerSaving.kt:56)
	at org.alter.game.task.AutoSaveTask.performAutoSave$lambda$4(AutoSaveTask.kt:64)
	at org.alter.game.model.PawnList.forEach(PawnList.kt:35)
	at org.alter.game.task.AutoSaveTask.performAutoSave(AutoSaveTask.kt:55)
	at org.alter.game.task.AutoSaveTask.execute(AutoSaveTask.kt:40)
	at org.alter.game.service.GameService.cycle(GameService.kt:192)
	at java.base/java.util.concurrent.Executors$RunnableAdapter.call(Executors.java:539)
	at java.base/java.util.concurrent.FutureTask.runAndReset(FutureTask.java:305)
	at java.base/java.util.concurrent.ScheduledThreadPoolExecutor$ScheduledFutureTask.run(ScheduledThreadPoolExecutor.java:305)
	at java.base/java.util.concurrent.ThreadPoolExecutor.runWorker(ThreadPoolExecutor.java:1136)
	at java.base/java.util.concurrent.ThreadPoolExecutor$Worker.run(ThreadPoolExecutor.java:635)
	at java.base/java.lang.Thread.run(Thread.java:840)
[2025-11-15 23:45:01.436] ERROR org.alter.game.task.AutoSaveTask - Failed to auto-save player 'Pnda': List element cannot be cast to int
java.lang.ClassCastException: List element cannot be cast to int
	at org.bson.Document.constructValuesList(Document.java:402)
	at org.bson.Document.getList(Document.java:369)
	at org.alter.game.saving.PlayerSaving.savePlayer(PlayerSaving.kt:56)
	at org.alter.game.task.AutoSaveTask.performAutoSave$lambda$4(AutoSaveTask.kt:64)
	at org.alter.game.model.PawnList.forEach(PawnList.kt:35)
	at org.alter.game.task.AutoSaveTask.performAutoSave(AutoSaveTask.kt:55)
	at org.alter.game.task.AutoSaveTask.execute(AutoSaveTask.kt:40)
	at org.alter.game.service.GameService.cycle(GameService.kt:192)
	at java.base/java.util.concurrent.Executors$RunnableAdapter.call(Executors.java:539)
	at java.base/java.util.concurrent.FutureTask.runAndReset(FutureTask.java:305)
	at java.base/java.util.concurrent.ScheduledThreadPoolExecutor$ScheduledFutureTask.run(ScheduledThreadPoolExecutor.java:305)
	at java.base/java.util.concurrent.ThreadPoolExecutor.runWorker(ThreadPoolExecutor.java:1136)
	at java.base/java.util.concurrent.ThreadPoolExecutor$Worker.run(ThreadPoolExecutor.java:635)
	at java.base/java.lang.Thread.run(Thread.java:840)
[2025-11-15 23:45:01.436] ERROR org.alter.game.saving.PlayerSaving - Failed to serialize details for player DragonM
java.lang.ClassCastException: List element cannot be cast to int
	at org.bson.Document.constructValuesList(Document.java:402)
	at org.bson.Document.getList(Document.java:369)
	at org.alter.game.saving.PlayerSaving.savePlayer(PlayerSaving.kt:56)
	at org.alter.game.task.AutoSaveTask.performAutoSave$lambda$4(AutoSaveTask.kt:64)
	at org.alter.game.model.PawnList.forEach(PawnList.kt:35)
	at org.alter.game.task.AutoSaveTask.performAutoSave(AutoSaveTask.kt:55)
	at org.alter.game.task.AutoSaveTask.execute(AutoSaveTask.kt:40)
	at org.alter.game.service.GameService.cycle(GameService.kt:192)
	at java.base/java.util.concurrent.Executors$RunnableAdapter.call(Executors.java:539)
	at java.base/java.util.concurrent.FutureTask.runAndReset(FutureTask.java:305)
	at java.base/java.util.concurrent.ScheduledThreadPoolExecutor$ScheduledFutureTask.run(ScheduledThreadPoolExecutor.java:305)
	at java.base/java.util.concurrent.ThreadPoolExecutor.runWorker(ThreadPoolExecutor.java:1136)
	at java.base/java.util.concurrent.ThreadPoolExecutor$Worker.run(ThreadPoolExecutor.java:635)
	at java.base/java.lang.Thread.run(Thread.java:840)
[2025-11-15 23:45:01.436] ERROR org.alter.game.saving.PlayerSaving - Failed to save player DragonM: List element cannot be cast to int
java.lang.ClassCastException: List element cannot be cast to int
	at org.bson.Document.constructValuesList(Document.java:402)
	at org.bson.Document.getList(Document.java:369)
	at org.alter.game.saving.PlayerSaving.savePlayer(PlayerSaving.kt:56)
	at org.alter.game.task.AutoSaveTask.performAutoSave$lambda$4(AutoSaveTask.kt:64)
	at org.alter.game.model.PawnList.forEach(PawnList.kt:35)
	at org.alter.game.task.AutoSaveTask.performAutoSave(AutoSaveTask.kt:55)
	at org.alter.game.task.AutoSaveTask.execute(AutoSaveTask.kt:40)
	at org.alter.game.service.GameService.cycle(GameService.kt:192)
	at java.base/java.util.concurrent.Executors$RunnableAdapter.call(Executors.java:539)
	at java.base/java.util.concurrent.FutureTask.runAndReset(FutureTask.java:305)
	at java.base/java.util.concurrent.ScheduledThreadPoolExecutor$ScheduledFutureTask.run(ScheduledThreadPoolExecutor.java:305)
	at java.base/java.util.concurrent.ThreadPoolExecutor.runWorker(ThreadPoolExecutor.java:1136)
	at java.base/java.util.concurrent.ThreadPoolExecutor$Worker.run(ThreadPoolExecutor.java:635)
	at java.base/java.lang.Thread.run(Thread.java:840)
[2025-11-15 23:45:01.436] ERROR org.alter.game.task.AutoSaveTask - Failed to auto-save player 'DragonM': List element cannot be cast to int
java.lang.ClassCastException: List element cannot be cast to int
	at org.bson.Document.constructValuesList(Document.java:402)
	at org.bson.Document.getList(Document.java:369)
	at org.alter.game.saving.PlayerSaving.savePlayer(PlayerSaving.kt:56)
	at org.alter.game.task.AutoSaveTask.performAutoSave$lambda$4(AutoSaveTask.kt:64)
	at org.alter.game.model.PawnList.forEach(PawnList.kt:35)
	at org.alter.game.task.AutoSaveTask.performAutoSave(AutoSaveTask.kt:55)
	at org.alter.game.task.AutoSaveTask.execute(AutoSaveTask.kt:40)
	at org.alter.game.service.GameService.cycle(GameService.kt:192)
	at java.base/java.util.concurrent.Executors$RunnableAdapter.call(Executors.java:539)
	at java.base/java.util.concurrent.FutureTask.runAndReset(FutureTask.java:305)
	at java.base/java.util.concurrent.ScheduledThreadPoolExecutor$ScheduledFutureTask.run(ScheduledThreadPoolExecutor.java:305)
	at java.base/java.util.concurrent.ThreadPoolExecutor.runWorker(ThreadPoolExecutor.java:1136)
	at java.base/java.util.concurrent.ThreadPoolExecutor$Worker.run(ThreadPoolExecutor.java:635)
	at java.base/java.lang.Thread.run(Thread.java:840)
[2025-11-15 23:45:01.436] WARN  org.alter.game.task.AutoSaveTask - Auto-save attempted but no players were saved (2 players online)
[2025-11-15 23:45:31.436] ERROR org.alter.game.saving.PlayerSaving - Failed to serialize details for player Pnda
java.lang.ClassCastException: List element cannot be cast to int
	at org.bson.Document.constructValuesList(Document.java:402)
	at org.bson.Document.getList(Document.java:369)
	at org.alter.game.saving.PlayerSaving.savePlayer(PlayerSaving.kt:56)
	at org.alter.game.task.AutoSaveTask.performAutoSave$lambda$4(AutoSaveTask.kt:64)
	at org.alter.game.model.PawnList.forEach(PawnList.kt:35)
	at org.alter.game.task.AutoSaveTask.performAutoSave(AutoSaveTask.kt:55)
	at org.alter.game.task.AutoSaveTask.execute(AutoSaveTask.kt:40)
	at org.alter.game.service.GameService.cycle(GameService.kt:192)
	at java.base/java.util.concurrent.Executors$RunnableAdapter.call(Executors.java:539)
	at java.base/java.util.concurrent.FutureTask.runAndReset(FutureTask.java:305)
	at java.base/java.util.concurrent.ScheduledThreadPoolExecutor$ScheduledFutureTask.run(ScheduledThreadPoolExecutor.java:305)
	at java.base/java.util.concurrent.ThreadPoolExecutor.runWorker(ThreadPoolExecutor.java:1136)
	at java.base/java.util.concurrent.ThreadPoolExecutor$Worker.run(ThreadPoolExecutor.java:635)
	at java.base/java.lang.Thread.run(Thread.java:840)
[2025-11-15 23:45:31.436] ERROR org.alter.game.saving.PlayerSaving - Failed to save player Pnda: List element cannot be cast to int
java.lang.ClassCastException: List element cannot be cast to int
	at org.bson.Document.constructValuesList(Document.java:402)
	at org.bson.Document.getList(Document.java:369)
	at org.alter.game.saving.PlayerSaving.savePlayer(PlayerSaving.kt:56)
	at org.alter.game.task.AutoSaveTask.performAutoSave$lambda$4(AutoSaveTask.kt:64)
	at org.alter.game.model.PawnList.forEach(PawnList.kt:35)
	at org.alter.game.task.AutoSaveTask.performAutoSave(AutoSaveTask.kt:55)
	at org.alter.game.task.AutoSaveTask.execute(AutoSaveTask.kt:40)
	at org.alter.game.service.GameService.cycle(GameService.kt:192)
	at java.base/java.util.concurrent.Executors$RunnableAdapter.call(Executors.java:539)
	at java.base/java.util.concurrent.FutureTask.runAndReset(FutureTask.java:305)
	at java.base/java.util.concurrent.ScheduledThreadPoolExecutor$ScheduledFutureTask.run(ScheduledThreadPoolExecutor.java:305)
	at java.base/java.util.concurrent.ThreadPoolExecutor.runWorker(ThreadPoolExecutor.java:1136)
	at java.base/java.util.concurrent.ThreadPoolExecutor$Worker.run(ThreadPoolExecutor.java:635)
	at java.base/java.lang.Thread.run(Thread.java:840)
[2025-11-15 23:45:31.436] ERROR org.alter.game.task.AutoSaveTask - Failed to auto-save player 'Pnda': List element cannot be cast to int
java.lang.ClassCastException: List element cannot be cast to int
	at org.bson.Document.constructValuesList(Document.java:402)
	at org.bson.Document.getList(Document.java:369)
	at org.alter.game.saving.PlayerSaving.savePlayer(PlayerSaving.kt:56)
	at org.alter.game.task.AutoSaveTask.performAutoSave$lambda$4(AutoSaveTask.kt:64)
	at org.alter.game.model.PawnList.forEach(PawnList.kt:35)
	at org.alter.game.task.AutoSaveTask.performAutoSave(AutoSaveTask.kt:55)
	at org.alter.game.task.AutoSaveTask.execute(AutoSaveTask.kt:40)
	at org.alter.game.service.GameService.cycle(GameService.kt:192)
	at java.base/java.util.concurrent.Executors$RunnableAdapter.call(Executors.java:539)
	at java.base/java.util.concurrent.FutureTask.runAndReset(FutureTask.java:305)
	at java.base/java.util.concurrent.ScheduledThreadPoolExecutor$ScheduledFutureTask.run(ScheduledThreadPoolExecutor.java:305)
	at java.base/java.util.concurrent.ThreadPoolExecutor.runWorker(ThreadPoolExecutor.java:1136)
	at java.base/java.util.concurrent.ThreadPoolExecutor$Worker.run(ThreadPoolExecutor.java:635)
	at java.base/java.lang.Thread.run(Thread.java:840)
[2025-11-15 23:45:31.436] ERROR org.alter.game.saving.PlayerSaving - Failed to serialize details for player DragonM
java.lang.ClassCastException: List element cannot be cast to int
	at org.bson.Document.constructValuesList(Document.java:402)
	at org.bson.Document.getList(Document.java:369)
	at org.alter.game.saving.PlayerSaving.savePlayer(PlayerSaving.kt:56)
	at org.alter.game.task.AutoSaveTask.performAutoSave$lambda$4(AutoSaveTask.kt:64)
	at org.alter.game.model.PawnList.forEach(PawnList.kt:35)
	at org.alter.game.task.AutoSaveTask.performAutoSave(AutoSaveTask.kt:55)
	at org.alter.game.task.AutoSaveTask.execute(AutoSaveTask.kt:40)
	at org.alter.game.service.GameService.cycle(GameService.kt:192)
	at java.base/java.util.concurrent.Executors$RunnableAdapter.call(Executors.java:539)
	at java.base/java.util.concurrent.FutureTask.runAndReset(FutureTask.java:305)
	at java.base/java.util.concurrent.ScheduledThreadPoolExecutor$ScheduledFutureTask.run(ScheduledThreadPoolExecutor.java:305)
	at java.base/java.util.concurrent.ThreadPoolExecutor.runWorker(ThreadPoolExecutor.java:1136)
	at java.base/java.util.concurrent.ThreadPoolExecutor$Worker.run(ThreadPoolExecutor.java:635)
	at java.base/java.lang.Thread.run(Thread.java:840)
[2025-11-15 23:45:31.437] ERROR org.alter.game.saving.PlayerSaving - Failed to save player DragonM: List element cannot be cast to int
java.lang.ClassCastException: List element cannot be cast to int
	at org.bson.Document.constructValuesList(Document.java:402)
	at org.bson.Document.getList(Document.java:369)
	at org.alter.game.saving.PlayerSaving.savePlayer(PlayerSaving.kt:56)
	at org.alter.game.task.AutoSaveTask.performAutoSave$lambda$4(AutoSaveTask.kt:64)
	at org.alter.game.model.PawnList.forEach(PawnList.kt:35)
	at org.alter.game.task.AutoSaveTask.performAutoSave(AutoSaveTask.kt:55)
	at org.alter.game.task.AutoSaveTask.execute(AutoSaveTask.kt:40)
	at org.alter.game.service.GameService.cycle(GameService.kt:192)
	at java.base/java.util.concurrent.Executors$RunnableAdapter.call(Executors.java:539)
	at java.base/java.util.concurrent.FutureTask.runAndReset(FutureTask.java:305)
	at java.base/java.util.concurrent.ScheduledThreadPoolExecutor$ScheduledFutureTask.run(ScheduledThreadPoolExecutor.java:305)
	at java.base/java.util.concurrent.ThreadPoolExecutor.runWorker(ThreadPoolExecutor.java:1136)
	at java.base/java.util.concurrent.ThreadPoolExecutor$Worker.run(ThreadPoolExecutor.java:635)
	at java.base/java.lang.Thread.run(Thread.java:840)
[2025-11-15 23:45:31.437] ERROR org.alter.game.task.AutoSaveTask - Failed to auto-save player 'DragonM': List element cannot be cast to int
java.lang.ClassCastException: List element cannot be cast to int
	at org.bson.Document.constructValuesList(Document.java:402)
	at org.bson.Document.getList(Document.java:369)
	at org.alter.game.saving.PlayerSaving.savePlayer(PlayerSaving.kt:56)
	at org.alter.game.task.AutoSaveTask.performAutoSave$lambda$4(AutoSaveTask.kt:64)
	at org.alter.game.model.PawnList.forEach(PawnList.kt:35)
	at org.alter.game.task.AutoSaveTask.performAutoSave(AutoSaveTask.kt:55)
	at org.alter.game.task.AutoSaveTask.execute(AutoSaveTask.kt:40)
	at org.alter.game.service.GameService.cycle(GameService.kt:192)
	at java.base/java.util.concurrent.Executors$RunnableAdapter.call(Executors.java:539)
	at java.base/java.util.concurrent.FutureTask.runAndReset(FutureTask.java:305)
	at java.base/java.util.concurrent.ScheduledThreadPoolExecutor$ScheduledFutureTask.run(ScheduledThreadPoolExecutor.java:305)
	at java.base/java.util.concurrent.ThreadPoolExecutor.runWorker(ThreadPoolExecutor.java:1136)
	at java.base/java.util.concurrent.ThreadPoolExecutor$Worker.run(ThreadPoolExecutor.java:635)
	at java.base/java.lang.Thread.run(Thread.java:840)
[2025-11-15 23:45:31.437] WARN  org.alter.game.task.AutoSaveTask - Auto-save attempted but no players were saved (2 players online)
[2025-11-15 23:46:01.436] ERROR org.alter.game.saving.PlayerSaving - Failed to serialize details for player Pnda
java.lang.ClassCastException: List element cannot be cast to int
	at org.bson.Document.constructValuesList(Document.java:402)
	at org.bson.Document.getList(Document.java:369)
	at org.alter.game.saving.PlayerSaving.savePlayer(PlayerSaving.kt:56)
	at org.alter.game.task.AutoSaveTask.performAutoSave$lambda$4(AutoSaveTask.kt:64)
	at org.alter.game.model.PawnList.forEach(PawnList.kt:35)
	at org.alter.game.task.AutoSaveTask.performAutoSave(AutoSaveTask.kt:55)
	at org.alter.game.task.AutoSaveTask.execute(AutoSaveTask.kt:40)
	at org.alter.game.service.GameService.cycle(GameService.kt:192)
	at java.base/java.util.concurrent.Executors$RunnableAdapter.call(Executors.java:539)
	at java.base/java.util.concurrent.FutureTask.runAndReset(FutureTask.java:305)
	at java.base/java.util.concurrent.ScheduledThreadPoolExecutor$ScheduledFutureTask.run(ScheduledThreadPoolExecutor.java:305)
	at java.base/java.util.concurrent.ThreadPoolExecutor.runWorker(ThreadPoolExecutor.java:1136)
	at java.base/java.util.concurrent.ThreadPoolExecutor$Worker.run(ThreadPoolExecutor.java:635)
	at java.base/java.lang.Thread.run(Thread.java:840)
[2025-11-15 23:46:01.436] ERROR org.alter.game.saving.PlayerSaving - Failed to save player Pnda: List element cannot be cast to int
java.lang.ClassCastException: List element cannot be cast to int
	at org.bson.Document.constructValuesList(Document.java:402)
	at org.bson.Document.getList(Document.java:369)
	at org.alter.game.saving.PlayerSaving.savePlayer(PlayerSaving.kt:56)
	at org.alter.game.task.AutoSaveTask.performAutoSave$lambda$4(AutoSaveTask.kt:64)
	at org.alter.game.model.PawnList.forEach(PawnList.kt:35)
	at org.alter.game.task.AutoSaveTask.performAutoSave(AutoSaveTask.kt:55)
	at org.alter.game.task.AutoSaveTask.execute(AutoSaveTask.kt:40)
	at org.alter.game.service.GameService.cycle(GameService.kt:192)
	at java.base/java.util.concurrent.Executors$RunnableAdapter.call(Executors.java:539)
	at java.base/java.util.concurrent.FutureTask.runAndReset(FutureTask.java:305)
	at java.base/java.util.concurrent.ScheduledThreadPoolExecutor$ScheduledFutureTask.run(ScheduledThreadPoolExecutor.java:305)
	at java.base/java.util.concurrent.ThreadPoolExecutor.runWorker(ThreadPoolExecutor.java:1136)
	at java.base/java.util.concurrent.ThreadPoolExecutor$Worker.run(ThreadPoolExecutor.java:635)
	at java.base/java.lang.Thread.run(Thread.java:840)
[2025-11-15 23:46:01.436] ERROR org.alter.game.task.AutoSaveTask - Failed to auto-save player 'Pnda': List element cannot be cast to int
java.lang.ClassCastException: List element cannot be cast to int
	at org.bson.Document.constructValuesList(Document.java:402)
	at org.bson.Document.getList(Document.java:369)
	at org.alter.game.saving.PlayerSaving.savePlayer(PlayerSaving.kt:56)
	at org.alter.game.task.AutoSaveTask.performAutoSave$lambda$4(AutoSaveTask.kt:64)
	at org.alter.game.model.PawnList.forEach(PawnList.kt:35)
	at org.alter.game.task.AutoSaveTask.performAutoSave(AutoSaveTask.kt:55)
	at org.alter.game.task.AutoSaveTask.execute(AutoSaveTask.kt:40)
	at org.alter.game.service.GameService.cycle(GameService.kt:192)
	at java.base/java.util.concurrent.Executors$RunnableAdapter.call(Executors.java:539)
	at java.base/java.util.concurrent.FutureTask.runAndReset(FutureTask.java:305)
	at java.base/java.util.concurrent.ScheduledThreadPoolExecutor$ScheduledFutureTask.run(ScheduledThreadPoolExecutor.java:305)
	at java.base/java.util.concurrent.ThreadPoolExecutor.runWorker(ThreadPoolExecutor.java:1136)
	at java.base/java.util.concurrent.ThreadPoolExecutor$Worker.run(ThreadPoolExecutor.java:635)
	at java.base/java.lang.Thread.run(Thread.java:840)
[2025-11-15 23:46:01.436] ERROR org.alter.game.saving.PlayerSaving - Failed to serialize details for player DragonM
java.lang.ClassCastException: List element cannot be cast to int
	at org.bson.Document.constructValuesList(Document.java:402)
	at org.bson.Document.getList(Document.java:369)
	at org.alter.game.saving.PlayerSaving.savePlayer(PlayerSaving.kt:56)
	at org.alter.game.task.AutoSaveTask.performAutoSave$lambda$4(AutoSaveTask.kt:64)
	at org.alter.game.model.PawnList.forEach(PawnList.kt:35)
	at org.alter.game.task.AutoSaveTask.performAutoSave(AutoSaveTask.kt:55)
	at org.alter.game.task.AutoSaveTask.execute(AutoSaveTask.kt:40)
	at org.alter.game.service.GameService.cycle(GameService.kt:192)
	at java.base/java.util.concurrent.Executors$RunnableAdapter.call(Executors.java:539)
	at java.base/java.util.concurrent.FutureTask.runAndReset(FutureTask.java:305)
	at java.base/java.util.concurrent.ScheduledThreadPoolExecutor$ScheduledFutureTask.run(ScheduledThreadPoolExecutor.java:305)
	at java.base/java.util.concurrent.ThreadPoolExecutor.runWorker(ThreadPoolExecutor.java:1136)
	at java.base/java.util.concurrent.ThreadPoolExecutor$Worker.run(ThreadPoolExecutor.java:635)
	at java.base/java.lang.Thread.run(Thread.java:840)
[2025-11-15 23:46:01.436] ERROR org.alter.game.saving.PlayerSaving - Failed to save player DragonM: List element cannot be cast to int
java.lang.ClassCastException: List element cannot be cast to int
	at org.bson.Document.constructValuesList(Document.java:402)
	at org.bson.Document.getList(Document.java:369)
	at org.alter.game.saving.PlayerSaving.savePlayer(PlayerSaving.kt:56)
	at org.alter.game.task.AutoSaveTask.performAutoSave$lambda$4(AutoSaveTask.kt:64)
	at org.alter.game.model.PawnList.forEach(PawnList.kt:35)
	at org.alter.game.task.AutoSaveTask.performAutoSave(AutoSaveTask.kt:55)
	at org.alter.game.task.AutoSaveTask.execute(AutoSaveTask.kt:40)
	at org.alter.game.service.GameService.cycle(GameService.kt:192)
	at java.base/java.util.concurrent.Executors$RunnableAdapter.call(Executors.java:539)
	at java.base/java.util.concurrent.FutureTask.runAndReset(FutureTask.java:305)
	at java.base/java.util.concurrent.ScheduledThreadPoolExecutor$ScheduledFutureTask.run(ScheduledThreadPoolExecutor.java:305)
	at java.base/java.util.concurrent.ThreadPoolExecutor.runWorker(ThreadPoolExecutor.java:1136)
	at java.base/java.util.concurrent.ThreadPoolExecutor$Worker.run(ThreadPoolExecutor.java:635)
	at java.base/java.lang.Thread.run(Thread.java:840)
[2025-11-15 23:46:01.436] ERROR org.alter.game.task.AutoSaveTask - Failed to auto-save player 'DragonM': List element cannot be cast to int
java.lang.ClassCastException: List element cannot be cast to int
	at org.bson.Document.constructValuesList(Document.java:402)
	at org.bson.Document.getList(Document.java:369)
	at org.alter.game.saving.PlayerSaving.savePlayer(PlayerSaving.kt:56)
	at org.alter.game.task.AutoSaveTask.performAutoSave$lambda$4(AutoSaveTask.kt:64)
	at org.alter.game.model.PawnList.forEach(PawnList.kt:35)
	at org.alter.game.task.AutoSaveTask.performAutoSave(AutoSaveTask.kt:55)
	at org.alter.game.task.AutoSaveTask.execute(AutoSaveTask.kt:40)
	at org.alter.game.service.GameService.cycle(GameService.kt:192)
	at java.base/java.util.concurrent.Executors$RunnableAdapter.call(Executors.java:539)
	at java.base/java.util.concurrent.FutureTask.runAndReset(FutureTask.java:305)
	at java.base/java.util.concurrent.ScheduledThreadPoolExecutor$ScheduledFutureTask.run(ScheduledThreadPoolExecutor.java:305)
	at java.base/java.util.concurrent.ThreadPoolExecutor.runWorker(ThreadPoolExecutor.java:1136)
	at java.base/java.util.concurrent.ThreadPoolExecutor$Worker.run(ThreadPoolExecutor.java:635)
	at java.base/java.lang.Thread.run(Thread.java:840)
[2025-11-15 23:46:01.436] WARN  org.alter.game.task.AutoSaveTask - Auto-save attempted but no players were saved (2 players online)
[2025-11-15 23:46:31.422] ERROR org.alter.game.saving.PlayerSaving - Failed to serialize details for player Pnda
java.lang.ClassCastException: List element cannot be cast to int
	at org.bson.Document.constructValuesList(Document.java:402)
	at org.bson.Document.getList(Document.java:369)
	at org.alter.game.saving.PlayerSaving.savePlayer(PlayerSaving.kt:56)
	at org.alter.game.task.AutoSaveTask.performAutoSave$lambda$4(AutoSaveTask.kt:64)
	at org.alter.game.model.PawnList.forEach(PawnList.kt:35)
	at org.alter.game.task.AutoSaveTask.performAutoSave(AutoSaveTask.kt:55)
	at org.alter.game.task.AutoSaveTask.execute(AutoSaveTask.kt:40)
	at org.alter.game.service.GameService.cycle(GameService.kt:192)
	at java.base/java.util.concurrent.Executors$RunnableAdapter.call(Executors.java:539)
	at java.base/java.util.concurrent.FutureTask.runAndReset(FutureTask.java:305)
	at java.base/java.util.concurrent.ScheduledThreadPoolExecutor$ScheduledFutureTask.run(ScheduledThreadPoolExecutor.java:305)
	at java.base/java.util.concurrent.ThreadPoolExecutor.runWorker(ThreadPoolExecutor.java:1136)
	at java.base/java.util.concurrent.ThreadPoolExecutor$Worker.run(ThreadPoolExecutor.java:635)
	at java.base/java.lang.Thread.run(Thread.java:840)
[2025-11-15 23:46:31.423] ERROR org.alter.game.saving.PlayerSaving - Failed to save player Pnda: List element cannot be cast to int
java.lang.ClassCastException: List element cannot be cast to int
	at org.bson.Document.constructValuesList(Document.java:402)
	at org.bson.Document.getList(Document.java:369)
	at org.alter.game.saving.PlayerSaving.savePlayer(PlayerSaving.kt:56)
	at org.alter.game.task.AutoSaveTask.performAutoSave$lambda$4(AutoSaveTask.kt:64)
	at org.alter.game.model.PawnList.forEach(PawnList.kt:35)
	at org.alter.game.task.AutoSaveTask.performAutoSave(AutoSaveTask.kt:55)
	at org.alter.game.task.AutoSaveTask.execute(AutoSaveTask.kt:40)
	at org.alter.game.service.GameService.cycle(GameService.kt:192)
	at java.base/java.util.concurrent.Executors$RunnableAdapter.call(Executors.java:539)
	at java.base/java.util.concurrent.FutureTask.runAndReset(FutureTask.java:305)
	at java.base/java.util.concurrent.ScheduledThreadPoolExecutor$ScheduledFutureTask.run(ScheduledThreadPoolExecutor.java:305)
	at java.base/java.util.concurrent.ThreadPoolExecutor.runWorker(ThreadPoolExecutor.java:1136)
	at java.base/java.util.concurrent.ThreadPoolExecutor$Worker.run(ThreadPoolExecutor.java:635)
	at java.base/java.lang.Thread.run(Thread.java:840)
[2025-11-15 23:46:31.423] ERROR org.alter.game.task.AutoSaveTask - Failed to auto-save player 'Pnda': List element cannot be cast to int
java.lang.ClassCastException: List element cannot be cast to int
	at org.bson.Document.constructValuesList(Document.java:402)
	at org.bson.Document.getList(Document.java:369)
	at org.alter.game.saving.PlayerSaving.savePlayer(PlayerSaving.kt:56)
	at org.alter.game.task.AutoSaveTask.performAutoSave$lambda$4(AutoSaveTask.kt:64)
	at org.alter.game.model.PawnList.forEach(PawnList.kt:35)
	at org.alter.game.task.AutoSaveTask.performAutoSave(AutoSaveTask.kt:55)
	at org.alter.game.task.AutoSaveTask.execute(AutoSaveTask.kt:40)
	at org.alter.game.service.GameService.cycle(GameService.kt:192)
	at java.base/java.util.concurrent.Executors$RunnableAdapter.call(Executors.java:539)
	at java.base/java.util.concurrent.FutureTask.runAndReset(FutureTask.java:305)
	at java.base/java.util.concurrent.ScheduledThreadPoolExecutor$ScheduledFutureTask.run(ScheduledThreadPoolExecutor.java:305)
	at java.base/java.util.concurrent.ThreadPoolExecutor.runWorker(ThreadPoolExecutor.java:1136)
	at java.base/java.util.concurrent.ThreadPoolExecutor$Worker.run(ThreadPoolExecutor.java:635)
	at java.base/java.lang.Thread.run(Thread.java:840)
[2025-11-15 23:46:31.423] ERROR org.alter.game.saving.PlayerSaving - Failed to serialize details for player DragonM
java.lang.ClassCastException: List element cannot be cast to int
	at org.bson.Document.constructValuesList(Document.java:402)
	at org.bson.Document.getList(Document.java:369)
	at org.alter.game.saving.PlayerSaving.savePlayer(PlayerSaving.kt:56)
	at org.alter.game.task.AutoSaveTask.performAutoSave$lambda$4(AutoSaveTask.kt:64)
	at org.alter.game.model.PawnList.forEach(PawnList.kt:35)
	at org.alter.game.task.AutoSaveTask.performAutoSave(AutoSaveTask.kt:55)
	at org.alter.game.task.AutoSaveTask.execute(AutoSaveTask.kt:40)
	at org.alter.game.service.GameService.cycle(GameService.kt:192)
	at java.base/java.util.concurrent.Executors$RunnableAdapter.call(Executors.java:539)
	at java.base/java.util.concurrent.FutureTask.runAndReset(FutureTask.java:305)
	at java.base/java.util.concurrent.ScheduledThreadPoolExecutor$ScheduledFutureTask.run(ScheduledThreadPoolExecutor.java:305)
	at java.base/java.util.concurrent.ThreadPoolExecutor.runWorker(ThreadPoolExecutor.java:1136)
	at java.base/java.util.concurrent.ThreadPoolExecutor$Worker.run(ThreadPoolExecutor.java:635)
	at java.base/java.lang.Thread.run(Thread.java:840)
[2025-11-15 23:46:31.423] ERROR org.alter.game.saving.PlayerSaving - Failed to save player DragonM: List element cannot be cast to int
java.lang.ClassCastException: List element cannot be cast to int
	at org.bson.Document.constructValuesList(Document.java:402)
	at org.bson.Document.getList(Document.java:369)
	at org.alter.game.saving.PlayerSaving.savePlayer(PlayerSaving.kt:56)
	at org.alter.game.task.AutoSaveTask.performAutoSave$lambda$4(AutoSaveTask.kt:64)
	at org.alter.game.model.PawnList.forEach(PawnList.kt:35)
	at org.alter.game.task.AutoSaveTask.performAutoSave(AutoSaveTask.kt:55)
	at org.alter.game.task.AutoSaveTask.execute(AutoSaveTask.kt:40)
	at org.alter.game.service.GameService.cycle(GameService.kt:192)
	at java.base/java.util.concurrent.Executors$RunnableAdapter.call(Executors.java:539)
	at java.base/java.util.concurrent.FutureTask.runAndReset(FutureTask.java:305)
	at java.base/java.util.concurrent.ScheduledThreadPoolExecutor$ScheduledFutureTask.run(ScheduledThreadPoolExecutor.java:305)
	at java.base/java.util.concurrent.ThreadPoolExecutor.runWorker(ThreadPoolExecutor.java:1136)
	at java.base/java.util.concurrent.ThreadPoolExecutor$Worker.run(ThreadPoolExecutor.java:635)
	at java.base/java.lang.Thread.run(Thread.java:840)
[2025-11-15 23:46:31.424] ERROR org.alter.game.task.AutoSaveTask - Failed to auto-save player 'DragonM': List element cannot be cast to int
java.lang.ClassCastException: List element cannot be cast to int
	at org.bson.Document.constructValuesList(Document.java:402)
	at org.bson.Document.getList(Document.java:369)
	at org.alter.game.saving.PlayerSaving.savePlayer(PlayerSaving.kt:56)
	at org.alter.game.task.AutoSaveTask.performAutoSave$lambda$4(AutoSaveTask.kt:64)
	at org.alter.game.model.PawnList.forEach(PawnList.kt:35)
	at org.alter.game.task.AutoSaveTask.performAutoSave(AutoSaveTask.kt:55)
	at org.alter.game.task.AutoSaveTask.execute(AutoSaveTask.kt:40)
	at org.alter.game.service.GameService.cycle(GameService.kt:192)
	at java.base/java.util.concurrent.Executors$RunnableAdapter.call(Executors.java:539)
	at java.base/java.util.concurrent.FutureTask.runAndReset(FutureTask.java:305)
	at java.base/java.util.concurrent.ScheduledThreadPoolExecutor$ScheduledFutureTask.run(ScheduledThreadPoolExecutor.java:305)
	at java.base/java.util.concurrent.ThreadPoolExecutor.runWorker(ThreadPoolExecutor.java:1136)
	at java.base/java.util.concurrent.ThreadPoolExecutor$Worker.run(ThreadPoolExecutor.java:635)
	at java.base/java.lang.Thread.run(Thread.java:840)
[2025-11-15 23:46:31.424] WARN  org.alter.game.task.AutoSaveTask - Auto-save attempted but no players were saved (2 players online)
[2025-11-15 23:48:25.060] WARN  d.o.c.u.c.DecompressionContext - BZIP2 Compression found - replace to improve read performance.
[2025-11-15 23:48:30.371] WARN  n.rsprot.protocol.common.RSProtFlags - Unknown network logging option: false, expected values: [off, trace, debug, info, warn, error]
[2025-11-15 23:48:45.171] WARN  o.a.g.s.impl.DetailSerialisation - Failed to load tile position for player DragonM: List element cannot be cast to int. Falling back to home location.
[2025-11-15 23:48:45.172] WARN  o.a.g.s.impl.DetailSerialisation - Player DragonM position not found in save file (tile data: null), spawning at home location
[2025-11-15 23:49:02.710] WARN  o.a.g.s.impl.DetailSerialisation - Failed to load tile position for player Pnda: List element cannot be cast to int. Falling back to home location.
[2025-11-15 23:49:02.711] WARN  o.a.g.s.impl.DetailSerialisation - Player Pnda position not found in save file (tile data: null), spawning at home location
[2025-11-15 23:49:03.352] ERROR org.alter.game.saving.PlayerSaving - Failed to serialize details for player DragonM
java.lang.ClassCastException: List element cannot be cast to int
	at org.bson.Document.constructValuesList(Document.java:402)
	at org.bson.Document.getList(Document.java:369)
	at org.alter.game.saving.PlayerSaving.savePlayer(PlayerSaving.kt:56)
	at org.alter.game.task.AutoSaveTask.performAutoSave$lambda$4(AutoSaveTask.kt:64)
	at org.alter.game.model.PawnList.forEach(PawnList.kt:35)
	at org.alter.game.task.AutoSaveTask.performAutoSave(AutoSaveTask.kt:55)
	at org.alter.game.task.AutoSaveTask.execute(AutoSaveTask.kt:40)
	at org.alter.game.service.GameService.cycle(GameService.kt:192)
	at java.base/java.util.concurrent.Executors$RunnableAdapter.call(Executors.java:539)
	at java.base/java.util.concurrent.FutureTask.runAndReset(FutureTask.java:305)
	at java.base/java.util.concurrent.ScheduledThreadPoolExecutor$ScheduledFutureTask.run(ScheduledThreadPoolExecutor.java:305)
	at java.base/java.util.concurrent.ThreadPoolExecutor.runWorker(ThreadPoolExecutor.java:1136)
	at java.base/java.util.concurrent.ThreadPoolExecutor$Worker.run(ThreadPoolExecutor.java:635)
	at java.base/java.lang.Thread.run(Thread.java:840)
[2025-11-15 23:49:03.356] ERROR org.alter.game.saving.PlayerSaving - Failed to save player DragonM: List element cannot be cast to int
java.lang.ClassCastException: List element cannot be cast to int
	at org.bson.Document.constructValuesList(Document.java:402)
	at org.bson.Document.getList(Document.java:369)
	at org.alter.game.saving.PlayerSaving.savePlayer(PlayerSaving.kt:56)
	at org.alter.game.task.AutoSaveTask.performAutoSave$lambda$4(AutoSaveTask.kt:64)
	at org.alter.game.model.PawnList.forEach(PawnList.kt:35)
	at org.alter.game.task.AutoSaveTask.performAutoSave(AutoSaveTask.kt:55)
	at org.alter.game.task.AutoSaveTask.execute(AutoSaveTask.kt:40)
	at org.alter.game.service.GameService.cycle(GameService.kt:192)
	at java.base/java.util.concurrent.Executors$RunnableAdapter.call(Executors.java:539)
	at java.base/java.util.concurrent.FutureTask.runAndReset(FutureTask.java:305)
	at java.base/java.util.concurrent.ScheduledThreadPoolExecutor$ScheduledFutureTask.run(ScheduledThreadPoolExecutor.java:305)
	at java.base/java.util.concurrent.ThreadPoolExecutor.runWorker(ThreadPoolExecutor.java:1136)
	at java.base/java.util.concurrent.ThreadPoolExecutor$Worker.run(ThreadPoolExecutor.java:635)
	at java.base/java.lang.Thread.run(Thread.java:840)
[2025-11-15 23:49:03.357] ERROR org.alter.game.task.AutoSaveTask - Failed to auto-save player 'DragonM': List element cannot be cast to int
java.lang.ClassCastException: List element cannot be cast to int
	at org.bson.Document.constructValuesList(Document.java:402)
	at org.bson.Document.getList(Document.java:369)
	at org.alter.game.saving.PlayerSaving.savePlayer(PlayerSaving.kt:56)
	at org.alter.game.task.AutoSaveTask.performAutoSave$lambda$4(AutoSaveTask.kt:64)
	at org.alter.game.model.PawnList.forEach(PawnList.kt:35)
	at org.alter.game.task.AutoSaveTask.performAutoSave(AutoSaveTask.kt:55)
	at org.alter.game.task.AutoSaveTask.execute(AutoSaveTask.kt:40)
	at org.alter.game.service.GameService.cycle(GameService.kt:192)
	at java.base/java.util.concurrent.Executors$RunnableAdapter.call(Executors.java:539)
	at java.base/java.util.concurrent.FutureTask.runAndReset(FutureTask.java:305)
	at java.base/java.util.concurrent.ScheduledThreadPoolExecutor$ScheduledFutureTask.run(ScheduledThreadPoolExecutor.java:305)
	at java.base/java.util.concurrent.ThreadPoolExecutor.runWorker(ThreadPoolExecutor.java:1136)
	at java.base/java.util.concurrent.ThreadPoolExecutor$Worker.run(ThreadPoolExecutor.java:635)
	at java.base/java.lang.Thread.run(Thread.java:840)
[2025-11-15 23:49:03.357] ERROR org.alter.game.saving.PlayerSaving - Failed to serialize details for player Pnda
java.lang.ClassCastException: List element cannot be cast to int
	at org.bson.Document.constructValuesList(Document.java:402)
	at org.bson.Document.getList(Document.java:369)
	at org.alter.game.saving.PlayerSaving.savePlayer(PlayerSaving.kt:56)
	at org.alter.game.task.AutoSaveTask.performAutoSave$lambda$4(AutoSaveTask.kt:64)
	at org.alter.game.model.PawnList.forEach(PawnList.kt:35)
	at org.alter.game.task.AutoSaveTask.performAutoSave(AutoSaveTask.kt:55)
	at org.alter.game.task.AutoSaveTask.execute(AutoSaveTask.kt:40)
	at org.alter.game.service.GameService.cycle(GameService.kt:192)
	at java.base/java.util.concurrent.Executors$RunnableAdapter.call(Executors.java:539)
	at java.base/java.util.concurrent.FutureTask.runAndReset(FutureTask.java:305)
	at java.base/java.util.concurrent.ScheduledThreadPoolExecutor$ScheduledFutureTask.run(ScheduledThreadPoolExecutor.java:305)
	at java.base/java.util.concurrent.ThreadPoolExecutor.runWorker(ThreadPoolExecutor.java:1136)
	at java.base/java.util.concurrent.ThreadPoolExecutor$Worker.run(ThreadPoolExecutor.java:635)
	at java.base/java.lang.Thread.run(Thread.java:840)
[2025-11-15 23:49:03.358] ERROR org.alter.game.saving.PlayerSaving - Failed to save player Pnda: List element cannot be cast to int
java.lang.ClassCastException: List element cannot be cast to int
	at org.bson.Document.constructValuesList(Document.java:402)
	at org.bson.Document.getList(Document.java:369)
	at org.alter.game.saving.PlayerSaving.savePlayer(PlayerSaving.kt:56)
	at org.alter.game.task.AutoSaveTask.performAutoSave$lambda$4(AutoSaveTask.kt:64)
	at org.alter.game.model.PawnList.forEach(PawnList.kt:35)
	at org.alter.game.task.AutoSaveTask.performAutoSave(AutoSaveTask.kt:55)
	at org.alter.game.task.AutoSaveTask.execute(AutoSaveTask.kt:40)
	at org.alter.game.service.GameService.cycle(GameService.kt:192)
	at java.base/java.util.concurrent.Executors$RunnableAdapter.call(Executors.java:539)
	at java.base/java.util.concurrent.FutureTask.runAndReset(FutureTask.java:305)
	at java.base/java.util.concurrent.ScheduledThreadPoolExecutor$ScheduledFutureTask.run(ScheduledThreadPoolExecutor.java:305)
	at java.base/java.util.concurrent.ThreadPoolExecutor.runWorker(ThreadPoolExecutor.java:1136)
	at java.base/java.util.concurrent.ThreadPoolExecutor$Worker.run(ThreadPoolExecutor.java:635)
	at java.base/java.lang.Thread.run(Thread.java:840)
[2025-11-15 23:49:03.358] ERROR org.alter.game.task.AutoSaveTask - Failed to auto-save player 'Pnda': List element cannot be cast to int
java.lang.ClassCastException: List element cannot be cast to int
	at org.bson.Document.constructValuesList(Document.java:402)
	at org.bson.Document.getList(Document.java:369)
	at org.alter.game.saving.PlayerSaving.savePlayer(PlayerSaving.kt:56)
	at org.alter.game.task.AutoSaveTask.performAutoSave$lambda$4(AutoSaveTask.kt:64)
	at org.alter.game.model.PawnList.forEach(PawnList.kt:35)
	at org.alter.game.task.AutoSaveTask.performAutoSave(AutoSaveTask.kt:55)
	at org.alter.game.task.AutoSaveTask.execute(AutoSaveTask.kt:40)
	at org.alter.game.service.GameService.cycle(GameService.kt:192)
	at java.base/java.util.concurrent.Executors$RunnableAdapter.call(Executors.java:539)
	at java.base/java.util.concurrent.FutureTask.runAndReset(FutureTask.java:305)
	at java.base/java.util.concurrent.ScheduledThreadPoolExecutor$ScheduledFutureTask.run(ScheduledThreadPoolExecutor.java:305)
	at java.base/java.util.concurrent.ThreadPoolExecutor.runWorker(ThreadPoolExecutor.java:1136)
	at java.base/java.util.concurrent.ThreadPoolExecutor$Worker.run(ThreadPoolExecutor.java:635)
	at java.base/java.lang.Thread.run(Thread.java:840)
[2025-11-15 23:49:03.359] WARN  org.alter.game.task.AutoSaveTask - Auto-save attempted but no players were saved (2 players online)
[2025-11-15 23:49:13.647] WARN  o.a.g.s.impl.DetailSerialisation - Failed to load tile position for player SpideyM: List element cannot be cast to int. Falling back to home location.
[2025-11-15 23:49:13.648] WARN  o.a.g.s.impl.DetailSerialisation - Player SpideyM position not found in save file (tile data: null), spawning at home location
[2025-11-15 23:49:33.344] ERROR org.alter.game.saving.PlayerSaving - Failed to serialize details for player DragonM
java.lang.ClassCastException: List element cannot be cast to int
	at org.bson.Document.constructValuesList(Document.java:402)
	at org.bson.Document.getList(Document.java:369)
	at org.alter.game.saving.PlayerSaving.savePlayer(PlayerSaving.kt:56)
	at org.alter.game.task.AutoSaveTask.performAutoSave$lambda$4(AutoSaveTask.kt:64)
	at org.alter.game.model.PawnList.forEach(PawnList.kt:35)
	at org.alter.game.task.AutoSaveTask.performAutoSave(AutoSaveTask.kt:55)
	at org.alter.game.task.AutoSaveTask.execute(AutoSaveTask.kt:40)
	at org.alter.game.service.GameService.cycle(GameService.kt:192)
	at java.base/java.util.concurrent.Executors$RunnableAdapter.call(Executors.java:539)
	at java.base/java.util.concurrent.FutureTask.runAndReset(FutureTask.java:305)
	at java.base/java.util.concurrent.ScheduledThreadPoolExecutor$ScheduledFutureTask.run(ScheduledThreadPoolExecutor.java:305)
	at java.base/java.util.concurrent.ThreadPoolExecutor.runWorker(ThreadPoolExecutor.java:1136)
	at java.base/java.util.concurrent.ThreadPoolExecutor$Worker.run(ThreadPoolExecutor.java:635)
	at java.base/java.lang.Thread.run(Thread.java:840)
[2025-11-15 23:49:33.345] ERROR org.alter.game.saving.PlayerSaving - Failed to save player DragonM: List element cannot be cast to int
java.lang.ClassCastException: List element cannot be cast to int
	at org.bson.Document.constructValuesList(Document.java:402)
	at org.bson.Document.getList(Document.java:369)
	at org.alter.game.saving.PlayerSaving.savePlayer(PlayerSaving.kt:56)
	at org.alter.game.task.AutoSaveTask.performAutoSave$lambda$4(AutoSaveTask.kt:64)
	at org.alter.game.model.PawnList.forEach(PawnList.kt:35)
	at org.alter.game.task.AutoSaveTask.performAutoSave(AutoSaveTask.kt:55)
	at org.alter.game.task.AutoSaveTask.execute(AutoSaveTask.kt:40)
	at org.alter.game.service.GameService.cycle(GameService.kt:192)
	at java.base/java.util.concurrent.Executors$RunnableAdapter.call(Executors.java:539)
	at java.base/java.util.concurrent.FutureTask.runAndReset(FutureTask.java:305)
	at java.base/java.util.concurrent.ScheduledThreadPoolExecutor$ScheduledFutureTask.run(ScheduledThreadPoolExecutor.java:305)
	at java.base/java.util.concurrent.ThreadPoolExecutor.runWorker(ThreadPoolExecutor.java:1136)
	at java.base/java.util.concurrent.ThreadPoolExecutor$Worker.run(ThreadPoolExecutor.java:635)
	at java.base/java.lang.Thread.run(Thread.java:840)
[2025-11-15 23:49:33.345] ERROR org.alter.game.task.AutoSaveTask - Failed to auto-save player 'DragonM': List element cannot be cast to int
java.lang.ClassCastException: List element cannot be cast to int
	at org.bson.Document.constructValuesList(Document.java:402)
	at org.bson.Document.getList(Document.java:369)
	at org.alter.game.saving.PlayerSaving.savePlayer(PlayerSaving.kt:56)
	at org.alter.game.task.AutoSaveTask.performAutoSave$lambda$4(AutoSaveTask.kt:64)
	at org.alter.game.model.PawnList.forEach(PawnList.kt:35)
	at org.alter.game.task.AutoSaveTask.performAutoSave(AutoSaveTask.kt:55)
	at org.alter.game.task.AutoSaveTask.execute(AutoSaveTask.kt:40)
	at org.alter.game.service.GameService.cycle(GameService.kt:192)
	at java.base/java.util.concurrent.Executors$RunnableAdapter.call(Executors.java:539)
	at java.base/java.util.concurrent.FutureTask.runAndReset(FutureTask.java:305)
	at java.base/java.util.concurrent.ScheduledThreadPoolExecutor$ScheduledFutureTask.run(ScheduledThreadPoolExecutor.java:305)
	at java.base/java.util.concurrent.ThreadPoolExecutor.runWorker(ThreadPoolExecutor.java:1136)
	at java.base/java.util.concurrent.ThreadPoolExecutor$Worker.run(ThreadPoolExecutor.java:635)
	at java.base/java.lang.Thread.run(Thread.java:840)
[2025-11-15 23:49:33.345] ERROR org.alter.game.saving.PlayerSaving - Failed to serialize details for player Pnda
java.lang.ClassCastException: List element cannot be cast to int
	at org.bson.Document.constructValuesList(Document.java:402)
	at org.bson.Document.getList(Document.java:369)
	at org.alter.game.saving.PlayerSaving.savePlayer(PlayerSaving.kt:56)
	at org.alter.game.task.AutoSaveTask.performAutoSave$lambda$4(AutoSaveTask.kt:64)
	at org.alter.game.model.PawnList.forEach(PawnList.kt:35)
	at org.alter.game.task.AutoSaveTask.performAutoSave(AutoSaveTask.kt:55)
	at org.alter.game.task.AutoSaveTask.execute(AutoSaveTask.kt:40)
	at org.alter.game.service.GameService.cycle(GameService.kt:192)
	at java.base/java.util.concurrent.Executors$RunnableAdapter.call(Executors.java:539)
	at java.base/java.util.concurrent.FutureTask.runAndReset(FutureTask.java:305)
	at java.base/java.util.concurrent.ScheduledThreadPoolExecutor$ScheduledFutureTask.run(ScheduledThreadPoolExecutor.java:305)
	at java.base/java.util.concurrent.ThreadPoolExecutor.runWorker(ThreadPoolExecutor.java:1136)
	at java.base/java.util.concurrent.ThreadPoolExecutor$Worker.run(ThreadPoolExecutor.java:635)
	at java.base/java.lang.Thread.run(Thread.java:840)
[2025-11-15 23:49:33.345] ERROR org.alter.game.saving.PlayerSaving - Failed to save player Pnda: List element cannot be cast to int
java.lang.ClassCastException: List element cannot be cast to int
	at org.bson.Document.constructValuesList(Document.java:402)
	at org.bson.Document.getList(Document.java:369)
	at org.alter.game.saving.PlayerSaving.savePlayer(PlayerSaving.kt:56)
	at org.alter.game.task.AutoSaveTask.performAutoSave$lambda$4(AutoSaveTask.kt:64)
	at org.alter.game.model.PawnList.forEach(PawnList.kt:35)
	at org.alter.game.task.AutoSaveTask.performAutoSave(AutoSaveTask.kt:55)
	at org.alter.game.task.AutoSaveTask.execute(AutoSaveTask.kt:40)
	at org.alter.game.service.GameService.cycle(GameService.kt:192)
	at java.base/java.util.concurrent.Executors$RunnableAdapter.call(Executors.java:539)
	at java.base/java.util.concurrent.FutureTask.runAndReset(FutureTask.java:305)
	at java.base/java.util.concurrent.ScheduledThreadPoolExecutor$ScheduledFutureTask.run(ScheduledThreadPoolExecutor.java:305)
	at java.base/java.util.concurrent.ThreadPoolExecutor.runWorker(ThreadPoolExecutor.java:1136)
	at java.base/java.util.concurrent.ThreadPoolExecutor$Worker.run(ThreadPoolExecutor.java:635)
	at java.base/java.lang.Thread.run(Thread.java:840)
[2025-11-15 23:49:33.346] ERROR org.alter.game.task.AutoSaveTask - Failed to auto-save player 'Pnda': List element cannot be cast to int
java.lang.ClassCastException: List element cannot be cast to int
	at org.bson.Document.constructValuesList(Document.java:402)
	at org.bson.Document.getList(Document.java:369)
	at org.alter.game.saving.PlayerSaving.savePlayer(PlayerSaving.kt:56)
	at org.alter.game.task.AutoSaveTask.performAutoSave$lambda$4(AutoSaveTask.kt:64)
	at org.alter.game.model.PawnList.forEach(PawnList.kt:35)
	at org.alter.game.task.AutoSaveTask.performAutoSave(AutoSaveTask.kt:55)
	at org.alter.game.task.AutoSaveTask.execute(AutoSaveTask.kt:40)
	at org.alter.game.service.GameService.cycle(GameService.kt:192)
	at java.base/java.util.concurrent.Executors$RunnableAdapter.call(Executors.java:539)
	at java.base/java.util.concurrent.FutureTask.runAndReset(FutureTask.java:305)
	at java.base/java.util.concurrent.ScheduledThreadPoolExecutor$ScheduledFutureTask.run(ScheduledThreadPoolExecutor.java:305)
	at java.base/java.util.concurrent.ThreadPoolExecutor.runWorker(ThreadPoolExecutor.java:1136)
	at java.base/java.util.concurrent.ThreadPoolExecutor$Worker.run(ThreadPoolExecutor.java:635)
	at java.base/java.lang.Thread.run(Thread.java:840)
[2025-11-15 23:49:33.346] ERROR org.alter.game.saving.PlayerSaving - Failed to serialize details for player SpideyM
java.lang.ClassCastException: List element cannot be cast to int
	at org.bson.Document.constructValuesList(Document.java:402)
	at org.bson.Document.getList(Document.java:369)
	at org.alter.game.saving.PlayerSaving.savePlayer(PlayerSaving.kt:56)
	at org.alter.game.task.AutoSaveTask.performAutoSave$lambda$4(AutoSaveTask.kt:64)
	at org.alter.game.model.PawnList.forEach(PawnList.kt:35)
	at org.alter.game.task.AutoSaveTask.performAutoSave(AutoSaveTask.kt:55)
	at org.alter.game.task.AutoSaveTask.execute(AutoSaveTask.kt:40)
	at org.alter.game.service.GameService.cycle(GameService.kt:192)
	at java.base/java.util.concurrent.Executors$RunnableAdapter.call(Executors.java:539)
	at java.base/java.util.concurrent.FutureTask.runAndReset(FutureTask.java:305)
	at java.base/java.util.concurrent.ScheduledThreadPoolExecutor$ScheduledFutureTask.run(ScheduledThreadPoolExecutor.java:305)
	at java.base/java.util.concurrent.ThreadPoolExecutor.runWorker(ThreadPoolExecutor.java:1136)
	at java.base/java.util.concurrent.ThreadPoolExecutor$Worker.run(ThreadPoolExecutor.java:635)
	at java.base/java.lang.Thread.run(Thread.java:840)
[2025-11-15 23:49:33.346] ERROR org.alter.game.saving.PlayerSaving - Failed to save player SpideyM: List element cannot be cast to int
java.lang.ClassCastException: List element cannot be cast to int
	at org.bson.Document.constructValuesList(Document.java:402)
	at org.bson.Document.getList(Document.java:369)
	at org.alter.game.saving.PlayerSaving.savePlayer(PlayerSaving.kt:56)
	at org.alter.game.task.AutoSaveTask.performAutoSave$lambda$4(AutoSaveTask.kt:64)
	at org.alter.game.model.PawnList.forEach(PawnList.kt:35)
	at org.alter.game.task.AutoSaveTask.performAutoSave(AutoSaveTask.kt:55)
	at org.alter.game.task.AutoSaveTask.execute(AutoSaveTask.kt:40)
	at org.alter.game.service.GameService.cycle(GameService.kt:192)
	at java.base/java.util.concurrent.Executors$RunnableAdapter.call(Executors.java:539)
	at java.base/java.util.concurrent.FutureTask.runAndReset(FutureTask.java:305)
	at java.base/java.util.concurrent.ScheduledThreadPoolExecutor$ScheduledFutureTask.run(ScheduledThreadPoolExecutor.java:305)
	at java.base/java.util.concurrent.ThreadPoolExecutor.runWorker(ThreadPoolExecutor.java:1136)
	at java.base/java.util.concurrent.ThreadPoolExecutor$Worker.run(ThreadPoolExecutor.java:635)
	at java.base/java.lang.Thread.run(Thread.java:840)
[2025-11-15 23:49:33.346] ERROR org.alter.game.task.AutoSaveTask - Failed to auto-save player 'SpideyM': List element cannot be cast to int
java.lang.ClassCastException: List element cannot be cast to int
	at org.bson.Document.constructValuesList(Document.java:402)
	at org.bson.Document.getList(Document.java:369)
	at org.alter.game.saving.PlayerSaving.savePlayer(PlayerSaving.kt:56)
	at org.alter.game.task.AutoSaveTask.performAutoSave$lambda$4(AutoSaveTask.kt:64)
	at org.alter.game.model.PawnList.forEach(PawnList.kt:35)
	at org.alter.game.task.AutoSaveTask.performAutoSave(AutoSaveTask.kt:55)
	at org.alter.game.task.AutoSaveTask.execute(AutoSaveTask.kt:40)
	at org.alter.game.service.GameService.cycle(GameService.kt:192)
	at java.base/java.util.concurrent.Executors$RunnableAdapter.call(Executors.java:539)
	at java.base/java.util.concurrent.FutureTask.runAndReset(FutureTask.java:305)
	at java.base/java.util.concurrent.ScheduledThreadPoolExecutor$ScheduledFutureTask.run(ScheduledThreadPoolExecutor.java:305)
	at java.base/java.util.concurrent.ThreadPoolExecutor.runWorker(ThreadPoolExecutor.java:1136)
	at java.base/java.util.concurrent.ThreadPoolExecutor$Worker.run(ThreadPoolExecutor.java:635)
	at java.base/java.lang.Thread.run(Thread.java:840)
[2025-11-15 23:49:33.346] WARN  org.alter.game.task.AutoSaveTask - Auto-save attempted but no players were saved (3 players online)
[2025-11-15 23:50:03.346] ERROR org.alter.game.saving.PlayerSaving - Failed to serialize details for player DragonM
java.lang.ClassCastException: List element cannot be cast to int
	at org.bson.Document.constructValuesList(Document.java:402)
	at org.bson.Document.getList(Document.java:369)
	at org.alter.game.saving.PlayerSaving.savePlayer(PlayerSaving.kt:56)
	at org.alter.game.task.AutoSaveTask.performAutoSave$lambda$4(AutoSaveTask.kt:64)
	at org.alter.game.model.PawnList.forEach(PawnList.kt:35)
	at org.alter.game.task.AutoSaveTask.performAutoSave(AutoSaveTask.kt:55)
	at org.alter.game.task.AutoSaveTask.execute(AutoSaveTask.kt:40)
	at org.alter.game.service.GameService.cycle(GameService.kt:192)
	at java.base/java.util.concurrent.Executors$RunnableAdapter.call(Executors.java:539)
	at java.base/java.util.concurrent.FutureTask.runAndReset(FutureTask.java:305)
	at java.base/java.util.concurrent.ScheduledThreadPoolExecutor$ScheduledFutureTask.run(ScheduledThreadPoolExecutor.java:305)
	at java.base/java.util.concurrent.ThreadPoolExecutor.runWorker(ThreadPoolExecutor.java:1136)
	at java.base/java.util.concurrent.ThreadPoolExecutor$Worker.run(ThreadPoolExecutor.java:635)
	at java.base/java.lang.Thread.run(Thread.java:840)
[2025-11-15 23:50:03.346] ERROR org.alter.game.saving.PlayerSaving - Failed to save player DragonM: List element cannot be cast to int
java.lang.ClassCastException: List element cannot be cast to int
	at org.bson.Document.constructValuesList(Document.java:402)
	at org.bson.Document.getList(Document.java:369)
	at org.alter.game.saving.PlayerSaving.savePlayer(PlayerSaving.kt:56)
	at org.alter.game.task.AutoSaveTask.performAutoSave$lambda$4(AutoSaveTask.kt:64)
	at org.alter.game.model.PawnList.forEach(PawnList.kt:35)
	at org.alter.game.task.AutoSaveTask.performAutoSave(AutoSaveTask.kt:55)
	at org.alter.game.task.AutoSaveTask.execute(AutoSaveTask.kt:40)
	at org.alter.game.service.GameService.cycle(GameService.kt:192)
	at java.base/java.util.concurrent.Executors$RunnableAdapter.call(Executors.java:539)
	at java.base/java.util.concurrent.FutureTask.runAndReset(FutureTask.java:305)
	at java.base/java.util.concurrent.ScheduledThreadPoolExecutor$ScheduledFutureTask.run(ScheduledThreadPoolExecutor.java:305)
	at java.base/java.util.concurrent.ThreadPoolExecutor.runWorker(ThreadPoolExecutor.java:1136)
	at java.base/java.util.concurrent.ThreadPoolExecutor$Worker.run(ThreadPoolExecutor.java:635)
	at java.base/java.lang.Thread.run(Thread.java:840)
[2025-11-15 23:50:03.346] ERROR org.alter.game.task.AutoSaveTask - Failed to auto-save player 'DragonM': List element cannot be cast to int
java.lang.ClassCastException: List element cannot be cast to int
	at org.bson.Document.constructValuesList(Document.java:402)
	at org.bson.Document.getList(Document.java:369)
	at org.alter.game.saving.PlayerSaving.savePlayer(PlayerSaving.kt:56)
	at org.alter.game.task.AutoSaveTask.performAutoSave$lambda$4(AutoSaveTask.kt:64)
	at org.alter.game.model.PawnList.forEach(PawnList.kt:35)
	at org.alter.game.task.AutoSaveTask.performAutoSave(AutoSaveTask.kt:55)
	at org.alter.game.task.AutoSaveTask.execute(AutoSaveTask.kt:40)
	at org.alter.game.service.GameService.cycle(GameService.kt:192)
	at java.base/java.util.concurrent.Executors$RunnableAdapter.call(Executors.java:539)
	at java.base/java.util.concurrent.FutureTask.runAndReset(FutureTask.java:305)
	at java.base/java.util.concurrent.ScheduledThreadPoolExecutor$ScheduledFutureTask.run(ScheduledThreadPoolExecutor.java:305)
	at java.base/java.util.concurrent.ThreadPoolExecutor.runWorker(ThreadPoolExecutor.java:1136)
	at java.base/java.util.concurrent.ThreadPoolExecutor$Worker.run(ThreadPoolExecutor.java:635)
	at java.base/java.lang.Thread.run(Thread.java:840)
[2025-11-15 23:50:03.346] ERROR org.alter.game.saving.PlayerSaving - Failed to serialize details for player Pnda
java.lang.ClassCastException: List element cannot be cast to int
	at org.bson.Document.constructValuesList(Document.java:402)
	at org.bson.Document.getList(Document.java:369)
	at org.alter.game.saving.PlayerSaving.savePlayer(PlayerSaving.kt:56)
	at org.alter.game.task.AutoSaveTask.performAutoSave$lambda$4(AutoSaveTask.kt:64)
	at org.alter.game.model.PawnList.forEach(PawnList.kt:35)
	at org.alter.game.task.AutoSaveTask.performAutoSave(AutoSaveTask.kt:55)
	at org.alter.game.task.AutoSaveTask.execute(AutoSaveTask.kt:40)
	at org.alter.game.service.GameService.cycle(GameService.kt:192)
	at java.base/java.util.concurrent.Executors$RunnableAdapter.call(Executors.java:539)
	at java.base/java.util.concurrent.FutureTask.runAndReset(FutureTask.java:305)
	at java.base/java.util.concurrent.ScheduledThreadPoolExecutor$ScheduledFutureTask.run(ScheduledThreadPoolExecutor.java:305)
	at java.base/java.util.concurrent.ThreadPoolExecutor.runWorker(ThreadPoolExecutor.java:1136)
	at java.base/java.util.concurrent.ThreadPoolExecutor$Worker.run(ThreadPoolExecutor.java:635)
	at java.base/java.lang.Thread.run(Thread.java:840)
[2025-11-15 23:50:03.347] ERROR org.alter.game.saving.PlayerSaving - Failed to save player Pnda: List element cannot be cast to int
java.lang.ClassCastException: List element cannot be cast to int
	at org.bson.Document.constructValuesList(Document.java:402)
	at org.bson.Document.getList(Document.java:369)
	at org.alter.game.saving.PlayerSaving.savePlayer(PlayerSaving.kt:56)
	at org.alter.game.task.AutoSaveTask.performAutoSave$lambda$4(AutoSaveTask.kt:64)
	at org.alter.game.model.PawnList.forEach(PawnList.kt:35)
	at org.alter.game.task.AutoSaveTask.performAutoSave(AutoSaveTask.kt:55)
	at org.alter.game.task.AutoSaveTask.execute(AutoSaveTask.kt:40)
	at org.alter.game.service.GameService.cycle(GameService.kt:192)
	at java.base/java.util.concurrent.Executors$RunnableAdapter.call(Executors.java:539)
	at java.base/java.util.concurrent.FutureTask.runAndReset(FutureTask.java:305)
	at java.base/java.util.concurrent.ScheduledThreadPoolExecutor$ScheduledFutureTask.run(ScheduledThreadPoolExecutor.java:305)
	at java.base/java.util.concurrent.ThreadPoolExecutor.runWorker(ThreadPoolExecutor.java:1136)
	at java.base/java.util.concurrent.ThreadPoolExecutor$Worker.run(ThreadPoolExecutor.java:635)
	at java.base/java.lang.Thread.run(Thread.java:840)
[2025-11-15 23:50:03.347] ERROR org.alter.game.task.AutoSaveTask - Failed to auto-save player 'Pnda': List element cannot be cast to int
java.lang.ClassCastException: List element cannot be cast to int
	at org.bson.Document.constructValuesList(Document.java:402)
	at org.bson.Document.getList(Document.java:369)
	at org.alter.game.saving.PlayerSaving.savePlayer(PlayerSaving.kt:56)
	at org.alter.game.task.AutoSaveTask.performAutoSave$lambda$4(AutoSaveTask.kt:64)
	at org.alter.game.model.PawnList.forEach(PawnList.kt:35)
	at org.alter.game.task.AutoSaveTask.performAutoSave(AutoSaveTask.kt:55)
	at org.alter.game.task.AutoSaveTask.execute(AutoSaveTask.kt:40)
	at org.alter.game.service.GameService.cycle(GameService.kt:192)
	at java.base/java.util.concurrent.Executors$RunnableAdapter.call(Executors.java:539)
	at java.base/java.util.concurrent.FutureTask.runAndReset(FutureTask.java:305)
	at java.base/java.util.concurrent.ScheduledThreadPoolExecutor$ScheduledFutureTask.run(ScheduledThreadPoolExecutor.java:305)
	at java.base/java.util.concurrent.ThreadPoolExecutor.runWorker(ThreadPoolExecutor.java:1136)
	at java.base/java.util.concurrent.ThreadPoolExecutor$Worker.run(ThreadPoolExecutor.java:635)
	at java.base/java.lang.Thread.run(Thread.java:840)
[2025-11-15 23:50:03.347] ERROR org.alter.game.saving.PlayerSaving - Failed to serialize details for player SpideyM
java.lang.ClassCastException: List element cannot be cast to int
	at org.bson.Document.constructValuesList(Document.java:402)
	at org.bson.Document.getList(Document.java:369)
	at org.alter.game.saving.PlayerSaving.savePlayer(PlayerSaving.kt:56)
	at org.alter.game.task.AutoSaveTask.performAutoSave$lambda$4(AutoSaveTask.kt:64)
	at org.alter.game.model.PawnList.forEach(PawnList.kt:35)
	at org.alter.game.task.AutoSaveTask.performAutoSave(AutoSaveTask.kt:55)
	at org.alter.game.task.AutoSaveTask.execute(AutoSaveTask.kt:40)
	at org.alter.game.service.GameService.cycle(GameService.kt:192)
	at java.base/java.util.concurrent.Executors$RunnableAdapter.call(Executors.java:539)
	at java.base/java.util.concurrent.FutureTask.runAndReset(FutureTask.java:305)
	at java.base/java.util.concurrent.ScheduledThreadPoolExecutor$ScheduledFutureTask.run(ScheduledThreadPoolExecutor.java:305)
	at java.base/java.util.concurrent.ThreadPoolExecutor.runWorker(ThreadPoolExecutor.java:1136)
	at java.base/java.util.concurrent.ThreadPoolExecutor$Worker.run(ThreadPoolExecutor.java:635)
	at java.base/java.lang.Thread.run(Thread.java:840)
[2025-11-15 23:50:03.347] ERROR org.alter.game.saving.PlayerSaving - Failed to save player SpideyM: List element cannot be cast to int
java.lang.ClassCastException: List element cannot be cast to int
	at org.bson.Document.constructValuesList(Document.java:402)
	at org.bson.Document.getList(Document.java:369)
	at org.alter.game.saving.PlayerSaving.savePlayer(PlayerSaving.kt:56)
	at org.alter.game.task.AutoSaveTask.performAutoSave$lambda$4(AutoSaveTask.kt:64)
	at org.alter.game.model.PawnList.forEach(PawnList.kt:35)
	at org.alter.game.task.AutoSaveTask.performAutoSave(AutoSaveTask.kt:55)
	at org.alter.game.task.AutoSaveTask.execute(AutoSaveTask.kt:40)
	at org.alter.game.service.GameService.cycle(GameService.kt:192)
	at java.base/java.util.concurrent.Executors$RunnableAdapter.call(Executors.java:539)
	at java.base/java.util.concurrent.FutureTask.runAndReset(FutureTask.java:305)
	at java.base/java.util.concurrent.ScheduledThreadPoolExecutor$ScheduledFutureTask.run(ScheduledThreadPoolExecutor.java:305)
	at java.base/java.util.concurrent.ThreadPoolExecutor.runWorker(ThreadPoolExecutor.java:1136)
	at java.base/java.util.concurrent.ThreadPoolExecutor$Worker.run(ThreadPoolExecutor.java:635)
	at java.base/java.lang.Thread.run(Thread.java:840)
[2025-11-15 23:50:03.347] ERROR org.alter.game.task.AutoSaveTask - Failed to auto-save player 'SpideyM': List element cannot be cast to int
java.lang.ClassCastException: List element cannot be cast to int
	at org.bson.Document.constructValuesList(Document.java:402)
	at org.bson.Document.getList(Document.java:369)
	at org.alter.game.saving.PlayerSaving.savePlayer(PlayerSaving.kt:56)
	at org.alter.game.task.AutoSaveTask.performAutoSave$lambda$4(AutoSaveTask.kt:64)
	at org.alter.game.model.PawnList.forEach(PawnList.kt:35)
	at org.alter.game.task.AutoSaveTask.performAutoSave(AutoSaveTask.kt:55)
	at org.alter.game.task.AutoSaveTask.execute(AutoSaveTask.kt:40)
	at org.alter.game.service.GameService.cycle(GameService.kt:192)
	at java.base/java.util.concurrent.Executors$RunnableAdapter.call(Executors.java:539)
	at java.base/java.util.concurrent.FutureTask.runAndReset(FutureTask.java:305)
	at java.base/java.util.concurrent.ScheduledThreadPoolExecutor$ScheduledFutureTask.run(ScheduledThreadPoolExecutor.java:305)
	at java.base/java.util.concurrent.ThreadPoolExecutor.runWorker(ThreadPoolExecutor.java:1136)
	at java.base/java.util.concurrent.ThreadPoolExecutor$Worker.run(ThreadPoolExecutor.java:635)
	at java.base/java.lang.Thread.run(Thread.java:840)
[2025-11-15 23:50:03.347] WARN  org.alter.game.task.AutoSaveTask - Auto-save attempted but no players were saved (3 players online)
[2025-11-15 23:50:33.340] ERROR org.alter.game.saving.PlayerSaving - Failed to serialize details for player DragonM
java.lang.ClassCastException: List element cannot be cast to int
	at org.bson.Document.constructValuesList(Document.java:402)
	at org.bson.Document.getList(Document.java:369)
	at org.alter.game.saving.PlayerSaving.savePlayer(PlayerSaving.kt:56)
	at org.alter.game.task.AutoSaveTask.performAutoSave$lambda$4(AutoSaveTask.kt:64)
	at org.alter.game.model.PawnList.forEach(PawnList.kt:35)
	at org.alter.game.task.AutoSaveTask.performAutoSave(AutoSaveTask.kt:55)
	at org.alter.game.task.AutoSaveTask.execute(AutoSaveTask.kt:40)
	at org.alter.game.service.GameService.cycle(GameService.kt:192)
	at java.base/java.util.concurrent.Executors$RunnableAdapter.call(Executors.java:539)
	at java.base/java.util.concurrent.FutureTask.runAndReset(FutureTask.java:305)
	at java.base/java.util.concurrent.ScheduledThreadPoolExecutor$ScheduledFutureTask.run(ScheduledThreadPoolExecutor.java:305)
	at java.base/java.util.concurrent.ThreadPoolExecutor.runWorker(ThreadPoolExecutor.java:1136)
	at java.base/java.util.concurrent.ThreadPoolExecutor$Worker.run(ThreadPoolExecutor.java:635)
	at java.base/java.lang.Thread.run(Thread.java:840)
[2025-11-15 23:50:33.340] ERROR org.alter.game.saving.PlayerSaving - Failed to save player DragonM: List element cannot be cast to int
java.lang.ClassCastException: List element cannot be cast to int
	at org.bson.Document.constructValuesList(Document.java:402)
	at org.bson.Document.getList(Document.java:369)
	at org.alter.game.saving.PlayerSaving.savePlayer(PlayerSaving.kt:56)
	at org.alter.game.task.AutoSaveTask.performAutoSave$lambda$4(AutoSaveTask.kt:64)
	at org.alter.game.model.PawnList.forEach(PawnList.kt:35)
	at org.alter.game.task.AutoSaveTask.performAutoSave(AutoSaveTask.kt:55)
	at org.alter.game.task.AutoSaveTask.execute(AutoSaveTask.kt:40)
	at org.alter.game.service.GameService.cycle(GameService.kt:192)
	at java.base/java.util.concurrent.Executors$RunnableAdapter.call(Executors.java:539)
	at java.base/java.util.concurrent.FutureTask.runAndReset(FutureTask.java:305)
	at java.base/java.util.concurrent.ScheduledThreadPoolExecutor$ScheduledFutureTask.run(ScheduledThreadPoolExecutor.java:305)
	at java.base/java.util.concurrent.ThreadPoolExecutor.runWorker(ThreadPoolExecutor.java:1136)
	at java.base/java.util.concurrent.ThreadPoolExecutor$Worker.run(ThreadPoolExecutor.java:635)
	at java.base/java.lang.Thread.run(Thread.java:840)
[2025-11-15 23:50:33.340] ERROR org.alter.game.task.AutoSaveTask - Failed to auto-save player 'DragonM': List element cannot be cast to int
java.lang.ClassCastException: List element cannot be cast to int
	at org.bson.Document.constructValuesList(Document.java:402)
	at org.bson.Document.getList(Document.java:369)
	at org.alter.game.saving.PlayerSaving.savePlayer(PlayerSaving.kt:56)
	at org.alter.game.task.AutoSaveTask.performAutoSave$lambda$4(AutoSaveTask.kt:64)
	at org.alter.game.model.PawnList.forEach(PawnList.kt:35)
	at org.alter.game.task.AutoSaveTask.performAutoSave(AutoSaveTask.kt:55)
	at org.alter.game.task.AutoSaveTask.execute(AutoSaveTask.kt:40)
	at org.alter.game.service.GameService.cycle(GameService.kt:192)
	at java.base/java.util.concurrent.Executors$RunnableAdapter.call(Executors.java:539)
	at java.base/java.util.concurrent.FutureTask.runAndReset(FutureTask.java:305)
	at java.base/java.util.concurrent.ScheduledThreadPoolExecutor$ScheduledFutureTask.run(ScheduledThreadPoolExecutor.java:305)
	at java.base/java.util.concurrent.ThreadPoolExecutor.runWorker(ThreadPoolExecutor.java:1136)
	at java.base/java.util.concurrent.ThreadPoolExecutor$Worker.run(ThreadPoolExecutor.java:635)
	at java.base/java.lang.Thread.run(Thread.java:840)
[2025-11-15 23:50:33.341] ERROR org.alter.game.saving.PlayerSaving - Failed to serialize details for player Pnda
java.lang.ClassCastException: List element cannot be cast to int
	at org.bson.Document.constructValuesList(Document.java:402)
	at org.bson.Document.getList(Document.java:369)
	at org.alter.game.saving.PlayerSaving.savePlayer(PlayerSaving.kt:56)
	at org.alter.game.task.AutoSaveTask.performAutoSave$lambda$4(AutoSaveTask.kt:64)
	at org.alter.game.model.PawnList.forEach(PawnList.kt:35)
	at org.alter.game.task.AutoSaveTask.performAutoSave(AutoSaveTask.kt:55)
	at org.alter.game.task.AutoSaveTask.execute(AutoSaveTask.kt:40)
	at org.alter.game.service.GameService.cycle(GameService.kt:192)
	at java.base/java.util.concurrent.Executors$RunnableAdapter.call(Executors.java:539)
	at java.base/java.util.concurrent.FutureTask.runAndReset(FutureTask.java:305)
	at java.base/java.util.concurrent.ScheduledThreadPoolExecutor$ScheduledFutureTask.run(ScheduledThreadPoolExecutor.java:305)
	at java.base/java.util.concurrent.ThreadPoolExecutor.runWorker(ThreadPoolExecutor.java:1136)
	at java.base/java.util.concurrent.ThreadPoolExecutor$Worker.run(ThreadPoolExecutor.java:635)
	at java.base/java.lang.Thread.run(Thread.java:840)
[2025-11-15 23:50:33.341] ERROR org.alter.game.saving.PlayerSaving - Failed to save player Pnda: List element cannot be cast to int
java.lang.ClassCastException: List element cannot be cast to int
	at org.bson.Document.constructValuesList(Document.java:402)
	at org.bson.Document.getList(Document.java:369)
	at org.alter.game.saving.PlayerSaving.savePlayer(PlayerSaving.kt:56)
	at org.alter.game.task.AutoSaveTask.performAutoSave$lambda$4(AutoSaveTask.kt:64)
	at org.alter.game.model.PawnList.forEach(PawnList.kt:35)
	at org.alter.game.task.AutoSaveTask.performAutoSave(AutoSaveTask.kt:55)
	at org.alter.game.task.AutoSaveTask.execute(AutoSaveTask.kt:40)
	at org.alter.game.service.GameService.cycle(GameService.kt:192)
	at java.base/java.util.concurrent.Executors$RunnableAdapter.call(Executors.java:539)
	at java.base/java.util.concurrent.FutureTask.runAndReset(FutureTask.java:305)
	at java.base/java.util.concurrent.ScheduledThreadPoolExecutor$ScheduledFutureTask.run(ScheduledThreadPoolExecutor.java:305)
	at java.base/java.util.concurrent.ThreadPoolExecutor.runWorker(ThreadPoolExecutor.java:1136)
	at java.base/java.util.concurrent.ThreadPoolExecutor$Worker.run(ThreadPoolExecutor.java:635)
	at java.base/java.lang.Thread.run(Thread.java:840)
[2025-11-15 23:50:33.341] ERROR org.alter.game.task.AutoSaveTask - Failed to auto-save player 'Pnda': List element cannot be cast to int
java.lang.ClassCastException: List element cannot be cast to int
	at org.bson.Document.constructValuesList(Document.java:402)
	at org.bson.Document.getList(Document.java:369)
	at org.alter.game.saving.PlayerSaving.savePlayer(PlayerSaving.kt:56)
	at org.alter.game.task.AutoSaveTask.performAutoSave$lambda$4(AutoSaveTask.kt:64)
	at org.alter.game.model.PawnList.forEach(PawnList.kt:35)
	at org.alter.game.task.AutoSaveTask.performAutoSave(AutoSaveTask.kt:55)
	at org.alter.game.task.AutoSaveTask.execute(AutoSaveTask.kt:40)
	at org.alter.game.service.GameService.cycle(GameService.kt:192)
	at java.base/java.util.concurrent.Executors$RunnableAdapter.call(Executors.java:539)
	at java.base/java.util.concurrent.FutureTask.runAndReset(FutureTask.java:305)
	at java.base/java.util.concurrent.ScheduledThreadPoolExecutor$ScheduledFutureTask.run(ScheduledThreadPoolExecutor.java:305)
	at java.base/java.util.concurrent.ThreadPoolExecutor.runWorker(ThreadPoolExecutor.java:1136)
	at java.base/java.util.concurrent.ThreadPoolExecutor$Worker.run(ThreadPoolExecutor.java:635)
	at java.base/java.lang.Thread.run(Thread.java:840)
[2025-11-15 23:50:33.341] ERROR org.alter.game.saving.PlayerSaving - Failed to serialize details for player SpideyM
java.lang.ClassCastException: List element cannot be cast to int
	at org.bson.Document.constructValuesList(Document.java:402)
	at org.bson.Document.getList(Document.java:369)
	at org.alter.game.saving.PlayerSaving.savePlayer(PlayerSaving.kt:56)
	at org.alter.game.task.AutoSaveTask.performAutoSave$lambda$4(AutoSaveTask.kt:64)
	at org.alter.game.model.PawnList.forEach(PawnList.kt:35)
	at org.alter.game.task.AutoSaveTask.performAutoSave(AutoSaveTask.kt:55)
	at org.alter.game.task.AutoSaveTask.execute(AutoSaveTask.kt:40)
	at org.alter.game.service.GameService.cycle(GameService.kt:192)
	at java.base/java.util.concurrent.Executors$RunnableAdapter.call(Executors.java:539)
	at java.base/java.util.concurrent.FutureTask.runAndReset(FutureTask.java:305)
	at java.base/java.util.concurrent.ScheduledThreadPoolExecutor$ScheduledFutureTask.run(ScheduledThreadPoolExecutor.java:305)
	at java.base/java.util.concurrent.ThreadPoolExecutor.runWorker(ThreadPoolExecutor.java:1136)
	at java.base/java.util.concurrent.ThreadPoolExecutor$Worker.run(ThreadPoolExecutor.java:635)
	at java.base/java.lang.Thread.run(Thread.java:840)
[2025-11-15 23:50:33.341] ERROR org.alter.game.saving.PlayerSaving - Failed to save player SpideyM: List element cannot be cast to int
java.lang.ClassCastException: List element cannot be cast to int
	at org.bson.Document.constructValuesList(Document.java:402)
	at org.bson.Document.getList(Document.java:369)
	at org.alter.game.saving.PlayerSaving.savePlayer(PlayerSaving.kt:56)
	at org.alter.game.task.AutoSaveTask.performAutoSave$lambda$4(AutoSaveTask.kt:64)
	at org.alter.game.model.PawnList.forEach(PawnList.kt:35)
	at org.alter.game.task.AutoSaveTask.performAutoSave(AutoSaveTask.kt:55)
	at org.alter.game.task.AutoSaveTask.execute(AutoSaveTask.kt:40)
	at org.alter.game.service.GameService.cycle(GameService.kt:192)
	at java.base/java.util.concurrent.Executors$RunnableAdapter.call(Executors.java:539)
	at java.base/java.util.concurrent.FutureTask.runAndReset(FutureTask.java:305)
	at java.base/java.util.concurrent.ScheduledThreadPoolExecutor$ScheduledFutureTask.run(ScheduledThreadPoolExecutor.java:305)
	at java.base/java.util.concurrent.ThreadPoolExecutor.runWorker(ThreadPoolExecutor.java:1136)
	at java.base/java.util.concurrent.ThreadPoolExecutor$Worker.run(ThreadPoolExecutor.java:635)
	at java.base/java.lang.Thread.run(Thread.java:840)
[2025-11-15 23:50:33.341] ERROR org.alter.game.task.AutoSaveTask - Failed to auto-save player 'SpideyM': List element cannot be cast to int
java.lang.ClassCastException: List element cannot be cast to int
	at org.bson.Document.constructValuesList(Document.java:402)
	at org.bson.Document.getList(Document.java:369)
	at org.alter.game.saving.PlayerSaving.savePlayer(PlayerSaving.kt:56)
	at org.alter.game.task.AutoSaveTask.performAutoSave$lambda$4(AutoSaveTask.kt:64)
	at org.alter.game.model.PawnList.forEach(PawnList.kt:35)
	at org.alter.game.task.AutoSaveTask.performAutoSave(AutoSaveTask.kt:55)
	at org.alter.game.task.AutoSaveTask.execute(AutoSaveTask.kt:40)
	at org.alter.game.service.GameService.cycle(GameService.kt:192)
	at java.base/java.util.concurrent.Executors$RunnableAdapter.call(Executors.java:539)
	at java.base/java.util.concurrent.FutureTask.runAndReset(FutureTask.java:305)
	at java.base/java.util.concurrent.ScheduledThreadPoolExecutor$ScheduledFutureTask.run(ScheduledThreadPoolExecutor.java:305)
	at java.base/java.util.concurrent.ThreadPoolExecutor.runWorker(ThreadPoolExecutor.java:1136)
	at java.base/java.util.concurrent.ThreadPoolExecutor$Worker.run(ThreadPoolExecutor.java:635)
	at java.base/java.lang.Thread.run(Thread.java:840)
[2025-11-15 23:50:33.341] WARN  org.alter.game.task.AutoSaveTask - Auto-save attempted but no players were saved (3 players online)
[2025-11-15 23:50:50.137] WARN  o.a.game.model.interf.InterfaceSet - Interface 860 is not visible and cannot be closed.
[2025-11-15 23:51:03.338] ERROR org.alter.game.saving.PlayerSaving - Failed to serialize details for player DragonM
java.lang.ClassCastException: List element cannot be cast to int
	at org.bson.Document.constructValuesList(Document.java:402)
	at org.bson.Document.getList(Document.java:369)
	at org.alter.game.saving.PlayerSaving.savePlayer(PlayerSaving.kt:56)
	at org.alter.game.task.AutoSaveTask.performAutoSave$lambda$4(AutoSaveTask.kt:64)
	at org.alter.game.model.PawnList.forEach(PawnList.kt:35)
	at org.alter.game.task.AutoSaveTask.performAutoSave(AutoSaveTask.kt:55)
	at org.alter.game.task.AutoSaveTask.execute(AutoSaveTask.kt:40)
	at org.alter.game.service.GameService.cycle(GameService.kt:192)
	at java.base/java.util.concurrent.Executors$RunnableAdapter.call(Executors.java:539)
	at java.base/java.util.concurrent.FutureTask.runAndReset(FutureTask.java:305)
	at java.base/java.util.concurrent.ScheduledThreadPoolExecutor$ScheduledFutureTask.run(ScheduledThreadPoolExecutor.java:305)
	at java.base/java.util.concurrent.ThreadPoolExecutor.runWorker(ThreadPoolExecutor.java:1136)
	at java.base/java.util.concurrent.ThreadPoolExecutor$Worker.run(ThreadPoolExecutor.java:635)
	at java.base/java.lang.Thread.run(Thread.java:840)
[2025-11-15 23:51:03.338] ERROR org.alter.game.saving.PlayerSaving - Failed to save player DragonM: List element cannot be cast to int
java.lang.ClassCastException: List element cannot be cast to int
	at org.bson.Document.constructValuesList(Document.java:402)
	at org.bson.Document.getList(Document.java:369)
	at org.alter.game.saving.PlayerSaving.savePlayer(PlayerSaving.kt:56)
	at org.alter.game.task.AutoSaveTask.performAutoSave$lambda$4(AutoSaveTask.kt:64)
	at org.alter.game.model.PawnList.forEach(PawnList.kt:35)
	at org.alter.game.task.AutoSaveTask.performAutoSave(AutoSaveTask.kt:55)
	at org.alter.game.task.AutoSaveTask.execute(AutoSaveTask.kt:40)
	at org.alter.game.service.GameService.cycle(GameService.kt:192)
	at java.base/java.util.concurrent.Executors$RunnableAdapter.call(Executors.java:539)
	at java.base/java.util.concurrent.FutureTask.runAndReset(FutureTask.java:305)
	at java.base/java.util.concurrent.ScheduledThreadPoolExecutor$ScheduledFutureTask.run(ScheduledThreadPoolExecutor.java:305)
	at java.base/java.util.concurrent.ThreadPoolExecutor.runWorker(ThreadPoolExecutor.java:1136)
	at java.base/java.util.concurrent.ThreadPoolExecutor$Worker.run(ThreadPoolExecutor.java:635)
	at java.base/java.lang.Thread.run(Thread.java:840)
[2025-11-15 23:51:03.338] ERROR org.alter.game.task.AutoSaveTask - Failed to auto-save player 'DragonM': List element cannot be cast to int
java.lang.ClassCastException: List element cannot be cast to int
	at org.bson.Document.constructValuesList(Document.java:402)
	at org.bson.Document.getList(Document.java:369)
	at org.alter.game.saving.PlayerSaving.savePlayer(PlayerSaving.kt:56)
	at org.alter.game.task.AutoSaveTask.performAutoSave$lambda$4(AutoSaveTask.kt:64)
	at org.alter.game.model.PawnList.forEach(PawnList.kt:35)
	at org.alter.game.task.AutoSaveTask.performAutoSave(AutoSaveTask.kt:55)
	at org.alter.game.task.AutoSaveTask.execute(AutoSaveTask.kt:40)
	at org.alter.game.service.GameService.cycle(GameService.kt:192)
	at java.base/java.util.concurrent.Executors$RunnableAdapter.call(Executors.java:539)
	at java.base/java.util.concurrent.FutureTask.runAndReset(FutureTask.java:305)
	at java.base/java.util.concurrent.ScheduledThreadPoolExecutor$ScheduledFutureTask.run(ScheduledThreadPoolExecutor.java:305)
	at java.base/java.util.concurrent.ThreadPoolExecutor.runWorker(ThreadPoolExecutor.java:1136)
	at java.base/java.util.concurrent.ThreadPoolExecutor$Worker.run(ThreadPoolExecutor.java:635)
	at java.base/java.lang.Thread.run(Thread.java:840)
[2025-11-15 23:51:03.338] ERROR org.alter.game.saving.PlayerSaving - Failed to serialize details for player Pnda
java.lang.ClassCastException: List element cannot be cast to int
	at org.bson.Document.constructValuesList(Document.java:402)
	at org.bson.Document.getList(Document.java:369)
	at org.alter.game.saving.PlayerSaving.savePlayer(PlayerSaving.kt:56)
	at org.alter.game.task.AutoSaveTask.performAutoSave$lambda$4(AutoSaveTask.kt:64)
	at org.alter.game.model.PawnList.forEach(PawnList.kt:35)
	at org.alter.game.task.AutoSaveTask.performAutoSave(AutoSaveTask.kt:55)
	at org.alter.game.task.AutoSaveTask.execute(AutoSaveTask.kt:40)
	at org.alter.game.service.GameService.cycle(GameService.kt:192)
	at java.base/java.util.concurrent.Executors$RunnableAdapter.call(Executors.java:539)
	at java.base/java.util.concurrent.FutureTask.runAndReset(FutureTask.java:305)
	at java.base/java.util.concurrent.ScheduledThreadPoolExecutor$ScheduledFutureTask.run(ScheduledThreadPoolExecutor.java:305)
	at java.base/java.util.concurrent.ThreadPoolExecutor.runWorker(ThreadPoolExecutor.java:1136)
	at java.base/java.util.concurrent.ThreadPoolExecutor$Worker.run(ThreadPoolExecutor.java:635)
	at java.base/java.lang.Thread.run(Thread.java:840)
[2025-11-15 23:51:03.338] ERROR org.alter.game.saving.PlayerSaving - Failed to save player Pnda: List element cannot be cast to int
java.lang.ClassCastException: List element cannot be cast to int
	at org.bson.Document.constructValuesList(Document.java:402)
	at org.bson.Document.getList(Document.java:369)
	at org.alter.game.saving.PlayerSaving.savePlayer(PlayerSaving.kt:56)
	at org.alter.game.task.AutoSaveTask.performAutoSave$lambda$4(AutoSaveTask.kt:64)
	at org.alter.game.model.PawnList.forEach(PawnList.kt:35)
	at org.alter.game.task.AutoSaveTask.performAutoSave(AutoSaveTask.kt:55)
	at org.alter.game.task.AutoSaveTask.execute(AutoSaveTask.kt:40)
	at org.alter.game.service.GameService.cycle(GameService.kt:192)
	at java.base/java.util.concurrent.Executors$RunnableAdapter.call(Executors.java:539)
	at java.base/java.util.concurrent.FutureTask.runAndReset(FutureTask.java:305)
	at java.base/java.util.concurrent.ScheduledThreadPoolExecutor$ScheduledFutureTask.run(ScheduledThreadPoolExecutor.java:305)
	at java.base/java.util.concurrent.ThreadPoolExecutor.runWorker(ThreadPoolExecutor.java:1136)
	at java.base/java.util.concurrent.ThreadPoolExecutor$Worker.run(ThreadPoolExecutor.java:635)
	at java.base/java.lang.Thread.run(Thread.java:840)
[2025-11-15 23:51:03.339] ERROR org.alter.game.task.AutoSaveTask - Failed to auto-save player 'Pnda': List element cannot be cast to int
java.lang.ClassCastException: List element cannot be cast to int
	at org.bson.Document.constructValuesList(Document.java:402)
	at org.bson.Document.getList(Document.java:369)
	at org.alter.game.saving.PlayerSaving.savePlayer(PlayerSaving.kt:56)
	at org.alter.game.task.AutoSaveTask.performAutoSave$lambda$4(AutoSaveTask.kt:64)
	at org.alter.game.model.PawnList.forEach(PawnList.kt:35)
	at org.alter.game.task.AutoSaveTask.performAutoSave(AutoSaveTask.kt:55)
	at org.alter.game.task.AutoSaveTask.execute(AutoSaveTask.kt:40)
	at org.alter.game.service.GameService.cycle(GameService.kt:192)
	at java.base/java.util.concurrent.Executors$RunnableAdapter.call(Executors.java:539)
	at java.base/java.util.concurrent.FutureTask.runAndReset(FutureTask.java:305)
	at java.base/java.util.concurrent.ScheduledThreadPoolExecutor$ScheduledFutureTask.run(ScheduledThreadPoolExecutor.java:305)
	at java.base/java.util.concurrent.ThreadPoolExecutor.runWorker(ThreadPoolExecutor.java:1136)
	at java.base/java.util.concurrent.ThreadPoolExecutor$Worker.run(ThreadPoolExecutor.java:635)
	at java.base/java.lang.Thread.run(Thread.java:840)
[2025-11-15 23:51:03.339] ERROR org.alter.game.saving.PlayerSaving - Failed to serialize details for player SpideyM
java.lang.ClassCastException: List element cannot be cast to int
	at org.bson.Document.constructValuesList(Document.java:402)
	at org.bson.Document.getList(Document.java:369)
	at org.alter.game.saving.PlayerSaving.savePlayer(PlayerSaving.kt:56)
	at org.alter.game.task.AutoSaveTask.performAutoSave$lambda$4(AutoSaveTask.kt:64)
	at org.alter.game.model.PawnList.forEach(PawnList.kt:35)
	at org.alter.game.task.AutoSaveTask.performAutoSave(AutoSaveTask.kt:55)
	at org.alter.game.task.AutoSaveTask.execute(AutoSaveTask.kt:40)
	at org.alter.game.service.GameService.cycle(GameService.kt:192)
	at java.base/java.util.concurrent.Executors$RunnableAdapter.call(Executors.java:539)
	at java.base/java.util.concurrent.FutureTask.runAndReset(FutureTask.java:305)
	at java.base/java.util.concurrent.ScheduledThreadPoolExecutor$ScheduledFutureTask.run(ScheduledThreadPoolExecutor.java:305)
	at java.base/java.util.concurrent.ThreadPoolExecutor.runWorker(ThreadPoolExecutor.java:1136)
	at java.base/java.util.concurrent.ThreadPoolExecutor$Worker.run(ThreadPoolExecutor.java:635)
	at java.base/java.lang.Thread.run(Thread.java:840)
[2025-11-15 23:51:03.339] ERROR org.alter.game.saving.PlayerSaving - Failed to save player SpideyM: List element cannot be cast to int
java.lang.ClassCastException: List element cannot be cast to int
	at org.bson.Document.constructValuesList(Document.java:402)
	at org.bson.Document.getList(Document.java:369)
	at org.alter.game.saving.PlayerSaving.savePlayer(PlayerSaving.kt:56)
	at org.alter.game.task.AutoSaveTask.performAutoSave$lambda$4(AutoSaveTask.kt:64)
	at org.alter.game.model.PawnList.forEach(PawnList.kt:35)
	at org.alter.game.task.AutoSaveTask.performAutoSave(AutoSaveTask.kt:55)
	at org.alter.game.task.AutoSaveTask.execute(AutoSaveTask.kt:40)
	at org.alter.game.service.GameService.cycle(GameService.kt:192)
	at java.base/java.util.concurrent.Executors$RunnableAdapter.call(Executors.java:539)
	at java.base/java.util.concurrent.FutureTask.runAndReset(FutureTask.java:305)
	at java.base/java.util.concurrent.ScheduledThreadPoolExecutor$ScheduledFutureTask.run(ScheduledThreadPoolExecutor.java:305)
	at java.base/java.util.concurrent.ThreadPoolExecutor.runWorker(ThreadPoolExecutor.java:1136)
	at java.base/java.util.concurrent.ThreadPoolExecutor$Worker.run(ThreadPoolExecutor.java:635)
	at java.base/java.lang.Thread.run(Thread.java:840)
[2025-11-15 23:51:03.339] ERROR org.alter.game.task.AutoSaveTask - Failed to auto-save player 'SpideyM': List element cannot be cast to int
java.lang.ClassCastException: List element cannot be cast to int
	at org.bson.Document.constructValuesList(Document.java:402)
	at org.bson.Document.getList(Document.java:369)
	at org.alter.game.saving.PlayerSaving.savePlayer(PlayerSaving.kt:56)
	at org.alter.game.task.AutoSaveTask.performAutoSave$lambda$4(AutoSaveTask.kt:64)
	at org.alter.game.model.PawnList.forEach(PawnList.kt:35)
	at org.alter.game.task.AutoSaveTask.performAutoSave(AutoSaveTask.kt:55)
	at org.alter.game.task.AutoSaveTask.execute(AutoSaveTask.kt:40)
	at org.alter.game.service.GameService.cycle(GameService.kt:192)
	at java.base/java.util.concurrent.Executors$RunnableAdapter.call(Executors.java:539)
	at java.base/java.util.concurrent.FutureTask.runAndReset(FutureTask.java:305)
	at java.base/java.util.concurrent.ScheduledThreadPoolExecutor$ScheduledFutureTask.run(ScheduledThreadPoolExecutor.java:305)
	at java.base/java.util.concurrent.ThreadPoolExecutor.runWorker(ThreadPoolExecutor.java:1136)
	at java.base/java.util.concurrent.ThreadPoolExecutor$Worker.run(ThreadPoolExecutor.java:635)
	at java.base/java.lang.Thread.run(Thread.java:840)
[2025-11-15 23:51:03.339] WARN  org.alter.game.task.AutoSaveTask - Auto-save attempted but no players were saved (3 players online)
[2025-11-15 23:51:15.932] WARN  o.a.game.model.interf.InterfaceSet - Interface 860 is not visible and cannot be closed.
[2025-11-15 23:51:33.345] ERROR org.alter.game.saving.PlayerSaving - Failed to serialize details for player DragonM
java.lang.ClassCastException: List element cannot be cast to int
	at org.bson.Document.constructValuesList(Document.java:402)
	at org.bson.Document.getList(Document.java:369)
	at org.alter.game.saving.PlayerSaving.savePlayer(PlayerSaving.kt:56)
	at org.alter.game.task.AutoSaveTask.performAutoSave$lambda$4(AutoSaveTask.kt:64)
	at org.alter.game.model.PawnList.forEach(PawnList.kt:35)
	at org.alter.game.task.AutoSaveTask.performAutoSave(AutoSaveTask.kt:55)
	at org.alter.game.task.AutoSaveTask.execute(AutoSaveTask.kt:40)
	at org.alter.game.service.GameService.cycle(GameService.kt:192)
	at java.base/java.util.concurrent.Executors$RunnableAdapter.call(Executors.java:539)
	at java.base/java.util.concurrent.FutureTask.runAndReset(FutureTask.java:305)
	at java.base/java.util.concurrent.ScheduledThreadPoolExecutor$ScheduledFutureTask.run(ScheduledThreadPoolExecutor.java:305)
	at java.base/java.util.concurrent.ThreadPoolExecutor.runWorker(ThreadPoolExecutor.java:1136)
	at java.base/java.util.concurrent.ThreadPoolExecutor$Worker.run(ThreadPoolExecutor.java:635)
	at java.base/java.lang.Thread.run(Thread.java:840)
[2025-11-15 23:51:33.346] ERROR org.alter.game.saving.PlayerSaving - Failed to save player DragonM: List element cannot be cast to int
java.lang.ClassCastException: List element cannot be cast to int
	at org.bson.Document.constructValuesList(Document.java:402)
	at org.bson.Document.getList(Document.java:369)
	at org.alter.game.saving.PlayerSaving.savePlayer(PlayerSaving.kt:56)
	at org.alter.game.task.AutoSaveTask.performAutoSave$lambda$4(AutoSaveTask.kt:64)
	at org.alter.game.model.PawnList.forEach(PawnList.kt:35)
	at org.alter.game.task.AutoSaveTask.performAutoSave(AutoSaveTask.kt:55)
	at org.alter.game.task.AutoSaveTask.execute(AutoSaveTask.kt:40)
	at org.alter.game.service.GameService.cycle(GameService.kt:192)
	at java.base/java.util.concurrent.Executors$RunnableAdapter.call(Executors.java:539)
	at java.base/java.util.concurrent.FutureTask.runAndReset(FutureTask.java:305)
	at java.base/java.util.concurrent.ScheduledThreadPoolExecutor$ScheduledFutureTask.run(ScheduledThreadPoolExecutor.java:305)
	at java.base/java.util.concurrent.ThreadPoolExecutor.runWorker(ThreadPoolExecutor.java:1136)
	at java.base/java.util.concurrent.ThreadPoolExecutor$Worker.run(ThreadPoolExecutor.java:635)
	at java.base/java.lang.Thread.run(Thread.java:840)
[2025-11-15 23:51:33.346] ERROR org.alter.game.task.AutoSaveTask - Failed to auto-save player 'DragonM': List element cannot be cast to int
java.lang.ClassCastException: List element cannot be cast to int
	at org.bson.Document.constructValuesList(Document.java:402)
	at org.bson.Document.getList(Document.java:369)
	at org.alter.game.saving.PlayerSaving.savePlayer(PlayerSaving.kt:56)
	at org.alter.game.task.AutoSaveTask.performAutoSave$lambda$4(AutoSaveTask.kt:64)
	at org.alter.game.model.PawnList.forEach(PawnList.kt:35)
	at org.alter.game.task.AutoSaveTask.performAutoSave(AutoSaveTask.kt:55)
	at org.alter.game.task.AutoSaveTask.execute(AutoSaveTask.kt:40)
	at org.alter.game.service.GameService.cycle(GameService.kt:192)
	at java.base/java.util.concurrent.Executors$RunnableAdapter.call(Executors.java:539)
	at java.base/java.util.concurrent.FutureTask.runAndReset(FutureTask.java:305)
	at java.base/java.util.concurrent.ScheduledThreadPoolExecutor$ScheduledFutureTask.run(ScheduledThreadPoolExecutor.java:305)
	at java.base/java.util.concurrent.ThreadPoolExecutor.runWorker(ThreadPoolExecutor.java:1136)
	at java.base/java.util.concurrent.ThreadPoolExecutor$Worker.run(ThreadPoolExecutor.java:635)
	at java.base/java.lang.Thread.run(Thread.java:840)
[2025-11-15 23:51:33.346] ERROR org.alter.game.saving.PlayerSaving - Failed to serialize details for player Pnda
java.lang.ClassCastException: List element cannot be cast to int
	at org.bson.Document.constructValuesList(Document.java:402)
	at org.bson.Document.getList(Document.java:369)
	at org.alter.game.saving.PlayerSaving.savePlayer(PlayerSaving.kt:56)
	at org.alter.game.task.AutoSaveTask.performAutoSave$lambda$4(AutoSaveTask.kt:64)
	at org.alter.game.model.PawnList.forEach(PawnList.kt:35)
	at org.alter.game.task.AutoSaveTask.performAutoSave(AutoSaveTask.kt:55)
	at org.alter.game.task.AutoSaveTask.execute(AutoSaveTask.kt:40)
	at org.alter.game.service.GameService.cycle(GameService.kt:192)
	at java.base/java.util.concurrent.Executors$RunnableAdapter.call(Executors.java:539)
	at java.base/java.util.concurrent.FutureTask.runAndReset(FutureTask.java:305)
	at java.base/java.util.concurrent.ScheduledThreadPoolExecutor$ScheduledFutureTask.run(ScheduledThreadPoolExecutor.java:305)
	at java.base/java.util.concurrent.ThreadPoolExecutor.runWorker(ThreadPoolExecutor.java:1136)
	at java.base/java.util.concurrent.ThreadPoolExecutor$Worker.run(ThreadPoolExecutor.java:635)
	at java.base/java.lang.Thread.run(Thread.java:840)
[2025-11-15 23:51:33.346] ERROR org.alter.game.saving.PlayerSaving - Failed to save player Pnda: List element cannot be cast to int
java.lang.ClassCastException: List element cannot be cast to int
	at org.bson.Document.constructValuesList(Document.java:402)
	at org.bson.Document.getList(Document.java:369)
	at org.alter.game.saving.PlayerSaving.savePlayer(PlayerSaving.kt:56)
	at org.alter.game.task.AutoSaveTask.performAutoSave$lambda$4(AutoSaveTask.kt:64)
	at org.alter.game.model.PawnList.forEach(PawnList.kt:35)
	at org.alter.game.task.AutoSaveTask.performAutoSave(AutoSaveTask.kt:55)
	at org.alter.game.task.AutoSaveTask.execute(AutoSaveTask.kt:40)
	at org.alter.game.service.GameService.cycle(GameService.kt:192)
	at java.base/java.util.concurrent.Executors$RunnableAdapter.call(Executors.java:539)
	at java.base/java.util.concurrent.FutureTask.runAndReset(FutureTask.java:305)
	at java.base/java.util.concurrent.ScheduledThreadPoolExecutor$ScheduledFutureTask.run(ScheduledThreadPoolExecutor.java:305)
	at java.base/java.util.concurrent.ThreadPoolExecutor.runWorker(ThreadPoolExecutor.java:1136)
	at java.base/java.util.concurrent.ThreadPoolExecutor$Worker.run(ThreadPoolExecutor.java:635)
	at java.base/java.lang.Thread.run(Thread.java:840)
[2025-11-15 23:51:33.346] ERROR org.alter.game.task.AutoSaveTask - Failed to auto-save player 'Pnda': List element cannot be cast to int
java.lang.ClassCastException: List element cannot be cast to int
	at org.bson.Document.constructValuesList(Document.java:402)
	at org.bson.Document.getList(Document.java:369)
	at org.alter.game.saving.PlayerSaving.savePlayer(PlayerSaving.kt:56)
	at org.alter.game.task.AutoSaveTask.performAutoSave$lambda$4(AutoSaveTask.kt:64)
	at org.alter.game.model.PawnList.forEach(PawnList.kt:35)
	at org.alter.game.task.AutoSaveTask.performAutoSave(AutoSaveTask.kt:55)
	at org.alter.game.task.AutoSaveTask.execute(AutoSaveTask.kt:40)
	at org.alter.game.service.GameService.cycle(GameService.kt:192)
	at java.base/java.util.concurrent.Executors$RunnableAdapter.call(Executors.java:539)
	at java.base/java.util.concurrent.FutureTask.runAndReset(FutureTask.java:305)
	at java.base/java.util.concurrent.ScheduledThreadPoolExecutor$ScheduledFutureTask.run(ScheduledThreadPoolExecutor.java:305)
	at java.base/java.util.concurrent.ThreadPoolExecutor.runWorker(ThreadPoolExecutor.java:1136)
	at java.base/java.util.concurrent.ThreadPoolExecutor$Worker.run(ThreadPoolExecutor.java:635)
	at java.base/java.lang.Thread.run(Thread.java:840)
[2025-11-15 23:51:33.346] ERROR org.alter.game.saving.PlayerSaving - Failed to serialize details for player SpideyM
java.lang.ClassCastException: List element cannot be cast to int
	at org.bson.Document.constructValuesList(Document.java:402)
	at org.bson.Document.getList(Document.java:369)
	at org.alter.game.saving.PlayerSaving.savePlayer(PlayerSaving.kt:56)
	at org.alter.game.task.AutoSaveTask.performAutoSave$lambda$4(AutoSaveTask.kt:64)
	at org.alter.game.model.PawnList.forEach(PawnList.kt:35)
	at org.alter.game.task.AutoSaveTask.performAutoSave(AutoSaveTask.kt:55)
	at org.alter.game.task.AutoSaveTask.execute(AutoSaveTask.kt:40)
	at org.alter.game.service.GameService.cycle(GameService.kt:192)
	at java.base/java.util.concurrent.Executors$RunnableAdapter.call(Executors.java:539)
	at java.base/java.util.concurrent.FutureTask.runAndReset(FutureTask.java:305)
	at java.base/java.util.concurrent.ScheduledThreadPoolExecutor$ScheduledFutureTask.run(ScheduledThreadPoolExecutor.java:305)
	at java.base/java.util.concurrent.ThreadPoolExecutor.runWorker(ThreadPoolExecutor.java:1136)
	at java.base/java.util.concurrent.ThreadPoolExecutor$Worker.run(ThreadPoolExecutor.java:635)
	at java.base/java.lang.Thread.run(Thread.java:840)
[2025-11-15 23:51:33.346] ERROR org.alter.game.saving.PlayerSaving - Failed to save player SpideyM: List element cannot be cast to int
java.lang.ClassCastException: List element cannot be cast to int
	at org.bson.Document.constructValuesList(Document.java:402)
	at org.bson.Document.getList(Document.java:369)
	at org.alter.game.saving.PlayerSaving.savePlayer(PlayerSaving.kt:56)
	at org.alter.game.task.AutoSaveTask.performAutoSave$lambda$4(AutoSaveTask.kt:64)
	at org.alter.game.model.PawnList.forEach(PawnList.kt:35)
	at org.alter.game.task.AutoSaveTask.performAutoSave(AutoSaveTask.kt:55)
	at org.alter.game.task.AutoSaveTask.execute(AutoSaveTask.kt:40)
	at org.alter.game.service.GameService.cycle(GameService.kt:192)
	at java.base/java.util.concurrent.Executors$RunnableAdapter.call(Executors.java:539)
	at java.base/java.util.concurrent.FutureTask.runAndReset(FutureTask.java:305)
	at java.base/java.util.concurrent.ScheduledThreadPoolExecutor$ScheduledFutureTask.run(ScheduledThreadPoolExecutor.java:305)
	at java.base/java.util.concurrent.ThreadPoolExecutor.runWorker(ThreadPoolExecutor.java:1136)
	at java.base/java.util.concurrent.ThreadPoolExecutor$Worker.run(ThreadPoolExecutor.java:635)
	at java.base/java.lang.Thread.run(Thread.java:840)
[2025-11-15 23:51:33.346] ERROR org.alter.game.task.AutoSaveTask - Failed to auto-save player 'SpideyM': List element cannot be cast to int
java.lang.ClassCastException: List element cannot be cast to int
	at org.bson.Document.constructValuesList(Document.java:402)
	at org.bson.Document.getList(Document.java:369)
	at org.alter.game.saving.PlayerSaving.savePlayer(PlayerSaving.kt:56)
	at org.alter.game.task.AutoSaveTask.performAutoSave$lambda$4(AutoSaveTask.kt:64)
	at org.alter.game.model.PawnList.forEach(PawnList.kt:35)
	at org.alter.game.task.AutoSaveTask.performAutoSave(AutoSaveTask.kt:55)
	at org.alter.game.task.AutoSaveTask.execute(AutoSaveTask.kt:40)
	at org.alter.game.service.GameService.cycle(GameService.kt:192)
	at java.base/java.util.concurrent.Executors$RunnableAdapter.call(Executors.java:539)
	at java.base/java.util.concurrent.FutureTask.runAndReset(FutureTask.java:305)
	at java.base/java.util.concurrent.ScheduledThreadPoolExecutor$ScheduledFutureTask.run(ScheduledThreadPoolExecutor.java:305)
	at java.base/java.util.concurrent.ThreadPoolExecutor.runWorker(ThreadPoolExecutor.java:1136)
	at java.base/java.util.concurrent.ThreadPoolExecutor$Worker.run(ThreadPoolExecutor.java:635)
	at java.base/java.lang.Thread.run(Thread.java:840)
[2025-11-15 23:51:33.346] WARN  org.alter.game.task.AutoSaveTask - Auto-save attempted but no players were saved (3 players online)
[2025-11-15 23:52:03.340] ERROR org.alter.game.saving.PlayerSaving - Failed to serialize details for player DragonM
java.lang.ClassCastException: List element cannot be cast to int
	at org.bson.Document.constructValuesList(Document.java:402)
	at org.bson.Document.getList(Document.java:369)
	at org.alter.game.saving.PlayerSaving.savePlayer(PlayerSaving.kt:56)
	at org.alter.game.task.AutoSaveTask.performAutoSave$lambda$4(AutoSaveTask.kt:64)
	at org.alter.game.model.PawnList.forEach(PawnList.kt:35)
	at org.alter.game.task.AutoSaveTask.performAutoSave(AutoSaveTask.kt:55)
	at org.alter.game.task.AutoSaveTask.execute(AutoSaveTask.kt:40)
	at org.alter.game.service.GameService.cycle(GameService.kt:192)
	at java.base/java.util.concurrent.Executors$RunnableAdapter.call(Executors.java:539)
	at java.base/java.util.concurrent.FutureTask.runAndReset(FutureTask.java:305)
	at java.base/java.util.concurrent.ScheduledThreadPoolExecutor$ScheduledFutureTask.run(ScheduledThreadPoolExecutor.java:305)
	at java.base/java.util.concurrent.ThreadPoolExecutor.runWorker(ThreadPoolExecutor.java:1136)
	at java.base/java.util.concurrent.ThreadPoolExecutor$Worker.run(ThreadPoolExecutor.java:635)
	at java.base/java.lang.Thread.run(Thread.java:840)
[2025-11-15 23:52:03.341] ERROR org.alter.game.saving.PlayerSaving - Failed to save player DragonM: List element cannot be cast to int
java.lang.ClassCastException: List element cannot be cast to int
	at org.bson.Document.constructValuesList(Document.java:402)
	at org.bson.Document.getList(Document.java:369)
	at org.alter.game.saving.PlayerSaving.savePlayer(PlayerSaving.kt:56)
	at org.alter.game.task.AutoSaveTask.performAutoSave$lambda$4(AutoSaveTask.kt:64)
	at org.alter.game.model.PawnList.forEach(PawnList.kt:35)
	at org.alter.game.task.AutoSaveTask.performAutoSave(AutoSaveTask.kt:55)
	at org.alter.game.task.AutoSaveTask.execute(AutoSaveTask.kt:40)
	at org.alter.game.service.GameService.cycle(GameService.kt:192)
	at java.base/java.util.concurrent.Executors$RunnableAdapter.call(Executors.java:539)
	at java.base/java.util.concurrent.FutureTask.runAndReset(FutureTask.java:305)
	at java.base/java.util.concurrent.ScheduledThreadPoolExecutor$ScheduledFutureTask.run(ScheduledThreadPoolExecutor.java:305)
	at java.base/java.util.concurrent.ThreadPoolExecutor.runWorker(ThreadPoolExecutor.java:1136)
	at java.base/java.util.concurrent.ThreadPoolExecutor$Worker.run(ThreadPoolExecutor.java:635)
	at java.base/java.lang.Thread.run(Thread.java:840)
[2025-11-15 23:52:03.341] ERROR org.alter.game.task.AutoSaveTask - Failed to auto-save player 'DragonM': List element cannot be cast to int
java.lang.ClassCastException: List element cannot be cast to int
	at org.bson.Document.constructValuesList(Document.java:402)
	at org.bson.Document.getList(Document.java:369)
	at org.alter.game.saving.PlayerSaving.savePlayer(PlayerSaving.kt:56)
	at org.alter.game.task.AutoSaveTask.performAutoSave$lambda$4(AutoSaveTask.kt:64)
	at org.alter.game.model.PawnList.forEach(PawnList.kt:35)
	at org.alter.game.task.AutoSaveTask.performAutoSave(AutoSaveTask.kt:55)
	at org.alter.game.task.AutoSaveTask.execute(AutoSaveTask.kt:40)
	at org.alter.game.service.GameService.cycle(GameService.kt:192)
	at java.base/java.util.concurrent.Executors$RunnableAdapter.call(Executors.java:539)
	at java.base/java.util.concurrent.FutureTask.runAndReset(FutureTask.java:305)
	at java.base/java.util.concurrent.ScheduledThreadPoolExecutor$ScheduledFutureTask.run(ScheduledThreadPoolExecutor.java:305)
	at java.base/java.util.concurrent.ThreadPoolExecutor.runWorker(ThreadPoolExecutor.java:1136)
	at java.base/java.util.concurrent.ThreadPoolExecutor$Worker.run(ThreadPoolExecutor.java:635)
	at java.base/java.lang.Thread.run(Thread.java:840)
[2025-11-15 23:52:03.341] ERROR org.alter.game.saving.PlayerSaving - Failed to serialize details for player Pnda
java.lang.ClassCastException: List element cannot be cast to int
	at org.bson.Document.constructValuesList(Document.java:402)
	at org.bson.Document.getList(Document.java:369)
	at org.alter.game.saving.PlayerSaving.savePlayer(PlayerSaving.kt:56)
	at org.alter.game.task.AutoSaveTask.performAutoSave$lambda$4(AutoSaveTask.kt:64)
	at org.alter.game.model.PawnList.forEach(PawnList.kt:35)
	at org.alter.game.task.AutoSaveTask.performAutoSave(AutoSaveTask.kt:55)
	at org.alter.game.task.AutoSaveTask.execute(AutoSaveTask.kt:40)
	at org.alter.game.service.GameService.cycle(GameService.kt:192)
	at java.base/java.util.concurrent.Executors$RunnableAdapter.call(Executors.java:539)
	at java.base/java.util.concurrent.FutureTask.runAndReset(FutureTask.java:305)
	at java.base/java.util.concurrent.ScheduledThreadPoolExecutor$ScheduledFutureTask.run(ScheduledThreadPoolExecutor.java:305)
	at java.base/java.util.concurrent.ThreadPoolExecutor.runWorker(ThreadPoolExecutor.java:1136)
	at java.base/java.util.concurrent.ThreadPoolExecutor$Worker.run(ThreadPoolExecutor.java:635)
	at java.base/java.lang.Thread.run(Thread.java:840)
[2025-11-15 23:52:03.342] ERROR org.alter.game.saving.PlayerSaving - Failed to save player Pnda: List element cannot be cast to int
java.lang.ClassCastException: List element cannot be cast to int
	at org.bson.Document.constructValuesList(Document.java:402)
	at org.bson.Document.getList(Document.java:369)
	at org.alter.game.saving.PlayerSaving.savePlayer(PlayerSaving.kt:56)
	at org.alter.game.task.AutoSaveTask.performAutoSave$lambda$4(AutoSaveTask.kt:64)
	at org.alter.game.model.PawnList.forEach(PawnList.kt:35)
	at org.alter.game.task.AutoSaveTask.performAutoSave(AutoSaveTask.kt:55)
	at org.alter.game.task.AutoSaveTask.execute(AutoSaveTask.kt:40)
	at org.alter.game.service.GameService.cycle(GameService.kt:192)
	at java.base/java.util.concurrent.Executors$RunnableAdapter.call(Executors.java:539)
	at java.base/java.util.concurrent.FutureTask.runAndReset(FutureTask.java:305)
	at java.base/java.util.concurrent.ScheduledThreadPoolExecutor$ScheduledFutureTask.run(ScheduledThreadPoolExecutor.java:305)
	at java.base/java.util.concurrent.ThreadPoolExecutor.runWorker(ThreadPoolExecutor.java:1136)
	at java.base/java.util.concurrent.ThreadPoolExecutor$Worker.run(ThreadPoolExecutor.java:635)
	at java.base/java.lang.Thread.run(Thread.java:840)
[2025-11-15 23:52:03.342] ERROR org.alter.game.task.AutoSaveTask - Failed to auto-save player 'Pnda': List element cannot be cast to int
java.lang.ClassCastException: List element cannot be cast to int
	at org.bson.Document.constructValuesList(Document.java:402)
	at org.bson.Document.getList(Document.java:369)
	at org.alter.game.saving.PlayerSaving.savePlayer(PlayerSaving.kt:56)
	at org.alter.game.task.AutoSaveTask.performAutoSave$lambda$4(AutoSaveTask.kt:64)
	at org.alter.game.model.PawnList.forEach(PawnList.kt:35)
	at org.alter.game.task.AutoSaveTask.performAutoSave(AutoSaveTask.kt:55)
	at org.alter.game.task.AutoSaveTask.execute(AutoSaveTask.kt:40)
	at org.alter.game.service.GameService.cycle(GameService.kt:192)
	at java.base/java.util.concurrent.Executors$RunnableAdapter.call(Executors.java:539)
	at java.base/java.util.concurrent.FutureTask.runAndReset(FutureTask.java:305)
	at java.base/java.util.concurrent.ScheduledThreadPoolExecutor$ScheduledFutureTask.run(ScheduledThreadPoolExecutor.java:305)
	at java.base/java.util.concurrent.ThreadPoolExecutor.runWorker(ThreadPoolExecutor.java:1136)
	at java.base/java.util.concurrent.ThreadPoolExecutor$Worker.run(ThreadPoolExecutor.java:635)
	at java.base/java.lang.Thread.run(Thread.java:840)
[2025-11-15 23:52:03.342] ERROR org.alter.game.saving.PlayerSaving - Failed to serialize details for player SpideyM
java.lang.ClassCastException: List element cannot be cast to int
	at org.bson.Document.constructValuesList(Document.java:402)
	at org.bson.Document.getList(Document.java:369)
	at org.alter.game.saving.PlayerSaving.savePlayer(PlayerSaving.kt:56)
	at org.alter.game.task.AutoSaveTask.performAutoSave$lambda$4(AutoSaveTask.kt:64)
	at org.alter.game.model.PawnList.forEach(PawnList.kt:35)
	at org.alter.game.task.AutoSaveTask.performAutoSave(AutoSaveTask.kt:55)
	at org.alter.game.task.AutoSaveTask.execute(AutoSaveTask.kt:40)
	at org.alter.game.service.GameService.cycle(GameService.kt:192)
	at java.base/java.util.concurrent.Executors$RunnableAdapter.call(Executors.java:539)
	at java.base/java.util.concurrent.FutureTask.runAndReset(FutureTask.java:305)
	at java.base/java.util.concurrent.ScheduledThreadPoolExecutor$ScheduledFutureTask.run(ScheduledThreadPoolExecutor.java:305)
	at java.base/java.util.concurrent.ThreadPoolExecutor.runWorker(ThreadPoolExecutor.java:1136)
	at java.base/java.util.concurrent.ThreadPoolExecutor$Worker.run(ThreadPoolExecutor.java:635)
	at java.base/java.lang.Thread.run(Thread.java:840)
[2025-11-15 23:52:03.342] ERROR org.alter.game.saving.PlayerSaving - Failed to save player SpideyM: List element cannot be cast to int
java.lang.ClassCastException: List element cannot be cast to int
	at org.bson.Document.constructValuesList(Document.java:402)
	at org.bson.Document.getList(Document.java:369)
	at org.alter.game.saving.PlayerSaving.savePlayer(PlayerSaving.kt:56)
	at org.alter.game.task.AutoSaveTask.performAutoSave$lambda$4(AutoSaveTask.kt:64)
	at org.alter.game.model.PawnList.forEach(PawnList.kt:35)
	at org.alter.game.task.AutoSaveTask.performAutoSave(AutoSaveTask.kt:55)
	at org.alter.game.task.AutoSaveTask.execute(AutoSaveTask.kt:40)
	at org.alter.game.service.GameService.cycle(GameService.kt:192)
	at java.base/java.util.concurrent.Executors$RunnableAdapter.call(Executors.java:539)
	at java.base/java.util.concurrent.FutureTask.runAndReset(FutureTask.java:305)
	at java.base/java.util.concurrent.ScheduledThreadPoolExecutor$ScheduledFutureTask.run(ScheduledThreadPoolExecutor.java:305)
	at java.base/java.util.concurrent.ThreadPoolExecutor.runWorker(ThreadPoolExecutor.java:1136)
	at java.base/java.util.concurrent.ThreadPoolExecutor$Worker.run(ThreadPoolExecutor.java:635)
	at java.base/java.lang.Thread.run(Thread.java:840)
[2025-11-15 23:52:03.342] ERROR org.alter.game.task.AutoSaveTask - Failed to auto-save player 'SpideyM': List element cannot be cast to int
java.lang.ClassCastException: List element cannot be cast to int
	at org.bson.Document.constructValuesList(Document.java:402)
	at org.bson.Document.getList(Document.java:369)
	at org.alter.game.saving.PlayerSaving.savePlayer(PlayerSaving.kt:56)
	at org.alter.game.task.AutoSaveTask.performAutoSave$lambda$4(AutoSaveTask.kt:64)
	at org.alter.game.model.PawnList.forEach(PawnList.kt:35)
	at org.alter.game.task.AutoSaveTask.performAutoSave(AutoSaveTask.kt:55)
	at org.alter.game.task.AutoSaveTask.execute(AutoSaveTask.kt:40)
	at org.alter.game.service.GameService.cycle(GameService.kt:192)
	at java.base/java.util.concurrent.Executors$RunnableAdapter.call(Executors.java:539)
	at java.base/java.util.concurrent.FutureTask.runAndReset(FutureTask.java:305)
	at java.base/java.util.concurrent.ScheduledThreadPoolExecutor$ScheduledFutureTask.run(ScheduledThreadPoolExecutor.java:305)
	at java.base/java.util.concurrent.ThreadPoolExecutor.runWorker(ThreadPoolExecutor.java:1136)
	at java.base/java.util.concurrent.ThreadPoolExecutor$Worker.run(ThreadPoolExecutor.java:635)
	at java.base/java.lang.Thread.run(Thread.java:840)
[2025-11-15 23:52:03.342] WARN  org.alter.game.task.AutoSaveTask - Auto-save attempted but no players were saved (3 players online)
[2025-11-15 23:52:33.333] ERROR org.alter.game.saving.PlayerSaving - Failed to serialize details for player DragonM
java.lang.ClassCastException: List element cannot be cast to int
	at org.bson.Document.constructValuesList(Document.java:402)
	at org.bson.Document.getList(Document.java:369)
	at org.alter.game.saving.PlayerSaving.savePlayer(PlayerSaving.kt:56)
	at org.alter.game.task.AutoSaveTask.performAutoSave$lambda$4(AutoSaveTask.kt:64)
	at org.alter.game.model.PawnList.forEach(PawnList.kt:35)
	at org.alter.game.task.AutoSaveTask.performAutoSave(AutoSaveTask.kt:55)
	at org.alter.game.task.AutoSaveTask.execute(AutoSaveTask.kt:40)
	at org.alter.game.service.GameService.cycle(GameService.kt:192)
	at java.base/java.util.concurrent.Executors$RunnableAdapter.call(Executors.java:539)
	at java.base/java.util.concurrent.FutureTask.runAndReset(FutureTask.java:305)
	at java.base/java.util.concurrent.ScheduledThreadPoolExecutor$ScheduledFutureTask.run(ScheduledThreadPoolExecutor.java:305)
	at java.base/java.util.concurrent.ThreadPoolExecutor.runWorker(ThreadPoolExecutor.java:1136)
	at java.base/java.util.concurrent.ThreadPoolExecutor$Worker.run(ThreadPoolExecutor.java:635)
	at java.base/java.lang.Thread.run(Thread.java:840)
[2025-11-15 23:52:33.334] ERROR org.alter.game.saving.PlayerSaving - Failed to save player DragonM: List element cannot be cast to int
java.lang.ClassCastException: List element cannot be cast to int
	at org.bson.Document.constructValuesList(Document.java:402)
	at org.bson.Document.getList(Document.java:369)
	at org.alter.game.saving.PlayerSaving.savePlayer(PlayerSaving.kt:56)
	at org.alter.game.task.AutoSaveTask.performAutoSave$lambda$4(AutoSaveTask.kt:64)
	at org.alter.game.model.PawnList.forEach(PawnList.kt:35)
	at org.alter.game.task.AutoSaveTask.performAutoSave(AutoSaveTask.kt:55)
	at org.alter.game.task.AutoSaveTask.execute(AutoSaveTask.kt:40)
	at org.alter.game.service.GameService.cycle(GameService.kt:192)
	at java.base/java.util.concurrent.Executors$RunnableAdapter.call(Executors.java:539)
	at java.base/java.util.concurrent.FutureTask.runAndReset(FutureTask.java:305)
	at java.base/java.util.concurrent.ScheduledThreadPoolExecutor$ScheduledFutureTask.run(ScheduledThreadPoolExecutor.java:305)
	at java.base/java.util.concurrent.ThreadPoolExecutor.runWorker(ThreadPoolExecutor.java:1136)
	at java.base/java.util.concurrent.ThreadPoolExecutor$Worker.run(ThreadPoolExecutor.java:635)
	at java.base/java.lang.Thread.run(Thread.java:840)
[2025-11-15 23:52:33.334] ERROR org.alter.game.task.AutoSaveTask - Failed to auto-save player 'DragonM': List element cannot be cast to int
java.lang.ClassCastException: List element cannot be cast to int
	at org.bson.Document.constructValuesList(Document.java:402)
	at org.bson.Document.getList(Document.java:369)
	at org.alter.game.saving.PlayerSaving.savePlayer(PlayerSaving.kt:56)
	at org.alter.game.task.AutoSaveTask.performAutoSave$lambda$4(AutoSaveTask.kt:64)
	at org.alter.game.model.PawnList.forEach(PawnList.kt:35)
	at org.alter.game.task.AutoSaveTask.performAutoSave(AutoSaveTask.kt:55)
	at org.alter.game.task.AutoSaveTask.execute(AutoSaveTask.kt:40)
	at org.alter.game.service.GameService.cycle(GameService.kt:192)
	at java.base/java.util.concurrent.Executors$RunnableAdapter.call(Executors.java:539)
	at java.base/java.util.concurrent.FutureTask.runAndReset(FutureTask.java:305)
	at java.base/java.util.concurrent.ScheduledThreadPoolExecutor$ScheduledFutureTask.run(ScheduledThreadPoolExecutor.java:305)
	at java.base/java.util.concurrent.ThreadPoolExecutor.runWorker(ThreadPoolExecutor.java:1136)
	at java.base/java.util.concurrent.ThreadPoolExecutor$Worker.run(ThreadPoolExecutor.java:635)
	at java.base/java.lang.Thread.run(Thread.java:840)
[2025-11-15 23:52:33.334] ERROR org.alter.game.saving.PlayerSaving - Failed to serialize details for player Pnda
java.lang.ClassCastException: List element cannot be cast to int
	at org.bson.Document.constructValuesList(Document.java:402)
	at org.bson.Document.getList(Document.java:369)
	at org.alter.game.saving.PlayerSaving.savePlayer(PlayerSaving.kt:56)
	at org.alter.game.task.AutoSaveTask.performAutoSave$lambda$4(AutoSaveTask.kt:64)
	at org.alter.game.model.PawnList.forEach(PawnList.kt:35)
	at org.alter.game.task.AutoSaveTask.performAutoSave(AutoSaveTask.kt:55)
	at org.alter.game.task.AutoSaveTask.execute(AutoSaveTask.kt:40)
	at org.alter.game.service.GameService.cycle(GameService.kt:192)
	at java.base/java.util.concurrent.Executors$RunnableAdapter.call(Executors.java:539)
	at java.base/java.util.concurrent.FutureTask.runAndReset(FutureTask.java:305)
	at java.base/java.util.concurrent.ScheduledThreadPoolExecutor$ScheduledFutureTask.run(ScheduledThreadPoolExecutor.java:305)
	at java.base/java.util.concurrent.ThreadPoolExecutor.runWorker(ThreadPoolExecutor.java:1136)
	at java.base/java.util.concurrent.ThreadPoolExecutor$Worker.run(ThreadPoolExecutor.java:635)
	at java.base/java.lang.Thread.run(Thread.java:840)
[2025-11-15 23:52:33.334] ERROR org.alter.game.saving.PlayerSaving - Failed to save player Pnda: List element cannot be cast to int
java.lang.ClassCastException: List element cannot be cast to int
	at org.bson.Document.constructValuesList(Document.java:402)
	at org.bson.Document.getList(Document.java:369)
	at org.alter.game.saving.PlayerSaving.savePlayer(PlayerSaving.kt:56)
	at org.alter.game.task.AutoSaveTask.performAutoSave$lambda$4(AutoSaveTask.kt:64)
	at org.alter.game.model.PawnList.forEach(PawnList.kt:35)
	at org.alter.game.task.AutoSaveTask.performAutoSave(AutoSaveTask.kt:55)
	at org.alter.game.task.AutoSaveTask.execute(AutoSaveTask.kt:40)
	at org.alter.game.service.GameService.cycle(GameService.kt:192)
	at java.base/java.util.concurrent.Executors$RunnableAdapter.call(Executors.java:539)
	at java.base/java.util.concurrent.FutureTask.runAndReset(FutureTask.java:305)
	at java.base/java.util.concurrent.ScheduledThreadPoolExecutor$ScheduledFutureTask.run(ScheduledThreadPoolExecutor.java:305)
	at java.base/java.util.concurrent.ThreadPoolExecutor.runWorker(ThreadPoolExecutor.java:1136)
	at java.base/java.util.concurrent.ThreadPoolExecutor$Worker.run(ThreadPoolExecutor.java:635)
	at java.base/java.lang.Thread.run(Thread.java:840)
[2025-11-15 23:52:33.334] ERROR org.alter.game.task.AutoSaveTask - Failed to auto-save player 'Pnda': List element cannot be cast to int
java.lang.ClassCastException: List element cannot be cast to int
	at org.bson.Document.constructValuesList(Document.java:402)
	at org.bson.Document.getList(Document.java:369)
	at org.alter.game.saving.PlayerSaving.savePlayer(PlayerSaving.kt:56)
	at org.alter.game.task.AutoSaveTask.performAutoSave$lambda$4(AutoSaveTask.kt:64)
	at org.alter.game.model.PawnList.forEach(PawnList.kt:35)
	at org.alter.game.task.AutoSaveTask.performAutoSave(AutoSaveTask.kt:55)
	at org.alter.game.task.AutoSaveTask.execute(AutoSaveTask.kt:40)
	at org.alter.game.service.GameService.cycle(GameService.kt:192)
	at java.base/java.util.concurrent.Executors$RunnableAdapter.call(Executors.java:539)
	at java.base/java.util.concurrent.FutureTask.runAndReset(FutureTask.java:305)
	at java.base/java.util.concurrent.ScheduledThreadPoolExecutor$ScheduledFutureTask.run(ScheduledThreadPoolExecutor.java:305)
	at java.base/java.util.concurrent.ThreadPoolExecutor.runWorker(ThreadPoolExecutor.java:1136)
	at java.base/java.util.concurrent.ThreadPoolExecutor$Worker.run(ThreadPoolExecutor.java:635)
	at java.base/java.lang.Thread.run(Thread.java:840)
[2025-11-15 23:52:33.334] ERROR org.alter.game.saving.PlayerSaving - Failed to serialize details for player SpideyM
java.lang.ClassCastException: List element cannot be cast to int
	at org.bson.Document.constructValuesList(Document.java:402)
	at org.bson.Document.getList(Document.java:369)
	at org.alter.game.saving.PlayerSaving.savePlayer(PlayerSaving.kt:56)
	at org.alter.game.task.AutoSaveTask.performAutoSave$lambda$4(AutoSaveTask.kt:64)
	at org.alter.game.model.PawnList.forEach(PawnList.kt:35)
	at org.alter.game.task.AutoSaveTask.performAutoSave(AutoSaveTask.kt:55)
	at org.alter.game.task.AutoSaveTask.execute(AutoSaveTask.kt:40)
	at org.alter.game.service.GameService.cycle(GameService.kt:192)
	at java.base/java.util.concurrent.Executors$RunnableAdapter.call(Executors.java:539)
	at java.base/java.util.concurrent.FutureTask.runAndReset(FutureTask.java:305)
	at java.base/java.util.concurrent.ScheduledThreadPoolExecutor$ScheduledFutureTask.run(ScheduledThreadPoolExecutor.java:305)
	at java.base/java.util.concurrent.ThreadPoolExecutor.runWorker(ThreadPoolExecutor.java:1136)
	at java.base/java.util.concurrent.ThreadPoolExecutor$Worker.run(ThreadPoolExecutor.java:635)
	at java.base/java.lang.Thread.run(Thread.java:840)
[2025-11-15 23:52:33.335] ERROR org.alter.game.saving.PlayerSaving - Failed to save player SpideyM: List element cannot be cast to int
java.lang.ClassCastException: List element cannot be cast to int
	at org.bson.Document.constructValuesList(Document.java:402)
	at org.bson.Document.getList(Document.java:369)
	at org.alter.game.saving.PlayerSaving.savePlayer(PlayerSaving.kt:56)
	at org.alter.game.task.AutoSaveTask.performAutoSave$lambda$4(AutoSaveTask.kt:64)
	at org.alter.game.model.PawnList.forEach(PawnList.kt:35)
	at org.alter.game.task.AutoSaveTask.performAutoSave(AutoSaveTask.kt:55)
	at org.alter.game.task.AutoSaveTask.execute(AutoSaveTask.kt:40)
	at org.alter.game.service.GameService.cycle(GameService.kt:192)
	at java.base/java.util.concurrent.Executors$RunnableAdapter.call(Executors.java:539)
	at java.base/java.util.concurrent.FutureTask.runAndReset(FutureTask.java:305)
	at java.base/java.util.concurrent.ScheduledThreadPoolExecutor$ScheduledFutureTask.run(ScheduledThreadPoolExecutor.java:305)
	at java.base/java.util.concurrent.ThreadPoolExecutor.runWorker(ThreadPoolExecutor.java:1136)
	at java.base/java.util.concurrent.ThreadPoolExecutor$Worker.run(ThreadPoolExecutor.java:635)
	at java.base/java.lang.Thread.run(Thread.java:840)
[2025-11-15 23:52:33.335] ERROR org.alter.game.task.AutoSaveTask - Failed to auto-save player 'SpideyM': List element cannot be cast to int
java.lang.ClassCastException: List element cannot be cast to int
	at org.bson.Document.constructValuesList(Document.java:402)
	at org.bson.Document.getList(Document.java:369)
	at org.alter.game.saving.PlayerSaving.savePlayer(PlayerSaving.kt:56)
	at org.alter.game.task.AutoSaveTask.performAutoSave$lambda$4(AutoSaveTask.kt:64)
	at org.alter.game.model.PawnList.forEach(PawnList.kt:35)
	at org.alter.game.task.AutoSaveTask.performAutoSave(AutoSaveTask.kt:55)
	at org.alter.game.task.AutoSaveTask.execute(AutoSaveTask.kt:40)
	at org.alter.game.service.GameService.cycle(GameService.kt:192)
	at java.base/java.util.concurrent.Executors$RunnableAdapter.call(Executors.java:539)
	at java.base/java.util.concurrent.FutureTask.runAndReset(FutureTask.java:305)
	at java.base/java.util.concurrent.ScheduledThreadPoolExecutor$ScheduledFutureTask.run(ScheduledThreadPoolExecutor.java:305)
	at java.base/java.util.concurrent.ThreadPoolExecutor.runWorker(ThreadPoolExecutor.java:1136)
	at java.base/java.util.concurrent.ThreadPoolExecutor$Worker.run(ThreadPoolExecutor.java:635)
	at java.base/java.lang.Thread.run(Thread.java:840)
[2025-11-15 23:52:33.335] WARN  org.alter.game.task.AutoSaveTask - Auto-save attempted but no players were saved (3 players online)
[2025-11-15 23:53:03.338] ERROR org.alter.game.saving.PlayerSaving - Failed to serialize details for player DragonM
java.lang.ClassCastException: List element cannot be cast to int
	at org.bson.Document.constructValuesList(Document.java:402)
	at org.bson.Document.getList(Document.java:369)
	at org.alter.game.saving.PlayerSaving.savePlayer(PlayerSaving.kt:56)
	at org.alter.game.task.AutoSaveTask.performAutoSave$lambda$4(AutoSaveTask.kt:64)
	at org.alter.game.model.PawnList.forEach(PawnList.kt:35)
	at org.alter.game.task.AutoSaveTask.performAutoSave(AutoSaveTask.kt:55)
	at org.alter.game.task.AutoSaveTask.execute(AutoSaveTask.kt:40)
	at org.alter.game.service.GameService.cycle(GameService.kt:192)
	at java.base/java.util.concurrent.Executors$RunnableAdapter.call(Executors.java:539)
	at java.base/java.util.concurrent.FutureTask.runAndReset(FutureTask.java:305)
	at java.base/java.util.concurrent.ScheduledThreadPoolExecutor$ScheduledFutureTask.run(ScheduledThreadPoolExecutor.java:305)
	at java.base/java.util.concurrent.ThreadPoolExecutor.runWorker(ThreadPoolExecutor.java:1136)
	at java.base/java.util.concurrent.ThreadPoolExecutor$Worker.run(ThreadPoolExecutor.java:635)
	at java.base/java.lang.Thread.run(Thread.java:840)
[2025-11-15 23:53:03.338] ERROR org.alter.game.saving.PlayerSaving - Failed to save player DragonM: List element cannot be cast to int
java.lang.ClassCastException: List element cannot be cast to int
	at org.bson.Document.constructValuesList(Document.java:402)
	at org.bson.Document.getList(Document.java:369)
	at org.alter.game.saving.PlayerSaving.savePlayer(PlayerSaving.kt:56)
	at org.alter.game.task.AutoSaveTask.performAutoSave$lambda$4(AutoSaveTask.kt:64)
	at org.alter.game.model.PawnList.forEach(PawnList.kt:35)
	at org.alter.game.task.AutoSaveTask.performAutoSave(AutoSaveTask.kt:55)
	at org.alter.game.task.AutoSaveTask.execute(AutoSaveTask.kt:40)
	at org.alter.game.service.GameService.cycle(GameService.kt:192)
	at java.base/java.util.concurrent.Executors$RunnableAdapter.call(Executors.java:539)
	at java.base/java.util.concurrent.FutureTask.runAndReset(FutureTask.java:305)
	at java.base/java.util.concurrent.ScheduledThreadPoolExecutor$ScheduledFutureTask.run(ScheduledThreadPoolExecutor.java:305)
	at java.base/java.util.concurrent.ThreadPoolExecutor.runWorker(ThreadPoolExecutor.java:1136)
	at java.base/java.util.concurrent.ThreadPoolExecutor$Worker.run(ThreadPoolExecutor.java:635)
	at java.base/java.lang.Thread.run(Thread.java:840)
[2025-11-15 23:53:03.338] ERROR org.alter.game.task.AutoSaveTask - Failed to auto-save player 'DragonM': List element cannot be cast to int
java.lang.ClassCastException: List element cannot be cast to int
	at org.bson.Document.constructValuesList(Document.java:402)
	at org.bson.Document.getList(Document.java:369)
	at org.alter.game.saving.PlayerSaving.savePlayer(PlayerSaving.kt:56)
	at org.alter.game.task.AutoSaveTask.performAutoSave$lambda$4(AutoSaveTask.kt:64)
	at org.alter.game.model.PawnList.forEach(PawnList.kt:35)
	at org.alter.game.task.AutoSaveTask.performAutoSave(AutoSaveTask.kt:55)
	at org.alter.game.task.AutoSaveTask.execute(AutoSaveTask.kt:40)
	at org.alter.game.service.GameService.cycle(GameService.kt:192)
	at java.base/java.util.concurrent.Executors$RunnableAdapter.call(Executors.java:539)
	at java.base/java.util.concurrent.FutureTask.runAndReset(FutureTask.java:305)
	at java.base/java.util.concurrent.ScheduledThreadPoolExecutor$ScheduledFutureTask.run(ScheduledThreadPoolExecutor.java:305)
	at java.base/java.util.concurrent.ThreadPoolExecutor.runWorker(ThreadPoolExecutor.java:1136)
	at java.base/java.util.concurrent.ThreadPoolExecutor$Worker.run(ThreadPoolExecutor.java:635)
	at java.base/java.lang.Thread.run(Thread.java:840)
[2025-11-15 23:53:03.338] ERROR org.alter.game.saving.PlayerSaving - Failed to serialize details for player Pnda
java.lang.ClassCastException: List element cannot be cast to int
	at org.bson.Document.constructValuesList(Document.java:402)
	at org.bson.Document.getList(Document.java:369)
	at org.alter.game.saving.PlayerSaving.savePlayer(PlayerSaving.kt:56)
	at org.alter.game.task.AutoSaveTask.performAutoSave$lambda$4(AutoSaveTask.kt:64)
	at org.alter.game.model.PawnList.forEach(PawnList.kt:35)
	at org.alter.game.task.AutoSaveTask.performAutoSave(AutoSaveTask.kt:55)
	at org.alter.game.task.AutoSaveTask.execute(AutoSaveTask.kt:40)
	at org.alter.game.service.GameService.cycle(GameService.kt:192)
	at java.base/java.util.concurrent.Executors$RunnableAdapter.call(Executors.java:539)
	at java.base/java.util.concurrent.FutureTask.runAndReset(FutureTask.java:305)
	at java.base/java.util.concurrent.ScheduledThreadPoolExecutor$ScheduledFutureTask.run(ScheduledThreadPoolExecutor.java:305)
	at java.base/java.util.concurrent.ThreadPoolExecutor.runWorker(ThreadPoolExecutor.java:1136)
	at java.base/java.util.concurrent.ThreadPoolExecutor$Worker.run(ThreadPoolExecutor.java:635)
	at java.base/java.lang.Thread.run(Thread.java:840)
[2025-11-15 23:53:03.338] ERROR org.alter.game.saving.PlayerSaving - Failed to save player Pnda: List element cannot be cast to int
java.lang.ClassCastException: List element cannot be cast to int
	at org.bson.Document.constructValuesList(Document.java:402)
	at org.bson.Document.getList(Document.java:369)
	at org.alter.game.saving.PlayerSaving.savePlayer(PlayerSaving.kt:56)
	at org.alter.game.task.AutoSaveTask.performAutoSave$lambda$4(AutoSaveTask.kt:64)
	at org.alter.game.model.PawnList.forEach(PawnList.kt:35)
	at org.alter.game.task.AutoSaveTask.performAutoSave(AutoSaveTask.kt:55)
	at org.alter.game.task.AutoSaveTask.execute(AutoSaveTask.kt:40)
	at org.alter.game.service.GameService.cycle(GameService.kt:192)
	at java.base/java.util.concurrent.Executors$RunnableAdapter.call(Executors.java:539)
	at java.base/java.util.concurrent.FutureTask.runAndReset(FutureTask.java:305)
	at java.base/java.util.concurrent.ScheduledThreadPoolExecutor$ScheduledFutureTask.run(ScheduledThreadPoolExecutor.java:305)
	at java.base/java.util.concurrent.ThreadPoolExecutor.runWorker(ThreadPoolExecutor.java:1136)
	at java.base/java.util.concurrent.ThreadPoolExecutor$Worker.run(ThreadPoolExecutor.java:635)
	at java.base/java.lang.Thread.run(Thread.java:840)
[2025-11-15 23:53:03.339] ERROR org.alter.game.task.AutoSaveTask - Failed to auto-save player 'Pnda': List element cannot be cast to int
java.lang.ClassCastException: List element cannot be cast to int
	at org.bson.Document.constructValuesList(Document.java:402)
	at org.bson.Document.getList(Document.java:369)
	at org.alter.game.saving.PlayerSaving.savePlayer(PlayerSaving.kt:56)
	at org.alter.game.task.AutoSaveTask.performAutoSave$lambda$4(AutoSaveTask.kt:64)
	at org.alter.game.model.PawnList.forEach(PawnList.kt:35)
	at org.alter.game.task.AutoSaveTask.performAutoSave(AutoSaveTask.kt:55)
	at org.alter.game.task.AutoSaveTask.execute(AutoSaveTask.kt:40)
	at org.alter.game.service.GameService.cycle(GameService.kt:192)
	at java.base/java.util.concurrent.Executors$RunnableAdapter.call(Executors.java:539)
	at java.base/java.util.concurrent.FutureTask.runAndReset(FutureTask.java:305)
	at java.base/java.util.concurrent.ScheduledThreadPoolExecutor$ScheduledFutureTask.run(ScheduledThreadPoolExecutor.java:305)
	at java.base/java.util.concurrent.ThreadPoolExecutor.runWorker(ThreadPoolExecutor.java:1136)
	at java.base/java.util.concurrent.ThreadPoolExecutor$Worker.run(ThreadPoolExecutor.java:635)
	at java.base/java.lang.Thread.run(Thread.java:840)
[2025-11-15 23:53:03.339] ERROR org.alter.game.saving.PlayerSaving - Failed to serialize details for player SpideyM
java.lang.ClassCastException: List element cannot be cast to int
	at org.bson.Document.constructValuesList(Document.java:402)
	at org.bson.Document.getList(Document.java:369)
	at org.alter.game.saving.PlayerSaving.savePlayer(PlayerSaving.kt:56)
	at org.alter.game.task.AutoSaveTask.performAutoSave$lambda$4(AutoSaveTask.kt:64)
	at org.alter.game.model.PawnList.forEach(PawnList.kt:35)
	at org.alter.game.task.AutoSaveTask.performAutoSave(AutoSaveTask.kt:55)
	at org.alter.game.task.AutoSaveTask.execute(AutoSaveTask.kt:40)
	at org.alter.game.service.GameService.cycle(GameService.kt:192)
	at java.base/java.util.concurrent.Executors$RunnableAdapter.call(Executors.java:539)
	at java.base/java.util.concurrent.FutureTask.runAndReset(FutureTask.java:305)
	at java.base/java.util.concurrent.ScheduledThreadPoolExecutor$ScheduledFutureTask.run(ScheduledThreadPoolExecutor.java:305)
	at java.base/java.util.concurrent.ThreadPoolExecutor.runWorker(ThreadPoolExecutor.java:1136)
	at java.base/java.util.concurrent.ThreadPoolExecutor$Worker.run(ThreadPoolExecutor.java:635)
	at java.base/java.lang.Thread.run(Thread.java:840)
[2025-11-15 23:53:03.339] ERROR org.alter.game.saving.PlayerSaving - Failed to save player SpideyM: List element cannot be cast to int
java.lang.ClassCastException: List element cannot be cast to int
	at org.bson.Document.constructValuesList(Document.java:402)
	at org.bson.Document.getList(Document.java:369)
	at org.alter.game.saving.PlayerSaving.savePlayer(PlayerSaving.kt:56)
	at org.alter.game.task.AutoSaveTask.performAutoSave$lambda$4(AutoSaveTask.kt:64)
	at org.alter.game.model.PawnList.forEach(PawnList.kt:35)
	at org.alter.game.task.AutoSaveTask.performAutoSave(AutoSaveTask.kt:55)
	at org.alter.game.task.AutoSaveTask.execute(AutoSaveTask.kt:40)
	at org.alter.game.service.GameService.cycle(GameService.kt:192)
	at java.base/java.util.concurrent.Executors$RunnableAdapter.call(Executors.java:539)
	at java.base/java.util.concurrent.FutureTask.runAndReset(FutureTask.java:305)
	at java.base/java.util.concurrent.ScheduledThreadPoolExecutor$ScheduledFutureTask.run(ScheduledThreadPoolExecutor.java:305)
	at java.base/java.util.concurrent.ThreadPoolExecutor.runWorker(ThreadPoolExecutor.java:1136)
	at java.base/java.util.concurrent.ThreadPoolExecutor$Worker.run(ThreadPoolExecutor.java:635)
	at java.base/java.lang.Thread.run(Thread.java:840)
[2025-11-15 23:53:03.339] ERROR org.alter.game.task.AutoSaveTask - Failed to auto-save player 'SpideyM': List element cannot be cast to int
java.lang.ClassCastException: List element cannot be cast to int
	at org.bson.Document.constructValuesList(Document.java:402)
	at org.bson.Document.getList(Document.java:369)
	at org.alter.game.saving.PlayerSaving.savePlayer(PlayerSaving.kt:56)
	at org.alter.game.task.AutoSaveTask.performAutoSave$lambda$4(AutoSaveTask.kt:64)
	at org.alter.game.model.PawnList.forEach(PawnList.kt:35)
	at org.alter.game.task.AutoSaveTask.performAutoSave(AutoSaveTask.kt:55)
	at org.alter.game.task.AutoSaveTask.execute(AutoSaveTask.kt:40)
	at org.alter.game.service.GameService.cycle(GameService.kt:192)
	at java.base/java.util.concurrent.Executors$RunnableAdapter.call(Executors.java:539)
	at java.base/java.util.concurrent.FutureTask.runAndReset(FutureTask.java:305)
	at java.base/java.util.concurrent.ScheduledThreadPoolExecutor$ScheduledFutureTask.run(ScheduledThreadPoolExecutor.java:305)
	at java.base/java.util.concurrent.ThreadPoolExecutor.runWorker(ThreadPoolExecutor.java:1136)
	at java.base/java.util.concurrent.ThreadPoolExecutor$Worker.run(ThreadPoolExecutor.java:635)
	at java.base/java.lang.Thread.run(Thread.java:840)
[2025-11-15 23:53:03.339] WARN  org.alter.game.task.AutoSaveTask - Auto-save attempted but no players were saved (3 players online)
[2025-11-15 23:53:33.342] ERROR org.alter.game.saving.PlayerSaving - Failed to serialize details for player DragonM
java.lang.ClassCastException: List element cannot be cast to int
	at org.bson.Document.constructValuesList(Document.java:402)
	at org.bson.Document.getList(Document.java:369)
	at org.alter.game.saving.PlayerSaving.savePlayer(PlayerSaving.kt:56)
	at org.alter.game.task.AutoSaveTask.performAutoSave$lambda$4(AutoSaveTask.kt:64)
	at org.alter.game.model.PawnList.forEach(PawnList.kt:35)
	at org.alter.game.task.AutoSaveTask.performAutoSave(AutoSaveTask.kt:55)
	at org.alter.game.task.AutoSaveTask.execute(AutoSaveTask.kt:40)
	at org.alter.game.service.GameService.cycle(GameService.kt:192)
	at java.base/java.util.concurrent.Executors$RunnableAdapter.call(Executors.java:539)
	at java.base/java.util.concurrent.FutureTask.runAndReset(FutureTask.java:305)
	at java.base/java.util.concurrent.ScheduledThreadPoolExecutor$ScheduledFutureTask.run(ScheduledThreadPoolExecutor.java:305)
	at java.base/java.util.concurrent.ThreadPoolExecutor.runWorker(ThreadPoolExecutor.java:1136)
	at java.base/java.util.concurrent.ThreadPoolExecutor$Worker.run(ThreadPoolExecutor.java:635)
	at java.base/java.lang.Thread.run(Thread.java:840)
[2025-11-15 23:53:33.342] ERROR org.alter.game.saving.PlayerSaving - Failed to save player DragonM: List element cannot be cast to int
java.lang.ClassCastException: List element cannot be cast to int
	at org.bson.Document.constructValuesList(Document.java:402)
	at org.bson.Document.getList(Document.java:369)
	at org.alter.game.saving.PlayerSaving.savePlayer(PlayerSaving.kt:56)
	at org.alter.game.task.AutoSaveTask.performAutoSave$lambda$4(AutoSaveTask.kt:64)
	at org.alter.game.model.PawnList.forEach(PawnList.kt:35)
	at org.alter.game.task.AutoSaveTask.performAutoSave(AutoSaveTask.kt:55)
	at org.alter.game.task.AutoSaveTask.execute(AutoSaveTask.kt:40)
	at org.alter.game.service.GameService.cycle(GameService.kt:192)
	at java.base/java.util.concurrent.Executors$RunnableAdapter.call(Executors.java:539)
	at java.base/java.util.concurrent.FutureTask.runAndReset(FutureTask.java:305)
	at java.base/java.util.concurrent.ScheduledThreadPoolExecutor$ScheduledFutureTask.run(ScheduledThreadPoolExecutor.java:305)
	at java.base/java.util.concurrent.ThreadPoolExecutor.runWorker(ThreadPoolExecutor.java:1136)
	at java.base/java.util.concurrent.ThreadPoolExecutor$Worker.run(ThreadPoolExecutor.java:635)
	at java.base/java.lang.Thread.run(Thread.java:840)
[2025-11-15 23:53:33.342] ERROR org.alter.game.task.AutoSaveTask - Failed to auto-save player 'DragonM': List element cannot be cast to int
java.lang.ClassCastException: List element cannot be cast to int
	at org.bson.Document.constructValuesList(Document.java:402)
	at org.bson.Document.getList(Document.java:369)
	at org.alter.game.saving.PlayerSaving.savePlayer(PlayerSaving.kt:56)
	at org.alter.game.task.AutoSaveTask.performAutoSave$lambda$4(AutoSaveTask.kt:64)
	at org.alter.game.model.PawnList.forEach(PawnList.kt:35)
	at org.alter.game.task.AutoSaveTask.performAutoSave(AutoSaveTask.kt:55)
	at org.alter.game.task.AutoSaveTask.execute(AutoSaveTask.kt:40)
	at org.alter.game.service.GameService.cycle(GameService.kt:192)
	at java.base/java.util.concurrent.Executors$RunnableAdapter.call(Executors.java:539)
	at java.base/java.util.concurrent.FutureTask.runAndReset(FutureTask.java:305)
	at java.base/java.util.concurrent.ScheduledThreadPoolExecutor$ScheduledFutureTask.run(ScheduledThreadPoolExecutor.java:305)
	at java.base/java.util.concurrent.ThreadPoolExecutor.runWorker(ThreadPoolExecutor.java:1136)
	at java.base/java.util.concurrent.ThreadPoolExecutor$Worker.run(ThreadPoolExecutor.java:635)
	at java.base/java.lang.Thread.run(Thread.java:840)
[2025-11-15 23:53:33.342] ERROR org.alter.game.saving.PlayerSaving - Failed to serialize details for player Pnda
java.lang.ClassCastException: List element cannot be cast to int
	at org.bson.Document.constructValuesList(Document.java:402)
	at org.bson.Document.getList(Document.java:369)
	at org.alter.game.saving.PlayerSaving.savePlayer(PlayerSaving.kt:56)
	at org.alter.game.task.AutoSaveTask.performAutoSave$lambda$4(AutoSaveTask.kt:64)
	at org.alter.game.model.PawnList.forEach(PawnList.kt:35)
	at org.alter.game.task.AutoSaveTask.performAutoSave(AutoSaveTask.kt:55)
	at org.alter.game.task.AutoSaveTask.execute(AutoSaveTask.kt:40)
	at org.alter.game.service.GameService.cycle(GameService.kt:192)
	at java.base/java.util.concurrent.Executors$RunnableAdapter.call(Executors.java:539)
	at java.base/java.util.concurrent.FutureTask.runAndReset(FutureTask.java:305)
	at java.base/java.util.concurrent.ScheduledThreadPoolExecutor$ScheduledFutureTask.run(ScheduledThreadPoolExecutor.java:305)
	at java.base/java.util.concurrent.ThreadPoolExecutor.runWorker(ThreadPoolExecutor.java:1136)
	at java.base/java.util.concurrent.ThreadPoolExecutor$Worker.run(ThreadPoolExecutor.java:635)
	at java.base/java.lang.Thread.run(Thread.java:840)
[2025-11-15 23:53:33.343] ERROR org.alter.game.saving.PlayerSaving - Failed to save player Pnda: List element cannot be cast to int
java.lang.ClassCastException: List element cannot be cast to int
	at org.bson.Document.constructValuesList(Document.java:402)
	at org.bson.Document.getList(Document.java:369)
	at org.alter.game.saving.PlayerSaving.savePlayer(PlayerSaving.kt:56)
	at org.alter.game.task.AutoSaveTask.performAutoSave$lambda$4(AutoSaveTask.kt:64)
	at org.alter.game.model.PawnList.forEach(PawnList.kt:35)
	at org.alter.game.task.AutoSaveTask.performAutoSave(AutoSaveTask.kt:55)
	at org.alter.game.task.AutoSaveTask.execute(AutoSaveTask.kt:40)
	at org.alter.game.service.GameService.cycle(GameService.kt:192)
	at java.base/java.util.concurrent.Executors$RunnableAdapter.call(Executors.java:539)
	at java.base/java.util.concurrent.FutureTask.runAndReset(FutureTask.java:305)
	at java.base/java.util.concurrent.ScheduledThreadPoolExecutor$ScheduledFutureTask.run(ScheduledThreadPoolExecutor.java:305)
	at java.base/java.util.concurrent.ThreadPoolExecutor.runWorker(ThreadPoolExecutor.java:1136)
	at java.base/java.util.concurrent.ThreadPoolExecutor$Worker.run(ThreadPoolExecutor.java:635)
	at java.base/java.lang.Thread.run(Thread.java:840)
[2025-11-15 23:53:33.343] ERROR org.alter.game.task.AutoSaveTask - Failed to auto-save player 'Pnda': List element cannot be cast to int
java.lang.ClassCastException: List element cannot be cast to int
	at org.bson.Document.constructValuesList(Document.java:402)
	at org.bson.Document.getList(Document.java:369)
	at org.alter.game.saving.PlayerSaving.savePlayer(PlayerSaving.kt:56)
	at org.alter.game.task.AutoSaveTask.performAutoSave$lambda$4(AutoSaveTask.kt:64)
	at org.alter.game.model.PawnList.forEach(PawnList.kt:35)
	at org.alter.game.task.AutoSaveTask.performAutoSave(AutoSaveTask.kt:55)
	at org.alter.game.task.AutoSaveTask.execute(AutoSaveTask.kt:40)
	at org.alter.game.service.GameService.cycle(GameService.kt:192)
	at java.base/java.util.concurrent.Executors$RunnableAdapter.call(Executors.java:539)
	at java.base/java.util.concurrent.FutureTask.runAndReset(FutureTask.java:305)
	at java.base/java.util.concurrent.ScheduledThreadPoolExecutor$ScheduledFutureTask.run(ScheduledThreadPoolExecutor.java:305)
	at java.base/java.util.concurrent.ThreadPoolExecutor.runWorker(ThreadPoolExecutor.java:1136)
	at java.base/java.util.concurrent.ThreadPoolExecutor$Worker.run(ThreadPoolExecutor.java:635)
	at java.base/java.lang.Thread.run(Thread.java:840)
[2025-11-15 23:53:33.343] ERROR org.alter.game.saving.PlayerSaving - Failed to serialize details for player SpideyM
java.lang.ClassCastException: List element cannot be cast to int
	at org.bson.Document.constructValuesList(Document.java:402)
	at org.bson.Document.getList(Document.java:369)
	at org.alter.game.saving.PlayerSaving.savePlayer(PlayerSaving.kt:56)
	at org.alter.game.task.AutoSaveTask.performAutoSave$lambda$4(AutoSaveTask.kt:64)
	at org.alter.game.model.PawnList.forEach(PawnList.kt:35)
	at org.alter.game.task.AutoSaveTask.performAutoSave(AutoSaveTask.kt:55)
	at org.alter.game.task.AutoSaveTask.execute(AutoSaveTask.kt:40)
	at org.alter.game.service.GameService.cycle(GameService.kt:192)
	at java.base/java.util.concurrent.Executors$RunnableAdapter.call(Executors.java:539)
	at java.base/java.util.concurrent.FutureTask.runAndReset(FutureTask.java:305)
	at java.base/java.util.concurrent.ScheduledThreadPoolExecutor$ScheduledFutureTask.run(ScheduledThreadPoolExecutor.java:305)
	at java.base/java.util.concurrent.ThreadPoolExecutor.runWorker(ThreadPoolExecutor.java:1136)
	at java.base/java.util.concurrent.ThreadPoolExecutor$Worker.run(ThreadPoolExecutor.java:635)
	at java.base/java.lang.Thread.run(Thread.java:840)
[2025-11-15 23:53:33.343] ERROR org.alter.game.saving.PlayerSaving - Failed to save player SpideyM: List element cannot be cast to int
java.lang.ClassCastException: List element cannot be cast to int
	at org.bson.Document.constructValuesList(Document.java:402)
	at org.bson.Document.getList(Document.java:369)
	at org.alter.game.saving.PlayerSaving.savePlayer(PlayerSaving.kt:56)
	at org.alter.game.task.AutoSaveTask.performAutoSave$lambda$4(AutoSaveTask.kt:64)
	at org.alter.game.model.PawnList.forEach(PawnList.kt:35)
	at org.alter.game.task.AutoSaveTask.performAutoSave(AutoSaveTask.kt:55)
	at org.alter.game.task.AutoSaveTask.execute(AutoSaveTask.kt:40)
	at org.alter.game.service.GameService.cycle(GameService.kt:192)
	at java.base/java.util.concurrent.Executors$RunnableAdapter.call(Executors.java:539)
	at java.base/java.util.concurrent.FutureTask.runAndReset(FutureTask.java:305)
	at java.base/java.util.concurrent.ScheduledThreadPoolExecutor$ScheduledFutureTask.run(ScheduledThreadPoolExecutor.java:305)
	at java.base/java.util.concurrent.ThreadPoolExecutor.runWorker(ThreadPoolExecutor.java:1136)
	at java.base/java.util.concurrent.ThreadPoolExecutor$Worker.run(ThreadPoolExecutor.java:635)
	at java.base/java.lang.Thread.run(Thread.java:840)
[2025-11-15 23:53:33.343] ERROR org.alter.game.task.AutoSaveTask - Failed to auto-save player 'SpideyM': List element cannot be cast to int
java.lang.ClassCastException: List element cannot be cast to int
	at org.bson.Document.constructValuesList(Document.java:402)
	at org.bson.Document.getList(Document.java:369)
	at org.alter.game.saving.PlayerSaving.savePlayer(PlayerSaving.kt:56)
	at org.alter.game.task.AutoSaveTask.performAutoSave$lambda$4(AutoSaveTask.kt:64)
	at org.alter.game.model.PawnList.forEach(PawnList.kt:35)
	at org.alter.game.task.AutoSaveTask.performAutoSave(AutoSaveTask.kt:55)
	at org.alter.game.task.AutoSaveTask.execute(AutoSaveTask.kt:40)
	at org.alter.game.service.GameService.cycle(GameService.kt:192)
	at java.base/java.util.concurrent.Executors$RunnableAdapter.call(Executors.java:539)
	at java.base/java.util.concurrent.FutureTask.runAndReset(FutureTask.java:305)
	at java.base/java.util.concurrent.ScheduledThreadPoolExecutor$ScheduledFutureTask.run(ScheduledThreadPoolExecutor.java:305)
	at java.base/java.util.concurrent.ThreadPoolExecutor.runWorker(ThreadPoolExecutor.java:1136)
	at java.base/java.util.concurrent.ThreadPoolExecutor$Worker.run(ThreadPoolExecutor.java:635)
	at java.base/java.lang.Thread.run(Thread.java:840)
[2025-11-15 23:53:33.343] WARN  org.alter.game.task.AutoSaveTask - Auto-save attempted but no players were saved (3 players online)
[2025-11-15 23:54:03.340] ERROR org.alter.game.saving.PlayerSaving - Failed to serialize details for player DragonM
java.lang.ClassCastException: List element cannot be cast to int
	at org.bson.Document.constructValuesList(Document.java:402)
	at org.bson.Document.getList(Document.java:369)
	at org.alter.game.saving.PlayerSaving.savePlayer(PlayerSaving.kt:56)
	at org.alter.game.task.AutoSaveTask.performAutoSave$lambda$4(AutoSaveTask.kt:64)
	at org.alter.game.model.PawnList.forEach(PawnList.kt:35)
	at org.alter.game.task.AutoSaveTask.performAutoSave(AutoSaveTask.kt:55)
	at org.alter.game.task.AutoSaveTask.execute(AutoSaveTask.kt:40)
	at org.alter.game.service.GameService.cycle(GameService.kt:192)
	at java.base/java.util.concurrent.Executors$RunnableAdapter.call(Executors.java:539)
	at java.base/java.util.concurrent.FutureTask.runAndReset(FutureTask.java:305)
	at java.base/java.util.concurrent.ScheduledThreadPoolExecutor$ScheduledFutureTask.run(ScheduledThreadPoolExecutor.java:305)
	at java.base/java.util.concurrent.ThreadPoolExecutor.runWorker(ThreadPoolExecutor.java:1136)
	at java.base/java.util.concurrent.ThreadPoolExecutor$Worker.run(ThreadPoolExecutor.java:635)
	at java.base/java.lang.Thread.run(Thread.java:840)
[2025-11-15 23:54:03.340] ERROR org.alter.game.saving.PlayerSaving - Failed to save player DragonM: List element cannot be cast to int
java.lang.ClassCastException: List element cannot be cast to int
	at org.bson.Document.constructValuesList(Document.java:402)
	at org.bson.Document.getList(Document.java:369)
	at org.alter.game.saving.PlayerSaving.savePlayer(PlayerSaving.kt:56)
	at org.alter.game.task.AutoSaveTask.performAutoSave$lambda$4(AutoSaveTask.kt:64)
	at org.alter.game.model.PawnList.forEach(PawnList.kt:35)
	at org.alter.game.task.AutoSaveTask.performAutoSave(AutoSaveTask.kt:55)
	at org.alter.game.task.AutoSaveTask.execute(AutoSaveTask.kt:40)
	at org.alter.game.service.GameService.cycle(GameService.kt:192)
	at java.base/java.util.concurrent.Executors$RunnableAdapter.call(Executors.java:539)
	at java.base/java.util.concurrent.FutureTask.runAndReset(FutureTask.java:305)
	at java.base/java.util.concurrent.ScheduledThreadPoolExecutor$ScheduledFutureTask.run(ScheduledThreadPoolExecutor.java:305)
	at java.base/java.util.concurrent.ThreadPoolExecutor.runWorker(ThreadPoolExecutor.java:1136)
	at java.base/java.util.concurrent.ThreadPoolExecutor$Worker.run(ThreadPoolExecutor.java:635)
	at java.base/java.lang.Thread.run(Thread.java:840)
[2025-11-15 23:54:03.340] ERROR org.alter.game.task.AutoSaveTask - Failed to auto-save player 'DragonM': List element cannot be cast to int
java.lang.ClassCastException: List element cannot be cast to int
	at org.bson.Document.constructValuesList(Document.java:402)
	at org.bson.Document.getList(Document.java:369)
	at org.alter.game.saving.PlayerSaving.savePlayer(PlayerSaving.kt:56)
	at org.alter.game.task.AutoSaveTask.performAutoSave$lambda$4(AutoSaveTask.kt:64)
	at org.alter.game.model.PawnList.forEach(PawnList.kt:35)
	at org.alter.game.task.AutoSaveTask.performAutoSave(AutoSaveTask.kt:55)
	at org.alter.game.task.AutoSaveTask.execute(AutoSaveTask.kt:40)
	at org.alter.game.service.GameService.cycle(GameService.kt:192)
	at java.base/java.util.concurrent.Executors$RunnableAdapter.call(Executors.java:539)
	at java.base/java.util.concurrent.FutureTask.runAndReset(FutureTask.java:305)
	at java.base/java.util.concurrent.ScheduledThreadPoolExecutor$ScheduledFutureTask.run(ScheduledThreadPoolExecutor.java:305)
	at java.base/java.util.concurrent.ThreadPoolExecutor.runWorker(ThreadPoolExecutor.java:1136)
	at java.base/java.util.concurrent.ThreadPoolExecutor$Worker.run(ThreadPoolExecutor.java:635)
	at java.base/java.lang.Thread.run(Thread.java:840)
[2025-11-15 23:54:03.340] ERROR org.alter.game.saving.PlayerSaving - Failed to serialize details for player Pnda
java.lang.ClassCastException: List element cannot be cast to int
	at org.bson.Document.constructValuesList(Document.java:402)
	at org.bson.Document.getList(Document.java:369)
	at org.alter.game.saving.PlayerSaving.savePlayer(PlayerSaving.kt:56)
	at org.alter.game.task.AutoSaveTask.performAutoSave$lambda$4(AutoSaveTask.kt:64)
	at org.alter.game.model.PawnList.forEach(PawnList.kt:35)
	at org.alter.game.task.AutoSaveTask.performAutoSave(AutoSaveTask.kt:55)
	at org.alter.game.task.AutoSaveTask.execute(AutoSaveTask.kt:40)
	at org.alter.game.service.GameService.cycle(GameService.kt:192)
	at java.base/java.util.concurrent.Executors$RunnableAdapter.call(Executors.java:539)
	at java.base/java.util.concurrent.FutureTask.runAndReset(FutureTask.java:305)
	at java.base/java.util.concurrent.ScheduledThreadPoolExecutor$ScheduledFutureTask.run(ScheduledThreadPoolExecutor.java:305)
	at java.base/java.util.concurrent.ThreadPoolExecutor.runWorker(ThreadPoolExecutor.java:1136)
	at java.base/java.util.concurrent.ThreadPoolExecutor$Worker.run(ThreadPoolExecutor.java:635)
	at java.base/java.lang.Thread.run(Thread.java:840)
[2025-11-15 23:54:03.340] ERROR org.alter.game.saving.PlayerSaving - Failed to save player Pnda: List element cannot be cast to int
java.lang.ClassCastException: List element cannot be cast to int
	at org.bson.Document.constructValuesList(Document.java:402)
	at org.bson.Document.getList(Document.java:369)
	at org.alter.game.saving.PlayerSaving.savePlayer(PlayerSaving.kt:56)
	at org.alter.game.task.AutoSaveTask.performAutoSave$lambda$4(AutoSaveTask.kt:64)
	at org.alter.game.model.PawnList.forEach(PawnList.kt:35)
	at org.alter.game.task.AutoSaveTask.performAutoSave(AutoSaveTask.kt:55)
	at org.alter.game.task.AutoSaveTask.execute(AutoSaveTask.kt:40)
	at org.alter.game.service.GameService.cycle(GameService.kt:192)
	at java.base/java.util.concurrent.Executors$RunnableAdapter.call(Executors.java:539)
	at java.base/java.util.concurrent.FutureTask.runAndReset(FutureTask.java:305)
	at java.base/java.util.concurrent.ScheduledThreadPoolExecutor$ScheduledFutureTask.run(ScheduledThreadPoolExecutor.java:305)
	at java.base/java.util.concurrent.ThreadPoolExecutor.runWorker(ThreadPoolExecutor.java:1136)
	at java.base/java.util.concurrent.ThreadPoolExecutor$Worker.run(ThreadPoolExecutor.java:635)
	at java.base/java.lang.Thread.run(Thread.java:840)
[2025-11-15 23:54:03.340] ERROR org.alter.game.task.AutoSaveTask - Failed to auto-save player 'Pnda': List element cannot be cast to int
java.lang.ClassCastException: List element cannot be cast to int
	at org.bson.Document.constructValuesList(Document.java:402)
	at org.bson.Document.getList(Document.java:369)
	at org.alter.game.saving.PlayerSaving.savePlayer(PlayerSaving.kt:56)
	at org.alter.game.task.AutoSaveTask.performAutoSave$lambda$4(AutoSaveTask.kt:64)
	at org.alter.game.model.PawnList.forEach(PawnList.kt:35)
	at org.alter.game.task.AutoSaveTask.performAutoSave(AutoSaveTask.kt:55)
	at org.alter.game.task.AutoSaveTask.execute(AutoSaveTask.kt:40)
	at org.alter.game.service.GameService.cycle(GameService.kt:192)
	at java.base/java.util.concurrent.Executors$RunnableAdapter.call(Executors.java:539)
	at java.base/java.util.concurrent.FutureTask.runAndReset(FutureTask.java:305)
	at java.base/java.util.concurrent.ScheduledThreadPoolExecutor$ScheduledFutureTask.run(ScheduledThreadPoolExecutor.java:305)
	at java.base/java.util.concurrent.ThreadPoolExecutor.runWorker(ThreadPoolExecutor.java:1136)
	at java.base/java.util.concurrent.ThreadPoolExecutor$Worker.run(ThreadPoolExecutor.java:635)
	at java.base/java.lang.Thread.run(Thread.java:840)
[2025-11-15 23:54:03.340] ERROR org.alter.game.saving.PlayerSaving - Failed to serialize details for player SpideyM
java.lang.ClassCastException: List element cannot be cast to int
	at org.bson.Document.constructValuesList(Document.java:402)
	at org.bson.Document.getList(Document.java:369)
	at org.alter.game.saving.PlayerSaving.savePlayer(PlayerSaving.kt:56)
	at org.alter.game.task.AutoSaveTask.performAutoSave$lambda$4(AutoSaveTask.kt:64)
	at org.alter.game.model.PawnList.forEach(PawnList.kt:35)
	at org.alter.game.task.AutoSaveTask.performAutoSave(AutoSaveTask.kt:55)
	at org.alter.game.task.AutoSaveTask.execute(AutoSaveTask.kt:40)
	at org.alter.game.service.GameService.cycle(GameService.kt:192)
	at java.base/java.util.concurrent.Executors$RunnableAdapter.call(Executors.java:539)
	at java.base/java.util.concurrent.FutureTask.runAndReset(FutureTask.java:305)
	at java.base/java.util.concurrent.ScheduledThreadPoolExecutor$ScheduledFutureTask.run(ScheduledThreadPoolExecutor.java:305)
	at java.base/java.util.concurrent.ThreadPoolExecutor.runWorker(ThreadPoolExecutor.java:1136)
	at java.base/java.util.concurrent.ThreadPoolExecutor$Worker.run(ThreadPoolExecutor.java:635)
	at java.base/java.lang.Thread.run(Thread.java:840)
[2025-11-15 23:54:03.340] ERROR org.alter.game.saving.PlayerSaving - Failed to save player SpideyM: List element cannot be cast to int
java.lang.ClassCastException: List element cannot be cast to int
	at org.bson.Document.constructValuesList(Document.java:402)
	at org.bson.Document.getList(Document.java:369)
	at org.alter.game.saving.PlayerSaving.savePlayer(PlayerSaving.kt:56)
	at org.alter.game.task.AutoSaveTask.performAutoSave$lambda$4(AutoSaveTask.kt:64)
	at org.alter.game.model.PawnList.forEach(PawnList.kt:35)
	at org.alter.game.task.AutoSaveTask.performAutoSave(AutoSaveTask.kt:55)
	at org.alter.game.task.AutoSaveTask.execute(AutoSaveTask.kt:40)
	at org.alter.game.service.GameService.cycle(GameService.kt:192)
	at java.base/java.util.concurrent.Executors$RunnableAdapter.call(Executors.java:539)
	at java.base/java.util.concurrent.FutureTask.runAndReset(FutureTask.java:305)
	at java.base/java.util.concurrent.ScheduledThreadPoolExecutor$ScheduledFutureTask.run(ScheduledThreadPoolExecutor.java:305)
	at java.base/java.util.concurrent.ThreadPoolExecutor.runWorker(ThreadPoolExecutor.java:1136)
	at java.base/java.util.concurrent.ThreadPoolExecutor$Worker.run(ThreadPoolExecutor.java:635)
	at java.base/java.lang.Thread.run(Thread.java:840)
[2025-11-15 23:54:03.340] ERROR org.alter.game.task.AutoSaveTask - Failed to auto-save player 'SpideyM': List element cannot be cast to int
java.lang.ClassCastException: List element cannot be cast to int
	at org.bson.Document.constructValuesList(Document.java:402)
	at org.bson.Document.getList(Document.java:369)
	at org.alter.game.saving.PlayerSaving.savePlayer(PlayerSaving.kt:56)
	at org.alter.game.task.AutoSaveTask.performAutoSave$lambda$4(AutoSaveTask.kt:64)
	at org.alter.game.model.PawnList.forEach(PawnList.kt:35)
	at org.alter.game.task.AutoSaveTask.performAutoSave(AutoSaveTask.kt:55)
	at org.alter.game.task.AutoSaveTask.execute(AutoSaveTask.kt:40)
	at org.alter.game.service.GameService.cycle(GameService.kt:192)
	at java.base/java.util.concurrent.Executors$RunnableAdapter.call(Executors.java:539)
	at java.base/java.util.concurrent.FutureTask.runAndReset(FutureTask.java:305)
	at java.base/java.util.concurrent.ScheduledThreadPoolExecutor$ScheduledFutureTask.run(ScheduledThreadPoolExecutor.java:305)
	at java.base/java.util.concurrent.ThreadPoolExecutor.runWorker(ThreadPoolExecutor.java:1136)
	at java.base/java.util.concurrent.ThreadPoolExecutor$Worker.run(ThreadPoolExecutor.java:635)
	at java.base/java.lang.Thread.run(Thread.java:840)
[2025-11-15 23:54:03.341] WARN  org.alter.game.task.AutoSaveTask - Auto-save attempted but no players were saved (3 players online)
[2025-11-15 23:54:33.337] ERROR org.alter.game.saving.PlayerSaving - Failed to serialize details for player DragonM
java.lang.ClassCastException: List element cannot be cast to int
	at org.bson.Document.constructValuesList(Document.java:402)
	at org.bson.Document.getList(Document.java:369)
	at org.alter.game.saving.PlayerSaving.savePlayer(PlayerSaving.kt:56)
	at org.alter.game.task.AutoSaveTask.performAutoSave$lambda$4(AutoSaveTask.kt:64)
	at org.alter.game.model.PawnList.forEach(PawnList.kt:35)
	at org.alter.game.task.AutoSaveTask.performAutoSave(AutoSaveTask.kt:55)
	at org.alter.game.task.AutoSaveTask.execute(AutoSaveTask.kt:40)
	at org.alter.game.service.GameService.cycle(GameService.kt:192)
	at java.base/java.util.concurrent.Executors$RunnableAdapter.call(Executors.java:539)
	at java.base/java.util.concurrent.FutureTask.runAndReset(FutureTask.java:305)
	at java.base/java.util.concurrent.ScheduledThreadPoolExecutor$ScheduledFutureTask.run(ScheduledThreadPoolExecutor.java:305)
	at java.base/java.util.concurrent.ThreadPoolExecutor.runWorker(ThreadPoolExecutor.java:1136)
	at java.base/java.util.concurrent.ThreadPoolExecutor$Worker.run(ThreadPoolExecutor.java:635)
	at java.base/java.lang.Thread.run(Thread.java:840)
[2025-11-15 23:54:33.337] ERROR org.alter.game.saving.PlayerSaving - Failed to save player DragonM: List element cannot be cast to int
java.lang.ClassCastException: List element cannot be cast to int
	at org.bson.Document.constructValuesList(Document.java:402)
	at org.bson.Document.getList(Document.java:369)
	at org.alter.game.saving.PlayerSaving.savePlayer(PlayerSaving.kt:56)
	at org.alter.game.task.AutoSaveTask.performAutoSave$lambda$4(AutoSaveTask.kt:64)
	at org.alter.game.model.PawnList.forEach(PawnList.kt:35)
	at org.alter.game.task.AutoSaveTask.performAutoSave(AutoSaveTask.kt:55)
	at org.alter.game.task.AutoSaveTask.execute(AutoSaveTask.kt:40)
	at org.alter.game.service.GameService.cycle(GameService.kt:192)
	at java.base/java.util.concurrent.Executors$RunnableAdapter.call(Executors.java:539)
	at java.base/java.util.concurrent.FutureTask.runAndReset(FutureTask.java:305)
	at java.base/java.util.concurrent.ScheduledThreadPoolExecutor$ScheduledFutureTask.run(ScheduledThreadPoolExecutor.java:305)
	at java.base/java.util.concurrent.ThreadPoolExecutor.runWorker(ThreadPoolExecutor.java:1136)
	at java.base/java.util.concurrent.ThreadPoolExecutor$Worker.run(ThreadPoolExecutor.java:635)
	at java.base/java.lang.Thread.run(Thread.java:840)
[2025-11-15 23:54:33.337] ERROR org.alter.game.task.AutoSaveTask - Failed to auto-save player 'DragonM': List element cannot be cast to int
java.lang.ClassCastException: List element cannot be cast to int
	at org.bson.Document.constructValuesList(Document.java:402)
	at org.bson.Document.getList(Document.java:369)
	at org.alter.game.saving.PlayerSaving.savePlayer(PlayerSaving.kt:56)
	at org.alter.game.task.AutoSaveTask.performAutoSave$lambda$4(AutoSaveTask.kt:64)
	at org.alter.game.model.PawnList.forEach(PawnList.kt:35)
	at org.alter.game.task.AutoSaveTask.performAutoSave(AutoSaveTask.kt:55)
	at org.alter.game.task.AutoSaveTask.execute(AutoSaveTask.kt:40)
	at org.alter.game.service.GameService.cycle(GameService.kt:192)
	at java.base/java.util.concurrent.Executors$RunnableAdapter.call(Executors.java:539)
	at java.base/java.util.concurrent.FutureTask.runAndReset(FutureTask.java:305)
	at java.base/java.util.concurrent.ScheduledThreadPoolExecutor$ScheduledFutureTask.run(ScheduledThreadPoolExecutor.java:305)
	at java.base/java.util.concurrent.ThreadPoolExecutor.runWorker(ThreadPoolExecutor.java:1136)
	at java.base/java.util.concurrent.ThreadPoolExecutor$Worker.run(ThreadPoolExecutor.java:635)
	at java.base/java.lang.Thread.run(Thread.java:840)
[2025-11-15 23:54:33.337] ERROR org.alter.game.saving.PlayerSaving - Failed to serialize details for player Pnda
java.lang.ClassCastException: List element cannot be cast to int
	at org.bson.Document.constructValuesList(Document.java:402)
	at org.bson.Document.getList(Document.java:369)
	at org.alter.game.saving.PlayerSaving.savePlayer(PlayerSaving.kt:56)
	at org.alter.game.task.AutoSaveTask.performAutoSave$lambda$4(AutoSaveTask.kt:64)
	at org.alter.game.model.PawnList.forEach(PawnList.kt:35)
	at org.alter.game.task.AutoSaveTask.performAutoSave(AutoSaveTask.kt:55)
	at org.alter.game.task.AutoSaveTask.execute(AutoSaveTask.kt:40)
	at org.alter.game.service.GameService.cycle(GameService.kt:192)
	at java.base/java.util.concurrent.Executors$RunnableAdapter.call(Executors.java:539)
	at java.base/java.util.concurrent.FutureTask.runAndReset(FutureTask.java:305)
	at java.base/java.util.concurrent.ScheduledThreadPoolExecutor$ScheduledFutureTask.run(ScheduledThreadPoolExecutor.java:305)
	at java.base/java.util.concurrent.ThreadPoolExecutor.runWorker(ThreadPoolExecutor.java:1136)
	at java.base/java.util.concurrent.ThreadPoolExecutor$Worker.run(ThreadPoolExecutor.java:635)
	at java.base/java.lang.Thread.run(Thread.java:840)
[2025-11-15 23:54:33.337] ERROR org.alter.game.saving.PlayerSaving - Failed to save player Pnda: List element cannot be cast to int
java.lang.ClassCastException: List element cannot be cast to int
	at org.bson.Document.constructValuesList(Document.java:402)
	at org.bson.Document.getList(Document.java:369)
	at org.alter.game.saving.PlayerSaving.savePlayer(PlayerSaving.kt:56)
	at org.alter.game.task.AutoSaveTask.performAutoSave$lambda$4(AutoSaveTask.kt:64)
	at org.alter.game.model.PawnList.forEach(PawnList.kt:35)
	at org.alter.game.task.AutoSaveTask.performAutoSave(AutoSaveTask.kt:55)
	at org.alter.game.task.AutoSaveTask.execute(AutoSaveTask.kt:40)
	at org.alter.game.service.GameService.cycle(GameService.kt:192)
	at java.base/java.util.concurrent.Executors$RunnableAdapter.call(Executors.java:539)
	at java.base/java.util.concurrent.FutureTask.runAndReset(FutureTask.java:305)
	at java.base/java.util.concurrent.ScheduledThreadPoolExecutor$ScheduledFutureTask.run(ScheduledThreadPoolExecutor.java:305)
	at java.base/java.util.concurrent.ThreadPoolExecutor.runWorker(ThreadPoolExecutor.java:1136)
	at java.base/java.util.concurrent.ThreadPoolExecutor$Worker.run(ThreadPoolExecutor.java:635)
	at java.base/java.lang.Thread.run(Thread.java:840)
[2025-11-15 23:54:33.337] ERROR org.alter.game.task.AutoSaveTask - Failed to auto-save player 'Pnda': List element cannot be cast to int
java.lang.ClassCastException: List element cannot be cast to int
	at org.bson.Document.constructValuesList(Document.java:402)
	at org.bson.Document.getList(Document.java:369)
	at org.alter.game.saving.PlayerSaving.savePlayer(PlayerSaving.kt:56)
	at org.alter.game.task.AutoSaveTask.performAutoSave$lambda$4(AutoSaveTask.kt:64)
	at org.alter.game.model.PawnList.forEach(PawnList.kt:35)
	at org.alter.game.task.AutoSaveTask.performAutoSave(AutoSaveTask.kt:55)
	at org.alter.game.task.AutoSaveTask.execute(AutoSaveTask.kt:40)
	at org.alter.game.service.GameService.cycle(GameService.kt:192)
	at java.base/java.util.concurrent.Executors$RunnableAdapter.call(Executors.java:539)
	at java.base/java.util.concurrent.FutureTask.runAndReset(FutureTask.java:305)
	at java.base/java.util.concurrent.ScheduledThreadPoolExecutor$ScheduledFutureTask.run(ScheduledThreadPoolExecutor.java:305)
	at java.base/java.util.concurrent.ThreadPoolExecutor.runWorker(ThreadPoolExecutor.java:1136)
	at java.base/java.util.concurrent.ThreadPoolExecutor$Worker.run(ThreadPoolExecutor.java:635)
	at java.base/java.lang.Thread.run(Thread.java:840)
[2025-11-15 23:54:33.338] ERROR org.alter.game.saving.PlayerSaving - Failed to serialize details for player SpideyM
java.lang.ClassCastException: List element cannot be cast to int
	at org.bson.Document.constructValuesList(Document.java:402)
	at org.bson.Document.getList(Document.java:369)
	at org.alter.game.saving.PlayerSaving.savePlayer(PlayerSaving.kt:56)
	at org.alter.game.task.AutoSaveTask.performAutoSave$lambda$4(AutoSaveTask.kt:64)
	at org.alter.game.model.PawnList.forEach(PawnList.kt:35)
	at org.alter.game.task.AutoSaveTask.performAutoSave(AutoSaveTask.kt:55)
	at org.alter.game.task.AutoSaveTask.execute(AutoSaveTask.kt:40)
	at org.alter.game.service.GameService.cycle(GameService.kt:192)
	at java.base/java.util.concurrent.Executors$RunnableAdapter.call(Executors.java:539)
	at java.base/java.util.concurrent.FutureTask.runAndReset(FutureTask.java:305)
	at java.base/java.util.concurrent.ScheduledThreadPoolExecutor$ScheduledFutureTask.run(ScheduledThreadPoolExecutor.java:305)
	at java.base/java.util.concurrent.ThreadPoolExecutor.runWorker(ThreadPoolExecutor.java:1136)
	at java.base/java.util.concurrent.ThreadPoolExecutor$Worker.run(ThreadPoolExecutor.java:635)
	at java.base/java.lang.Thread.run(Thread.java:840)
[2025-11-15 23:54:33.338] ERROR org.alter.game.saving.PlayerSaving - Failed to save player SpideyM: List element cannot be cast to int
java.lang.ClassCastException: List element cannot be cast to int
	at org.bson.Document.constructValuesList(Document.java:402)
	at org.bson.Document.getList(Document.java:369)
	at org.alter.game.saving.PlayerSaving.savePlayer(PlayerSaving.kt:56)
	at org.alter.game.task.AutoSaveTask.performAutoSave$lambda$4(AutoSaveTask.kt:64)
	at org.alter.game.model.PawnList.forEach(PawnList.kt:35)
	at org.alter.game.task.AutoSaveTask.performAutoSave(AutoSaveTask.kt:55)
	at org.alter.game.task.AutoSaveTask.execute(AutoSaveTask.kt:40)
	at org.alter.game.service.GameService.cycle(GameService.kt:192)
	at java.base/java.util.concurrent.Executors$RunnableAdapter.call(Executors.java:539)
	at java.base/java.util.concurrent.FutureTask.runAndReset(FutureTask.java:305)
	at java.base/java.util.concurrent.ScheduledThreadPoolExecutor$ScheduledFutureTask.run(ScheduledThreadPoolExecutor.java:305)
	at java.base/java.util.concurrent.ThreadPoolExecutor.runWorker(ThreadPoolExecutor.java:1136)
	at java.base/java.util.concurrent.ThreadPoolExecutor$Worker.run(ThreadPoolExecutor.java:635)
	at java.base/java.lang.Thread.run(Thread.java:840)
[2025-11-15 23:54:33.338] ERROR org.alter.game.task.AutoSaveTask - Failed to auto-save player 'SpideyM': List element cannot be cast to int
java.lang.ClassCastException: List element cannot be cast to int
	at org.bson.Document.constructValuesList(Document.java:402)
	at org.bson.Document.getList(Document.java:369)
	at org.alter.game.saving.PlayerSaving.savePlayer(PlayerSaving.kt:56)
	at org.alter.game.task.AutoSaveTask.performAutoSave$lambda$4(AutoSaveTask.kt:64)
	at org.alter.game.model.PawnList.forEach(PawnList.kt:35)
	at org.alter.game.task.AutoSaveTask.performAutoSave(AutoSaveTask.kt:55)
	at org.alter.game.task.AutoSaveTask.execute(AutoSaveTask.kt:40)
	at org.alter.game.service.GameService.cycle(GameService.kt:192)
	at java.base/java.util.concurrent.Executors$RunnableAdapter.call(Executors.java:539)
	at java.base/java.util.concurrent.FutureTask.runAndReset(FutureTask.java:305)
	at java.base/java.util.concurrent.ScheduledThreadPoolExecutor$ScheduledFutureTask.run(ScheduledThreadPoolExecutor.java:305)
	at java.base/java.util.concurrent.ThreadPoolExecutor.runWorker(ThreadPoolExecutor.java:1136)
	at java.base/java.util.concurrent.ThreadPoolExecutor$Worker.run(ThreadPoolExecutor.java:635)
	at java.base/java.lang.Thread.run(Thread.java:840)
[2025-11-15 23:54:33.338] WARN  org.alter.game.task.AutoSaveTask - Auto-save attempted but no players were saved (3 players online)
[2025-11-15 23:55:03.334] ERROR org.alter.game.saving.PlayerSaving - Failed to serialize details for player DragonM
java.lang.ClassCastException: List element cannot be cast to int
	at org.bson.Document.constructValuesList(Document.java:402)
	at org.bson.Document.getList(Document.java:369)
	at org.alter.game.saving.PlayerSaving.savePlayer(PlayerSaving.kt:56)
	at org.alter.game.task.AutoSaveTask.performAutoSave$lambda$4(AutoSaveTask.kt:64)
	at org.alter.game.model.PawnList.forEach(PawnList.kt:35)
	at org.alter.game.task.AutoSaveTask.performAutoSave(AutoSaveTask.kt:55)
	at org.alter.game.task.AutoSaveTask.execute(AutoSaveTask.kt:40)
	at org.alter.game.service.GameService.cycle(GameService.kt:192)
	at java.base/java.util.concurrent.Executors$RunnableAdapter.call(Executors.java:539)
	at java.base/java.util.concurrent.FutureTask.runAndReset(FutureTask.java:305)
	at java.base/java.util.concurrent.ScheduledThreadPoolExecutor$ScheduledFutureTask.run(ScheduledThreadPoolExecutor.java:305)
	at java.base/java.util.concurrent.ThreadPoolExecutor.runWorker(ThreadPoolExecutor.java:1136)
	at java.base/java.util.concurrent.ThreadPoolExecutor$Worker.run(ThreadPoolExecutor.java:635)
	at java.base/java.lang.Thread.run(Thread.java:840)
[2025-11-15 23:55:03.335] ERROR org.alter.game.saving.PlayerSaving - Failed to save player DragonM: List element cannot be cast to int
java.lang.ClassCastException: List element cannot be cast to int
	at org.bson.Document.constructValuesList(Document.java:402)
	at org.bson.Document.getList(Document.java:369)
	at org.alter.game.saving.PlayerSaving.savePlayer(PlayerSaving.kt:56)
	at org.alter.game.task.AutoSaveTask.performAutoSave$lambda$4(AutoSaveTask.kt:64)
	at org.alter.game.model.PawnList.forEach(PawnList.kt:35)
	at org.alter.game.task.AutoSaveTask.performAutoSave(AutoSaveTask.kt:55)
	at org.alter.game.task.AutoSaveTask.execute(AutoSaveTask.kt:40)
	at org.alter.game.service.GameService.cycle(GameService.kt:192)
	at java.base/java.util.concurrent.Executors$RunnableAdapter.call(Executors.java:539)
	at java.base/java.util.concurrent.FutureTask.runAndReset(FutureTask.java:305)
	at java.base/java.util.concurrent.ScheduledThreadPoolExecutor$ScheduledFutureTask.run(ScheduledThreadPoolExecutor.java:305)
	at java.base/java.util.concurrent.ThreadPoolExecutor.runWorker(ThreadPoolExecutor.java:1136)
	at java.base/java.util.concurrent.ThreadPoolExecutor$Worker.run(ThreadPoolExecutor.java:635)
	at java.base/java.lang.Thread.run(Thread.java:840)
[2025-11-15 23:55:03.335] ERROR org.alter.game.task.AutoSaveTask - Failed to auto-save player 'DragonM': List element cannot be cast to int
java.lang.ClassCastException: List element cannot be cast to int
	at org.bson.Document.constructValuesList(Document.java:402)
	at org.bson.Document.getList(Document.java:369)
	at org.alter.game.saving.PlayerSaving.savePlayer(PlayerSaving.kt:56)
	at org.alter.game.task.AutoSaveTask.performAutoSave$lambda$4(AutoSaveTask.kt:64)
	at org.alter.game.model.PawnList.forEach(PawnList.kt:35)
	at org.alter.game.task.AutoSaveTask.performAutoSave(AutoSaveTask.kt:55)
	at org.alter.game.task.AutoSaveTask.execute(AutoSaveTask.kt:40)
	at org.alter.game.service.GameService.cycle(GameService.kt:192)
	at java.base/java.util.concurrent.Executors$RunnableAdapter.call(Executors.java:539)
	at java.base/java.util.concurrent.FutureTask.runAndReset(FutureTask.java:305)
	at java.base/java.util.concurrent.ScheduledThreadPoolExecutor$ScheduledFutureTask.run(ScheduledThreadPoolExecutor.java:305)
	at java.base/java.util.concurrent.ThreadPoolExecutor.runWorker(ThreadPoolExecutor.java:1136)
	at java.base/java.util.concurrent.ThreadPoolExecutor$Worker.run(ThreadPoolExecutor.java:635)
	at java.base/java.lang.Thread.run(Thread.java:840)
[2025-11-15 23:55:03.335] ERROR org.alter.game.saving.PlayerSaving - Failed to serialize details for player Pnda
java.lang.ClassCastException: List element cannot be cast to int
	at org.bson.Document.constructValuesList(Document.java:402)
	at org.bson.Document.getList(Document.java:369)
	at org.alter.game.saving.PlayerSaving.savePlayer(PlayerSaving.kt:56)
	at org.alter.game.task.AutoSaveTask.performAutoSave$lambda$4(AutoSaveTask.kt:64)
	at org.alter.game.model.PawnList.forEach(PawnList.kt:35)
	at org.alter.game.task.AutoSaveTask.performAutoSave(AutoSaveTask.kt:55)
	at org.alter.game.task.AutoSaveTask.execute(AutoSaveTask.kt:40)
	at org.alter.game.service.GameService.cycle(GameService.kt:192)
	at java.base/java.util.concurrent.Executors$RunnableAdapter.call(Executors.java:539)
	at java.base/java.util.concurrent.FutureTask.runAndReset(FutureTask.java:305)
	at java.base/java.util.concurrent.ScheduledThreadPoolExecutor$ScheduledFutureTask.run(ScheduledThreadPoolExecutor.java:305)
	at java.base/java.util.concurrent.ThreadPoolExecutor.runWorker(ThreadPoolExecutor.java:1136)
	at java.base/java.util.concurrent.ThreadPoolExecutor$Worker.run(ThreadPoolExecutor.java:635)
	at java.base/java.lang.Thread.run(Thread.java:840)
[2025-11-15 23:55:03.335] ERROR org.alter.game.saving.PlayerSaving - Failed to save player Pnda: List element cannot be cast to int
java.lang.ClassCastException: List element cannot be cast to int
	at org.bson.Document.constructValuesList(Document.java:402)
	at org.bson.Document.getList(Document.java:369)
	at org.alter.game.saving.PlayerSaving.savePlayer(PlayerSaving.kt:56)
	at org.alter.game.task.AutoSaveTask.performAutoSave$lambda$4(AutoSaveTask.kt:64)
	at org.alter.game.model.PawnList.forEach(PawnList.kt:35)
	at org.alter.game.task.AutoSaveTask.performAutoSave(AutoSaveTask.kt:55)
	at org.alter.game.task.AutoSaveTask.execute(AutoSaveTask.kt:40)
	at org.alter.game.service.GameService.cycle(GameService.kt:192)
	at java.base/java.util.concurrent.Executors$RunnableAdapter.call(Executors.java:539)
	at java.base/java.util.concurrent.FutureTask.runAndReset(FutureTask.java:305)
	at java.base/java.util.concurrent.ScheduledThreadPoolExecutor$ScheduledFutureTask.run(ScheduledThreadPoolExecutor.java:305)
	at java.base/java.util.concurrent.ThreadPoolExecutor.runWorker(ThreadPoolExecutor.java:1136)
	at java.base/java.util.concurrent.ThreadPoolExecutor$Worker.run(ThreadPoolExecutor.java:635)
	at java.base/java.lang.Thread.run(Thread.java:840)
[2025-11-15 23:55:03.335] ERROR org.alter.game.task.AutoSaveTask - Failed to auto-save player 'Pnda': List element cannot be cast to int
java.lang.ClassCastException: List element cannot be cast to int
	at org.bson.Document.constructValuesList(Document.java:402)
	at org.bson.Document.getList(Document.java:369)
	at org.alter.game.saving.PlayerSaving.savePlayer(PlayerSaving.kt:56)
	at org.alter.game.task.AutoSaveTask.performAutoSave$lambda$4(AutoSaveTask.kt:64)
	at org.alter.game.model.PawnList.forEach(PawnList.kt:35)
	at org.alter.game.task.AutoSaveTask.performAutoSave(AutoSaveTask.kt:55)
	at org.alter.game.task.AutoSaveTask.execute(AutoSaveTask.kt:40)
	at org.alter.game.service.GameService.cycle(GameService.kt:192)
	at java.base/java.util.concurrent.Executors$RunnableAdapter.call(Executors.java:539)
	at java.base/java.util.concurrent.FutureTask.runAndReset(FutureTask.java:305)
	at java.base/java.util.concurrent.ScheduledThreadPoolExecutor$ScheduledFutureTask.run(ScheduledThreadPoolExecutor.java:305)
	at java.base/java.util.concurrent.ThreadPoolExecutor.runWorker(ThreadPoolExecutor.java:1136)
	at java.base/java.util.concurrent.ThreadPoolExecutor$Worker.run(ThreadPoolExecutor.java:635)
	at java.base/java.lang.Thread.run(Thread.java:840)
[2025-11-15 23:55:03.335] ERROR org.alter.game.saving.PlayerSaving - Failed to serialize details for player SpideyM
java.lang.ClassCastException: List element cannot be cast to int
	at org.bson.Document.constructValuesList(Document.java:402)
	at org.bson.Document.getList(Document.java:369)
	at org.alter.game.saving.PlayerSaving.savePlayer(PlayerSaving.kt:56)
	at org.alter.game.task.AutoSaveTask.performAutoSave$lambda$4(AutoSaveTask.kt:64)
	at org.alter.game.model.PawnList.forEach(PawnList.kt:35)
	at org.alter.game.task.AutoSaveTask.performAutoSave(AutoSaveTask.kt:55)
	at org.alter.game.task.AutoSaveTask.execute(AutoSaveTask.kt:40)
	at org.alter.game.service.GameService.cycle(GameService.kt:192)
	at java.base/java.util.concurrent.Executors$RunnableAdapter.call(Executors.java:539)
	at java.base/java.util.concurrent.FutureTask.runAndReset(FutureTask.java:305)
	at java.base/java.util.concurrent.ScheduledThreadPoolExecutor$ScheduledFutureTask.run(ScheduledThreadPoolExecutor.java:305)
	at java.base/java.util.concurrent.ThreadPoolExecutor.runWorker(ThreadPoolExecutor.java:1136)
	at java.base/java.util.concurrent.ThreadPoolExecutor$Worker.run(ThreadPoolExecutor.java:635)
	at java.base/java.lang.Thread.run(Thread.java:840)
[2025-11-15 23:55:03.335] ERROR org.alter.game.saving.PlayerSaving - Failed to save player SpideyM: List element cannot be cast to int
java.lang.ClassCastException: List element cannot be cast to int
	at org.bson.Document.constructValuesList(Document.java:402)
	at org.bson.Document.getList(Document.java:369)
	at org.alter.game.saving.PlayerSaving.savePlayer(PlayerSaving.kt:56)
	at org.alter.game.task.AutoSaveTask.performAutoSave$lambda$4(AutoSaveTask.kt:64)
	at org.alter.game.model.PawnList.forEach(PawnList.kt:35)
	at org.alter.game.task.AutoSaveTask.performAutoSave(AutoSaveTask.kt:55)
	at org.alter.game.task.AutoSaveTask.execute(AutoSaveTask.kt:40)
	at org.alter.game.service.GameService.cycle(GameService.kt:192)
	at java.base/java.util.concurrent.Executors$RunnableAdapter.call(Executors.java:539)
	at java.base/java.util.concurrent.FutureTask.runAndReset(FutureTask.java:305)
	at java.base/java.util.concurrent.ScheduledThreadPoolExecutor$ScheduledFutureTask.run(ScheduledThreadPoolExecutor.java:305)
	at java.base/java.util.concurrent.ThreadPoolExecutor.runWorker(ThreadPoolExecutor.java:1136)
	at java.base/java.util.concurrent.ThreadPoolExecutor$Worker.run(ThreadPoolExecutor.java:635)
	at java.base/java.lang.Thread.run(Thread.java:840)
[2025-11-15 23:55:03.336] ERROR org.alter.game.task.AutoSaveTask - Failed to auto-save player 'SpideyM': List element cannot be cast to int
java.lang.ClassCastException: List element cannot be cast to int
	at org.bson.Document.constructValuesList(Document.java:402)
	at org.bson.Document.getList(Document.java:369)
	at org.alter.game.saving.PlayerSaving.savePlayer(PlayerSaving.kt:56)
	at org.alter.game.task.AutoSaveTask.performAutoSave$lambda$4(AutoSaveTask.kt:64)
	at org.alter.game.model.PawnList.forEach(PawnList.kt:35)
	at org.alter.game.task.AutoSaveTask.performAutoSave(AutoSaveTask.kt:55)
	at org.alter.game.task.AutoSaveTask.execute(AutoSaveTask.kt:40)
	at org.alter.game.service.GameService.cycle(GameService.kt:192)
	at java.base/java.util.concurrent.Executors$RunnableAdapter.call(Executors.java:539)
	at java.base/java.util.concurrent.FutureTask.runAndReset(FutureTask.java:305)
	at java.base/java.util.concurrent.ScheduledThreadPoolExecutor$ScheduledFutureTask.run(ScheduledThreadPoolExecutor.java:305)
	at java.base/java.util.concurrent.ThreadPoolExecutor.runWorker(ThreadPoolExecutor.java:1136)
	at java.base/java.util.concurrent.ThreadPoolExecutor$Worker.run(ThreadPoolExecutor.java:635)
	at java.base/java.lang.Thread.run(Thread.java:840)
[2025-11-15 23:55:03.336] WARN  org.alter.game.task.AutoSaveTask - Auto-save attempted but no players were saved (3 players online)
[2025-11-15 23:55:33.339] ERROR org.alter.game.saving.PlayerSaving - Failed to serialize details for player DragonM
java.lang.ClassCastException: List element cannot be cast to int
	at org.bson.Document.constructValuesList(Document.java:402)
	at org.bson.Document.getList(Document.java:369)
	at org.alter.game.saving.PlayerSaving.savePlayer(PlayerSaving.kt:56)
	at org.alter.game.task.AutoSaveTask.performAutoSave$lambda$4(AutoSaveTask.kt:64)
	at org.alter.game.model.PawnList.forEach(PawnList.kt:35)
	at org.alter.game.task.AutoSaveTask.performAutoSave(AutoSaveTask.kt:55)
	at org.alter.game.task.AutoSaveTask.execute(AutoSaveTask.kt:40)
	at org.alter.game.service.GameService.cycle(GameService.kt:192)
	at java.base/java.util.concurrent.Executors$RunnableAdapter.call(Executors.java:539)
	at java.base/java.util.concurrent.FutureTask.runAndReset(FutureTask.java:305)
	at java.base/java.util.concurrent.ScheduledThreadPoolExecutor$ScheduledFutureTask.run(ScheduledThreadPoolExecutor.java:305)
	at java.base/java.util.concurrent.ThreadPoolExecutor.runWorker(ThreadPoolExecutor.java:1136)
	at java.base/java.util.concurrent.ThreadPoolExecutor$Worker.run(ThreadPoolExecutor.java:635)
	at java.base/java.lang.Thread.run(Thread.java:840)
[2025-11-15 23:55:33.340] ERROR org.alter.game.saving.PlayerSaving - Failed to save player DragonM: List element cannot be cast to int
java.lang.ClassCastException: List element cannot be cast to int
	at org.bson.Document.constructValuesList(Document.java:402)
	at org.bson.Document.getList(Document.java:369)
	at org.alter.game.saving.PlayerSaving.savePlayer(PlayerSaving.kt:56)
	at org.alter.game.task.AutoSaveTask.performAutoSave$lambda$4(AutoSaveTask.kt:64)
	at org.alter.game.model.PawnList.forEach(PawnList.kt:35)
	at org.alter.game.task.AutoSaveTask.performAutoSave(AutoSaveTask.kt:55)
	at org.alter.game.task.AutoSaveTask.execute(AutoSaveTask.kt:40)
	at org.alter.game.service.GameService.cycle(GameService.kt:192)
	at java.base/java.util.concurrent.Executors$RunnableAdapter.call(Executors.java:539)
	at java.base/java.util.concurrent.FutureTask.runAndReset(FutureTask.java:305)
	at java.base/java.util.concurrent.ScheduledThreadPoolExecutor$ScheduledFutureTask.run(ScheduledThreadPoolExecutor.java:305)
	at java.base/java.util.concurrent.ThreadPoolExecutor.runWorker(ThreadPoolExecutor.java:1136)
	at java.base/java.util.concurrent.ThreadPoolExecutor$Worker.run(ThreadPoolExecutor.java:635)
	at java.base/java.lang.Thread.run(Thread.java:840)
[2025-11-15 23:55:33.340] ERROR org.alter.game.task.AutoSaveTask - Failed to auto-save player 'DragonM': List element cannot be cast to int
java.lang.ClassCastException: List element cannot be cast to int
	at org.bson.Document.constructValuesList(Document.java:402)
	at org.bson.Document.getList(Document.java:369)
	at org.alter.game.saving.PlayerSaving.savePlayer(PlayerSaving.kt:56)
	at org.alter.game.task.AutoSaveTask.performAutoSave$lambda$4(AutoSaveTask.kt:64)
	at org.alter.game.model.PawnList.forEach(PawnList.kt:35)
	at org.alter.game.task.AutoSaveTask.performAutoSave(AutoSaveTask.kt:55)
	at org.alter.game.task.AutoSaveTask.execute(AutoSaveTask.kt:40)
	at org.alter.game.service.GameService.cycle(GameService.kt:192)
	at java.base/java.util.concurrent.Executors$RunnableAdapter.call(Executors.java:539)
	at java.base/java.util.concurrent.FutureTask.runAndReset(FutureTask.java:305)
	at java.base/java.util.concurrent.ScheduledThreadPoolExecutor$ScheduledFutureTask.run(ScheduledThreadPoolExecutor.java:305)
	at java.base/java.util.concurrent.ThreadPoolExecutor.runWorker(ThreadPoolExecutor.java:1136)
	at java.base/java.util.concurrent.ThreadPoolExecutor$Worker.run(ThreadPoolExecutor.java:635)
	at java.base/java.lang.Thread.run(Thread.java:840)
[2025-11-15 23:55:33.340] ERROR org.alter.game.saving.PlayerSaving - Failed to serialize details for player Pnda
java.lang.ClassCastException: List element cannot be cast to int
	at org.bson.Document.constructValuesList(Document.java:402)
	at org.bson.Document.getList(Document.java:369)
	at org.alter.game.saving.PlayerSaving.savePlayer(PlayerSaving.kt:56)
	at org.alter.game.task.AutoSaveTask.performAutoSave$lambda$4(AutoSaveTask.kt:64)
	at org.alter.game.model.PawnList.forEach(PawnList.kt:35)
	at org.alter.game.task.AutoSaveTask.performAutoSave(AutoSaveTask.kt:55)
	at org.alter.game.task.AutoSaveTask.execute(AutoSaveTask.kt:40)
	at org.alter.game.service.GameService.cycle(GameService.kt:192)
	at java.base/java.util.concurrent.Executors$RunnableAdapter.call(Executors.java:539)
	at java.base/java.util.concurrent.FutureTask.runAndReset(FutureTask.java:305)
	at java.base/java.util.concurrent.ScheduledThreadPoolExecutor$ScheduledFutureTask.run(ScheduledThreadPoolExecutor.java:305)
	at java.base/java.util.concurrent.ThreadPoolExecutor.runWorker(ThreadPoolExecutor.java:1136)
	at java.base/java.util.concurrent.ThreadPoolExecutor$Worker.run(ThreadPoolExecutor.java:635)
	at java.base/java.lang.Thread.run(Thread.java:840)
[2025-11-15 23:55:33.340] ERROR org.alter.game.saving.PlayerSaving - Failed to save player Pnda: List element cannot be cast to int
java.lang.ClassCastException: List element cannot be cast to int
	at org.bson.Document.constructValuesList(Document.java:402)
	at org.bson.Document.getList(Document.java:369)
	at org.alter.game.saving.PlayerSaving.savePlayer(PlayerSaving.kt:56)
	at org.alter.game.task.AutoSaveTask.performAutoSave$lambda$4(AutoSaveTask.kt:64)
	at org.alter.game.model.PawnList.forEach(PawnList.kt:35)
	at org.alter.game.task.AutoSaveTask.performAutoSave(AutoSaveTask.kt:55)
	at org.alter.game.task.AutoSaveTask.execute(AutoSaveTask.kt:40)
	at org.alter.game.service.GameService.cycle(GameService.kt:192)
	at java.base/java.util.concurrent.Executors$RunnableAdapter.call(Executors.java:539)
	at java.base/java.util.concurrent.FutureTask.runAndReset(FutureTask.java:305)
	at java.base/java.util.concurrent.ScheduledThreadPoolExecutor$ScheduledFutureTask.run(ScheduledThreadPoolExecutor.java:305)
	at java.base/java.util.concurrent.ThreadPoolExecutor.runWorker(ThreadPoolExecutor.java:1136)
	at java.base/java.util.concurrent.ThreadPoolExecutor$Worker.run(ThreadPoolExecutor.java:635)
	at java.base/java.lang.Thread.run(Thread.java:840)
[2025-11-15 23:55:33.340] ERROR org.alter.game.task.AutoSaveTask - Failed to auto-save player 'Pnda': List element cannot be cast to int
java.lang.ClassCastException: List element cannot be cast to int
	at org.bson.Document.constructValuesList(Document.java:402)
	at org.bson.Document.getList(Document.java:369)
	at org.alter.game.saving.PlayerSaving.savePlayer(PlayerSaving.kt:56)
	at org.alter.game.task.AutoSaveTask.performAutoSave$lambda$4(AutoSaveTask.kt:64)
	at org.alter.game.model.PawnList.forEach(PawnList.kt:35)
	at org.alter.game.task.AutoSaveTask.performAutoSave(AutoSaveTask.kt:55)
	at org.alter.game.task.AutoSaveTask.execute(AutoSaveTask.kt:40)
	at org.alter.game.service.GameService.cycle(GameService.kt:192)
	at java.base/java.util.concurrent.Executors$RunnableAdapter.call(Executors.java:539)
	at java.base/java.util.concurrent.FutureTask.runAndReset(FutureTask.java:305)
	at java.base/java.util.concurrent.ScheduledThreadPoolExecutor$ScheduledFutureTask.run(ScheduledThreadPoolExecutor.java:305)
	at java.base/java.util.concurrent.ThreadPoolExecutor.runWorker(ThreadPoolExecutor.java:1136)
	at java.base/java.util.concurrent.ThreadPoolExecutor$Worker.run(ThreadPoolExecutor.java:635)
	at java.base/java.lang.Thread.run(Thread.java:840)
[2025-11-15 23:55:33.340] ERROR org.alter.game.saving.PlayerSaving - Failed to serialize details for player SpideyM
java.lang.ClassCastException: List element cannot be cast to int
	at org.bson.Document.constructValuesList(Document.java:402)
	at org.bson.Document.getList(Document.java:369)
	at org.alter.game.saving.PlayerSaving.savePlayer(PlayerSaving.kt:56)
	at org.alter.game.task.AutoSaveTask.performAutoSave$lambda$4(AutoSaveTask.kt:64)
	at org.alter.game.model.PawnList.forEach(PawnList.kt:35)
	at org.alter.game.task.AutoSaveTask.performAutoSave(AutoSaveTask.kt:55)
	at org.alter.game.task.AutoSaveTask.execute(AutoSaveTask.kt:40)
	at org.alter.game.service.GameService.cycle(GameService.kt:192)
	at java.base/java.util.concurrent.Executors$RunnableAdapter.call(Executors.java:539)
	at java.base/java.util.concurrent.FutureTask.runAndReset(FutureTask.java:305)
	at java.base/java.util.concurrent.ScheduledThreadPoolExecutor$ScheduledFutureTask.run(ScheduledThreadPoolExecutor.java:305)
	at java.base/java.util.concurrent.ThreadPoolExecutor.runWorker(ThreadPoolExecutor.java:1136)
	at java.base/java.util.concurrent.ThreadPoolExecutor$Worker.run(ThreadPoolExecutor.java:635)
	at java.base/java.lang.Thread.run(Thread.java:840)
[2025-11-15 23:55:33.340] ERROR org.alter.game.saving.PlayerSaving - Failed to save player SpideyM: List element cannot be cast to int
java.lang.ClassCastException: List element cannot be cast to int
	at org.bson.Document.constructValuesList(Document.java:402)
	at org.bson.Document.getList(Document.java:369)
	at org.alter.game.saving.PlayerSaving.savePlayer(PlayerSaving.kt:56)
	at org.alter.game.task.AutoSaveTask.performAutoSave$lambda$4(AutoSaveTask.kt:64)
	at org.alter.game.model.PawnList.forEach(PawnList.kt:35)
	at org.alter.game.task.AutoSaveTask.performAutoSave(AutoSaveTask.kt:55)
	at org.alter.game.task.AutoSaveTask.execute(AutoSaveTask.kt:40)
	at org.alter.game.service.GameService.cycle(GameService.kt:192)
	at java.base/java.util.concurrent.Executors$RunnableAdapter.call(Executors.java:539)
	at java.base/java.util.concurrent.FutureTask.runAndReset(FutureTask.java:305)
	at java.base/java.util.concurrent.ScheduledThreadPoolExecutor$ScheduledFutureTask.run(ScheduledThreadPoolExecutor.java:305)
	at java.base/java.util.concurrent.ThreadPoolExecutor.runWorker(ThreadPoolExecutor.java:1136)
	at java.base/java.util.concurrent.ThreadPoolExecutor$Worker.run(ThreadPoolExecutor.java:635)
	at java.base/java.lang.Thread.run(Thread.java:840)
[2025-11-15 23:55:33.341] ERROR org.alter.game.task.AutoSaveTask - Failed to auto-save player 'SpideyM': List element cannot be cast to int
java.lang.ClassCastException: List element cannot be cast to int
	at org.bson.Document.constructValuesList(Document.java:402)
	at org.bson.Document.getList(Document.java:369)
	at org.alter.game.saving.PlayerSaving.savePlayer(PlayerSaving.kt:56)
	at org.alter.game.task.AutoSaveTask.performAutoSave$lambda$4(AutoSaveTask.kt:64)
	at org.alter.game.model.PawnList.forEach(PawnList.kt:35)
	at org.alter.game.task.AutoSaveTask.performAutoSave(AutoSaveTask.kt:55)
	at org.alter.game.task.AutoSaveTask.execute(AutoSaveTask.kt:40)
	at org.alter.game.service.GameService.cycle(GameService.kt:192)
	at java.base/java.util.concurrent.Executors$RunnableAdapter.call(Executors.java:539)
	at java.base/java.util.concurrent.FutureTask.runAndReset(FutureTask.java:305)
	at java.base/java.util.concurrent.ScheduledThreadPoolExecutor$ScheduledFutureTask.run(ScheduledThreadPoolExecutor.java:305)
	at java.base/java.util.concurrent.ThreadPoolExecutor.runWorker(ThreadPoolExecutor.java:1136)
	at java.base/java.util.concurrent.ThreadPoolExecutor$Worker.run(ThreadPoolExecutor.java:635)
	at java.base/java.lang.Thread.run(Thread.java:840)
[2025-11-15 23:55:33.341] WARN  org.alter.game.task.AutoSaveTask - Auto-save attempted but no players were saved (3 players online)
[2025-11-15 23:55:40.935] WARN  d.o.c.u.c.DecompressionContext - BZIP2 Compression found - replace to improve read performance.
[2025-11-15 23:55:46.062] WARN  n.rsprot.protocol.common.RSProtFlags - Unknown network logging option: false, expected values: [off, trace, debug, info, warn, error]
[2025-11-15 23:58:57.010] WARN  o.a.game.model.interf.InterfaceSet - Interface 860 is not visible and cannot be closed.
