[2025-11-23 12:39:40.887] ERROR o.alter.game.model.queue.QueueTask - Error with plugin!
java.lang.IllegalArgumentException: NPC Avatar with index 22 is already allocated!
	at net.rsprot.protocol.game.outgoing.info.npcinfo.NpcAvatarRepository.getOrAlloc(NpcAvatarRepository.kt:105)
	at net.rsprot.protocol.game.outgoing.info.npcinfo.NpcAvatarFactory.alloc(NpcAvatarFactory.kt:113)
	at net.rsprot.protocol.game.outgoing.info.npcinfo.NpcAvatarFactory.alloc$default(NpcAvatarFactory.kt:83)
	at org.alter.game.model.World.spawn(World.kt:404)
	at org.alter.plugins.content.npcs.sewerabomination.SewerAbominationCombatPlugin.spawnMinion(SewerAbominationCombatPlugin.kt:620)
	at org.alter.plugins.content.npcs.sewerabomination.SewerAbominationCombatPlugin.combat(SewerAbominationCombatPlugin.kt:163)
	at org.alter.plugins.content.npcs.sewerabomination.SewerAbominationCombatPlugin.access$combat(SewerAbominationCombatPlugin.kt:44)
	at org.alter.plugins.content.npcs.sewerabomination.SewerAbominationCombatPlugin$1$1.invokeSuspend(SewerAbominationCombatPlugin.kt:58)
	at org.alter.plugins.content.npcs.sewerabomination.SewerAbominationCombatPlugin$1$1.invoke(SewerAbominationCombatPlugin.kt)
	at org.alter.plugins.content.npcs.sewerabomination.SewerAbominationCombatPlugin$1$1.invoke(SewerAbominationCombatPlugin.kt)
	at org.alter.game.model.queue.QueueTaskSet$queue$suspendBlock$1.invokeSuspend(QueueTaskSet.kt:27)
	at kotlin.coroutines.jvm.internal.BaseContinuationImpl.resumeWith(ContinuationImpl.kt:33)
	at kotlin.coroutines.SafeContinuation.resumeWith(SafeContinuationJvm.kt:41)
	at org.alter.game.model.queue.impl.PawnQueueTaskSet.cycle(PawnQueueTaskSet.kt:25)
	at org.alter.game.task.NpcCycleTask.execute$lambda$0(NpcCycleTask.kt:18)
	at org.alter.game.model.PawnList.forEach(PawnList.kt:35)
	at org.alter.game.task.NpcCycleTask.execute(NpcCycleTask.kt:17)
	at org.alter.game.service.GameService.cycle(GameService.kt:192)
	at java.base/java.util.concurrent.Executors$RunnableAdapter.call(Executors.java:539)
	at java.base/java.util.concurrent.FutureTask.runAndReset(FutureTask.java:305)
	at java.base/java.util.concurrent.ScheduledThreadPoolExecutor$ScheduledFutureTask.run(ScheduledThreadPoolExecutor.java:305)
	at java.base/java.util.concurrent.ThreadPoolExecutor.runWorker(ThreadPoolExecutor.java:1136)
	at java.base/java.util.concurrent.ThreadPoolExecutor$Worker.run(ThreadPoolExecutor.java:635)
	at java.base/java.lang.Thread.run(Thread.java:840)
[2025-11-23 12:39:48.691] ERROR o.alter.game.model.queue.QueueTask - Error with plugin!
kotlin.UninitializedPropertyAccessException: lateinit property combatDef has not been initialized
	at org.alter.game.model.entity.Npc.getCombatDef(Npc.kt:86)
	at org.alter.plugins.content.combat.Combat.canEngage(Combat.kt:323)
	at org.alter.plugins.content.combat.CombatPlugin.cycle(CombatPlugin.kt:155)
	at org.alter.plugins.content.combat.CombatPlugin$cycle$1.invokeSuspend(CombatPlugin.kt)
	at kotlin.coroutines.jvm.internal.BaseContinuationImpl.resumeWith(ContinuationImpl.kt:33)
	at kotlin.coroutines.SafeContinuation.resumeWith(SafeContinuationJvm.kt:41)
	at org.alter.game.model.queue.QueueTask.cycle$game_server(QueueTask.kt:63)
	at org.alter.game.model.queue.impl.PawnQueueTaskSet.cycle(PawnQueueTaskSet.kt:28)
	at org.alter.game.task.PlayerCycleTask.execute$lambda$2(PlayerCycleTask.kt:23)
	at org.alter.game.model.PawnList.forEach(PawnList.kt:35)
	at org.alter.game.task.PlayerCycleTask.execute(PlayerCycleTask.kt:17)
	at org.alter.game.service.GameService.cycle(GameService.kt:192)
	at java.base/java.util.concurrent.Executors$RunnableAdapter.call(Executors.java:539)
	at java.base/java.util.concurrent.FutureTask.runAndReset(FutureTask.java:305)
	at java.base/java.util.concurrent.ScheduledThreadPoolExecutor$ScheduledFutureTask.run(ScheduledThreadPoolExecutor.java:305)
	at java.base/java.util.concurrent.ThreadPoolExecutor.runWorker(ThreadPoolExecutor.java:1136)
	at java.base/java.util.concurrent.ThreadPoolExecutor$Worker.run(ThreadPoolExecutor.java:635)
	at java.base/java.lang.Thread.run(Thread.java:840)
[2025-11-23 12:39:58.291] ERROR o.alter.game.model.queue.QueueTask - Error with plugin!
kotlin.UninitializedPropertyAccessException: lateinit property combatDef has not been initialized
	at org.alter.game.model.entity.Npc.getCombatDef(Npc.kt:86)
	at org.alter.plugins.content.combat.Combat.canEngage(Combat.kt:323)
	at org.alter.plugins.content.combat.CombatPlugin.cycle(CombatPlugin.kt:155)
	at org.alter.plugins.content.combat.CombatPlugin$cycle$1.invokeSuspend(CombatPlugin.kt)
	at kotlin.coroutines.jvm.internal.BaseContinuationImpl.resumeWith(ContinuationImpl.kt:33)
	at kotlin.coroutines.SafeContinuation.resumeWith(SafeContinuationJvm.kt:41)
	at org.alter.game.model.queue.QueueTask.cycle$game_server(QueueTask.kt:63)
	at org.alter.game.model.queue.impl.PawnQueueTaskSet.cycle(PawnQueueTaskSet.kt:28)
	at org.alter.game.task.PlayerCycleTask.execute$lambda$2(PlayerCycleTask.kt:23)
	at org.alter.game.model.PawnList.forEach(PawnList.kt:35)
	at org.alter.game.task.PlayerCycleTask.execute(PlayerCycleTask.kt:17)
	at org.alter.game.service.GameService.cycle(GameService.kt:192)
	at java.base/java.util.concurrent.Executors$RunnableAdapter.call(Executors.java:539)
	at java.base/java.util.concurrent.FutureTask.runAndReset(FutureTask.java:305)
	at java.base/java.util.concurrent.ScheduledThreadPoolExecutor$ScheduledFutureTask.run(ScheduledThreadPoolExecutor.java:305)
	at java.base/java.util.concurrent.ThreadPoolExecutor.runWorker(ThreadPoolExecutor.java:1136)
	at java.base/java.util.concurrent.ThreadPoolExecutor$Worker.run(ThreadPoolExecutor.java:635)
	at java.base/java.lang.Thread.run(Thread.java:840)
[2025-11-23 12:42:40.297] ERROR org.alter.game.service.GameService - Error with task QueueHandlerTask.
java.util.ConcurrentModificationException: null
	at java.base/java.util.LinkedList$ListItr.checkForComodification(LinkedList.java:970)
	at java.base/java.util.LinkedList$ListItr.next(LinkedList.java:892)
	at org.alter.game.model.queue.impl.WorldQueueTaskSet.cycle(WorldQueueTaskSet.kt:18)
	at org.alter.game.task.QueueHandlerTask.execute(QueueHandlerTask.kt:20)
	at org.alter.game.service.GameService.cycle(GameService.kt:192)
	at java.base/java.util.concurrent.Executors$RunnableAdapter.call(Executors.java:539)
	at java.base/java.util.concurrent.FutureTask.runAndReset(FutureTask.java:305)
	at java.base/java.util.concurrent.ScheduledThreadPoolExecutor$ScheduledFutureTask.run(ScheduledThreadPoolExecutor.java:305)
	at java.base/java.util.concurrent.ThreadPoolExecutor.runWorker(ThreadPoolExecutor.java:1136)
	at java.base/java.util.concurrent.ThreadPoolExecutor$Worker.run(ThreadPoolExecutor.java:635)
	at java.base/java.lang.Thread.run(Thread.java:840)
[2025-11-23 12:43:44.496] ERROR org.alter.game.service.GameService - Error with task QueueHandlerTask.
java.util.ConcurrentModificationException: null
	at java.base/java.util.LinkedList$ListItr.checkForComodification(LinkedList.java:970)
	at java.base/java.util.LinkedList$ListItr.next(LinkedList.java:892)
	at org.alter.game.model.queue.impl.WorldQueueTaskSet.cycle(WorldQueueTaskSet.kt:18)
	at org.alter.game.task.QueueHandlerTask.execute(QueueHandlerTask.kt:20)
	at org.alter.game.service.GameService.cycle(GameService.kt:192)
	at java.base/java.util.concurrent.Executors$RunnableAdapter.call(Executors.java:539)
	at java.base/java.util.concurrent.FutureTask.runAndReset(FutureTask.java:305)
	at java.base/java.util.concurrent.ScheduledThreadPoolExecutor$ScheduledFutureTask.run(ScheduledThreadPoolExecutor.java:305)
	at java.base/java.util.concurrent.ThreadPoolExecutor.runWorker(ThreadPoolExecutor.java:1136)
	at java.base/java.util.concurrent.ThreadPoolExecutor$Worker.run(ThreadPoolExecutor.java:635)
	at java.base/java.lang.Thread.run(Thread.java:840)
[2025-11-23 12:44:52.896] ERROR org.alter.game.service.GameService - Error with task QueueHandlerTask.
java.util.ConcurrentModificationException: null
	at java.base/java.util.LinkedList$ListItr.checkForComodification(LinkedList.java:970)
	at java.base/java.util.LinkedList$ListItr.next(LinkedList.java:892)
	at org.alter.game.model.queue.impl.WorldQueueTaskSet.cycle(WorldQueueTaskSet.kt:18)
	at org.alter.game.task.QueueHandlerTask.execute(QueueHandlerTask.kt:20)
	at org.alter.game.service.GameService.cycle(GameService.kt:192)
	at java.base/java.util.concurrent.Executors$RunnableAdapter.call(Executors.java:539)
	at java.base/java.util.concurrent.FutureTask.runAndReset(FutureTask.java:305)
	at java.base/java.util.concurrent.ScheduledThreadPoolExecutor$ScheduledFutureTask.run(ScheduledThreadPoolExecutor.java:305)
	at java.base/java.util.concurrent.ThreadPoolExecutor.runWorker(ThreadPoolExecutor.java:1136)
	at java.base/java.util.concurrent.ThreadPoolExecutor$Worker.run(ThreadPoolExecutor.java:635)
	at java.base/java.lang.Thread.run(Thread.java:840)
[2025-11-23 12:46:34.889] ERROR org.alter.game.service.GameService - Error with task QueueHandlerTask.
java.util.ConcurrentModificationException: null
	at java.base/java.util.LinkedList$ListItr.checkForComodification(LinkedList.java:970)
	at java.base/java.util.LinkedList$ListItr.next(LinkedList.java:892)
	at org.alter.game.model.queue.impl.WorldQueueTaskSet.cycle(WorldQueueTaskSet.kt:18)
	at org.alter.game.task.QueueHandlerTask.execute(QueueHandlerTask.kt:20)
	at org.alter.game.service.GameService.cycle(GameService.kt:192)
	at java.base/java.util.concurrent.Executors$RunnableAdapter.call(Executors.java:539)
	at java.base/java.util.concurrent.FutureTask.runAndReset(FutureTask.java:305)
	at java.base/java.util.concurrent.ScheduledThreadPoolExecutor$ScheduledFutureTask.run(ScheduledThreadPoolExecutor.java:305)
	at java.base/java.util.concurrent.ThreadPoolExecutor.runWorker(ThreadPoolExecutor.java:1136)
	at java.base/java.util.concurrent.ThreadPoolExecutor$Worker.run(ThreadPoolExecutor.java:635)
	at java.base/java.lang.Thread.run(Thread.java:840)
[2025-11-23 12:46:52.897] ERROR org.alter.game.service.GameService - Error with task QueueHandlerTask.
java.util.ConcurrentModificationException: null
	at java.base/java.util.LinkedList$ListItr.checkForComodification(LinkedList.java:970)
	at java.base/java.util.LinkedList$ListItr.next(LinkedList.java:892)
	at org.alter.game.model.queue.impl.WorldQueueTaskSet.cycle(WorldQueueTaskSet.kt:18)
	at org.alter.game.task.QueueHandlerTask.execute(QueueHandlerTask.kt:20)
	at org.alter.game.service.GameService.cycle(GameService.kt:192)
	at java.base/java.util.concurrent.Executors$RunnableAdapter.call(Executors.java:539)
	at java.base/java.util.concurrent.FutureTask.runAndReset(FutureTask.java:305)
	at java.base/java.util.concurrent.ScheduledThreadPoolExecutor$ScheduledFutureTask.run(ScheduledThreadPoolExecutor.java:305)
	at java.base/java.util.concurrent.ThreadPoolExecutor.runWorker(ThreadPoolExecutor.java:1136)
	at java.base/java.util.concurrent.ThreadPoolExecutor$Worker.run(ThreadPoolExecutor.java:635)
	at java.base/java.lang.Thread.run(Thread.java:840)
[2025-11-23 12:49:30.692] ERROR o.alter.game.model.queue.QueueTask - Error with plugin!
kotlin.UninitializedPropertyAccessException: lateinit property combatDef has not been initialized
	at org.alter.game.model.entity.Npc.getCombatDef(Npc.kt:86)
	at org.alter.plugins.content.combat.Combat.canEngage(Combat.kt:323)
	at org.alter.plugins.content.combat.CombatPlugin.cycle(CombatPlugin.kt:155)
	at org.alter.plugins.content.combat.CombatPlugin$cycle$1.invokeSuspend(CombatPlugin.kt)
	at kotlin.coroutines.jvm.internal.BaseContinuationImpl.resumeWith(ContinuationImpl.kt:33)
	at kotlin.coroutines.SafeContinuation.resumeWith(SafeContinuationJvm.kt:41)
	at org.alter.game.model.queue.QueueTask.cycle$game_server(QueueTask.kt:63)
	at org.alter.game.model.queue.impl.PawnQueueTaskSet.cycle(PawnQueueTaskSet.kt:28)
	at org.alter.game.task.PlayerCycleTask.execute$lambda$2(PlayerCycleTask.kt:23)
	at org.alter.game.model.PawnList.forEach(PawnList.kt:35)
	at org.alter.game.task.PlayerCycleTask.execute(PlayerCycleTask.kt:17)
	at org.alter.game.service.GameService.cycle(GameService.kt:192)
	at java.base/java.util.concurrent.Executors$RunnableAdapter.call(Executors.java:539)
	at java.base/java.util.concurrent.FutureTask.runAndReset(FutureTask.java:305)
	at java.base/java.util.concurrent.ScheduledThreadPoolExecutor$ScheduledFutureTask.run(ScheduledThreadPoolExecutor.java:305)
	at java.base/java.util.concurrent.ThreadPoolExecutor.runWorker(ThreadPoolExecutor.java:1136)
	at java.base/java.util.concurrent.ThreadPoolExecutor$Worker.run(ThreadPoolExecutor.java:635)
	at java.base/java.lang.Thread.run(Thread.java:840)
[2025-11-23 12:51:09.693] ERROR org.alter.game.service.GameService - Error with task QueueHandlerTask.
java.util.ConcurrentModificationException: null
	at java.base/java.util.LinkedList$ListItr.checkForComodification(LinkedList.java:970)
	at java.base/java.util.LinkedList$ListItr.next(LinkedList.java:892)
	at org.alter.game.model.queue.impl.WorldQueueTaskSet.cycle(WorldQueueTaskSet.kt:18)
	at org.alter.game.task.QueueHandlerTask.execute(QueueHandlerTask.kt:20)
	at org.alter.game.service.GameService.cycle(GameService.kt:192)
	at java.base/java.util.concurrent.Executors$RunnableAdapter.call(Executors.java:539)
	at java.base/java.util.concurrent.FutureTask.runAndReset(FutureTask.java:305)
	at java.base/java.util.concurrent.ScheduledThreadPoolExecutor$ScheduledFutureTask.run(ScheduledThreadPoolExecutor.java:305)
	at java.base/java.util.concurrent.ThreadPoolExecutor.runWorker(ThreadPoolExecutor.java:1136)
	at java.base/java.util.concurrent.ThreadPoolExecutor$Worker.run(ThreadPoolExecutor.java:635)
	at java.base/java.lang.Thread.run(Thread.java:840)
[2025-11-23 12:57:15.238] ERROR o.alter.game.model.queue.QueueTask - Error with plugin!
java.lang.IllegalArgumentException: NPC Avatar with index 22 is already allocated!
	at net.rsprot.protocol.game.outgoing.info.npcinfo.NpcAvatarRepository.getOrAlloc(NpcAvatarRepository.kt:105)
	at net.rsprot.protocol.game.outgoing.info.npcinfo.NpcAvatarFactory.alloc(NpcAvatarFactory.kt:113)
	at net.rsprot.protocol.game.outgoing.info.npcinfo.NpcAvatarFactory.alloc$default(NpcAvatarFactory.kt:83)
	at org.alter.game.model.World.spawn(World.kt:404)
	at org.alter.plugins.content.npcs.sewerabomination.SewerAbominationCombatPlugin.spawnMinion(SewerAbominationCombatPlugin.kt:689)
	at org.alter.plugins.content.npcs.sewerabomination.SewerAbominationCombatPlugin.combat(SewerAbominationCombatPlugin.kt:221)
	at org.alter.plugins.content.npcs.sewerabomination.SewerAbominationCombatPlugin.access$combat(SewerAbominationCombatPlugin.kt:46)
	at org.alter.plugins.content.npcs.sewerabomination.SewerAbominationCombatPlugin$combat$1.invokeSuspend(SewerAbominationCombatPlugin.kt)
	at kotlin.coroutines.jvm.internal.BaseContinuationImpl.resumeWith(ContinuationImpl.kt:33)
	at kotlin.coroutines.SafeContinuation.resumeWith(SafeContinuationJvm.kt:41)
	at org.alter.game.model.queue.QueueTask.cycle$game_server(QueueTask.kt:63)
	at org.alter.game.model.queue.impl.PawnQueueTaskSet.cycle(PawnQueueTaskSet.kt:28)
	at org.alter.game.task.NpcCycleTask.execute$lambda$0(NpcCycleTask.kt:18)
	at org.alter.game.model.PawnList.forEach(PawnList.kt:35)
	at org.alter.game.task.NpcCycleTask.execute(NpcCycleTask.kt:17)
	at org.alter.game.service.GameService.cycle(GameService.kt:192)
	at java.base/java.util.concurrent.Executors$RunnableAdapter.call(Executors.java:539)
	at java.base/java.util.concurrent.FutureTask.runAndReset(FutureTask.java:305)
	at java.base/java.util.concurrent.ScheduledThreadPoolExecutor$ScheduledFutureTask.run(ScheduledThreadPoolExecutor.java:305)
	at java.base/java.util.concurrent.ThreadPoolExecutor.runWorker(ThreadPoolExecutor.java:1136)
	at java.base/java.util.concurrent.ThreadPoolExecutor$Worker.run(ThreadPoolExecutor.java:635)
	at java.base/java.lang.Thread.run(Thread.java:840)
[2025-11-23 13:00:11.043] ERROR o.alter.game.model.queue.QueueTask - Error with plugin!
java.lang.IllegalArgumentException: NPC Avatar with index 946 is already allocated!
	at net.rsprot.protocol.game.outgoing.info.npcinfo.NpcAvatarRepository.getOrAlloc(NpcAvatarRepository.kt:105)
	at net.rsprot.protocol.game.outgoing.info.npcinfo.NpcAvatarFactory.alloc(NpcAvatarFactory.kt:113)
	at net.rsprot.protocol.game.outgoing.info.npcinfo.NpcAvatarFactory.alloc$default(NpcAvatarFactory.kt:83)
	at org.alter.game.model.World.spawn(World.kt:404)
	at org.alter.plugins.content.npcs.sewerabomination.SewerAbominationCombatPlugin.spawnMinion(SewerAbominationCombatPlugin.kt:689)
	at org.alter.plugins.content.npcs.sewerabomination.SewerAbominationCombatPlugin.combat(SewerAbominationCombatPlugin.kt:221)
	at org.alter.plugins.content.npcs.sewerabomination.SewerAbominationCombatPlugin.access$combat(SewerAbominationCombatPlugin.kt:46)
	at org.alter.plugins.content.npcs.sewerabomination.SewerAbominationCombatPlugin$combat$1.invokeSuspend(SewerAbominationCombatPlugin.kt)
	at kotlin.coroutines.jvm.internal.BaseContinuationImpl.resumeWith(ContinuationImpl.kt:33)
	at kotlin.coroutines.SafeContinuation.resumeWith(SafeContinuationJvm.kt:41)
	at org.alter.game.model.queue.QueueTask.cycle$game_server(QueueTask.kt:63)
	at org.alter.game.model.queue.impl.PawnQueueTaskSet.cycle(PawnQueueTaskSet.kt:28)
	at org.alter.game.task.NpcCycleTask.execute$lambda$0(NpcCycleTask.kt:18)
	at org.alter.game.model.PawnList.forEach(PawnList.kt:35)
	at org.alter.game.task.NpcCycleTask.execute(NpcCycleTask.kt:17)
	at org.alter.game.service.GameService.cycle(GameService.kt:192)
	at java.base/java.util.concurrent.Executors$RunnableAdapter.call(Executors.java:539)
	at java.base/java.util.concurrent.FutureTask.runAndReset(FutureTask.java:305)
	at java.base/java.util.concurrent.ScheduledThreadPoolExecutor$ScheduledFutureTask.run(ScheduledThreadPoolExecutor.java:305)
	at java.base/java.util.concurrent.ThreadPoolExecutor.runWorker(ThreadPoolExecutor.java:1136)
	at java.base/java.util.concurrent.ThreadPoolExecutor$Worker.run(ThreadPoolExecutor.java:635)
	at java.base/java.lang.Thread.run(Thread.java:840)
[2025-11-23 13:01:57.843] ERROR org.alter.game.service.GameService - Error with task QueueHandlerTask.
java.util.ConcurrentModificationException: null
	at java.base/java.util.LinkedList$ListItr.checkForComodification(LinkedList.java:970)
	at java.base/java.util.LinkedList$ListItr.next(LinkedList.java:892)
	at org.alter.game.model.queue.impl.WorldQueueTaskSet.cycle(WorldQueueTaskSet.kt:18)
	at org.alter.game.task.QueueHandlerTask.execute(QueueHandlerTask.kt:20)
	at org.alter.game.service.GameService.cycle(GameService.kt:192)
	at java.base/java.util.concurrent.Executors$RunnableAdapter.call(Executors.java:539)
	at java.base/java.util.concurrent.FutureTask.runAndReset(FutureTask.java:305)
	at java.base/java.util.concurrent.ScheduledThreadPoolExecutor$ScheduledFutureTask.run(ScheduledThreadPoolExecutor.java:305)
	at java.base/java.util.concurrent.ThreadPoolExecutor.runWorker(ThreadPoolExecutor.java:1136)
	at java.base/java.util.concurrent.ThreadPoolExecutor$Worker.run(ThreadPoolExecutor.java:635)
	at java.base/java.lang.Thread.run(Thread.java:840)
[2025-11-23 13:03:26.649] ERROR o.alter.game.model.queue.QueueTask - Error with plugin!
kotlin.UninitializedPropertyAccessException: lateinit property combatDef has not been initialized
	at org.alter.game.model.entity.Npc.getCombatDef(Npc.kt:86)
	at org.alter.plugins.content.combat.Combat.canEngage(Combat.kt:323)
	at org.alter.plugins.content.combat.CombatPlugin.cycle(CombatPlugin.kt:155)
	at org.alter.plugins.content.combat.CombatPlugin$cycle$1.invokeSuspend(CombatPlugin.kt)
	at kotlin.coroutines.jvm.internal.BaseContinuationImpl.resumeWith(ContinuationImpl.kt:33)
	at kotlin.coroutines.SafeContinuation.resumeWith(SafeContinuationJvm.kt:41)
	at org.alter.game.model.queue.QueueTask.cycle$game_server(QueueTask.kt:63)
	at org.alter.game.model.queue.impl.PawnQueueTaskSet.cycle(PawnQueueTaskSet.kt:28)
	at org.alter.game.task.PlayerCycleTask.execute$lambda$2(PlayerCycleTask.kt:23)
	at org.alter.game.model.PawnList.forEach(PawnList.kt:35)
	at org.alter.game.task.PlayerCycleTask.execute(PlayerCycleTask.kt:17)
	at org.alter.game.service.GameService.cycle(GameService.kt:192)
	at java.base/java.util.concurrent.Executors$RunnableAdapter.call(Executors.java:539)
	at java.base/java.util.concurrent.FutureTask.runAndReset(FutureTask.java:305)
	at java.base/java.util.concurrent.ScheduledThreadPoolExecutor$ScheduledFutureTask.run(ScheduledThreadPoolExecutor.java:305)
	at java.base/java.util.concurrent.ThreadPoolExecutor.runWorker(ThreadPoolExecutor.java:1136)
	at java.base/java.util.concurrent.ThreadPoolExecutor$Worker.run(ThreadPoolExecutor.java:635)
	at java.base/java.lang.Thread.run(Thread.java:840)
[2025-11-23 13:03:27.253] ERROR o.alter.game.model.queue.QueueTask - Error with plugin!
kotlin.UninitializedPropertyAccessException: lateinit property combatDef has not been initialized
	at org.alter.game.model.entity.Npc.getCombatDef(Npc.kt:86)
	at org.alter.plugins.content.combat.Combat.canEngage(Combat.kt:323)
	at org.alter.plugins.content.combat.CombatPlugin.cycle(CombatPlugin.kt:155)
	at org.alter.plugins.content.combat.CombatPlugin$cycle$1.invokeSuspend(CombatPlugin.kt)
	at kotlin.coroutines.jvm.internal.BaseContinuationImpl.resumeWith(ContinuationImpl.kt:33)
	at kotlin.coroutines.SafeContinuation.resumeWith(SafeContinuationJvm.kt:41)
	at org.alter.game.model.queue.QueueTask.cycle$game_server(QueueTask.kt:63)
	at org.alter.game.model.queue.impl.PawnQueueTaskSet.cycle(PawnQueueTaskSet.kt:28)
	at org.alter.game.task.PlayerCycleTask.execute$lambda$2(PlayerCycleTask.kt:23)
	at org.alter.game.model.PawnList.forEach(PawnList.kt:35)
	at org.alter.game.task.PlayerCycleTask.execute(PlayerCycleTask.kt:17)
	at org.alter.game.service.GameService.cycle(GameService.kt:192)
	at java.base/java.util.concurrent.Executors$RunnableAdapter.call(Executors.java:539)
	at java.base/java.util.concurrent.FutureTask.runAndReset(FutureTask.java:305)
	at java.base/java.util.concurrent.ScheduledThreadPoolExecutor$ScheduledFutureTask.run(ScheduledThreadPoolExecutor.java:305)
	at java.base/java.util.concurrent.ThreadPoolExecutor.runWorker(ThreadPoolExecutor.java:1136)
	at java.base/java.util.concurrent.ThreadPoolExecutor$Worker.run(ThreadPoolExecutor.java:635)
	at java.base/java.lang.Thread.run(Thread.java:840)
[2025-11-23 13:03:29.041] ERROR o.alter.game.model.queue.QueueTask - Error with plugin!
kotlin.UninitializedPropertyAccessException: lateinit property combatDef has not been initialized
	at org.alter.game.model.entity.Npc.getCombatDef(Npc.kt:86)
	at org.alter.plugins.content.combat.Combat.canEngage(Combat.kt:323)
	at org.alter.plugins.content.combat.CombatPlugin.cycle(CombatPlugin.kt:155)
	at org.alter.plugins.content.combat.CombatPlugin$1$2.invokeSuspend(CombatPlugin.kt:43)
	at org.alter.plugins.content.combat.CombatPlugin$1$2.invoke(CombatPlugin.kt)
	at org.alter.plugins.content.combat.CombatPlugin$1$2.invoke(CombatPlugin.kt)
	at org.alter.game.model.queue.QueueTaskSet$queue$suspendBlock$1.invokeSuspend(QueueTaskSet.kt:27)
	at kotlin.coroutines.jvm.internal.BaseContinuationImpl.resumeWith(ContinuationImpl.kt:33)
	at kotlin.coroutines.SafeContinuation.resumeWith(SafeContinuationJvm.kt:41)
	at org.alter.game.model.queue.impl.PawnQueueTaskSet.cycle(PawnQueueTaskSet.kt:25)
	at org.alter.game.task.PlayerCycleTask.execute$lambda$2(PlayerCycleTask.kt:23)
	at org.alter.game.model.PawnList.forEach(PawnList.kt:35)
	at org.alter.game.task.PlayerCycleTask.execute(PlayerCycleTask.kt:17)
	at org.alter.game.service.GameService.cycle(GameService.kt:192)
	at java.base/java.util.concurrent.Executors$RunnableAdapter.call(Executors.java:539)
	at java.base/java.util.concurrent.FutureTask.runAndReset(FutureTask.java:305)
	at java.base/java.util.concurrent.ScheduledThreadPoolExecutor$ScheduledFutureTask.run(ScheduledThreadPoolExecutor.java:305)
	at java.base/java.util.concurrent.ThreadPoolExecutor.runWorker(ThreadPoolExecutor.java:1136)
	at java.base/java.util.concurrent.ThreadPoolExecutor$Worker.run(ThreadPoolExecutor.java:635)
	at java.base/java.lang.Thread.run(Thread.java:840)
[2025-11-23 13:03:29.042] ERROR o.alter.game.model.queue.QueueTask - Error with plugin!
kotlin.UninitializedPropertyAccessException: lateinit property combatDef has not been initialized
	at org.alter.game.model.entity.Npc.getCombatDef(Npc.kt:86)
	at org.alter.plugins.content.combat.Combat.canEngage(Combat.kt:323)
	at org.alter.plugins.content.combat.CombatPlugin.cycle(CombatPlugin.kt:155)
	at org.alter.plugins.content.combat.CombatPlugin$cycle$1.invokeSuspend(CombatPlugin.kt)
	at kotlin.coroutines.jvm.internal.BaseContinuationImpl.resumeWith(ContinuationImpl.kt:33)
	at kotlin.coroutines.SafeContinuation.resumeWith(SafeContinuationJvm.kt:41)
	at org.alter.game.model.queue.QueueTask.cycle$game_server(QueueTask.kt:63)
	at org.alter.game.model.queue.impl.PawnQueueTaskSet.cycle(PawnQueueTaskSet.kt:28)
	at org.alter.game.task.PlayerCycleTask.execute$lambda$2(PlayerCycleTask.kt:23)
	at org.alter.game.model.PawnList.forEach(PawnList.kt:35)
	at org.alter.game.task.PlayerCycleTask.execute(PlayerCycleTask.kt:17)
	at org.alter.game.service.GameService.cycle(GameService.kt:192)
	at java.base/java.util.concurrent.Executors$RunnableAdapter.call(Executors.java:539)
	at java.base/java.util.concurrent.FutureTask.runAndReset(FutureTask.java:305)
	at java.base/java.util.concurrent.ScheduledThreadPoolExecutor$ScheduledFutureTask.run(ScheduledThreadPoolExecutor.java:305)
	at java.base/java.util.concurrent.ThreadPoolExecutor.runWorker(ThreadPoolExecutor.java:1136)
	at java.base/java.util.concurrent.ThreadPoolExecutor$Worker.run(ThreadPoolExecutor.java:635)
	at java.base/java.lang.Thread.run(Thread.java:840)
[2025-11-23 13:03:30.236] ERROR o.alter.game.model.queue.QueueTask - Error with plugin!
kotlin.UninitializedPropertyAccessException: lateinit property combatDef has not been initialized
	at org.alter.game.model.entity.Npc.getCombatDef(Npc.kt:86)
	at org.alter.plugins.content.combat.Combat.canEngage(Combat.kt:323)
	at org.alter.plugins.content.combat.CombatPlugin.cycle(CombatPlugin.kt:155)
	at org.alter.plugins.content.combat.CombatPlugin$1$2.invokeSuspend(CombatPlugin.kt:43)
	at org.alter.plugins.content.combat.CombatPlugin$1$2.invoke(CombatPlugin.kt)
	at org.alter.plugins.content.combat.CombatPlugin$1$2.invoke(CombatPlugin.kt)
	at org.alter.game.model.queue.QueueTaskSet$queue$suspendBlock$1.invokeSuspend(QueueTaskSet.kt:27)
	at kotlin.coroutines.jvm.internal.BaseContinuationImpl.resumeWith(ContinuationImpl.kt:33)
	at kotlin.coroutines.SafeContinuation.resumeWith(SafeContinuationJvm.kt:41)
	at org.alter.game.model.queue.impl.PawnQueueTaskSet.cycle(PawnQueueTaskSet.kt:25)
	at org.alter.game.task.PlayerCycleTask.execute$lambda$2(PlayerCycleTask.kt:23)
	at org.alter.game.model.PawnList.forEach(PawnList.kt:35)
	at org.alter.game.task.PlayerCycleTask.execute(PlayerCycleTask.kt:17)
	at org.alter.game.service.GameService.cycle(GameService.kt:192)
	at java.base/java.util.concurrent.Executors$RunnableAdapter.call(Executors.java:539)
	at java.base/java.util.concurrent.FutureTask.runAndReset(FutureTask.java:305)
	at java.base/java.util.concurrent.ScheduledThreadPoolExecutor$ScheduledFutureTask.run(ScheduledThreadPoolExecutor.java:305)
	at java.base/java.util.concurrent.ThreadPoolExecutor.runWorker(ThreadPoolExecutor.java:1136)
	at java.base/java.util.concurrent.ThreadPoolExecutor$Worker.run(ThreadPoolExecutor.java:635)
	at java.base/java.lang.Thread.run(Thread.java:840)
[2025-11-23 13:03:30.852] ERROR o.alter.game.model.queue.QueueTask - Error with plugin!
kotlin.UninitializedPropertyAccessException: lateinit property combatDef has not been initialized
	at org.alter.game.model.entity.Npc.getCombatDef(Npc.kt:86)
	at org.alter.plugins.content.combat.Combat.canEngage(Combat.kt:323)
	at org.alter.plugins.content.combat.CombatPlugin.cycle(CombatPlugin.kt:155)
	at org.alter.plugins.content.combat.CombatPlugin$1$2.invokeSuspend(CombatPlugin.kt:43)
	at org.alter.plugins.content.combat.CombatPlugin$1$2.invoke(CombatPlugin.kt)
	at org.alter.plugins.content.combat.CombatPlugin$1$2.invoke(CombatPlugin.kt)
	at org.alter.game.model.queue.QueueTaskSet$queue$suspendBlock$1.invokeSuspend(QueueTaskSet.kt:27)
	at kotlin.coroutines.jvm.internal.BaseContinuationImpl.resumeWith(ContinuationImpl.kt:33)
	at kotlin.coroutines.SafeContinuation.resumeWith(SafeContinuationJvm.kt:41)
	at org.alter.game.model.queue.impl.PawnQueueTaskSet.cycle(PawnQueueTaskSet.kt:25)
	at org.alter.game.task.PlayerCycleTask.execute$lambda$2(PlayerCycleTask.kt:23)
	at org.alter.game.model.PawnList.forEach(PawnList.kt:35)
	at org.alter.game.task.PlayerCycleTask.execute(PlayerCycleTask.kt:17)
	at org.alter.game.service.GameService.cycle(GameService.kt:192)
	at java.base/java.util.concurrent.Executors$RunnableAdapter.call(Executors.java:539)
	at java.base/java.util.concurrent.FutureTask.runAndReset(FutureTask.java:305)
	at java.base/java.util.concurrent.ScheduledThreadPoolExecutor$ScheduledFutureTask.run(ScheduledThreadPoolExecutor.java:305)
	at java.base/java.util.concurrent.ThreadPoolExecutor.runWorker(ThreadPoolExecutor.java:1136)
	at java.base/java.util.concurrent.ThreadPoolExecutor$Worker.run(ThreadPoolExecutor.java:635)
	at java.base/java.lang.Thread.run(Thread.java:840)
[2025-11-23 13:03:32.649] ERROR o.alter.game.model.queue.QueueTask - Error with plugin!
kotlin.UninitializedPropertyAccessException: lateinit property combatDef has not been initialized
	at org.alter.game.model.entity.Npc.getCombatDef(Npc.kt:86)
	at org.alter.plugins.content.combat.Combat.canEngage(Combat.kt:323)
	at org.alter.plugins.content.combat.CombatPlugin.cycle(CombatPlugin.kt:155)
	at org.alter.plugins.content.combat.CombatPlugin$1$2.invokeSuspend(CombatPlugin.kt:43)
	at org.alter.plugins.content.combat.CombatPlugin$1$2.invoke(CombatPlugin.kt)
	at org.alter.plugins.content.combat.CombatPlugin$1$2.invoke(CombatPlugin.kt)
	at org.alter.game.model.queue.QueueTaskSet$queue$suspendBlock$1.invokeSuspend(QueueTaskSet.kt:27)
	at kotlin.coroutines.jvm.internal.BaseContinuationImpl.resumeWith(ContinuationImpl.kt:33)
	at kotlin.coroutines.SafeContinuation.resumeWith(SafeContinuationJvm.kt:41)
	at org.alter.game.model.queue.impl.PawnQueueTaskSet.cycle(PawnQueueTaskSet.kt:25)
	at org.alter.game.task.PlayerCycleTask.execute$lambda$2(PlayerCycleTask.kt:23)
	at org.alter.game.model.PawnList.forEach(PawnList.kt:35)
	at org.alter.game.task.PlayerCycleTask.execute(PlayerCycleTask.kt:17)
	at org.alter.game.service.GameService.cycle(GameService.kt:192)
	at java.base/java.util.concurrent.Executors$RunnableAdapter.call(Executors.java:539)
	at java.base/java.util.concurrent.FutureTask.runAndReset(FutureTask.java:305)
	at java.base/java.util.concurrent.ScheduledThreadPoolExecutor$ScheduledFutureTask.run(ScheduledThreadPoolExecutor.java:305)
	at java.base/java.util.concurrent.ThreadPoolExecutor.runWorker(ThreadPoolExecutor.java:1136)
	at java.base/java.util.concurrent.ThreadPoolExecutor$Worker.run(ThreadPoolExecutor.java:635)
	at java.base/java.lang.Thread.run(Thread.java:840)
[2025-11-23 13:03:35.056] ERROR o.alter.game.model.queue.QueueTask - Error with plugin!
kotlin.UninitializedPropertyAccessException: lateinit property combatDef has not been initialized
	at org.alter.game.model.entity.Npc.getCombatDef(Npc.kt:86)
	at org.alter.plugins.content.combat.Combat.canEngage(Combat.kt:323)
	at org.alter.plugins.content.combat.CombatPlugin.cycle(CombatPlugin.kt:155)
	at org.alter.plugins.content.combat.CombatPlugin$cycle$1.invokeSuspend(CombatPlugin.kt)
	at kotlin.coroutines.jvm.internal.BaseContinuationImpl.resumeWith(ContinuationImpl.kt:33)
	at kotlin.coroutines.SafeContinuation.resumeWith(SafeContinuationJvm.kt:41)
	at org.alter.game.model.queue.QueueTask.cycle$game_server(QueueTask.kt:63)
	at org.alter.game.model.queue.impl.PawnQueueTaskSet.cycle(PawnQueueTaskSet.kt:28)
	at org.alter.game.task.PlayerCycleTask.execute$lambda$2(PlayerCycleTask.kt:23)
	at org.alter.game.model.PawnList.forEach(PawnList.kt:35)
	at org.alter.game.task.PlayerCycleTask.execute(PlayerCycleTask.kt:17)
	at org.alter.game.service.GameService.cycle(GameService.kt:192)
	at java.base/java.util.concurrent.Executors$RunnableAdapter.call(Executors.java:539)
	at java.base/java.util.concurrent.FutureTask.runAndReset(FutureTask.java:305)
	at java.base/java.util.concurrent.ScheduledThreadPoolExecutor$ScheduledFutureTask.run(ScheduledThreadPoolExecutor.java:305)
	at java.base/java.util.concurrent.ThreadPoolExecutor.runWorker(ThreadPoolExecutor.java:1136)
	at java.base/java.util.concurrent.ThreadPoolExecutor$Worker.run(ThreadPoolExecutor.java:635)
	at java.base/java.lang.Thread.run(Thread.java:840)
[2025-11-23 13:03:39.841] ERROR o.alter.game.model.queue.QueueTask - Error with plugin!
kotlin.UninitializedPropertyAccessException: lateinit property combatDef has not been initialized
	at org.alter.game.model.entity.Npc.getCombatDef(Npc.kt:86)
	at org.alter.plugins.content.combat.Combat.canEngage(Combat.kt:323)
	at org.alter.plugins.content.combat.CombatPlugin.cycle(CombatPlugin.kt:155)
	at org.alter.plugins.content.combat.CombatPlugin$cycle$1.invokeSuspend(CombatPlugin.kt)
	at kotlin.coroutines.jvm.internal.BaseContinuationImpl.resumeWith(ContinuationImpl.kt:33)
	at kotlin.coroutines.SafeContinuation.resumeWith(SafeContinuationJvm.kt:41)
	at org.alter.game.model.queue.QueueTask.cycle$game_server(QueueTask.kt:63)
	at org.alter.game.model.queue.impl.PawnQueueTaskSet.cycle(PawnQueueTaskSet.kt:28)
	at org.alter.game.task.PlayerCycleTask.execute$lambda$2(PlayerCycleTask.kt:23)
	at org.alter.game.model.PawnList.forEach(PawnList.kt:35)
	at org.alter.game.task.PlayerCycleTask.execute(PlayerCycleTask.kt:17)
	at org.alter.game.service.GameService.cycle(GameService.kt:192)
	at java.base/java.util.concurrent.Executors$RunnableAdapter.call(Executors.java:539)
	at java.base/java.util.concurrent.FutureTask.runAndReset(FutureTask.java:305)
	at java.base/java.util.concurrent.ScheduledThreadPoolExecutor$ScheduledFutureTask.run(ScheduledThreadPoolExecutor.java:305)
	at java.base/java.util.concurrent.ThreadPoolExecutor.runWorker(ThreadPoolExecutor.java:1136)
	at java.base/java.util.concurrent.ThreadPoolExecutor$Worker.run(ThreadPoolExecutor.java:635)
	at java.base/java.lang.Thread.run(Thread.java:840)
[2025-11-23 13:03:40.455] ERROR o.alter.game.model.queue.QueueTask - Error with plugin!
kotlin.UninitializedPropertyAccessException: lateinit property combatDef has not been initialized
	at org.alter.game.model.entity.Npc.getCombatDef(Npc.kt:86)
	at org.alter.plugins.content.combat.Combat.canEngage(Combat.kt:323)
	at org.alter.plugins.content.combat.CombatPlugin.cycle(CombatPlugin.kt:155)
	at org.alter.plugins.content.combat.CombatPlugin$1$2.invokeSuspend(CombatPlugin.kt:43)
	at org.alter.plugins.content.combat.CombatPlugin$1$2.invoke(CombatPlugin.kt)
	at org.alter.plugins.content.combat.CombatPlugin$1$2.invoke(CombatPlugin.kt)
	at org.alter.game.model.queue.QueueTaskSet$queue$suspendBlock$1.invokeSuspend(QueueTaskSet.kt:27)
	at kotlin.coroutines.jvm.internal.BaseContinuationImpl.resumeWith(ContinuationImpl.kt:33)
	at kotlin.coroutines.SafeContinuation.resumeWith(SafeContinuationJvm.kt:41)
	at org.alter.game.model.queue.impl.PawnQueueTaskSet.cycle(PawnQueueTaskSet.kt:25)
	at org.alter.game.task.PlayerCycleTask.execute$lambda$2(PlayerCycleTask.kt:23)
	at org.alter.game.model.PawnList.forEach(PawnList.kt:35)
	at org.alter.game.task.PlayerCycleTask.execute(PlayerCycleTask.kt:17)
	at org.alter.game.service.GameService.cycle(GameService.kt:192)
	at java.base/java.util.concurrent.Executors$RunnableAdapter.call(Executors.java:539)
	at java.base/java.util.concurrent.FutureTask.runAndReset(FutureTask.java:305)
	at java.base/java.util.concurrent.ScheduledThreadPoolExecutor$ScheduledFutureTask.run(ScheduledThreadPoolExecutor.java:305)
	at java.base/java.util.concurrent.ThreadPoolExecutor.runWorker(ThreadPoolExecutor.java:1136)
	at java.base/java.util.concurrent.ThreadPoolExecutor$Worker.run(ThreadPoolExecutor.java:635)
	at java.base/java.lang.Thread.run(Thread.java:840)
[2025-11-23 13:03:41.041] ERROR o.alter.game.model.queue.QueueTask - Error with plugin!
kotlin.UninitializedPropertyAccessException: lateinit property combatDef has not been initialized
	at org.alter.game.model.entity.Npc.getCombatDef(Npc.kt:86)
	at org.alter.plugins.content.combat.Combat.canEngage(Combat.kt:323)
	at org.alter.plugins.content.combat.CombatPlugin.cycle(CombatPlugin.kt:155)
	at org.alter.plugins.content.combat.CombatPlugin$1$2.invokeSuspend(CombatPlugin.kt:43)
	at org.alter.plugins.content.combat.CombatPlugin$1$2.invoke(CombatPlugin.kt)
	at org.alter.plugins.content.combat.CombatPlugin$1$2.invoke(CombatPlugin.kt)
	at org.alter.game.model.queue.QueueTaskSet$queue$suspendBlock$1.invokeSuspend(QueueTaskSet.kt:27)
	at kotlin.coroutines.jvm.internal.BaseContinuationImpl.resumeWith(ContinuationImpl.kt:33)
	at kotlin.coroutines.SafeContinuation.resumeWith(SafeContinuationJvm.kt:41)
	at org.alter.game.model.queue.impl.PawnQueueTaskSet.cycle(PawnQueueTaskSet.kt:25)
	at org.alter.game.task.PlayerCycleTask.execute$lambda$2(PlayerCycleTask.kt:23)
	at org.alter.game.model.PawnList.forEach(PawnList.kt:35)
	at org.alter.game.task.PlayerCycleTask.execute(PlayerCycleTask.kt:17)
	at org.alter.game.service.GameService.cycle(GameService.kt:192)
	at java.base/java.util.concurrent.Executors$RunnableAdapter.call(Executors.java:539)
	at java.base/java.util.concurrent.FutureTask.runAndReset(FutureTask.java:305)
	at java.base/java.util.concurrent.ScheduledThreadPoolExecutor$ScheduledFutureTask.run(ScheduledThreadPoolExecutor.java:305)
	at java.base/java.util.concurrent.ThreadPoolExecutor.runWorker(ThreadPoolExecutor.java:1136)
	at java.base/java.util.concurrent.ThreadPoolExecutor$Worker.run(ThreadPoolExecutor.java:635)
	at java.base/java.lang.Thread.run(Thread.java:840)
[2025-11-23 13:03:42.849] ERROR o.alter.game.model.queue.QueueTask - Error with plugin!
kotlin.UninitializedPropertyAccessException: lateinit property combatDef has not been initialized
	at org.alter.game.model.entity.Npc.getCombatDef(Npc.kt:86)
	at org.alter.plugins.content.combat.Combat.canEngage(Combat.kt:323)
	at org.alter.plugins.content.combat.CombatPlugin.cycle(CombatPlugin.kt:155)
	at org.alter.plugins.content.combat.CombatPlugin$cycle$1.invokeSuspend(CombatPlugin.kt)
	at kotlin.coroutines.jvm.internal.BaseContinuationImpl.resumeWith(ContinuationImpl.kt:33)
	at kotlin.coroutines.SafeContinuation.resumeWith(SafeContinuationJvm.kt:41)
	at org.alter.game.model.queue.QueueTask.cycle$game_server(QueueTask.kt:63)
	at org.alter.game.model.queue.impl.PawnQueueTaskSet.cycle(PawnQueueTaskSet.kt:28)
	at org.alter.game.task.PlayerCycleTask.execute$lambda$2(PlayerCycleTask.kt:23)
	at org.alter.game.model.PawnList.forEach(PawnList.kt:35)
	at org.alter.game.task.PlayerCycleTask.execute(PlayerCycleTask.kt:17)
	at org.alter.game.service.GameService.cycle(GameService.kt:192)
	at java.base/java.util.concurrent.Executors$RunnableAdapter.call(Executors.java:539)
	at java.base/java.util.concurrent.FutureTask.runAndReset(FutureTask.java:305)
	at java.base/java.util.concurrent.ScheduledThreadPoolExecutor$ScheduledFutureTask.run(ScheduledThreadPoolExecutor.java:305)
	at java.base/java.util.concurrent.ThreadPoolExecutor.runWorker(ThreadPoolExecutor.java:1136)
	at java.base/java.util.concurrent.ThreadPoolExecutor$Worker.run(ThreadPoolExecutor.java:635)
	at java.base/java.lang.Thread.run(Thread.java:840)
[2025-11-23 13:03:44.063] ERROR o.alter.game.model.queue.QueueTask - Error with plugin!
kotlin.UninitializedPropertyAccessException: lateinit property combatDef has not been initialized
	at org.alter.game.model.entity.Npc.getCombatDef(Npc.kt:86)
	at org.alter.plugins.content.combat.Combat.canEngage(Combat.kt:323)
	at org.alter.plugins.content.combat.CombatPlugin.cycle(CombatPlugin.kt:155)
	at org.alter.plugins.content.combat.CombatPlugin$1$2.invokeSuspend(CombatPlugin.kt:43)
	at org.alter.plugins.content.combat.CombatPlugin$1$2.invoke(CombatPlugin.kt)
	at org.alter.plugins.content.combat.CombatPlugin$1$2.invoke(CombatPlugin.kt)
	at org.alter.game.model.queue.QueueTaskSet$queue$suspendBlock$1.invokeSuspend(QueueTaskSet.kt:27)
	at kotlin.coroutines.jvm.internal.BaseContinuationImpl.resumeWith(ContinuationImpl.kt:33)
	at kotlin.coroutines.SafeContinuation.resumeWith(SafeContinuationJvm.kt:41)
	at org.alter.game.model.queue.impl.PawnQueueTaskSet.cycle(PawnQueueTaskSet.kt:25)
	at org.alter.game.task.PlayerCycleTask.execute$lambda$2(PlayerCycleTask.kt:23)
	at org.alter.game.model.PawnList.forEach(PawnList.kt:35)
	at org.alter.game.task.PlayerCycleTask.execute(PlayerCycleTask.kt:17)
	at org.alter.game.service.GameService.cycle(GameService.kt:192)
	at java.base/java.util.concurrent.Executors$RunnableAdapter.call(Executors.java:539)
	at java.base/java.util.concurrent.FutureTask.runAndReset(FutureTask.java:305)
	at java.base/java.util.concurrent.ScheduledThreadPoolExecutor$ScheduledFutureTask.run(ScheduledThreadPoolExecutor.java:305)
	at java.base/java.util.concurrent.ThreadPoolExecutor.runWorker(ThreadPoolExecutor.java:1136)
	at java.base/java.util.concurrent.ThreadPoolExecutor$Worker.run(ThreadPoolExecutor.java:635)
	at java.base/java.lang.Thread.run(Thread.java:840)
[2025-11-23 13:03:45.254] ERROR o.alter.game.model.queue.QueueTask - Error with plugin!
kotlin.UninitializedPropertyAccessException: lateinit property combatDef has not been initialized
	at org.alter.game.model.entity.Npc.getCombatDef(Npc.kt:86)
	at org.alter.plugins.content.combat.Combat.canEngage(Combat.kt:323)
	at org.alter.plugins.content.combat.CombatPlugin.cycle(CombatPlugin.kt:155)
	at org.alter.plugins.content.combat.CombatPlugin$1$2.invokeSuspend(CombatPlugin.kt:43)
	at org.alter.plugins.content.combat.CombatPlugin$1$2.invoke(CombatPlugin.kt)
	at org.alter.plugins.content.combat.CombatPlugin$1$2.invoke(CombatPlugin.kt)
	at org.alter.game.model.queue.QueueTaskSet$queue$suspendBlock$1.invokeSuspend(QueueTaskSet.kt:27)
	at kotlin.coroutines.jvm.internal.BaseContinuationImpl.resumeWith(ContinuationImpl.kt:33)
	at kotlin.coroutines.SafeContinuation.resumeWith(SafeContinuationJvm.kt:41)
	at org.alter.game.model.queue.impl.PawnQueueTaskSet.cycle(PawnQueueTaskSet.kt:25)
	at org.alter.game.task.PlayerCycleTask.execute$lambda$2(PlayerCycleTask.kt:23)
	at org.alter.game.model.PawnList.forEach(PawnList.kt:35)
	at org.alter.game.task.PlayerCycleTask.execute(PlayerCycleTask.kt:17)
	at org.alter.game.service.GameService.cycle(GameService.kt:192)
	at java.base/java.util.concurrent.Executors$RunnableAdapter.call(Executors.java:539)
	at java.base/java.util.concurrent.FutureTask.runAndReset(FutureTask.java:305)
	at java.base/java.util.concurrent.ScheduledThreadPoolExecutor$ScheduledFutureTask.run(ScheduledThreadPoolExecutor.java:305)
	at java.base/java.util.concurrent.ThreadPoolExecutor.runWorker(ThreadPoolExecutor.java:1136)
	at java.base/java.util.concurrent.ThreadPoolExecutor$Worker.run(ThreadPoolExecutor.java:635)
	at java.base/java.lang.Thread.run(Thread.java:840)
[2025-11-23 13:03:53.045] ERROR org.alter.game.service.GameService - Error with task QueueHandlerTask.
java.util.ConcurrentModificationException: null
	at java.base/java.util.LinkedList$ListItr.checkForComodification(LinkedList.java:970)
	at java.base/java.util.LinkedList$ListItr.next(LinkedList.java:892)
	at org.alter.game.model.queue.impl.WorldQueueTaskSet.cycle(WorldQueueTaskSet.kt:18)
	at org.alter.game.task.QueueHandlerTask.execute(QueueHandlerTask.kt:20)
	at org.alter.game.service.GameService.cycle(GameService.kt:192)
	at java.base/java.util.concurrent.Executors$RunnableAdapter.call(Executors.java:539)
	at java.base/java.util.concurrent.FutureTask.runAndReset(FutureTask.java:305)
	at java.base/java.util.concurrent.ScheduledThreadPoolExecutor$ScheduledFutureTask.run(ScheduledThreadPoolExecutor.java:305)
	at java.base/java.util.concurrent.ThreadPoolExecutor.runWorker(ThreadPoolExecutor.java:1136)
	at java.base/java.util.concurrent.ThreadPoolExecutor$Worker.run(ThreadPoolExecutor.java:635)
	at java.base/java.lang.Thread.run(Thread.java:840)
[2025-11-23 13:04:06.832] ERROR org.alter.game.service.GameService - Error with task QueueHandlerTask.
java.util.ConcurrentModificationException: null
	at java.base/java.util.LinkedList$ListItr.checkForComodification(LinkedList.java:970)
	at java.base/java.util.LinkedList$ListItr.next(LinkedList.java:892)
	at org.alter.game.model.queue.impl.WorldQueueTaskSet.cycle(WorldQueueTaskSet.kt:18)
	at org.alter.game.task.QueueHandlerTask.execute(QueueHandlerTask.kt:20)
	at org.alter.game.service.GameService.cycle(GameService.kt:192)
	at java.base/java.util.concurrent.Executors$RunnableAdapter.call(Executors.java:539)
	at java.base/java.util.concurrent.FutureTask.runAndReset(FutureTask.java:305)
	at java.base/java.util.concurrent.ScheduledThreadPoolExecutor$ScheduledFutureTask.run(ScheduledThreadPoolExecutor.java:305)
	at java.base/java.util.concurrent.ThreadPoolExecutor.runWorker(ThreadPoolExecutor.java:1136)
	at java.base/java.util.concurrent.ThreadPoolExecutor$Worker.run(ThreadPoolExecutor.java:635)
	at java.base/java.lang.Thread.run(Thread.java:840)
[2025-11-23 13:05:00.242] ERROR org.alter.game.service.GameService - Error with task QueueHandlerTask.
java.util.ConcurrentModificationException: null
	at java.base/java.util.LinkedList$ListItr.checkForComodification(LinkedList.java:970)
	at java.base/java.util.LinkedList$ListItr.next(LinkedList.java:892)
	at org.alter.game.model.queue.impl.WorldQueueTaskSet.cycle(WorldQueueTaskSet.kt:18)
	at org.alter.game.task.QueueHandlerTask.execute(QueueHandlerTask.kt:20)
	at org.alter.game.service.GameService.cycle(GameService.kt:192)
	at java.base/java.util.concurrent.Executors$RunnableAdapter.call(Executors.java:539)
	at java.base/java.util.concurrent.FutureTask.runAndReset(FutureTask.java:305)
	at java.base/java.util.concurrent.ScheduledThreadPoolExecutor$ScheduledFutureTask.run(ScheduledThreadPoolExecutor.java:305)
	at java.base/java.util.concurrent.ThreadPoolExecutor.runWorker(ThreadPoolExecutor.java:1136)
	at java.base/java.util.concurrent.ThreadPoolExecutor$Worker.run(ThreadPoolExecutor.java:635)
	at java.base/java.lang.Thread.run(Thread.java:840)
[2025-11-23 13:06:08.038] ERROR o.alter.game.model.queue.QueueTask - Error with plugin!
java.lang.IllegalArgumentException: NPC Avatar with index 947 is already allocated!
	at net.rsprot.protocol.game.outgoing.info.npcinfo.NpcAvatarRepository.getOrAlloc(NpcAvatarRepository.kt:105)
	at net.rsprot.protocol.game.outgoing.info.npcinfo.NpcAvatarFactory.alloc(NpcAvatarFactory.kt:113)
	at net.rsprot.protocol.game.outgoing.info.npcinfo.NpcAvatarFactory.alloc$default(NpcAvatarFactory.kt:83)
	at org.alter.game.model.World.spawn(World.kt:404)
	at org.alter.plugins.content.npcs.sewerabomination.SewerAbominationCombatPlugin.spawnMinion(SewerAbominationCombatPlugin.kt:689)
	at org.alter.plugins.content.npcs.sewerabomination.SewerAbominationCombatPlugin.combat(SewerAbominationCombatPlugin.kt:221)
	at org.alter.plugins.content.npcs.sewerabomination.SewerAbominationCombatPlugin.access$combat(SewerAbominationCombatPlugin.kt:46)
	at org.alter.plugins.content.npcs.sewerabomination.SewerAbominationCombatPlugin$1$1.invokeSuspend(SewerAbominationCombatPlugin.kt:65)
	at org.alter.plugins.content.npcs.sewerabomination.SewerAbominationCombatPlugin$1$1.invoke(SewerAbominationCombatPlugin.kt)
	at org.alter.plugins.content.npcs.sewerabomination.SewerAbominationCombatPlugin$1$1.invoke(SewerAbominationCombatPlugin.kt)
	at org.alter.game.model.queue.QueueTaskSet$queue$suspendBlock$1.invokeSuspend(QueueTaskSet.kt:27)
	at kotlin.coroutines.jvm.internal.BaseContinuationImpl.resumeWith(ContinuationImpl.kt:33)
	at kotlin.coroutines.SafeContinuation.resumeWith(SafeContinuationJvm.kt:41)
	at org.alter.game.model.queue.impl.PawnQueueTaskSet.cycle(PawnQueueTaskSet.kt:25)
	at org.alter.game.task.NpcCycleTask.execute$lambda$0(NpcCycleTask.kt:18)
	at org.alter.game.model.PawnList.forEach(PawnList.kt:35)
	at org.alter.game.task.NpcCycleTask.execute(NpcCycleTask.kt:17)
	at org.alter.game.service.GameService.cycle(GameService.kt:192)
	at java.base/java.util.concurrent.Executors$RunnableAdapter.call(Executors.java:539)
	at java.base/java.util.concurrent.FutureTask.runAndReset(FutureTask.java:305)
	at java.base/java.util.concurrent.ScheduledThreadPoolExecutor$ScheduledFutureTask.run(ScheduledThreadPoolExecutor.java:305)
	at java.base/java.util.concurrent.ThreadPoolExecutor.runWorker(ThreadPoolExecutor.java:1136)
	at java.base/java.util.concurrent.ThreadPoolExecutor$Worker.run(ThreadPoolExecutor.java:635)
	at java.base/java.lang.Thread.run(Thread.java:840)
[2025-11-23 13:06:11.037] ERROR o.alter.game.model.queue.QueueTask - Error with plugin!
java.lang.IllegalArgumentException: NPC Avatar with index 948 is already allocated!
	at net.rsprot.protocol.game.outgoing.info.npcinfo.NpcAvatarRepository.getOrAlloc(NpcAvatarRepository.kt:105)
	at net.rsprot.protocol.game.outgoing.info.npcinfo.NpcAvatarFactory.alloc(NpcAvatarFactory.kt:113)
	at net.rsprot.protocol.game.outgoing.info.npcinfo.NpcAvatarFactory.alloc$default(NpcAvatarFactory.kt:83)
	at org.alter.game.model.World.spawn(World.kt:404)
	at org.alter.plugins.content.npcs.sewerabomination.SewerAbominationCombatPlugin.spawnMinion(SewerAbominationCombatPlugin.kt:689)
	at org.alter.plugins.content.npcs.sewerabomination.SewerAbominationCombatPlugin.combat(SewerAbominationCombatPlugin.kt:221)
	at org.alter.plugins.content.npcs.sewerabomination.SewerAbominationCombatPlugin.access$combat(SewerAbominationCombatPlugin.kt:46)
	at org.alter.plugins.content.npcs.sewerabomination.SewerAbominationCombatPlugin$1$1.invokeSuspend(SewerAbominationCombatPlugin.kt:65)
	at org.alter.plugins.content.npcs.sewerabomination.SewerAbominationCombatPlugin$1$1.invoke(SewerAbominationCombatPlugin.kt)
	at org.alter.plugins.content.npcs.sewerabomination.SewerAbominationCombatPlugin$1$1.invoke(SewerAbominationCombatPlugin.kt)
	at org.alter.game.model.queue.QueueTaskSet$queue$suspendBlock$1.invokeSuspend(QueueTaskSet.kt:27)
	at kotlin.coroutines.jvm.internal.BaseContinuationImpl.resumeWith(ContinuationImpl.kt:33)
	at kotlin.coroutines.SafeContinuation.resumeWith(SafeContinuationJvm.kt:41)
	at org.alter.game.model.queue.impl.PawnQueueTaskSet.cycle(PawnQueueTaskSet.kt:25)
	at org.alter.game.task.NpcCycleTask.execute$lambda$0(NpcCycleTask.kt:18)
	at org.alter.game.model.PawnList.forEach(PawnList.kt:35)
	at org.alter.game.task.NpcCycleTask.execute(NpcCycleTask.kt:17)
	at org.alter.game.service.GameService.cycle(GameService.kt:192)
	at java.base/java.util.concurrent.Executors$RunnableAdapter.call(Executors.java:539)
	at java.base/java.util.concurrent.FutureTask.runAndReset(FutureTask.java:305)
	at java.base/java.util.concurrent.ScheduledThreadPoolExecutor$ScheduledFutureTask.run(ScheduledThreadPoolExecutor.java:305)
	at java.base/java.util.concurrent.ThreadPoolExecutor.runWorker(ThreadPoolExecutor.java:1136)
	at java.base/java.util.concurrent.ThreadPoolExecutor$Worker.run(ThreadPoolExecutor.java:635)
	at java.base/java.lang.Thread.run(Thread.java:840)
[2025-11-23 13:08:31.430] ERROR org.alter.game.service.GameService - Error with task QueueHandlerTask.
java.util.ConcurrentModificationException: null
	at java.base/java.util.LinkedList$ListItr.checkForComodification(LinkedList.java:970)
	at java.base/java.util.LinkedList$ListItr.next(LinkedList.java:892)
	at org.alter.game.model.queue.impl.WorldQueueTaskSet.cycle(WorldQueueTaskSet.kt:18)
	at org.alter.game.task.QueueHandlerTask.execute(QueueHandlerTask.kt:20)
	at org.alter.game.service.GameService.cycle(GameService.kt:192)
	at java.base/java.util.concurrent.Executors$RunnableAdapter.call(Executors.java:539)
	at java.base/java.util.concurrent.FutureTask.runAndReset(FutureTask.java:305)
	at java.base/java.util.concurrent.ScheduledThreadPoolExecutor$ScheduledFutureTask.run(ScheduledThreadPoolExecutor.java:305)
	at java.base/java.util.concurrent.ThreadPoolExecutor.runWorker(ThreadPoolExecutor.java:1136)
	at java.base/java.util.concurrent.ThreadPoolExecutor$Worker.run(ThreadPoolExecutor.java:635)
	at java.base/java.lang.Thread.run(Thread.java:840)
[2025-11-23 13:09:52.444] ERROR o.alter.game.model.queue.QueueTask - Error with plugin!
kotlin.UninitializedPropertyAccessException: lateinit property combatDef has not been initialized
	at org.alter.game.model.entity.Npc.getCombatDef(Npc.kt:86)
	at org.alter.plugins.content.combat.Combat.canEngage(Combat.kt:323)
	at org.alter.plugins.content.combat.CombatPlugin.cycle(CombatPlugin.kt:155)
	at org.alter.plugins.content.combat.CombatPlugin$cycle$1.invokeSuspend(CombatPlugin.kt)
	at kotlin.coroutines.jvm.internal.BaseContinuationImpl.resumeWith(ContinuationImpl.kt:33)
	at kotlin.coroutines.SafeContinuation.resumeWith(SafeContinuationJvm.kt:41)
	at org.alter.game.model.queue.QueueTask.cycle$game_server(QueueTask.kt:63)
	at org.alter.game.model.queue.impl.PawnQueueTaskSet.cycle(PawnQueueTaskSet.kt:28)
	at org.alter.game.task.PlayerCycleTask.execute$lambda$2(PlayerCycleTask.kt:23)
	at org.alter.game.model.PawnList.forEach(PawnList.kt:35)
	at org.alter.game.task.PlayerCycleTask.execute(PlayerCycleTask.kt:17)
	at org.alter.game.service.GameService.cycle(GameService.kt:192)
	at java.base/java.util.concurrent.Executors$RunnableAdapter.call(Executors.java:539)
	at java.base/java.util.concurrent.FutureTask.runAndReset(FutureTask.java:305)
	at java.base/java.util.concurrent.ScheduledThreadPoolExecutor$ScheduledFutureTask.run(ScheduledThreadPoolExecutor.java:305)
	at java.base/java.util.concurrent.ThreadPoolExecutor.runWorker(ThreadPoolExecutor.java:1136)
	at java.base/java.util.concurrent.ThreadPoolExecutor$Worker.run(ThreadPoolExecutor.java:635)
	at java.base/java.lang.Thread.run(Thread.java:840)
[2025-11-23 13:09:55.436] ERROR org.alter.game.service.GameService - Error with task QueueHandlerTask.
java.util.ConcurrentModificationException: null
	at java.base/java.util.LinkedList$ListItr.checkForComodification(LinkedList.java:970)
	at java.base/java.util.LinkedList$ListItr.next(LinkedList.java:892)
	at org.alter.game.model.queue.impl.WorldQueueTaskSet.cycle(WorldQueueTaskSet.kt:18)
	at org.alter.game.task.QueueHandlerTask.execute(QueueHandlerTask.kt:20)
	at org.alter.game.service.GameService.cycle(GameService.kt:192)
	at java.base/java.util.concurrent.Executors$RunnableAdapter.call(Executors.java:539)
	at java.base/java.util.concurrent.FutureTask.runAndReset(FutureTask.java:305)
	at java.base/java.util.concurrent.ScheduledThreadPoolExecutor$ScheduledFutureTask.run(ScheduledThreadPoolExecutor.java:305)
	at java.base/java.util.concurrent.ThreadPoolExecutor.runWorker(ThreadPoolExecutor.java:1136)
	at java.base/java.util.concurrent.ThreadPoolExecutor$Worker.run(ThreadPoolExecutor.java:635)
	at java.base/java.lang.Thread.run(Thread.java:840)
[2025-11-23 13:10:44.041] ERROR org.alter.game.service.GameService - Error with task QueueHandlerTask.
java.util.ConcurrentModificationException: null
	at java.base/java.util.LinkedList$ListItr.checkForComodification(LinkedList.java:970)
	at java.base/java.util.LinkedList$ListItr.next(LinkedList.java:892)
	at org.alter.game.model.queue.impl.WorldQueueTaskSet.cycle(WorldQueueTaskSet.kt:18)
	at org.alter.game.task.QueueHandlerTask.execute(QueueHandlerTask.kt:20)
	at org.alter.game.service.GameService.cycle(GameService.kt:192)
	at java.base/java.util.concurrent.Executors$RunnableAdapter.call(Executors.java:539)
	at java.base/java.util.concurrent.FutureTask.runAndReset(FutureTask.java:305)
	at java.base/java.util.concurrent.ScheduledThreadPoolExecutor$ScheduledFutureTask.run(ScheduledThreadPoolExecutor.java:305)
	at java.base/java.util.concurrent.ThreadPoolExecutor.runWorker(ThreadPoolExecutor.java:1136)
	at java.base/java.util.concurrent.ThreadPoolExecutor$Worker.run(ThreadPoolExecutor.java:635)
	at java.base/java.lang.Thread.run(Thread.java:840)
[2025-11-23 13:11:59.630] ERROR o.alter.game.model.queue.QueueTask - Error with plugin!
java.lang.IllegalArgumentException: NPC Avatar with index 949 is already allocated!
	at net.rsprot.protocol.game.outgoing.info.npcinfo.NpcAvatarRepository.getOrAlloc(NpcAvatarRepository.kt:105)
	at net.rsprot.protocol.game.outgoing.info.npcinfo.NpcAvatarFactory.alloc(NpcAvatarFactory.kt:113)
	at net.rsprot.protocol.game.outgoing.info.npcinfo.NpcAvatarFactory.alloc$default(NpcAvatarFactory.kt:83)
	at org.alter.game.model.World.spawn(World.kt:404)
	at org.alter.plugins.content.npcs.sewerabomination.SewerAbominationCombatPlugin.spawnMinion(SewerAbominationCombatPlugin.kt:689)
	at org.alter.plugins.content.npcs.sewerabomination.SewerAbominationCombatPlugin.combat(SewerAbominationCombatPlugin.kt:221)
	at org.alter.plugins.content.npcs.sewerabomination.SewerAbominationCombatPlugin.access$combat(SewerAbominationCombatPlugin.kt:46)
	at org.alter.plugins.content.npcs.sewerabomination.SewerAbominationCombatPlugin$1$1.invokeSuspend(SewerAbominationCombatPlugin.kt:65)
	at org.alter.plugins.content.npcs.sewerabomination.SewerAbominationCombatPlugin$1$1.invoke(SewerAbominationCombatPlugin.kt)
	at org.alter.plugins.content.npcs.sewerabomination.SewerAbominationCombatPlugin$1$1.invoke(SewerAbominationCombatPlugin.kt)
	at org.alter.game.model.queue.QueueTaskSet$queue$suspendBlock$1.invokeSuspend(QueueTaskSet.kt:27)
	at kotlin.coroutines.jvm.internal.BaseContinuationImpl.resumeWith(ContinuationImpl.kt:33)
	at kotlin.coroutines.SafeContinuation.resumeWith(SafeContinuationJvm.kt:41)
	at org.alter.game.model.queue.impl.PawnQueueTaskSet.cycle(PawnQueueTaskSet.kt:25)
	at org.alter.game.task.NpcCycleTask.execute$lambda$0(NpcCycleTask.kt:18)
	at org.alter.game.model.PawnList.forEach(PawnList.kt:35)
	at org.alter.game.task.NpcCycleTask.execute(NpcCycleTask.kt:17)
	at org.alter.game.service.GameService.cycle(GameService.kt:192)
	at java.base/java.util.concurrent.Executors$RunnableAdapter.call(Executors.java:539)
	at java.base/java.util.concurrent.FutureTask.runAndReset(FutureTask.java:305)
	at java.base/java.util.concurrent.ScheduledThreadPoolExecutor$ScheduledFutureTask.run(ScheduledThreadPoolExecutor.java:305)
	at java.base/java.util.concurrent.ThreadPoolExecutor.runWorker(ThreadPoolExecutor.java:1136)
	at java.base/java.util.concurrent.ThreadPoolExecutor$Worker.run(ThreadPoolExecutor.java:635)
	at java.base/java.lang.Thread.run(Thread.java:840)
[2025-11-23 13:12:12.240] ERROR o.alter.game.model.queue.QueueTask - Error with plugin!
java.lang.IllegalArgumentException: NPC Avatar with index 950 is already allocated!
	at net.rsprot.protocol.game.outgoing.info.npcinfo.NpcAvatarRepository.getOrAlloc(NpcAvatarRepository.kt:105)
	at net.rsprot.protocol.game.outgoing.info.npcinfo.NpcAvatarFactory.alloc(NpcAvatarFactory.kt:113)
	at net.rsprot.protocol.game.outgoing.info.npcinfo.NpcAvatarFactory.alloc$default(NpcAvatarFactory.kt:83)
	at org.alter.game.model.World.spawn(World.kt:404)
	at org.alter.plugins.content.npcs.sewerabomination.SewerAbominationCombatPlugin.spawnMinion(SewerAbominationCombatPlugin.kt:689)
	at org.alter.plugins.content.npcs.sewerabomination.SewerAbominationCombatPlugin.combat(SewerAbominationCombatPlugin.kt:221)
	at org.alter.plugins.content.npcs.sewerabomination.SewerAbominationCombatPlugin.access$combat(SewerAbominationCombatPlugin.kt:46)
	at org.alter.plugins.content.npcs.sewerabomination.SewerAbominationCombatPlugin$1$1.invokeSuspend(SewerAbominationCombatPlugin.kt:65)
	at org.alter.plugins.content.npcs.sewerabomination.SewerAbominationCombatPlugin$1$1.invoke(SewerAbominationCombatPlugin.kt)
	at org.alter.plugins.content.npcs.sewerabomination.SewerAbominationCombatPlugin$1$1.invoke(SewerAbominationCombatPlugin.kt)
	at org.alter.game.model.queue.QueueTaskSet$queue$suspendBlock$1.invokeSuspend(QueueTaskSet.kt:27)
	at kotlin.coroutines.jvm.internal.BaseContinuationImpl.resumeWith(ContinuationImpl.kt:33)
	at kotlin.coroutines.SafeContinuation.resumeWith(SafeContinuationJvm.kt:41)
	at org.alter.game.model.queue.impl.PawnQueueTaskSet.cycle(PawnQueueTaskSet.kt:25)
	at org.alter.game.task.NpcCycleTask.execute$lambda$0(NpcCycleTask.kt:18)
	at org.alter.game.model.PawnList.forEach(PawnList.kt:35)
	at org.alter.game.task.NpcCycleTask.execute(NpcCycleTask.kt:17)
	at org.alter.game.service.GameService.cycle(GameService.kt:192)
	at java.base/java.util.concurrent.Executors$RunnableAdapter.call(Executors.java:539)
	at java.base/java.util.concurrent.FutureTask.runAndReset(FutureTask.java:305)
	at java.base/java.util.concurrent.ScheduledThreadPoolExecutor$ScheduledFutureTask.run(ScheduledThreadPoolExecutor.java:305)
	at java.base/java.util.concurrent.ThreadPoolExecutor.runWorker(ThreadPoolExecutor.java:1136)
	at java.base/java.util.concurrent.ThreadPoolExecutor$Worker.run(ThreadPoolExecutor.java:635)
	at java.base/java.lang.Thread.run(Thread.java:840)
[2025-11-23 13:14:12.240] ERROR org.alter.game.service.GameService - Error with task QueueHandlerTask.
java.util.ConcurrentModificationException: null
	at java.base/java.util.LinkedList$ListItr.checkForComodification(LinkedList.java:970)
	at java.base/java.util.LinkedList$ListItr.next(LinkedList.java:892)
	at org.alter.game.model.queue.impl.WorldQueueTaskSet.cycle(WorldQueueTaskSet.kt:18)
	at org.alter.game.task.QueueHandlerTask.execute(QueueHandlerTask.kt:20)
	at org.alter.game.service.GameService.cycle(GameService.kt:192)
	at java.base/java.util.concurrent.Executors$RunnableAdapter.call(Executors.java:539)
	at java.base/java.util.concurrent.FutureTask.runAndReset(FutureTask.java:305)
	at java.base/java.util.concurrent.ScheduledThreadPoolExecutor$ScheduledFutureTask.run(ScheduledThreadPoolExecutor.java:305)
	at java.base/java.util.concurrent.ThreadPoolExecutor.runWorker(ThreadPoolExecutor.java:1136)
	at java.base/java.util.concurrent.ThreadPoolExecutor$Worker.run(ThreadPoolExecutor.java:635)
	at java.base/java.lang.Thread.run(Thread.java:840)
[2025-11-23 13:14:14.633] ERROR org.alter.game.service.GameService - Error with task QueueHandlerTask.
java.util.ConcurrentModificationException: null
	at java.base/java.util.LinkedList$ListItr.checkForComodification(LinkedList.java:970)
	at java.base/java.util.LinkedList$ListItr.next(LinkedList.java:892)
	at org.alter.game.model.queue.impl.WorldQueueTaskSet.cycle(WorldQueueTaskSet.kt:18)
	at org.alter.game.task.QueueHandlerTask.execute(QueueHandlerTask.kt:20)
	at org.alter.game.service.GameService.cycle(GameService.kt:192)
	at java.base/java.util.concurrent.Executors$RunnableAdapter.call(Executors.java:539)
	at java.base/java.util.concurrent.FutureTask.runAndReset(FutureTask.java:305)
	at java.base/java.util.concurrent.ScheduledThreadPoolExecutor$ScheduledFutureTask.run(ScheduledThreadPoolExecutor.java:305)
	at java.base/java.util.concurrent.ThreadPoolExecutor.runWorker(ThreadPoolExecutor.java:1136)
	at java.base/java.util.concurrent.ThreadPoolExecutor$Worker.run(ThreadPoolExecutor.java:635)
	at java.base/java.lang.Thread.run(Thread.java:840)
[2025-11-23 13:14:27.236] ERROR org.alter.game.service.GameService - Error with task QueueHandlerTask.
java.util.ConcurrentModificationException: null
	at java.base/java.util.LinkedList$ListItr.checkForComodification(LinkedList.java:970)
	at java.base/java.util.LinkedList$ListItr.next(LinkedList.java:892)
	at org.alter.game.model.queue.impl.WorldQueueTaskSet.cycle(WorldQueueTaskSet.kt:18)
	at org.alter.game.task.QueueHandlerTask.execute(QueueHandlerTask.kt:20)
	at org.alter.game.service.GameService.cycle(GameService.kt:192)
	at java.base/java.util.concurrent.Executors$RunnableAdapter.call(Executors.java:539)
	at java.base/java.util.concurrent.FutureTask.runAndReset(FutureTask.java:305)
	at java.base/java.util.concurrent.ScheduledThreadPoolExecutor$ScheduledFutureTask.run(ScheduledThreadPoolExecutor.java:305)
	at java.base/java.util.concurrent.ThreadPoolExecutor.runWorker(ThreadPoolExecutor.java:1136)
	at java.base/java.util.concurrent.ThreadPoolExecutor$Worker.run(ThreadPoolExecutor.java:635)
	at java.base/java.lang.Thread.run(Thread.java:840)
[2025-11-23 13:17:40.436] ERROR o.alter.game.model.queue.QueueTask - Error with plugin!
java.lang.IllegalArgumentException: NPC Avatar with index 951 is already allocated!
	at net.rsprot.protocol.game.outgoing.info.npcinfo.NpcAvatarRepository.getOrAlloc(NpcAvatarRepository.kt:105)
	at net.rsprot.protocol.game.outgoing.info.npcinfo.NpcAvatarFactory.alloc(NpcAvatarFactory.kt:113)
	at net.rsprot.protocol.game.outgoing.info.npcinfo.NpcAvatarFactory.alloc$default(NpcAvatarFactory.kt:83)
	at org.alter.game.model.World.spawn(World.kt:404)
	at org.alter.plugins.content.npcs.sewerabomination.SewerAbominationCombatPlugin.spawnMinion(SewerAbominationCombatPlugin.kt:689)
	at org.alter.plugins.content.npcs.sewerabomination.SewerAbominationCombatPlugin.combat(SewerAbominationCombatPlugin.kt:221)
	at org.alter.plugins.content.npcs.sewerabomination.SewerAbominationCombatPlugin.access$combat(SewerAbominationCombatPlugin.kt:46)
	at org.alter.plugins.content.npcs.sewerabomination.SewerAbominationCombatPlugin$1$1.invokeSuspend(SewerAbominationCombatPlugin.kt:65)
	at org.alter.plugins.content.npcs.sewerabomination.SewerAbominationCombatPlugin$1$1.invoke(SewerAbominationCombatPlugin.kt)
	at org.alter.plugins.content.npcs.sewerabomination.SewerAbominationCombatPlugin$1$1.invoke(SewerAbominationCombatPlugin.kt)
	at org.alter.game.model.queue.QueueTaskSet$queue$suspendBlock$1.invokeSuspend(QueueTaskSet.kt:27)
	at kotlin.coroutines.jvm.internal.BaseContinuationImpl.resumeWith(ContinuationImpl.kt:33)
	at kotlin.coroutines.SafeContinuation.resumeWith(SafeContinuationJvm.kt:41)
	at org.alter.game.model.queue.impl.PawnQueueTaskSet.cycle(PawnQueueTaskSet.kt:25)
	at org.alter.game.task.NpcCycleTask.execute$lambda$0(NpcCycleTask.kt:18)
	at org.alter.game.model.PawnList.forEach(PawnList.kt:35)
	at org.alter.game.task.NpcCycleTask.execute(NpcCycleTask.kt:17)
	at org.alter.game.service.GameService.cycle(GameService.kt:192)
	at java.base/java.util.concurrent.Executors$RunnableAdapter.call(Executors.java:539)
	at java.base/java.util.concurrent.FutureTask.runAndReset(FutureTask.java:305)
	at java.base/java.util.concurrent.ScheduledThreadPoolExecutor$ScheduledFutureTask.run(ScheduledThreadPoolExecutor.java:305)
	at java.base/java.util.concurrent.ThreadPoolExecutor.runWorker(ThreadPoolExecutor.java:1136)
	at java.base/java.util.concurrent.ThreadPoolExecutor$Worker.run(ThreadPoolExecutor.java:635)
	at java.base/java.lang.Thread.run(Thread.java:840)
[2025-11-23 13:17:41.036] ERROR o.alter.game.model.queue.QueueTask - Error with plugin!
java.lang.IllegalArgumentException: NPC Avatar with index 952 is already allocated!
	at net.rsprot.protocol.game.outgoing.info.npcinfo.NpcAvatarRepository.getOrAlloc(NpcAvatarRepository.kt:105)
	at net.rsprot.protocol.game.outgoing.info.npcinfo.NpcAvatarFactory.alloc(NpcAvatarFactory.kt:113)
	at net.rsprot.protocol.game.outgoing.info.npcinfo.NpcAvatarFactory.alloc$default(NpcAvatarFactory.kt:83)
	at org.alter.game.model.World.spawn(World.kt:404)
	at org.alter.plugins.content.npcs.sewerabomination.SewerAbominationCombatPlugin.spawnMinion(SewerAbominationCombatPlugin.kt:689)
	at org.alter.plugins.content.npcs.sewerabomination.SewerAbominationCombatPlugin.combat(SewerAbominationCombatPlugin.kt:221)
	at org.alter.plugins.content.npcs.sewerabomination.SewerAbominationCombatPlugin.access$combat(SewerAbominationCombatPlugin.kt:46)
	at org.alter.plugins.content.npcs.sewerabomination.SewerAbominationCombatPlugin$1$1.invokeSuspend(SewerAbominationCombatPlugin.kt:65)
	at org.alter.plugins.content.npcs.sewerabomination.SewerAbominationCombatPlugin$1$1.invoke(SewerAbominationCombatPlugin.kt)
	at org.alter.plugins.content.npcs.sewerabomination.SewerAbominationCombatPlugin$1$1.invoke(SewerAbominationCombatPlugin.kt)
	at org.alter.game.model.queue.QueueTaskSet$queue$suspendBlock$1.invokeSuspend(QueueTaskSet.kt:27)
	at kotlin.coroutines.jvm.internal.BaseContinuationImpl.resumeWith(ContinuationImpl.kt:33)
	at kotlin.coroutines.SafeContinuation.resumeWith(SafeContinuationJvm.kt:41)
	at org.alter.game.model.queue.impl.PawnQueueTaskSet.cycle(PawnQueueTaskSet.kt:25)
	at org.alter.game.task.NpcCycleTask.execute$lambda$0(NpcCycleTask.kt:18)
	at org.alter.game.model.PawnList.forEach(PawnList.kt:35)
	at org.alter.game.task.NpcCycleTask.execute(NpcCycleTask.kt:17)
	at org.alter.game.service.GameService.cycle(GameService.kt:192)
	at java.base/java.util.concurrent.Executors$RunnableAdapter.call(Executors.java:539)
	at java.base/java.util.concurrent.FutureTask.runAndReset(FutureTask.java:305)
	at java.base/java.util.concurrent.ScheduledThreadPoolExecutor$ScheduledFutureTask.run(ScheduledThreadPoolExecutor.java:305)
	at java.base/java.util.concurrent.ThreadPoolExecutor.runWorker(ThreadPoolExecutor.java:1136)
	at java.base/java.util.concurrent.ThreadPoolExecutor$Worker.run(ThreadPoolExecutor.java:635)
	at java.base/java.lang.Thread.run(Thread.java:840)
[2025-11-23 13:18:24.233] ERROR org.alter.game.service.GameService - Error with task QueueHandlerTask.
java.util.ConcurrentModificationException: null
	at java.base/java.util.LinkedList$ListItr.checkForComodification(LinkedList.java:970)
	at java.base/java.util.LinkedList$ListItr.next(LinkedList.java:892)
	at org.alter.game.model.queue.impl.WorldQueueTaskSet.cycle(WorldQueueTaskSet.kt:18)
	at org.alter.game.task.QueueHandlerTask.execute(QueueHandlerTask.kt:20)
	at org.alter.game.service.GameService.cycle(GameService.kt:192)
	at java.base/java.util.concurrent.Executors$RunnableAdapter.call(Executors.java:539)
	at java.base/java.util.concurrent.FutureTask.runAndReset(FutureTask.java:305)
	at java.base/java.util.concurrent.ScheduledThreadPoolExecutor$ScheduledFutureTask.run(ScheduledThreadPoolExecutor.java:305)
	at java.base/java.util.concurrent.ThreadPoolExecutor.runWorker(ThreadPoolExecutor.java:1136)
	at java.base/java.util.concurrent.ThreadPoolExecutor$Worker.run(ThreadPoolExecutor.java:635)
	at java.base/java.lang.Thread.run(Thread.java:840)
[2025-11-23 13:22:05.037] ERROR org.alter.game.service.GameService - Error with task QueueHandlerTask.
java.util.ConcurrentModificationException: null
	at java.base/java.util.LinkedList$ListItr.checkForComodification(LinkedList.java:970)
	at java.base/java.util.LinkedList$ListItr.next(LinkedList.java:892)
	at org.alter.game.model.queue.impl.WorldQueueTaskSet.cycle(WorldQueueTaskSet.kt:18)
	at org.alter.game.task.QueueHandlerTask.execute(QueueHandlerTask.kt:20)
	at org.alter.game.service.GameService.cycle(GameService.kt:192)
	at java.base/java.util.concurrent.Executors$RunnableAdapter.call(Executors.java:539)
	at java.base/java.util.concurrent.FutureTask.runAndReset(FutureTask.java:305)
	at java.base/java.util.concurrent.ScheduledThreadPoolExecutor$ScheduledFutureTask.run(ScheduledThreadPoolExecutor.java:305)
	at java.base/java.util.concurrent.ThreadPoolExecutor.runWorker(ThreadPoolExecutor.java:1136)
	at java.base/java.util.concurrent.ThreadPoolExecutor$Worker.run(ThreadPoolExecutor.java:635)
	at java.base/java.lang.Thread.run(Thread.java:840)
[2025-11-23 13:22:32.035] ERROR o.alter.game.model.queue.QueueTask - Error with plugin!
java.lang.IllegalArgumentException: NPC Avatar with index 953 is already allocated!
	at net.rsprot.protocol.game.outgoing.info.npcinfo.NpcAvatarRepository.getOrAlloc(NpcAvatarRepository.kt:105)
	at net.rsprot.protocol.game.outgoing.info.npcinfo.NpcAvatarFactory.alloc(NpcAvatarFactory.kt:113)
	at net.rsprot.protocol.game.outgoing.info.npcinfo.NpcAvatarFactory.alloc$default(NpcAvatarFactory.kt:83)
	at org.alter.game.model.World.spawn(World.kt:404)
	at org.alter.plugins.content.npcs.sewerabomination.SewerAbominationCombatPlugin.spawnMinion(SewerAbominationCombatPlugin.kt:689)
	at org.alter.plugins.content.npcs.sewerabomination.SewerAbominationCombatPlugin.combat(SewerAbominationCombatPlugin.kt:221)
	at org.alter.plugins.content.npcs.sewerabomination.SewerAbominationCombatPlugin.access$combat(SewerAbominationCombatPlugin.kt:46)
	at org.alter.plugins.content.npcs.sewerabomination.SewerAbominationCombatPlugin$combat$1.invokeSuspend(SewerAbominationCombatPlugin.kt)
	at kotlin.coroutines.jvm.internal.BaseContinuationImpl.resumeWith(ContinuationImpl.kt:33)
	at kotlin.coroutines.SafeContinuation.resumeWith(SafeContinuationJvm.kt:41)
	at org.alter.game.model.queue.QueueTask.cycle$game_server(QueueTask.kt:63)
	at org.alter.game.model.queue.impl.PawnQueueTaskSet.cycle(PawnQueueTaskSet.kt:28)
	at org.alter.game.task.NpcCycleTask.execute$lambda$0(NpcCycleTask.kt:18)
	at org.alter.game.model.PawnList.forEach(PawnList.kt:35)
	at org.alter.game.task.NpcCycleTask.execute(NpcCycleTask.kt:17)
	at org.alter.game.service.GameService.cycle(GameService.kt:192)
	at java.base/java.util.concurrent.Executors$RunnableAdapter.call(Executors.java:539)
	at java.base/java.util.concurrent.FutureTask.runAndReset(FutureTask.java:305)
	at java.base/java.util.concurrent.ScheduledThreadPoolExecutor$ScheduledFutureTask.run(ScheduledThreadPoolExecutor.java:305)
	at java.base/java.util.concurrent.ThreadPoolExecutor.runWorker(ThreadPoolExecutor.java:1136)
	at java.base/java.util.concurrent.ThreadPoolExecutor$Worker.run(ThreadPoolExecutor.java:635)
	at java.base/java.lang.Thread.run(Thread.java:840)
[2025-11-23 13:24:50.631] ERROR o.alter.game.model.queue.QueueTask - Error with plugin!
java.lang.IllegalArgumentException: NPC Avatar with index 954 is already allocated!
	at net.rsprot.protocol.game.outgoing.info.npcinfo.NpcAvatarRepository.getOrAlloc(NpcAvatarRepository.kt:105)
	at net.rsprot.protocol.game.outgoing.info.npcinfo.NpcAvatarFactory.alloc(NpcAvatarFactory.kt:113)
	at net.rsprot.protocol.game.outgoing.info.npcinfo.NpcAvatarFactory.alloc$default(NpcAvatarFactory.kt:83)
	at org.alter.game.model.World.spawn(World.kt:404)
	at org.alter.plugins.content.npcs.sewerabomination.SewerAbominationCombatPlugin.spawnMinion(SewerAbominationCombatPlugin.kt:689)
	at org.alter.plugins.content.npcs.sewerabomination.SewerAbominationCombatPlugin.combat(SewerAbominationCombatPlugin.kt:221)
	at org.alter.plugins.content.npcs.sewerabomination.SewerAbominationCombatPlugin.access$combat(SewerAbominationCombatPlugin.kt:46)
	at org.alter.plugins.content.npcs.sewerabomination.SewerAbominationCombatPlugin$1$1.invokeSuspend(SewerAbominationCombatPlugin.kt:65)
	at org.alter.plugins.content.npcs.sewerabomination.SewerAbominationCombatPlugin$1$1.invoke(SewerAbominationCombatPlugin.kt)
	at org.alter.plugins.content.npcs.sewerabomination.SewerAbominationCombatPlugin$1$1.invoke(SewerAbominationCombatPlugin.kt)
	at org.alter.game.model.queue.QueueTaskSet$queue$suspendBlock$1.invokeSuspend(QueueTaskSet.kt:27)
	at kotlin.coroutines.jvm.internal.BaseContinuationImpl.resumeWith(ContinuationImpl.kt:33)
	at kotlin.coroutines.SafeContinuation.resumeWith(SafeContinuationJvm.kt:41)
	at org.alter.game.model.queue.impl.PawnQueueTaskSet.cycle(PawnQueueTaskSet.kt:25)
	at org.alter.game.task.NpcCycleTask.execute$lambda$0(NpcCycleTask.kt:18)
	at org.alter.game.model.PawnList.forEach(PawnList.kt:35)
	at org.alter.game.task.NpcCycleTask.execute(NpcCycleTask.kt:17)
	at org.alter.game.service.GameService.cycle(GameService.kt:192)
	at java.base/java.util.concurrent.Executors$RunnableAdapter.call(Executors.java:539)
	at java.base/java.util.concurrent.FutureTask.runAndReset(FutureTask.java:305)
	at java.base/java.util.concurrent.ScheduledThreadPoolExecutor$ScheduledFutureTask.run(ScheduledThreadPoolExecutor.java:305)
	at java.base/java.util.concurrent.ThreadPoolExecutor.runWorker(ThreadPoolExecutor.java:1136)
	at java.base/java.util.concurrent.ThreadPoolExecutor$Worker.run(ThreadPoolExecutor.java:635)
	at java.base/java.lang.Thread.run(Thread.java:840)
[2025-11-23 13:41:14.600] ERROR o.alter.game.model.queue.QueueTask - Error with plugin!
java.lang.NoClassDefFoundError: org/alter/plugins/content/skills/slayer/Slayer
	at org.alter.plugins.content.skills.slayer.SlayerPlugin._init_$lambda$0(SlayerPlugin.kt:149)
	at org.alter.game.model.entity.Pawn.executePlugin(Pawn.kt:551)
	at org.alter.game.action.NpcDeathAction.death(NpcDeathAction.kt:79)
	at org.alter.game.action.NpcDeathAction$death$1.invokeSuspend(NpcDeathAction.kt)
	at kotlin.coroutines.jvm.internal.BaseContinuationImpl.resumeWith(ContinuationImpl.kt:33)
	at kotlin.coroutines.SafeContinuation.resumeWith(SafeContinuationJvm.kt:41)
	at org.alter.game.model.queue.QueueTask.cycle$game_server(QueueTask.kt:63)
	at org.alter.game.model.queue.impl.PawnQueueTaskSet.cycle(PawnQueueTaskSet.kt:28)
	at org.alter.game.task.NpcCycleTask.execute$lambda$0(NpcCycleTask.kt:18)
	at org.alter.game.model.PawnList.forEach(PawnList.kt:35)
	at org.alter.game.task.NpcCycleTask.execute(NpcCycleTask.kt:17)
	at org.alter.game.service.GameService.cycle(GameService.kt:192)
	at java.base/java.util.concurrent.Executors$RunnableAdapter.call(Executors.java:539)
	at java.base/java.util.concurrent.FutureTask.runAndReset(FutureTask.java:305)
	at java.base/java.util.concurrent.ScheduledThreadPoolExecutor$ScheduledFutureTask.run(ScheduledThreadPoolExecutor.java:305)
	at java.base/java.util.concurrent.ThreadPoolExecutor.runWorker(ThreadPoolExecutor.java:1136)
	at java.base/java.util.concurrent.ThreadPoolExecutor$Worker.run(ThreadPoolExecutor.java:635)
	at java.base/java.lang.Thread.run(Thread.java:840)
Caused by: java.lang.ClassNotFoundException: org.alter.plugins.content.skills.slayer.Slayer
	at java.base/jdk.internal.loader.BuiltinClassLoader.loadClass(BuiltinClassLoader.java:641)
	at java.base/jdk.internal.loader.ClassLoaders$AppClassLoader.loadClass(ClassLoaders.java:188)
	at java.base/java.lang.ClassLoader.loadClass(ClassLoader.java:525)
	... 18 common frames omitted
[2025-11-23 13:41:26.602] ERROR o.alter.game.model.queue.QueueTask - Error with plugin!
java.lang.NoClassDefFoundError: org/alter/plugins/content/skills/slayer/Slayer
	at org.alter.plugins.content.skills.slayer.SlayerPlugin._init_$lambda$0(SlayerPlugin.kt:149)
	at org.alter.game.model.entity.Pawn.executePlugin(Pawn.kt:551)
	at org.alter.game.action.NpcDeathAction.death(NpcDeathAction.kt:79)
	at org.alter.game.action.NpcDeathAction$death$1.invokeSuspend(NpcDeathAction.kt)
	at kotlin.coroutines.jvm.internal.BaseContinuationImpl.resumeWith(ContinuationImpl.kt:33)
	at kotlin.coroutines.SafeContinuation.resumeWith(SafeContinuationJvm.kt:41)
	at org.alter.game.model.queue.QueueTask.cycle$game_server(QueueTask.kt:63)
	at org.alter.game.model.queue.impl.PawnQueueTaskSet.cycle(PawnQueueTaskSet.kt:28)
	at org.alter.game.task.NpcCycleTask.execute$lambda$0(NpcCycleTask.kt:18)
	at org.alter.game.model.PawnList.forEach(PawnList.kt:35)
	at org.alter.game.task.NpcCycleTask.execute(NpcCycleTask.kt:17)
	at org.alter.game.service.GameService.cycle(GameService.kt:192)
	at java.base/java.util.concurrent.Executors$RunnableAdapter.call(Executors.java:539)
	at java.base/java.util.concurrent.FutureTask.runAndReset(FutureTask.java:305)
	at java.base/java.util.concurrent.ScheduledThreadPoolExecutor$ScheduledFutureTask.run(ScheduledThreadPoolExecutor.java:305)
	at java.base/java.util.concurrent.ThreadPoolExecutor.runWorker(ThreadPoolExecutor.java:1136)
	at java.base/java.util.concurrent.ThreadPoolExecutor$Worker.run(ThreadPoolExecutor.java:635)
	at java.base/java.lang.Thread.run(Thread.java:840)
Caused by: java.lang.ClassNotFoundException: org.alter.plugins.content.skills.slayer.Slayer
	... 18 common frames omitted
[2025-11-23 13:41:51.212] ERROR o.alter.game.model.queue.QueueTask - Error with plugin!
java.lang.NoClassDefFoundError: org/alter/plugins/content/skills/slayer/Slayer
	at org.alter.plugins.content.skills.slayer.SlayerPlugin._init_$lambda$0(SlayerPlugin.kt:149)
	at org.alter.game.model.entity.Pawn.executePlugin(Pawn.kt:551)
	at org.alter.game.action.NpcDeathAction.death(NpcDeathAction.kt:79)
	at org.alter.game.action.NpcDeathAction$death$1.invokeSuspend(NpcDeathAction.kt)
	at kotlin.coroutines.jvm.internal.BaseContinuationImpl.resumeWith(ContinuationImpl.kt:33)
	at kotlin.coroutines.SafeContinuation.resumeWith(SafeContinuationJvm.kt:41)
	at org.alter.game.model.queue.QueueTask.cycle$game_server(QueueTask.kt:63)
	at org.alter.game.model.queue.impl.PawnQueueTaskSet.cycle(PawnQueueTaskSet.kt:28)
	at org.alter.game.task.NpcCycleTask.execute$lambda$0(NpcCycleTask.kt:18)
	at org.alter.game.model.PawnList.forEach(PawnList.kt:35)
	at org.alter.game.task.NpcCycleTask.execute(NpcCycleTask.kt:17)
	at org.alter.game.service.GameService.cycle(GameService.kt:192)
	at java.base/java.util.concurrent.Executors$RunnableAdapter.call(Executors.java:539)
	at java.base/java.util.concurrent.FutureTask.runAndReset(FutureTask.java:305)
	at java.base/java.util.concurrent.ScheduledThreadPoolExecutor$ScheduledFutureTask.run(ScheduledThreadPoolExecutor.java:305)
	at java.base/java.util.concurrent.ThreadPoolExecutor.runWorker(ThreadPoolExecutor.java:1136)
	at java.base/java.util.concurrent.ThreadPoolExecutor$Worker.run(ThreadPoolExecutor.java:635)
	at java.base/java.lang.Thread.run(Thread.java:840)
Caused by: java.lang.ClassNotFoundException: org.alter.plugins.content.skills.slayer.Slayer
	... 18 common frames omitted
[2025-11-23 13:42:01.411] ERROR o.alter.game.model.queue.QueueTask - Error with plugin!
java.lang.NoClassDefFoundError: org/alter/plugins/content/skills/slayer/Slayer
	at org.alter.plugins.content.skills.slayer.SlayerPlugin._init_$lambda$0(SlayerPlugin.kt:149)
	at org.alter.game.model.entity.Pawn.executePlugin(Pawn.kt:551)
	at org.alter.game.action.NpcDeathAction.death(NpcDeathAction.kt:79)
	at org.alter.game.action.NpcDeathAction$death$1.invokeSuspend(NpcDeathAction.kt)
	at kotlin.coroutines.jvm.internal.BaseContinuationImpl.resumeWith(ContinuationImpl.kt:33)
	at kotlin.coroutines.SafeContinuation.resumeWith(SafeContinuationJvm.kt:41)
	at org.alter.game.model.queue.QueueTask.cycle$game_server(QueueTask.kt:63)
	at org.alter.game.model.queue.impl.PawnQueueTaskSet.cycle(PawnQueueTaskSet.kt:28)
	at org.alter.game.task.NpcCycleTask.execute$lambda$0(NpcCycleTask.kt:18)
	at org.alter.game.model.PawnList.forEach(PawnList.kt:35)
	at org.alter.game.task.NpcCycleTask.execute(NpcCycleTask.kt:17)
	at org.alter.game.service.GameService.cycle(GameService.kt:192)
	at java.base/java.util.concurrent.Executors$RunnableAdapter.call(Executors.java:539)
	at java.base/java.util.concurrent.FutureTask.runAndReset(FutureTask.java:305)
	at java.base/java.util.concurrent.ScheduledThreadPoolExecutor$ScheduledFutureTask.run(ScheduledThreadPoolExecutor.java:305)
	at java.base/java.util.concurrent.ThreadPoolExecutor.runWorker(ThreadPoolExecutor.java:1136)
	at java.base/java.util.concurrent.ThreadPoolExecutor$Worker.run(ThreadPoolExecutor.java:635)
	at java.base/java.lang.Thread.run(Thread.java:840)
Caused by: java.lang.ClassNotFoundException: org.alter.plugins.content.skills.slayer.Slayer
	... 18 common frames omitted
[2025-11-23 13:42:12.202] ERROR o.alter.game.model.queue.QueueTask - Error with plugin!
java.lang.NoClassDefFoundError: org/alter/plugins/content/skills/slayer/Slayer
	at org.alter.plugins.content.skills.slayer.SlayerPlugin._init_$lambda$0(SlayerPlugin.kt:149)
	at org.alter.game.model.entity.Pawn.executePlugin(Pawn.kt:551)
	at org.alter.game.action.NpcDeathAction.death(NpcDeathAction.kt:79)
	at org.alter.game.action.NpcDeathAction$death$1.invokeSuspend(NpcDeathAction.kt)
	at kotlin.coroutines.jvm.internal.BaseContinuationImpl.resumeWith(ContinuationImpl.kt:33)
	at kotlin.coroutines.SafeContinuation.resumeWith(SafeContinuationJvm.kt:41)
	at org.alter.game.model.queue.QueueTask.cycle$game_server(QueueTask.kt:63)
	at org.alter.game.model.queue.impl.PawnQueueTaskSet.cycle(PawnQueueTaskSet.kt:28)
	at org.alter.game.task.NpcCycleTask.execute$lambda$0(NpcCycleTask.kt:18)
	at org.alter.game.model.PawnList.forEach(PawnList.kt:35)
	at org.alter.game.task.NpcCycleTask.execute(NpcCycleTask.kt:17)
	at org.alter.game.service.GameService.cycle(GameService.kt:192)
	at java.base/java.util.concurrent.Executors$RunnableAdapter.call(Executors.java:539)
	at java.base/java.util.concurrent.FutureTask.runAndReset(FutureTask.java:305)
	at java.base/java.util.concurrent.ScheduledThreadPoolExecutor$ScheduledFutureTask.run(ScheduledThreadPoolExecutor.java:305)
	at java.base/java.util.concurrent.ThreadPoolExecutor.runWorker(ThreadPoolExecutor.java:1136)
	at java.base/java.util.concurrent.ThreadPoolExecutor$Worker.run(ThreadPoolExecutor.java:635)
	at java.base/java.lang.Thread.run(Thread.java:840)
Caused by: java.lang.ClassNotFoundException: org.alter.plugins.content.skills.slayer.Slayer
	... 18 common frames omitted
[2025-11-23 13:42:18.218] ERROR o.alter.game.model.queue.QueueTask - Error with plugin!
java.lang.NoClassDefFoundError: org/alter/plugins/content/skills/slayer/Slayer
	at org.alter.plugins.content.areas.varrock.npcs.slayer.KrystilliaPlugin.getAssignment(KrystilliaPlugin.kt:49)
	at org.alter.plugins.content.areas.varrock.npcs.slayer.KrystilliaPlugin$2$1.invokeSuspend(KrystilliaPlugin.kt:26)
	at org.alter.plugins.content.areas.varrock.npcs.slayer.KrystilliaPlugin$2$1.invoke(KrystilliaPlugin.kt)
	at org.alter.plugins.content.areas.varrock.npcs.slayer.KrystilliaPlugin$2$1.invoke(KrystilliaPlugin.kt)
	at org.alter.game.model.queue.QueueTaskSet$queue$suspendBlock$1.invokeSuspend(QueueTaskSet.kt:27)
	at kotlin.coroutines.jvm.internal.BaseContinuationImpl.resumeWith(ContinuationImpl.kt:33)
	at kotlin.coroutines.SafeContinuation.resumeWith(SafeContinuationJvm.kt:41)
	at org.alter.game.model.queue.impl.PawnQueueTaskSet.cycle(PawnQueueTaskSet.kt:25)
	at org.alter.game.task.PlayerCycleTask.execute$lambda$2(PlayerCycleTask.kt:23)
	at org.alter.game.model.PawnList.forEach(PawnList.kt:35)
	at org.alter.game.task.PlayerCycleTask.execute(PlayerCycleTask.kt:17)
	at org.alter.game.service.GameService.cycle(GameService.kt:192)
	at java.base/java.util.concurrent.Executors$RunnableAdapter.call(Executors.java:539)
	at java.base/java.util.concurrent.FutureTask.runAndReset(FutureTask.java:305)
	at java.base/java.util.concurrent.ScheduledThreadPoolExecutor$ScheduledFutureTask.run(ScheduledThreadPoolExecutor.java:305)
	at java.base/java.util.concurrent.ThreadPoolExecutor.runWorker(ThreadPoolExecutor.java:1136)
	at java.base/java.util.concurrent.ThreadPoolExecutor$Worker.run(ThreadPoolExecutor.java:635)
	at java.base/java.lang.Thread.run(Thread.java:840)
Caused by: java.lang.ClassNotFoundException: org.alter.plugins.content.skills.slayer.Slayer
	at java.base/jdk.internal.loader.BuiltinClassLoader.loadClass(BuiltinClassLoader.java:641)
	at java.base/jdk.internal.loader.ClassLoaders$AppClassLoader.loadClass(ClassLoaders.java:188)
	at java.base/java.lang.ClassLoader.loadClass(ClassLoader.java:525)
	... 18 common frames omitted
[2025-11-23 13:42:21.209] ERROR o.alter.game.model.queue.QueueTask - Error with plugin!
java.lang.NoClassDefFoundError: org/alter/plugins/content/skills/slayer/Slayer
	at org.alter.plugins.content.areas.varrock.npcs.slayer.KrystilliaPlugin.getAssignment(KrystilliaPlugin.kt:49)
	at org.alter.plugins.content.areas.varrock.npcs.slayer.KrystilliaPlugin$2$1.invokeSuspend(KrystilliaPlugin.kt:26)
	at org.alter.plugins.content.areas.varrock.npcs.slayer.KrystilliaPlugin$2$1.invoke(KrystilliaPlugin.kt)
	at org.alter.plugins.content.areas.varrock.npcs.slayer.KrystilliaPlugin$2$1.invoke(KrystilliaPlugin.kt)
	at org.alter.game.model.queue.QueueTaskSet$queue$suspendBlock$1.invokeSuspend(QueueTaskSet.kt:27)
	at kotlin.coroutines.jvm.internal.BaseContinuationImpl.resumeWith(ContinuationImpl.kt:33)
	at kotlin.coroutines.SafeContinuation.resumeWith(SafeContinuationJvm.kt:41)
	at org.alter.game.model.queue.impl.PawnQueueTaskSet.cycle(PawnQueueTaskSet.kt:25)
	at org.alter.game.task.PlayerCycleTask.execute$lambda$2(PlayerCycleTask.kt:23)
	at org.alter.game.model.PawnList.forEach(PawnList.kt:35)
	at org.alter.game.task.PlayerCycleTask.execute(PlayerCycleTask.kt:17)
	at org.alter.game.service.GameService.cycle(GameService.kt:192)
	at java.base/java.util.concurrent.Executors$RunnableAdapter.call(Executors.java:539)
	at java.base/java.util.concurrent.FutureTask.runAndReset(FutureTask.java:305)
	at java.base/java.util.concurrent.ScheduledThreadPoolExecutor$ScheduledFutureTask.run(ScheduledThreadPoolExecutor.java:305)
	at java.base/java.util.concurrent.ThreadPoolExecutor.runWorker(ThreadPoolExecutor.java:1136)
	at java.base/java.util.concurrent.ThreadPoolExecutor$Worker.run(ThreadPoolExecutor.java:635)
	at java.base/java.lang.Thread.run(Thread.java:840)
Caused by: java.lang.ClassNotFoundException: org.alter.plugins.content.skills.slayer.Slayer
	... 18 common frames omitted
[2025-11-23 13:42:22.406] ERROR o.alter.game.model.queue.QueueTask - Error with plugin!
java.lang.NoClassDefFoundError: org/alter/plugins/content/skills/slayer/Slayer
	at org.alter.plugins.content.areas.varrock.npcs.slayer.KonarPlugin.getAssignment(KonarPlugin.kt:59)
	at org.alter.plugins.content.areas.varrock.npcs.slayer.KonarPlugin.getAssignmentCheck(KonarPlugin.kt:55)
	at org.alter.plugins.content.areas.varrock.npcs.slayer.KonarPlugin$2$1.invokeSuspend(KonarPlugin.kt:26)
	at org.alter.plugins.content.areas.varrock.npcs.slayer.KonarPlugin$2$1.invoke(KonarPlugin.kt)
	at org.alter.plugins.content.areas.varrock.npcs.slayer.KonarPlugin$2$1.invoke(KonarPlugin.kt)
	at org.alter.game.model.queue.QueueTaskSet$queue$suspendBlock$1.invokeSuspend(QueueTaskSet.kt:27)
	at kotlin.coroutines.jvm.internal.BaseContinuationImpl.resumeWith(ContinuationImpl.kt:33)
	at kotlin.coroutines.SafeContinuation.resumeWith(SafeContinuationJvm.kt:41)
	at org.alter.game.model.queue.impl.PawnQueueTaskSet.cycle(PawnQueueTaskSet.kt:25)
	at org.alter.game.task.PlayerCycleTask.execute$lambda$2(PlayerCycleTask.kt:23)
	at org.alter.game.model.PawnList.forEach(PawnList.kt:35)
	at org.alter.game.task.PlayerCycleTask.execute(PlayerCycleTask.kt:17)
	at org.alter.game.service.GameService.cycle(GameService.kt:192)
	at java.base/java.util.concurrent.Executors$RunnableAdapter.call(Executors.java:539)
	at java.base/java.util.concurrent.FutureTask.runAndReset(FutureTask.java:305)
	at java.base/java.util.concurrent.ScheduledThreadPoolExecutor$ScheduledFutureTask.run(ScheduledThreadPoolExecutor.java:305)
	at java.base/java.util.concurrent.ThreadPoolExecutor.runWorker(ThreadPoolExecutor.java:1136)
	at java.base/java.util.concurrent.ThreadPoolExecutor$Worker.run(ThreadPoolExecutor.java:635)
	at java.base/java.lang.Thread.run(Thread.java:840)
Caused by: java.lang.ClassNotFoundException: org.alter.plugins.content.skills.slayer.Slayer
	at java.base/jdk.internal.loader.BuiltinClassLoader.loadClass(BuiltinClassLoader.java:641)
	at java.base/jdk.internal.loader.ClassLoaders$AppClassLoader.loadClass(ClassLoaders.java:188)
	at java.base/java.lang.ClassLoader.loadClass(ClassLoader.java:525)
	... 19 common frames omitted
[2025-11-23 13:42:24.204] ERROR o.alter.game.model.queue.QueueTask - Error with plugin!
java.lang.NoClassDefFoundError: org/alter/plugins/content/skills/slayer/Slayer
	at org.alter.plugins.content.areas.varrock.npcs.slayer.NievePlugin.getAssignment(NievePlugin.kt:59)
	at org.alter.plugins.content.areas.varrock.npcs.slayer.NievePlugin.getAssignmentCheck(NievePlugin.kt:55)
	at org.alter.plugins.content.areas.varrock.npcs.slayer.NievePlugin$2$1.invokeSuspend(NievePlugin.kt:26)
	at org.alter.plugins.content.areas.varrock.npcs.slayer.NievePlugin$2$1.invoke(NievePlugin.kt)
	at org.alter.plugins.content.areas.varrock.npcs.slayer.NievePlugin$2$1.invoke(NievePlugin.kt)
	at org.alter.game.model.queue.QueueTaskSet$queue$suspendBlock$1.invokeSuspend(QueueTaskSet.kt:27)
	at kotlin.coroutines.jvm.internal.BaseContinuationImpl.resumeWith(ContinuationImpl.kt:33)
	at kotlin.coroutines.SafeContinuation.resumeWith(SafeContinuationJvm.kt:41)
	at org.alter.game.model.queue.impl.PawnQueueTaskSet.cycle(PawnQueueTaskSet.kt:25)
	at org.alter.game.task.PlayerCycleTask.execute$lambda$2(PlayerCycleTask.kt:23)
	at org.alter.game.model.PawnList.forEach(PawnList.kt:35)
	at org.alter.game.task.PlayerCycleTask.execute(PlayerCycleTask.kt:17)
	at org.alter.game.service.GameService.cycle(GameService.kt:192)
	at java.base/java.util.concurrent.Executors$RunnableAdapter.call(Executors.java:539)
	at java.base/java.util.concurrent.FutureTask.runAndReset(FutureTask.java:305)
	at java.base/java.util.concurrent.ScheduledThreadPoolExecutor$ScheduledFutureTask.run(ScheduledThreadPoolExecutor.java:305)
	at java.base/java.util.concurrent.ThreadPoolExecutor.runWorker(ThreadPoolExecutor.java:1136)
	at java.base/java.util.concurrent.ThreadPoolExecutor$Worker.run(ThreadPoolExecutor.java:635)
	at java.base/java.lang.Thread.run(Thread.java:840)
Caused by: java.lang.ClassNotFoundException: org.alter.plugins.content.skills.slayer.Slayer
	at java.base/jdk.internal.loader.BuiltinClassLoader.loadClass(BuiltinClassLoader.java:641)
	at java.base/jdk.internal.loader.ClassLoaders$AppClassLoader.loadClass(ClassLoaders.java:188)
	at java.base/java.lang.ClassLoader.loadClass(ClassLoader.java:525)
	... 19 common frames omitted
[2025-11-23 13:42:24.205] ERROR o.alter.game.model.queue.QueueTask - Error with plugin!
java.lang.NoClassDefFoundError: org/alter/plugins/content/skills/slayer/Slayer
	at org.alter.plugins.content.areas.varrock.npcs.slayer.KonarPlugin.getAssignment(KonarPlugin.kt:59)
	at org.alter.plugins.content.areas.varrock.npcs.slayer.KonarPlugin.getAssignmentCheck(KonarPlugin.kt:55)
	at org.alter.plugins.content.areas.varrock.npcs.slayer.KonarPlugin$2$1.invokeSuspend(KonarPlugin.kt:26)
	at org.alter.plugins.content.areas.varrock.npcs.slayer.KonarPlugin$2$1.invoke(KonarPlugin.kt)
	at org.alter.plugins.content.areas.varrock.npcs.slayer.KonarPlugin$2$1.invoke(KonarPlugin.kt)
	at org.alter.game.model.queue.QueueTaskSet$queue$suspendBlock$1.invokeSuspend(QueueTaskSet.kt:27)
	at kotlin.coroutines.jvm.internal.BaseContinuationImpl.resumeWith(ContinuationImpl.kt:33)
	at kotlin.coroutines.SafeContinuation.resumeWith(SafeContinuationJvm.kt:41)
	at org.alter.game.model.queue.impl.PawnQueueTaskSet.cycle(PawnQueueTaskSet.kt:25)
	at org.alter.game.task.PlayerCycleTask.execute$lambda$2(PlayerCycleTask.kt:23)
	at org.alter.game.model.PawnList.forEach(PawnList.kt:35)
	at org.alter.game.task.PlayerCycleTask.execute(PlayerCycleTask.kt:17)
	at org.alter.game.service.GameService.cycle(GameService.kt:192)
	at java.base/java.util.concurrent.Executors$RunnableAdapter.call(Executors.java:539)
	at java.base/java.util.concurrent.FutureTask.runAndReset(FutureTask.java:305)
	at java.base/java.util.concurrent.ScheduledThreadPoolExecutor$ScheduledFutureTask.run(ScheduledThreadPoolExecutor.java:305)
	at java.base/java.util.concurrent.ThreadPoolExecutor.runWorker(ThreadPoolExecutor.java:1136)
	at java.base/java.util.concurrent.ThreadPoolExecutor$Worker.run(ThreadPoolExecutor.java:635)
	at java.base/java.lang.Thread.run(Thread.java:840)
Caused by: java.lang.ClassNotFoundException: org.alter.plugins.content.skills.slayer.Slayer
	... 19 common frames omitted
[2025-11-23 13:42:29.024] ERROR o.alter.game.model.queue.QueueTask - Error with plugin!
java.lang.NoClassDefFoundError: org/alter/plugins/content/skills/slayer/Slayer
	at org.alter.plugins.content.areas.varrock.npcs.slayer.KonarPlugin.getAssignment(KonarPlugin.kt:59)
	at org.alter.plugins.content.areas.varrock.npcs.slayer.KonarPlugin.getAssignmentCheck(KonarPlugin.kt:55)
	at org.alter.plugins.content.areas.varrock.npcs.slayer.KonarPlugin$2$1.invokeSuspend(KonarPlugin.kt:26)
	at org.alter.plugins.content.areas.varrock.npcs.slayer.KonarPlugin$2$1.invoke(KonarPlugin.kt)
	at org.alter.plugins.content.areas.varrock.npcs.slayer.KonarPlugin$2$1.invoke(KonarPlugin.kt)
	at org.alter.game.model.queue.QueueTaskSet$queue$suspendBlock$1.invokeSuspend(QueueTaskSet.kt:27)
	at kotlin.coroutines.jvm.internal.BaseContinuationImpl.resumeWith(ContinuationImpl.kt:33)
	at kotlin.coroutines.SafeContinuation.resumeWith(SafeContinuationJvm.kt:41)
	at org.alter.game.model.queue.impl.PawnQueueTaskSet.cycle(PawnQueueTaskSet.kt:25)
	at org.alter.game.task.PlayerCycleTask.execute$lambda$2(PlayerCycleTask.kt:23)
	at org.alter.game.model.PawnList.forEach(PawnList.kt:35)
	at org.alter.game.task.PlayerCycleTask.execute(PlayerCycleTask.kt:17)
	at org.alter.game.service.GameService.cycle(GameService.kt:192)
	at java.base/java.util.concurrent.Executors$RunnableAdapter.call(Executors.java:539)
	at java.base/java.util.concurrent.FutureTask.runAndReset(FutureTask.java:305)
	at java.base/java.util.concurrent.ScheduledThreadPoolExecutor$ScheduledFutureTask.run(ScheduledThreadPoolExecutor.java:305)
	at java.base/java.util.concurrent.ThreadPoolExecutor.runWorker(ThreadPoolExecutor.java:1136)
	at java.base/java.util.concurrent.ThreadPoolExecutor$Worker.run(ThreadPoolExecutor.java:635)
	at java.base/java.lang.Thread.run(Thread.java:840)
Caused by: java.lang.ClassNotFoundException: org.alter.plugins.content.skills.slayer.Slayer
	... 19 common frames omitted
[2025-11-23 13:47:38.761] ERROR o.alter.game.model.queue.QueueTask - Error with plugin!
java.lang.IllegalStateException: RSCM returned -1 for item.crushed_birds_nest.
	at org.alter.rscm.RSCM.getRSCM(RSCM.kt:23)
	at org.alter.plugins.content.objects.chest.BrimstoneChestPlugin.generateLoot(BrimstoneChestPlugin.kt:113)
	at org.alter.plugins.content.objects.chest.BrimstoneChestPlugin.handleChestOpening(BrimstoneChestPlugin.kt:57)
	at org.alter.plugins.content.objects.chest.BrimstoneChestPlugin._init_$lambda$1(BrimstoneChestPlugin.kt:37)
	at org.alter.game.model.entity.Pawn.executePlugin(Pawn.kt:551)
	at org.alter.game.plugin.PluginRepository.executeObject(PluginRepository.kt:1567)
	at org.alter.game.model.move.ObjectPathAction.objectInteractPlugin$lambda$3$lambda$2(ObjectPathAction.kt:110)
	at org.alter.game.model.entity.Pawn.executePlugin(Pawn.kt:551)
	at org.alter.game.model.move.ObjectPathAction$walk$1.invokeSuspend(ObjectPathAction.kt:50)
	at org.alter.game.model.move.ObjectPathAction$walk$1.invoke(ObjectPathAction.kt)
	at org.alter.game.model.move.ObjectPathAction$walk$1.invoke(ObjectPathAction.kt)
	at org.alter.game.model.queue.QueueTaskSet$queue$suspendBlock$1.invokeSuspend(QueueTaskSet.kt:27)
	at kotlin.coroutines.jvm.internal.BaseContinuationImpl.resumeWith(ContinuationImpl.kt:33)
	at kotlin.coroutines.SafeContinuation.resumeWith(SafeContinuationJvm.kt:41)
	at org.alter.game.model.queue.impl.PawnQueueTaskSet.cycle(PawnQueueTaskSet.kt:25)
	at org.alter.game.task.PlayerCycleTask.execute$lambda$2(PlayerCycleTask.kt:23)
	at org.alter.game.model.PawnList.forEach(PawnList.kt:35)
	at org.alter.game.task.PlayerCycleTask.execute(PlayerCycleTask.kt:17)
	at org.alter.game.service.GameService.cycle(GameService.kt:192)
	at java.base/java.util.concurrent.Executors$RunnableAdapter.call(Executors.java:539)
	at java.base/java.util.concurrent.FutureTask.runAndReset(FutureTask.java:305)
	at java.base/java.util.concurrent.ScheduledThreadPoolExecutor$ScheduledFutureTask.run(ScheduledThreadPoolExecutor.java:305)
	at java.base/java.util.concurrent.ThreadPoolExecutor.runWorker(ThreadPoolExecutor.java:1136)
	at java.base/java.util.concurrent.ThreadPoolExecutor$Worker.run(ThreadPoolExecutor.java:635)
	at java.base/java.lang.Thread.run(Thread.java:840)
[2025-11-23 13:53:30.949] ERROR o.alter.game.model.queue.QueueTask - Error with plugin!
java.lang.IllegalArgumentException: NPC Avatar with index 947 is already allocated!
	at net.rsprot.protocol.game.outgoing.info.npcinfo.NpcAvatarRepository.getOrAlloc(NpcAvatarRepository.kt:105)
	at net.rsprot.protocol.game.outgoing.info.npcinfo.NpcAvatarFactory.alloc(NpcAvatarFactory.kt:113)
	at net.rsprot.protocol.game.outgoing.info.npcinfo.NpcAvatarFactory.alloc$default(NpcAvatarFactory.kt:83)
	at org.alter.game.model.World.spawn(World.kt:404)
	at org.alter.plugins.content.npcs.sewerabomination.SewerAbominationCombatPlugin.spawnMinion(SewerAbominationCombatPlugin.kt:689)
	at org.alter.plugins.content.npcs.sewerabomination.SewerAbominationCombatPlugin.combat(SewerAbominationCombatPlugin.kt:221)
	at org.alter.plugins.content.npcs.sewerabomination.SewerAbominationCombatPlugin.access$combat(SewerAbominationCombatPlugin.kt:46)
	at org.alter.plugins.content.npcs.sewerabomination.SewerAbominationCombatPlugin$1$1.invokeSuspend(SewerAbominationCombatPlugin.kt:65)
	at org.alter.plugins.content.npcs.sewerabomination.SewerAbominationCombatPlugin$1$1.invoke(SewerAbominationCombatPlugin.kt)
	at org.alter.plugins.content.npcs.sewerabomination.SewerAbominationCombatPlugin$1$1.invoke(SewerAbominationCombatPlugin.kt)
	at org.alter.game.model.queue.QueueTaskSet$queue$suspendBlock$1.invokeSuspend(QueueTaskSet.kt:27)
	at kotlin.coroutines.jvm.internal.BaseContinuationImpl.resumeWith(ContinuationImpl.kt:33)
	at kotlin.coroutines.SafeContinuation.resumeWith(SafeContinuationJvm.kt:41)
	at org.alter.game.model.queue.impl.PawnQueueTaskSet.cycle(PawnQueueTaskSet.kt:25)
	at org.alter.game.task.NpcCycleTask.execute$lambda$0(NpcCycleTask.kt:18)
	at org.alter.game.model.PawnList.forEach(PawnList.kt:35)
	at org.alter.game.task.NpcCycleTask.execute(NpcCycleTask.kt:17)
	at org.alter.game.service.GameService.cycle(GameService.kt:192)
	at java.base/java.util.concurrent.Executors$RunnableAdapter.call(Executors.java:539)
	at java.base/java.util.concurrent.FutureTask.runAndReset(FutureTask.java:305)
	at java.base/java.util.concurrent.ScheduledThreadPoolExecutor$ScheduledFutureTask.run(ScheduledThreadPoolExecutor.java:305)
	at java.base/java.util.concurrent.ThreadPoolExecutor.runWorker(ThreadPoolExecutor.java:1136)
	at java.base/java.util.concurrent.ThreadPoolExecutor$Worker.run(ThreadPoolExecutor.java:635)
	at java.base/java.lang.Thread.run(Thread.java:840)
[2025-11-23 14:06:58.199] ERROR o.alter.game.model.queue.QueueTask - Error with plugin!
java.lang.IllegalArgumentException: NPC Avatar with index 22 is already allocated!
	at net.rsprot.protocol.game.outgoing.info.npcinfo.NpcAvatarRepository.getOrAlloc(NpcAvatarRepository.kt:105)
	at net.rsprot.protocol.game.outgoing.info.npcinfo.NpcAvatarFactory.alloc(NpcAvatarFactory.kt:113)
	at net.rsprot.protocol.game.outgoing.info.npcinfo.NpcAvatarFactory.alloc$default(NpcAvatarFactory.kt:83)
	at org.alter.game.model.World.spawn(World.kt:404)
	at org.alter.plugins.content.npcs.sewerabomination.SewerAbominationCombatPlugin.spawnMinion(SewerAbominationCombatPlugin.kt:689)
	at org.alter.plugins.content.npcs.sewerabomination.SewerAbominationCombatPlugin.combat(SewerAbominationCombatPlugin.kt:221)
	at org.alter.plugins.content.npcs.sewerabomination.SewerAbominationCombatPlugin.access$combat(SewerAbominationCombatPlugin.kt:46)
	at org.alter.plugins.content.npcs.sewerabomination.SewerAbominationCombatPlugin$1$1.invokeSuspend(SewerAbominationCombatPlugin.kt:65)
	at org.alter.plugins.content.npcs.sewerabomination.SewerAbominationCombatPlugin$1$1.invoke(SewerAbominationCombatPlugin.kt)
	at org.alter.plugins.content.npcs.sewerabomination.SewerAbominationCombatPlugin$1$1.invoke(SewerAbominationCombatPlugin.kt)
	at org.alter.game.model.queue.QueueTaskSet$queue$suspendBlock$1.invokeSuspend(QueueTaskSet.kt:27)
	at kotlin.coroutines.jvm.internal.BaseContinuationImpl.resumeWith(ContinuationImpl.kt:33)
	at kotlin.coroutines.SafeContinuation.resumeWith(SafeContinuationJvm.kt:41)
	at org.alter.game.model.queue.impl.PawnQueueTaskSet.cycle(PawnQueueTaskSet.kt:25)
	at org.alter.game.task.NpcCycleTask.execute$lambda$0(NpcCycleTask.kt:18)
	at org.alter.game.model.PawnList.forEach(PawnList.kt:35)
	at org.alter.game.task.NpcCycleTask.execute(NpcCycleTask.kt:17)
	at org.alter.game.service.GameService.cycle(GameService.kt:192)
	at java.base/java.util.concurrent.Executors$RunnableAdapter.call(Executors.java:539)
	at java.base/java.util.concurrent.FutureTask.runAndReset(FutureTask.java:305)
	at java.base/java.util.concurrent.ScheduledThreadPoolExecutor$ScheduledFutureTask.run(ScheduledThreadPoolExecutor.java:305)
	at java.base/java.util.concurrent.ThreadPoolExecutor.runWorker(ThreadPoolExecutor.java:1136)
	at java.base/java.util.concurrent.ThreadPoolExecutor$Worker.run(ThreadPoolExecutor.java:635)
	at java.base/java.lang.Thread.run(Thread.java:840)
[2025-11-23 14:07:00.608] ERROR org.alter.game.service.GameService - Error with task QueueHandlerTask.
java.util.ConcurrentModificationException: null
	at java.base/java.util.LinkedList$ListItr.checkForComodification(LinkedList.java:970)
	at java.base/java.util.LinkedList$ListItr.next(LinkedList.java:892)
	at org.alter.game.model.queue.impl.WorldQueueTaskSet.cycle(WorldQueueTaskSet.kt:18)
	at org.alter.game.task.QueueHandlerTask.execute(QueueHandlerTask.kt:20)
	at org.alter.game.service.GameService.cycle(GameService.kt:192)
	at java.base/java.util.concurrent.Executors$RunnableAdapter.call(Executors.java:539)
	at java.base/java.util.concurrent.FutureTask.runAndReset(FutureTask.java:305)
	at java.base/java.util.concurrent.ScheduledThreadPoolExecutor$ScheduledFutureTask.run(ScheduledThreadPoolExecutor.java:305)
	at java.base/java.util.concurrent.ThreadPoolExecutor.runWorker(ThreadPoolExecutor.java:1136)
	at java.base/java.util.concurrent.ThreadPoolExecutor$Worker.run(ThreadPoolExecutor.java:635)
	at java.base/java.lang.Thread.run(Thread.java:840)
[2025-11-23 14:07:26.404] ERROR o.alter.game.model.queue.QueueTask - Error with plugin!
kotlin.UninitializedPropertyAccessException: lateinit property combatDef has not been initialized
	at org.alter.game.model.entity.Npc.getCombatDef(Npc.kt:86)
	at org.alter.plugins.content.combat.Combat.canEngage(Combat.kt:323)
	at org.alter.plugins.content.combat.CombatPlugin.cycle(CombatPlugin.kt:155)
	at org.alter.plugins.content.combat.CombatPlugin$1$2.invokeSuspend(CombatPlugin.kt:43)
	at org.alter.plugins.content.combat.CombatPlugin$1$2.invoke(CombatPlugin.kt)
	at org.alter.plugins.content.combat.CombatPlugin$1$2.invoke(CombatPlugin.kt)
	at org.alter.game.model.queue.QueueTaskSet$queue$suspendBlock$1.invokeSuspend(QueueTaskSet.kt:27)
	at kotlin.coroutines.jvm.internal.BaseContinuationImpl.resumeWith(ContinuationImpl.kt:33)
	at kotlin.coroutines.SafeContinuation.resumeWith(SafeContinuationJvm.kt:41)
	at org.alter.game.model.queue.impl.PawnQueueTaskSet.cycle(PawnQueueTaskSet.kt:25)
	at org.alter.game.task.PlayerCycleTask.execute$lambda$2(PlayerCycleTask.kt:23)
	at org.alter.game.model.PawnList.forEach(PawnList.kt:35)
	at org.alter.game.task.PlayerCycleTask.execute(PlayerCycleTask.kt:17)
	at org.alter.game.service.GameService.cycle(GameService.kt:192)
	at java.base/java.util.concurrent.Executors$RunnableAdapter.call(Executors.java:539)
	at java.base/java.util.concurrent.FutureTask.runAndReset(FutureTask.java:305)
	at java.base/java.util.concurrent.ScheduledThreadPoolExecutor$ScheduledFutureTask.run(ScheduledThreadPoolExecutor.java:305)
	at java.base/java.util.concurrent.ThreadPoolExecutor.runWorker(ThreadPoolExecutor.java:1136)
	at java.base/java.util.concurrent.ThreadPoolExecutor$Worker.run(ThreadPoolExecutor.java:635)
	at java.base/java.lang.Thread.run(Thread.java:840)
[2025-11-23 14:07:26.405] ERROR o.alter.game.model.queue.QueueTask - Error with plugin!
kotlin.UninitializedPropertyAccessException: lateinit property combatDef has not been initialized
	at org.alter.game.model.entity.Npc.getCombatDef(Npc.kt:86)
	at org.alter.plugins.content.combat.Combat.canEngage(Combat.kt:323)
	at org.alter.plugins.content.combat.CombatPlugin.cycle(CombatPlugin.kt:155)
	at org.alter.plugins.content.combat.CombatPlugin$cycle$1.invokeSuspend(CombatPlugin.kt)
	at kotlin.coroutines.jvm.internal.BaseContinuationImpl.resumeWith(ContinuationImpl.kt:33)
	at kotlin.coroutines.SafeContinuation.resumeWith(SafeContinuationJvm.kt:41)
	at org.alter.game.model.queue.QueueTask.cycle$game_server(QueueTask.kt:63)
	at org.alter.game.model.queue.impl.PawnQueueTaskSet.cycle(PawnQueueTaskSet.kt:28)
	at org.alter.game.task.PlayerCycleTask.execute$lambda$2(PlayerCycleTask.kt:23)
	at org.alter.game.model.PawnList.forEach(PawnList.kt:35)
	at org.alter.game.task.PlayerCycleTask.execute(PlayerCycleTask.kt:17)
	at org.alter.game.service.GameService.cycle(GameService.kt:192)
	at java.base/java.util.concurrent.Executors$RunnableAdapter.call(Executors.java:539)
	at java.base/java.util.concurrent.FutureTask.runAndReset(FutureTask.java:305)
	at java.base/java.util.concurrent.ScheduledThreadPoolExecutor$ScheduledFutureTask.run(ScheduledThreadPoolExecutor.java:305)
	at java.base/java.util.concurrent.ThreadPoolExecutor.runWorker(ThreadPoolExecutor.java:1136)
	at java.base/java.util.concurrent.ThreadPoolExecutor$Worker.run(ThreadPoolExecutor.java:635)
	at java.base/java.lang.Thread.run(Thread.java:840)
[2025-11-23 14:07:27.613] ERROR o.alter.game.model.queue.QueueTask - Error with plugin!
kotlin.UninitializedPropertyAccessException: lateinit property combatDef has not been initialized
	at org.alter.game.model.entity.Npc.getCombatDef(Npc.kt:86)
	at org.alter.plugins.content.combat.Combat.canEngage(Combat.kt:323)
	at org.alter.plugins.content.combat.CombatPlugin.cycle(CombatPlugin.kt:155)
	at org.alter.plugins.content.combat.CombatPlugin$1$2.invokeSuspend(CombatPlugin.kt:43)
	at org.alter.plugins.content.combat.CombatPlugin$1$2.invoke(CombatPlugin.kt)
	at org.alter.plugins.content.combat.CombatPlugin$1$2.invoke(CombatPlugin.kt)
	at org.alter.game.model.queue.QueueTaskSet$queue$suspendBlock$1.invokeSuspend(QueueTaskSet.kt:27)
	at kotlin.coroutines.jvm.internal.BaseContinuationImpl.resumeWith(ContinuationImpl.kt:33)
	at kotlin.coroutines.SafeContinuation.resumeWith(SafeContinuationJvm.kt:41)
	at org.alter.game.model.queue.impl.PawnQueueTaskSet.cycle(PawnQueueTaskSet.kt:25)
	at org.alter.game.task.PlayerCycleTask.execute$lambda$2(PlayerCycleTask.kt:23)
	at org.alter.game.model.PawnList.forEach(PawnList.kt:35)
	at org.alter.game.task.PlayerCycleTask.execute(PlayerCycleTask.kt:17)
	at org.alter.game.service.GameService.cycle(GameService.kt:192)
	at java.base/java.util.concurrent.Executors$RunnableAdapter.call(Executors.java:539)
	at java.base/java.util.concurrent.FutureTask.runAndReset(FutureTask.java:305)
	at java.base/java.util.concurrent.ScheduledThreadPoolExecutor$ScheduledFutureTask.run(ScheduledThreadPoolExecutor.java:305)
	at java.base/java.util.concurrent.ThreadPoolExecutor.runWorker(ThreadPoolExecutor.java:1136)
	at java.base/java.util.concurrent.ThreadPoolExecutor$Worker.run(ThreadPoolExecutor.java:635)
	at java.base/java.lang.Thread.run(Thread.java:840)
[2025-11-23 14:07:30.625] ERROR o.alter.game.model.queue.QueueTask - Error with plugin!
kotlin.UninitializedPropertyAccessException: lateinit property combatDef has not been initialized
	at org.alter.game.model.entity.Npc.getCombatDef(Npc.kt:86)
	at org.alter.plugins.content.combat.Combat.canEngage(Combat.kt:323)
	at org.alter.plugins.content.combat.CombatPlugin.cycle(CombatPlugin.kt:155)
	at org.alter.plugins.content.combat.CombatPlugin$1$2.invokeSuspend(CombatPlugin.kt:43)
	at org.alter.plugins.content.combat.CombatPlugin$1$2.invoke(CombatPlugin.kt)
	at org.alter.plugins.content.combat.CombatPlugin$1$2.invoke(CombatPlugin.kt)
	at org.alter.game.model.queue.QueueTaskSet$queue$suspendBlock$1.invokeSuspend(QueueTaskSet.kt:27)
	at kotlin.coroutines.jvm.internal.BaseContinuationImpl.resumeWith(ContinuationImpl.kt:33)
	at kotlin.coroutines.SafeContinuation.resumeWith(SafeContinuationJvm.kt:41)
	at org.alter.game.model.queue.impl.PawnQueueTaskSet.cycle(PawnQueueTaskSet.kt:25)
	at org.alter.game.task.PlayerCycleTask.execute$lambda$2(PlayerCycleTask.kt:23)
	at org.alter.game.model.PawnList.forEach(PawnList.kt:35)
	at org.alter.game.task.PlayerCycleTask.execute(PlayerCycleTask.kt:17)
	at org.alter.game.service.GameService.cycle(GameService.kt:192)
	at java.base/java.util.concurrent.Executors$RunnableAdapter.call(Executors.java:539)
	at java.base/java.util.concurrent.FutureTask.runAndReset(FutureTask.java:305)
	at java.base/java.util.concurrent.ScheduledThreadPoolExecutor$ScheduledFutureTask.run(ScheduledThreadPoolExecutor.java:305)
	at java.base/java.util.concurrent.ThreadPoolExecutor.runWorker(ThreadPoolExecutor.java:1136)
	at java.base/java.util.concurrent.ThreadPoolExecutor$Worker.run(ThreadPoolExecutor.java:635)
	at java.base/java.lang.Thread.run(Thread.java:840)
[2025-11-23 14:08:31.821] ERROR o.alter.game.model.queue.QueueTask - Error with plugin!
kotlin.UninitializedPropertyAccessException: lateinit property combatDef has not been initialized
	at org.alter.game.model.entity.Npc.getCombatDef(Npc.kt:86)
	at org.alter.plugins.content.combat.Combat.canEngage(Combat.kt:323)
	at org.alter.plugins.content.combat.CombatPlugin.cycle(CombatPlugin.kt:155)
	at org.alter.plugins.content.combat.CombatPlugin$1$2.invokeSuspend(CombatPlugin.kt:43)
	at org.alter.plugins.content.combat.CombatPlugin$1$2.invoke(CombatPlugin.kt)
	at org.alter.plugins.content.combat.CombatPlugin$1$2.invoke(CombatPlugin.kt)
	at org.alter.game.model.queue.QueueTaskSet$queue$suspendBlock$1.invokeSuspend(QueueTaskSet.kt:27)
	at kotlin.coroutines.jvm.internal.BaseContinuationImpl.resumeWith(ContinuationImpl.kt:33)
	at kotlin.coroutines.SafeContinuation.resumeWith(SafeContinuationJvm.kt:41)
	at org.alter.game.model.queue.impl.PawnQueueTaskSet.cycle(PawnQueueTaskSet.kt:25)
	at org.alter.game.task.PlayerCycleTask.execute$lambda$2(PlayerCycleTask.kt:23)
	at org.alter.game.model.PawnList.forEach(PawnList.kt:35)
	at org.alter.game.task.PlayerCycleTask.execute(PlayerCycleTask.kt:17)
	at org.alter.game.service.GameService.cycle(GameService.kt:192)
	at java.base/java.util.concurrent.Executors$RunnableAdapter.call(Executors.java:539)
	at java.base/java.util.concurrent.FutureTask.runAndReset(FutureTask.java:305)
	at java.base/java.util.concurrent.ScheduledThreadPoolExecutor$ScheduledFutureTask.run(ScheduledThreadPoolExecutor.java:305)
	at java.base/java.util.concurrent.ThreadPoolExecutor.runWorker(ThreadPoolExecutor.java:1136)
	at java.base/java.util.concurrent.ThreadPoolExecutor$Worker.run(ThreadPoolExecutor.java:635)
	at java.base/java.lang.Thread.run(Thread.java:840)
[2025-11-23 14:08:32.405] ERROR o.alter.game.model.queue.QueueTask - Error with plugin!
kotlin.UninitializedPropertyAccessException: lateinit property combatDef has not been initialized
	at org.alter.game.model.entity.Npc.getCombatDef(Npc.kt:86)
	at org.alter.plugins.content.combat.Combat.canEngage(Combat.kt:323)
	at org.alter.plugins.content.combat.CombatPlugin.cycle(CombatPlugin.kt:155)
	at org.alter.plugins.content.combat.CombatPlugin$1$2.invokeSuspend(CombatPlugin.kt:43)
	at org.alter.plugins.content.combat.CombatPlugin$1$2.invoke(CombatPlugin.kt)
	at org.alter.plugins.content.combat.CombatPlugin$1$2.invoke(CombatPlugin.kt)
	at org.alter.game.model.queue.QueueTaskSet$queue$suspendBlock$1.invokeSuspend(QueueTaskSet.kt:27)
	at kotlin.coroutines.jvm.internal.BaseContinuationImpl.resumeWith(ContinuationImpl.kt:33)
	at kotlin.coroutines.SafeContinuation.resumeWith(SafeContinuationJvm.kt:41)
	at org.alter.game.model.queue.impl.PawnQueueTaskSet.cycle(PawnQueueTaskSet.kt:25)
	at org.alter.game.task.PlayerCycleTask.execute$lambda$2(PlayerCycleTask.kt:23)
	at org.alter.game.model.PawnList.forEach(PawnList.kt:35)
	at org.alter.game.task.PlayerCycleTask.execute(PlayerCycleTask.kt:17)
	at org.alter.game.service.GameService.cycle(GameService.kt:192)
	at java.base/java.util.concurrent.Executors$RunnableAdapter.call(Executors.java:539)
	at java.base/java.util.concurrent.FutureTask.runAndReset(FutureTask.java:305)
	at java.base/java.util.concurrent.ScheduledThreadPoolExecutor$ScheduledFutureTask.run(ScheduledThreadPoolExecutor.java:305)
	at java.base/java.util.concurrent.ThreadPoolExecutor.runWorker(ThreadPoolExecutor.java:1136)
	at java.base/java.util.concurrent.ThreadPoolExecutor$Worker.run(ThreadPoolExecutor.java:635)
	at java.base/java.lang.Thread.run(Thread.java:840)
[2025-11-23 14:08:33.011] ERROR o.alter.game.model.queue.QueueTask - Error with plugin!
kotlin.UninitializedPropertyAccessException: lateinit property combatDef has not been initialized
	at org.alter.game.model.entity.Npc.getCombatDef(Npc.kt:86)
	at org.alter.plugins.content.combat.Combat.canEngage(Combat.kt:323)
	at org.alter.plugins.content.combat.CombatPlugin.cycle(CombatPlugin.kt:155)
	at org.alter.plugins.content.combat.CombatPlugin$1$2.invokeSuspend(CombatPlugin.kt:43)
	at org.alter.plugins.content.combat.CombatPlugin$1$2.invoke(CombatPlugin.kt)
	at org.alter.plugins.content.combat.CombatPlugin$1$2.invoke(CombatPlugin.kt)
	at org.alter.game.model.queue.QueueTaskSet$queue$suspendBlock$1.invokeSuspend(QueueTaskSet.kt:27)
	at kotlin.coroutines.jvm.internal.BaseContinuationImpl.resumeWith(ContinuationImpl.kt:33)
	at kotlin.coroutines.SafeContinuation.resumeWith(SafeContinuationJvm.kt:41)
	at org.alter.game.model.queue.impl.PawnQueueTaskSet.cycle(PawnQueueTaskSet.kt:25)
	at org.alter.game.task.PlayerCycleTask.execute$lambda$2(PlayerCycleTask.kt:23)
	at org.alter.game.model.PawnList.forEach(PawnList.kt:35)
	at org.alter.game.task.PlayerCycleTask.execute(PlayerCycleTask.kt:17)
	at org.alter.game.service.GameService.cycle(GameService.kt:192)
	at java.base/java.util.concurrent.Executors$RunnableAdapter.call(Executors.java:539)
	at java.base/java.util.concurrent.FutureTask.runAndReset(FutureTask.java:305)
	at java.base/java.util.concurrent.ScheduledThreadPoolExecutor$ScheduledFutureTask.run(ScheduledThreadPoolExecutor.java:305)
	at java.base/java.util.concurrent.ThreadPoolExecutor.runWorker(ThreadPoolExecutor.java:1136)
	at java.base/java.util.concurrent.ThreadPoolExecutor$Worker.run(ThreadPoolExecutor.java:635)
	at java.base/java.lang.Thread.run(Thread.java:840)
[2025-11-23 14:08:33.610] ERROR o.alter.game.model.queue.QueueTask - Error with plugin!
kotlin.UninitializedPropertyAccessException: lateinit property combatDef has not been initialized
	at org.alter.game.model.entity.Npc.getCombatDef(Npc.kt:86)
	at org.alter.plugins.content.combat.Combat.canEngage(Combat.kt:323)
	at org.alter.plugins.content.combat.CombatPlugin.cycle(CombatPlugin.kt:155)
	at org.alter.plugins.content.combat.CombatPlugin$1$2.invokeSuspend(CombatPlugin.kt:43)
	at org.alter.plugins.content.combat.CombatPlugin$1$2.invoke(CombatPlugin.kt)
	at org.alter.plugins.content.combat.CombatPlugin$1$2.invoke(CombatPlugin.kt)
	at org.alter.game.model.queue.QueueTaskSet$queue$suspendBlock$1.invokeSuspend(QueueTaskSet.kt:27)
	at kotlin.coroutines.jvm.internal.BaseContinuationImpl.resumeWith(ContinuationImpl.kt:33)
	at kotlin.coroutines.SafeContinuation.resumeWith(SafeContinuationJvm.kt:41)
	at org.alter.game.model.queue.impl.PawnQueueTaskSet.cycle(PawnQueueTaskSet.kt:25)
	at org.alter.game.task.PlayerCycleTask.execute$lambda$2(PlayerCycleTask.kt:23)
	at org.alter.game.model.PawnList.forEach(PawnList.kt:35)
	at org.alter.game.task.PlayerCycleTask.execute(PlayerCycleTask.kt:17)
	at org.alter.game.service.GameService.cycle(GameService.kt:192)
	at java.base/java.util.concurrent.Executors$RunnableAdapter.call(Executors.java:539)
	at java.base/java.util.concurrent.FutureTask.runAndReset(FutureTask.java:305)
	at java.base/java.util.concurrent.ScheduledThreadPoolExecutor$ScheduledFutureTask.run(ScheduledThreadPoolExecutor.java:305)
	at java.base/java.util.concurrent.ThreadPoolExecutor.runWorker(ThreadPoolExecutor.java:1136)
	at java.base/java.util.concurrent.ThreadPoolExecutor$Worker.run(ThreadPoolExecutor.java:635)
	at java.base/java.lang.Thread.run(Thread.java:840)
[2025-11-23 14:08:55.820] ERROR o.alter.game.model.queue.QueueTask - Error with plugin!
kotlin.UninitializedPropertyAccessException: lateinit property combatDef has not been initialized
	at org.alter.game.model.entity.Npc.getCombatDef(Npc.kt:86)
	at org.alter.plugins.content.combat.Combat.canEngage(Combat.kt:323)
	at org.alter.plugins.content.combat.CombatPlugin.cycle(CombatPlugin.kt:155)
	at org.alter.plugins.content.combat.CombatPlugin$cycle$1.invokeSuspend(CombatPlugin.kt)
	at kotlin.coroutines.jvm.internal.BaseContinuationImpl.resumeWith(ContinuationImpl.kt:33)
	at kotlin.coroutines.SafeContinuation.resumeWith(SafeContinuationJvm.kt:41)
	at org.alter.game.model.queue.QueueTask.cycle$game_server(QueueTask.kt:63)
	at org.alter.game.model.queue.impl.PawnQueueTaskSet.cycle(PawnQueueTaskSet.kt:28)
	at org.alter.game.task.PlayerCycleTask.execute$lambda$2(PlayerCycleTask.kt:23)
	at org.alter.game.model.PawnList.forEach(PawnList.kt:35)
	at org.alter.game.task.PlayerCycleTask.execute(PlayerCycleTask.kt:17)
	at org.alter.game.service.GameService.cycle(GameService.kt:192)
	at java.base/java.util.concurrent.Executors$RunnableAdapter.call(Executors.java:539)
	at java.base/java.util.concurrent.FutureTask.runAndReset(FutureTask.java:305)
	at java.base/java.util.concurrent.ScheduledThreadPoolExecutor$ScheduledFutureTask.run(ScheduledThreadPoolExecutor.java:305)
	at java.base/java.util.concurrent.ThreadPoolExecutor.runWorker(ThreadPoolExecutor.java:1136)
	at java.base/java.util.concurrent.ThreadPoolExecutor$Worker.run(ThreadPoolExecutor.java:635)
	at java.base/java.lang.Thread.run(Thread.java:840)
[2025-11-23 14:09:59.402] ERROR o.alter.game.model.queue.QueueTask - Error with plugin!
java.lang.IllegalArgumentException: NPC Avatar with index 950 is already allocated!
	at net.rsprot.protocol.game.outgoing.info.npcinfo.NpcAvatarRepository.getOrAlloc(NpcAvatarRepository.kt:105)
	at net.rsprot.protocol.game.outgoing.info.npcinfo.NpcAvatarFactory.alloc(NpcAvatarFactory.kt:113)
	at net.rsprot.protocol.game.outgoing.info.npcinfo.NpcAvatarFactory.alloc$default(NpcAvatarFactory.kt:83)
	at org.alter.game.model.World.spawn(World.kt:404)
	at org.alter.plugins.content.npcs.sewerabomination.SewerAbominationCombatPlugin.spawnMinion(SewerAbominationCombatPlugin.kt:689)
	at org.alter.plugins.content.npcs.sewerabomination.SewerAbominationCombatPlugin.combat(SewerAbominationCombatPlugin.kt:221)
	at org.alter.plugins.content.npcs.sewerabomination.SewerAbominationCombatPlugin.access$combat(SewerAbominationCombatPlugin.kt:46)
	at org.alter.plugins.content.npcs.sewerabomination.SewerAbominationCombatPlugin$1$1.invokeSuspend(SewerAbominationCombatPlugin.kt:65)
	at org.alter.plugins.content.npcs.sewerabomination.SewerAbominationCombatPlugin$1$1.invoke(SewerAbominationCombatPlugin.kt)
	at org.alter.plugins.content.npcs.sewerabomination.SewerAbominationCombatPlugin$1$1.invoke(SewerAbominationCombatPlugin.kt)
	at org.alter.game.model.queue.QueueTaskSet$queue$suspendBlock$1.invokeSuspend(QueueTaskSet.kt:27)
	at kotlin.coroutines.jvm.internal.BaseContinuationImpl.resumeWith(ContinuationImpl.kt:33)
	at kotlin.coroutines.SafeContinuation.resumeWith(SafeContinuationJvm.kt:41)
	at org.alter.game.model.queue.impl.PawnQueueTaskSet.cycle(PawnQueueTaskSet.kt:25)
	at org.alter.game.task.NpcCycleTask.execute$lambda$0(NpcCycleTask.kt:18)
	at org.alter.game.model.PawnList.forEach(PawnList.kt:35)
	at org.alter.game.task.NpcCycleTask.execute(NpcCycleTask.kt:17)
	at org.alter.game.service.GameService.cycle(GameService.kt:192)
	at java.base/java.util.concurrent.Executors$RunnableAdapter.call(Executors.java:539)
	at java.base/java.util.concurrent.FutureTask.runAndReset(FutureTask.java:305)
	at java.base/java.util.concurrent.ScheduledThreadPoolExecutor$ScheduledFutureTask.run(ScheduledThreadPoolExecutor.java:305)
	at java.base/java.util.concurrent.ThreadPoolExecutor.runWorker(ThreadPoolExecutor.java:1136)
	at java.base/java.util.concurrent.ThreadPoolExecutor$Worker.run(ThreadPoolExecutor.java:635)
	at java.base/java.lang.Thread.run(Thread.java:840)
[2025-11-23 14:11:28.800] ERROR o.alter.game.model.queue.QueueTask - Error with plugin!
kotlin.UninitializedPropertyAccessException: lateinit property combatDef has not been initialized
	at org.alter.game.model.entity.Npc.getCombatDef(Npc.kt:86)
	at org.alter.plugins.content.combat.Combat.canEngage(Combat.kt:323)
	at org.alter.plugins.content.combat.CombatPlugin.cycle(CombatPlugin.kt:155)
	at org.alter.plugins.content.combat.CombatPlugin$1$2.invokeSuspend(CombatPlugin.kt:43)
	at org.alter.plugins.content.combat.CombatPlugin$1$2.invoke(CombatPlugin.kt)
	at org.alter.plugins.content.combat.CombatPlugin$1$2.invoke(CombatPlugin.kt)
	at org.alter.game.model.queue.QueueTaskSet$queue$suspendBlock$1.invokeSuspend(QueueTaskSet.kt:27)
	at kotlin.coroutines.jvm.internal.BaseContinuationImpl.resumeWith(ContinuationImpl.kt:33)
	at kotlin.coroutines.SafeContinuation.resumeWith(SafeContinuationJvm.kt:41)
	at org.alter.game.model.queue.impl.PawnQueueTaskSet.cycle(PawnQueueTaskSet.kt:25)
	at org.alter.game.task.PlayerCycleTask.execute$lambda$2(PlayerCycleTask.kt:23)
	at org.alter.game.model.PawnList.forEach(PawnList.kt:35)
	at org.alter.game.task.PlayerCycleTask.execute(PlayerCycleTask.kt:17)
	at org.alter.game.service.GameService.cycle(GameService.kt:192)
	at java.base/java.util.concurrent.Executors$RunnableAdapter.call(Executors.java:539)
	at java.base/java.util.concurrent.FutureTask.runAndReset(FutureTask.java:305)
	at java.base/java.util.concurrent.ScheduledThreadPoolExecutor$ScheduledFutureTask.run(ScheduledThreadPoolExecutor.java:305)
	at java.base/java.util.concurrent.ThreadPoolExecutor.runWorker(ThreadPoolExecutor.java:1136)
	at java.base/java.util.concurrent.ThreadPoolExecutor$Worker.run(ThreadPoolExecutor.java:635)
	at java.base/java.lang.Thread.run(Thread.java:840)
[2025-11-23 14:12:34.207] ERROR o.alter.game.model.queue.QueueTask - Error with plugin!
java.lang.IllegalArgumentException: NPC Avatar with index 951 is already allocated!
	at net.rsprot.protocol.game.outgoing.info.npcinfo.NpcAvatarRepository.getOrAlloc(NpcAvatarRepository.kt:105)
	at net.rsprot.protocol.game.outgoing.info.npcinfo.NpcAvatarFactory.alloc(NpcAvatarFactory.kt:113)
	at net.rsprot.protocol.game.outgoing.info.npcinfo.NpcAvatarFactory.alloc$default(NpcAvatarFactory.kt:83)
	at org.alter.game.model.World.spawn(World.kt:404)
	at org.alter.plugins.content.npcs.sewerabomination.SewerAbominationCombatPlugin.spawnMinion(SewerAbominationCombatPlugin.kt:689)
	at org.alter.plugins.content.npcs.sewerabomination.SewerAbominationCombatPlugin.combat(SewerAbominationCombatPlugin.kt:221)
	at org.alter.plugins.content.npcs.sewerabomination.SewerAbominationCombatPlugin.access$combat(SewerAbominationCombatPlugin.kt:46)
	at org.alter.plugins.content.npcs.sewerabomination.SewerAbominationCombatPlugin$1$1.invokeSuspend(SewerAbominationCombatPlugin.kt:65)
	at org.alter.plugins.content.npcs.sewerabomination.SewerAbominationCombatPlugin$1$1.invoke(SewerAbominationCombatPlugin.kt)
	at org.alter.plugins.content.npcs.sewerabomination.SewerAbominationCombatPlugin$1$1.invoke(SewerAbominationCombatPlugin.kt)
	at org.alter.game.model.queue.QueueTaskSet$queue$suspendBlock$1.invokeSuspend(QueueTaskSet.kt:27)
	at kotlin.coroutines.jvm.internal.BaseContinuationImpl.resumeWith(ContinuationImpl.kt:33)
	at kotlin.coroutines.SafeContinuation.resumeWith(SafeContinuationJvm.kt:41)
	at org.alter.game.model.queue.impl.PawnQueueTaskSet.cycle(PawnQueueTaskSet.kt:25)
	at org.alter.game.task.NpcCycleTask.execute$lambda$0(NpcCycleTask.kt:18)
	at org.alter.game.model.PawnList.forEach(PawnList.kt:35)
	at org.alter.game.task.NpcCycleTask.execute(NpcCycleTask.kt:17)
	at org.alter.game.service.GameService.cycle(GameService.kt:192)
	at java.base/java.util.concurrent.Executors$RunnableAdapter.call(Executors.java:539)
	at java.base/java.util.concurrent.FutureTask.runAndReset(FutureTask.java:305)
	at java.base/java.util.concurrent.ScheduledThreadPoolExecutor$ScheduledFutureTask.run(ScheduledThreadPoolExecutor.java:305)
	at java.base/java.util.concurrent.ThreadPoolExecutor.runWorker(ThreadPoolExecutor.java:1136)
	at java.base/java.util.concurrent.ThreadPoolExecutor$Worker.run(ThreadPoolExecutor.java:635)
	at java.base/java.lang.Thread.run(Thread.java:840)
[2025-11-23 14:12:34.795] ERROR o.alter.game.model.queue.QueueTask - Error with plugin!
java.lang.IllegalArgumentException: NPC Avatar with index 952 is already allocated!
	at net.rsprot.protocol.game.outgoing.info.npcinfo.NpcAvatarRepository.getOrAlloc(NpcAvatarRepository.kt:105)
	at net.rsprot.protocol.game.outgoing.info.npcinfo.NpcAvatarFactory.alloc(NpcAvatarFactory.kt:113)
	at net.rsprot.protocol.game.outgoing.info.npcinfo.NpcAvatarFactory.alloc$default(NpcAvatarFactory.kt:83)
	at org.alter.game.model.World.spawn(World.kt:404)
	at org.alter.plugins.content.npcs.sewerabomination.SewerAbominationCombatPlugin.spawnMinion(SewerAbominationCombatPlugin.kt:689)
	at org.alter.plugins.content.npcs.sewerabomination.SewerAbominationCombatPlugin.combat(SewerAbominationCombatPlugin.kt:221)
	at org.alter.plugins.content.npcs.sewerabomination.SewerAbominationCombatPlugin.access$combat(SewerAbominationCombatPlugin.kt:46)
	at org.alter.plugins.content.npcs.sewerabomination.SewerAbominationCombatPlugin$1$1.invokeSuspend(SewerAbominationCombatPlugin.kt:65)
	at org.alter.plugins.content.npcs.sewerabomination.SewerAbominationCombatPlugin$1$1.invoke(SewerAbominationCombatPlugin.kt)
	at org.alter.plugins.content.npcs.sewerabomination.SewerAbominationCombatPlugin$1$1.invoke(SewerAbominationCombatPlugin.kt)
	at org.alter.game.model.queue.QueueTaskSet$queue$suspendBlock$1.invokeSuspend(QueueTaskSet.kt:27)
	at kotlin.coroutines.jvm.internal.BaseContinuationImpl.resumeWith(ContinuationImpl.kt:33)
	at kotlin.coroutines.SafeContinuation.resumeWith(SafeContinuationJvm.kt:41)
	at org.alter.game.model.queue.impl.PawnQueueTaskSet.cycle(PawnQueueTaskSet.kt:25)
	at org.alter.game.task.NpcCycleTask.execute$lambda$0(NpcCycleTask.kt:18)
	at org.alter.game.model.PawnList.forEach(PawnList.kt:35)
	at org.alter.game.task.NpcCycleTask.execute(NpcCycleTask.kt:17)
	at org.alter.game.service.GameService.cycle(GameService.kt:192)
	at java.base/java.util.concurrent.Executors$RunnableAdapter.call(Executors.java:539)
	at java.base/java.util.concurrent.FutureTask.runAndReset(FutureTask.java:305)
	at java.base/java.util.concurrent.ScheduledThreadPoolExecutor$ScheduledFutureTask.run(ScheduledThreadPoolExecutor.java:305)
	at java.base/java.util.concurrent.ThreadPoolExecutor.runWorker(ThreadPoolExecutor.java:1136)
	at java.base/java.util.concurrent.ThreadPoolExecutor$Worker.run(ThreadPoolExecutor.java:635)
	at java.base/java.lang.Thread.run(Thread.java:840)
[2025-11-23 14:12:37.199] ERROR o.alter.game.model.queue.QueueTask - Error with plugin!
java.lang.IllegalArgumentException: NPC Avatar with index 953 is already allocated!
	at net.rsprot.protocol.game.outgoing.info.npcinfo.NpcAvatarRepository.getOrAlloc(NpcAvatarRepository.kt:105)
	at net.rsprot.protocol.game.outgoing.info.npcinfo.NpcAvatarFactory.alloc(NpcAvatarFactory.kt:113)
	at net.rsprot.protocol.game.outgoing.info.npcinfo.NpcAvatarFactory.alloc$default(NpcAvatarFactory.kt:83)
	at org.alter.game.model.World.spawn(World.kt:404)
	at org.alter.plugins.content.npcs.sewerabomination.SewerAbominationCombatPlugin.spawnMinion(SewerAbominationCombatPlugin.kt:689)
	at org.alter.plugins.content.npcs.sewerabomination.SewerAbominationCombatPlugin.combat(SewerAbominationCombatPlugin.kt:221)
	at org.alter.plugins.content.npcs.sewerabomination.SewerAbominationCombatPlugin.access$combat(SewerAbominationCombatPlugin.kt:46)
	at org.alter.plugins.content.npcs.sewerabomination.SewerAbominationCombatPlugin$1$1.invokeSuspend(SewerAbominationCombatPlugin.kt:65)
	at org.alter.plugins.content.npcs.sewerabomination.SewerAbominationCombatPlugin$1$1.invoke(SewerAbominationCombatPlugin.kt)
	at org.alter.plugins.content.npcs.sewerabomination.SewerAbominationCombatPlugin$1$1.invoke(SewerAbominationCombatPlugin.kt)
	at org.alter.game.model.queue.QueueTaskSet$queue$suspendBlock$1.invokeSuspend(QueueTaskSet.kt:27)
	at kotlin.coroutines.jvm.internal.BaseContinuationImpl.resumeWith(ContinuationImpl.kt:33)
	at kotlin.coroutines.SafeContinuation.resumeWith(SafeContinuationJvm.kt:41)
	at org.alter.game.model.queue.impl.PawnQueueTaskSet.cycle(PawnQueueTaskSet.kt:25)
	at org.alter.game.task.NpcCycleTask.execute$lambda$0(NpcCycleTask.kt:18)
	at org.alter.game.model.PawnList.forEach(PawnList.kt:35)
	at org.alter.game.task.NpcCycleTask.execute(NpcCycleTask.kt:17)
	at org.alter.game.service.GameService.cycle(GameService.kt:192)
	at java.base/java.util.concurrent.Executors$RunnableAdapter.call(Executors.java:539)
	at java.base/java.util.concurrent.FutureTask.runAndReset(FutureTask.java:305)
	at java.base/java.util.concurrent.ScheduledThreadPoolExecutor$ScheduledFutureTask.run(ScheduledThreadPoolExecutor.java:305)
	at java.base/java.util.concurrent.ThreadPoolExecutor.runWorker(ThreadPoolExecutor.java:1136)
	at java.base/java.util.concurrent.ThreadPoolExecutor$Worker.run(ThreadPoolExecutor.java:635)
	at java.base/java.lang.Thread.run(Thread.java:840)
[2025-11-23 14:13:59.426] ERROR o.alter.game.model.queue.QueueTask - Error with plugin!
kotlin.UninitializedPropertyAccessException: lateinit property combatDef has not been initialized
	at org.alter.game.model.entity.Npc.getCombatDef(Npc.kt:86)
	at org.alter.plugins.content.combat.Combat.canEngage(Combat.kt:323)
	at org.alter.plugins.content.combat.CombatPlugin.cycle(CombatPlugin.kt:155)
	at org.alter.plugins.content.combat.CombatPlugin$cycle$1.invokeSuspend(CombatPlugin.kt)
	at kotlin.coroutines.jvm.internal.BaseContinuationImpl.resumeWith(ContinuationImpl.kt:33)
	at kotlin.coroutines.SafeContinuation.resumeWith(SafeContinuationJvm.kt:41)
	at org.alter.game.model.queue.QueueTask.cycle$game_server(QueueTask.kt:63)
	at org.alter.game.model.queue.impl.PawnQueueTaskSet.cycle(PawnQueueTaskSet.kt:28)
	at org.alter.game.task.PlayerCycleTask.execute$lambda$2(PlayerCycleTask.kt:23)
	at org.alter.game.model.PawnList.forEach(PawnList.kt:35)
	at org.alter.game.task.PlayerCycleTask.execute(PlayerCycleTask.kt:17)
	at org.alter.game.service.GameService.cycle(GameService.kt:192)
	at java.base/java.util.concurrent.Executors$RunnableAdapter.call(Executors.java:539)
	at java.base/java.util.concurrent.FutureTask.runAndReset(FutureTask.java:305)
	at java.base/java.util.concurrent.ScheduledThreadPoolExecutor$ScheduledFutureTask.run(ScheduledThreadPoolExecutor.java:305)
	at java.base/java.util.concurrent.ThreadPoolExecutor.runWorker(ThreadPoolExecutor.java:1136)
	at java.base/java.util.concurrent.ThreadPoolExecutor$Worker.run(ThreadPoolExecutor.java:635)
	at java.base/java.lang.Thread.run(Thread.java:840)
[2025-11-23 14:17:52.794] ERROR o.alter.game.model.queue.QueueTask - Error with plugin!
java.lang.IllegalArgumentException: NPC Avatar with index 954 is already allocated!
	at net.rsprot.protocol.game.outgoing.info.npcinfo.NpcAvatarRepository.getOrAlloc(NpcAvatarRepository.kt:105)
	at net.rsprot.protocol.game.outgoing.info.npcinfo.NpcAvatarFactory.alloc(NpcAvatarFactory.kt:113)
	at net.rsprot.protocol.game.outgoing.info.npcinfo.NpcAvatarFactory.alloc$default(NpcAvatarFactory.kt:83)
	at org.alter.game.model.World.spawn(World.kt:404)
	at org.alter.plugins.content.npcs.sewerabomination.SewerAbominationCombatPlugin.spawnMinion(SewerAbominationCombatPlugin.kt:689)
	at org.alter.plugins.content.npcs.sewerabomination.SewerAbominationCombatPlugin.combat(SewerAbominationCombatPlugin.kt:221)
	at org.alter.plugins.content.npcs.sewerabomination.SewerAbominationCombatPlugin.access$combat(SewerAbominationCombatPlugin.kt:46)
	at org.alter.plugins.content.npcs.sewerabomination.SewerAbominationCombatPlugin$combat$1.invokeSuspend(SewerAbominationCombatPlugin.kt)
	at kotlin.coroutines.jvm.internal.BaseContinuationImpl.resumeWith(ContinuationImpl.kt:33)
	at kotlin.coroutines.SafeContinuation.resumeWith(SafeContinuationJvm.kt:41)
	at org.alter.game.model.queue.QueueTask.cycle$game_server(QueueTask.kt:63)
	at org.alter.game.model.queue.impl.PawnQueueTaskSet.cycle(PawnQueueTaskSet.kt:28)
	at org.alter.game.task.NpcCycleTask.execute$lambda$0(NpcCycleTask.kt:18)
	at org.alter.game.model.PawnList.forEach(PawnList.kt:35)
	at org.alter.game.task.NpcCycleTask.execute(NpcCycleTask.kt:17)
	at org.alter.game.service.GameService.cycle(GameService.kt:192)
	at java.base/java.util.concurrent.Executors$RunnableAdapter.call(Executors.java:539)
	at java.base/java.util.concurrent.FutureTask.runAndReset(FutureTask.java:305)
	at java.base/java.util.concurrent.ScheduledThreadPoolExecutor$ScheduledFutureTask.run(ScheduledThreadPoolExecutor.java:305)
	at java.base/java.util.concurrent.ThreadPoolExecutor.runWorker(ThreadPoolExecutor.java:1136)
	at java.base/java.util.concurrent.ThreadPoolExecutor$Worker.run(ThreadPoolExecutor.java:635)
	at java.base/java.lang.Thread.run(Thread.java:840)
[2025-11-23 14:18:19.801] ERROR o.alter.game.model.queue.QueueTask - Error with plugin!
java.lang.IllegalArgumentException: NPC Avatar with index 955 is already allocated!
	at net.rsprot.protocol.game.outgoing.info.npcinfo.NpcAvatarRepository.getOrAlloc(NpcAvatarRepository.kt:105)
	at net.rsprot.protocol.game.outgoing.info.npcinfo.NpcAvatarFactory.alloc(NpcAvatarFactory.kt:113)
	at net.rsprot.protocol.game.outgoing.info.npcinfo.NpcAvatarFactory.alloc$default(NpcAvatarFactory.kt:83)
	at org.alter.game.model.World.spawn(World.kt:404)
	at org.alter.plugins.content.npcs.sewerabomination.SewerAbominationCombatPlugin.spawnMinion(SewerAbominationCombatPlugin.kt:689)
	at org.alter.plugins.content.npcs.sewerabomination.SewerAbominationCombatPlugin.combat(SewerAbominationCombatPlugin.kt:221)
	at org.alter.plugins.content.npcs.sewerabomination.SewerAbominationCombatPlugin.access$combat(SewerAbominationCombatPlugin.kt:46)
	at org.alter.plugins.content.npcs.sewerabomination.SewerAbominationCombatPlugin$1$1.invokeSuspend(SewerAbominationCombatPlugin.kt:65)
	at org.alter.plugins.content.npcs.sewerabomination.SewerAbominationCombatPlugin$1$1.invoke(SewerAbominationCombatPlugin.kt)
	at org.alter.plugins.content.npcs.sewerabomination.SewerAbominationCombatPlugin$1$1.invoke(SewerAbominationCombatPlugin.kt)
	at org.alter.game.model.queue.QueueTaskSet$queue$suspendBlock$1.invokeSuspend(QueueTaskSet.kt:27)
	at kotlin.coroutines.jvm.internal.BaseContinuationImpl.resumeWith(ContinuationImpl.kt:33)
	at kotlin.coroutines.SafeContinuation.resumeWith(SafeContinuationJvm.kt:41)
	at org.alter.game.model.queue.impl.PawnQueueTaskSet.cycle(PawnQueueTaskSet.kt:25)
	at org.alter.game.task.NpcCycleTask.execute$lambda$0(NpcCycleTask.kt:18)
	at org.alter.game.model.PawnList.forEach(PawnList.kt:35)
	at org.alter.game.task.NpcCycleTask.execute(NpcCycleTask.kt:17)
	at org.alter.game.service.GameService.cycle(GameService.kt:192)
	at java.base/java.util.concurrent.Executors$RunnableAdapter.call(Executors.java:539)
	at java.base/java.util.concurrent.FutureTask.runAndReset(FutureTask.java:305)
	at java.base/java.util.concurrent.ScheduledThreadPoolExecutor$ScheduledFutureTask.run(ScheduledThreadPoolExecutor.java:305)
	at java.base/java.util.concurrent.ThreadPoolExecutor.runWorker(ThreadPoolExecutor.java:1136)
	at java.base/java.util.concurrent.ThreadPoolExecutor$Worker.run(ThreadPoolExecutor.java:635)
	at java.base/java.lang.Thread.run(Thread.java:840)
[2025-11-23 14:18:31.798] ERROR o.alter.game.model.queue.QueueTask - Error with plugin!
java.lang.IllegalArgumentException: NPC Avatar with index 956 is already allocated!
	at net.rsprot.protocol.game.outgoing.info.npcinfo.NpcAvatarRepository.getOrAlloc(NpcAvatarRepository.kt:105)
	at net.rsprot.protocol.game.outgoing.info.npcinfo.NpcAvatarFactory.alloc(NpcAvatarFactory.kt:113)
	at net.rsprot.protocol.game.outgoing.info.npcinfo.NpcAvatarFactory.alloc$default(NpcAvatarFactory.kt:83)
	at org.alter.game.model.World.spawn(World.kt:404)
	at org.alter.plugins.content.npcs.sewerabomination.SewerAbominationCombatPlugin.spawnMinion(SewerAbominationCombatPlugin.kt:689)
	at org.alter.plugins.content.npcs.sewerabomination.SewerAbominationCombatPlugin.combat(SewerAbominationCombatPlugin.kt:221)
	at org.alter.plugins.content.npcs.sewerabomination.SewerAbominationCombatPlugin.access$combat(SewerAbominationCombatPlugin.kt:46)
	at org.alter.plugins.content.npcs.sewerabomination.SewerAbominationCombatPlugin$1$1.invokeSuspend(SewerAbominationCombatPlugin.kt:65)
	at org.alter.plugins.content.npcs.sewerabomination.SewerAbominationCombatPlugin$1$1.invoke(SewerAbominationCombatPlugin.kt)
	at org.alter.plugins.content.npcs.sewerabomination.SewerAbominationCombatPlugin$1$1.invoke(SewerAbominationCombatPlugin.kt)
	at org.alter.game.model.queue.QueueTaskSet$queue$suspendBlock$1.invokeSuspend(QueueTaskSet.kt:27)
	at kotlin.coroutines.jvm.internal.BaseContinuationImpl.resumeWith(ContinuationImpl.kt:33)
	at kotlin.coroutines.SafeContinuation.resumeWith(SafeContinuationJvm.kt:41)
	at org.alter.game.model.queue.impl.PawnQueueTaskSet.cycle(PawnQueueTaskSet.kt:25)
	at org.alter.game.task.NpcCycleTask.execute$lambda$0(NpcCycleTask.kt:18)
	at org.alter.game.model.PawnList.forEach(PawnList.kt:35)
	at org.alter.game.task.NpcCycleTask.execute(NpcCycleTask.kt:17)
	at org.alter.game.service.GameService.cycle(GameService.kt:192)
	at java.base/java.util.concurrent.Executors$RunnableAdapter.call(Executors.java:539)
	at java.base/java.util.concurrent.FutureTask.runAndReset(FutureTask.java:305)
	at java.base/java.util.concurrent.ScheduledThreadPoolExecutor$ScheduledFutureTask.run(ScheduledThreadPoolExecutor.java:305)
	at java.base/java.util.concurrent.ThreadPoolExecutor.runWorker(ThreadPoolExecutor.java:1136)
	at java.base/java.util.concurrent.ThreadPoolExecutor$Worker.run(ThreadPoolExecutor.java:635)
	at java.base/java.lang.Thread.run(Thread.java:840)
[2025-11-23 14:21:06.596] ERROR org.alter.game.service.GameService - Error with task QueueHandlerTask.
java.util.ConcurrentModificationException: null
	at java.base/java.util.LinkedList$ListItr.checkForComodification(LinkedList.java:970)
	at java.base/java.util.LinkedList$ListItr.next(LinkedList.java:892)
	at org.alter.game.model.queue.impl.WorldQueueTaskSet.cycle(WorldQueueTaskSet.kt:18)
	at org.alter.game.task.QueueHandlerTask.execute(QueueHandlerTask.kt:20)
	at org.alter.game.service.GameService.cycle(GameService.kt:192)
	at java.base/java.util.concurrent.Executors$RunnableAdapter.call(Executors.java:539)
	at java.base/java.util.concurrent.FutureTask.runAndReset(FutureTask.java:305)
	at java.base/java.util.concurrent.ScheduledThreadPoolExecutor$ScheduledFutureTask.run(ScheduledThreadPoolExecutor.java:305)
	at java.base/java.util.concurrent.ThreadPoolExecutor.runWorker(ThreadPoolExecutor.java:1136)
	at java.base/java.util.concurrent.ThreadPoolExecutor$Worker.run(ThreadPoolExecutor.java:635)
	at java.base/java.lang.Thread.run(Thread.java:840)
[2025-11-23 14:21:10.192] ERROR o.alter.game.model.queue.QueueTask - Error with plugin!
java.lang.IllegalArgumentException: NPC Avatar with index 957 is already allocated!
	at net.rsprot.protocol.game.outgoing.info.npcinfo.NpcAvatarRepository.getOrAlloc(NpcAvatarRepository.kt:105)
	at net.rsprot.protocol.game.outgoing.info.npcinfo.NpcAvatarFactory.alloc(NpcAvatarFactory.kt:113)
	at net.rsprot.protocol.game.outgoing.info.npcinfo.NpcAvatarFactory.alloc$default(NpcAvatarFactory.kt:83)
	at org.alter.game.model.World.spawn(World.kt:404)
	at org.alter.plugins.content.npcs.sewerabomination.SewerAbominationCombatPlugin.spawnMinion(SewerAbominationCombatPlugin.kt:689)
	at org.alter.plugins.content.npcs.sewerabomination.SewerAbominationCombatPlugin.combat(SewerAbominationCombatPlugin.kt:221)
	at org.alter.plugins.content.npcs.sewerabomination.SewerAbominationCombatPlugin.access$combat(SewerAbominationCombatPlugin.kt:46)
	at org.alter.plugins.content.npcs.sewerabomination.SewerAbominationCombatPlugin$1$1.invokeSuspend(SewerAbominationCombatPlugin.kt:65)
	at org.alter.plugins.content.npcs.sewerabomination.SewerAbominationCombatPlugin$1$1.invoke(SewerAbominationCombatPlugin.kt)
	at org.alter.plugins.content.npcs.sewerabomination.SewerAbominationCombatPlugin$1$1.invoke(SewerAbominationCombatPlugin.kt)
	at org.alter.game.model.queue.QueueTaskSet$queue$suspendBlock$1.invokeSuspend(QueueTaskSet.kt:27)
	at kotlin.coroutines.jvm.internal.BaseContinuationImpl.resumeWith(ContinuationImpl.kt:33)
	at kotlin.coroutines.SafeContinuation.resumeWith(SafeContinuationJvm.kt:41)
	at org.alter.game.model.queue.impl.PawnQueueTaskSet.cycle(PawnQueueTaskSet.kt:25)
	at org.alter.game.task.NpcCycleTask.execute$lambda$0(NpcCycleTask.kt:18)
	at org.alter.game.model.PawnList.forEach(PawnList.kt:35)
	at org.alter.game.task.NpcCycleTask.execute(NpcCycleTask.kt:17)
	at org.alter.game.service.GameService.cycle(GameService.kt:192)
	at java.base/java.util.concurrent.Executors$RunnableAdapter.call(Executors.java:539)
	at java.base/java.util.concurrent.FutureTask.runAndReset(FutureTask.java:305)
	at java.base/java.util.concurrent.ScheduledThreadPoolExecutor$ScheduledFutureTask.run(ScheduledThreadPoolExecutor.java:305)
	at java.base/java.util.concurrent.ThreadPoolExecutor.runWorker(ThreadPoolExecutor.java:1136)
	at java.base/java.util.concurrent.ThreadPoolExecutor$Worker.run(ThreadPoolExecutor.java:635)
	at java.base/java.lang.Thread.run(Thread.java:840)
[2025-11-23 14:21:10.804] ERROR o.alter.game.model.queue.QueueTask - Error with plugin!
java.lang.IllegalArgumentException: NPC Avatar with index 958 is already allocated!
	at net.rsprot.protocol.game.outgoing.info.npcinfo.NpcAvatarRepository.getOrAlloc(NpcAvatarRepository.kt:105)
	at net.rsprot.protocol.game.outgoing.info.npcinfo.NpcAvatarFactory.alloc(NpcAvatarFactory.kt:113)
	at net.rsprot.protocol.game.outgoing.info.npcinfo.NpcAvatarFactory.alloc$default(NpcAvatarFactory.kt:83)
	at org.alter.game.model.World.spawn(World.kt:404)
	at org.alter.plugins.content.npcs.sewerabomination.SewerAbominationCombatPlugin.spawnMinion(SewerAbominationCombatPlugin.kt:689)
	at org.alter.plugins.content.npcs.sewerabomination.SewerAbominationCombatPlugin.combat(SewerAbominationCombatPlugin.kt:221)
	at org.alter.plugins.content.npcs.sewerabomination.SewerAbominationCombatPlugin.access$combat(SewerAbominationCombatPlugin.kt:46)
	at org.alter.plugins.content.npcs.sewerabomination.SewerAbominationCombatPlugin$1$1.invokeSuspend(SewerAbominationCombatPlugin.kt:65)
	at org.alter.plugins.content.npcs.sewerabomination.SewerAbominationCombatPlugin$1$1.invoke(SewerAbominationCombatPlugin.kt)
	at org.alter.plugins.content.npcs.sewerabomination.SewerAbominationCombatPlugin$1$1.invoke(SewerAbominationCombatPlugin.kt)
	at org.alter.game.model.queue.QueueTaskSet$queue$suspendBlock$1.invokeSuspend(QueueTaskSet.kt:27)
	at kotlin.coroutines.jvm.internal.BaseContinuationImpl.resumeWith(ContinuationImpl.kt:33)
	at kotlin.coroutines.SafeContinuation.resumeWith(SafeContinuationJvm.kt:41)
	at org.alter.game.model.queue.impl.PawnQueueTaskSet.cycle(PawnQueueTaskSet.kt:25)
	at org.alter.game.task.NpcCycleTask.execute$lambda$0(NpcCycleTask.kt:18)
	at org.alter.game.model.PawnList.forEach(PawnList.kt:35)
	at org.alter.game.task.NpcCycleTask.execute(NpcCycleTask.kt:17)
	at org.alter.game.service.GameService.cycle(GameService.kt:192)
	at java.base/java.util.concurrent.Executors$RunnableAdapter.call(Executors.java:539)
	at java.base/java.util.concurrent.FutureTask.runAndReset(FutureTask.java:305)
	at java.base/java.util.concurrent.ScheduledThreadPoolExecutor$ScheduledFutureTask.run(ScheduledThreadPoolExecutor.java:305)
	at java.base/java.util.concurrent.ThreadPoolExecutor.runWorker(ThreadPoolExecutor.java:1136)
	at java.base/java.util.concurrent.ThreadPoolExecutor$Worker.run(ThreadPoolExecutor.java:635)
	at java.base/java.lang.Thread.run(Thread.java:840)
[2025-11-23 14:21:13.206] ERROR o.alter.game.model.queue.QueueTask - Error with plugin!
java.lang.IllegalArgumentException: NPC Avatar with index 959 is already allocated!
	at net.rsprot.protocol.game.outgoing.info.npcinfo.NpcAvatarRepository.getOrAlloc(NpcAvatarRepository.kt:105)
	at net.rsprot.protocol.game.outgoing.info.npcinfo.NpcAvatarFactory.alloc(NpcAvatarFactory.kt:113)
	at net.rsprot.protocol.game.outgoing.info.npcinfo.NpcAvatarFactory.alloc$default(NpcAvatarFactory.kt:83)
	at org.alter.game.model.World.spawn(World.kt:404)
	at org.alter.plugins.content.npcs.sewerabomination.SewerAbominationCombatPlugin.spawnMinion(SewerAbominationCombatPlugin.kt:689)
	at org.alter.plugins.content.npcs.sewerabomination.SewerAbominationCombatPlugin.combat(SewerAbominationCombatPlugin.kt:221)
	at org.alter.plugins.content.npcs.sewerabomination.SewerAbominationCombatPlugin.access$combat(SewerAbominationCombatPlugin.kt:46)
	at org.alter.plugins.content.npcs.sewerabomination.SewerAbominationCombatPlugin$1$1.invokeSuspend(SewerAbominationCombatPlugin.kt:65)
	at org.alter.plugins.content.npcs.sewerabomination.SewerAbominationCombatPlugin$1$1.invoke(SewerAbominationCombatPlugin.kt)
	at org.alter.plugins.content.npcs.sewerabomination.SewerAbominationCombatPlugin$1$1.invoke(SewerAbominationCombatPlugin.kt)
	at org.alter.game.model.queue.QueueTaskSet$queue$suspendBlock$1.invokeSuspend(QueueTaskSet.kt:27)
	at kotlin.coroutines.jvm.internal.BaseContinuationImpl.resumeWith(ContinuationImpl.kt:33)
	at kotlin.coroutines.SafeContinuation.resumeWith(SafeContinuationJvm.kt:41)
	at org.alter.game.model.queue.impl.PawnQueueTaskSet.cycle(PawnQueueTaskSet.kt:25)
	at org.alter.game.task.NpcCycleTask.execute$lambda$0(NpcCycleTask.kt:18)
	at org.alter.game.model.PawnList.forEach(PawnList.kt:35)
	at org.alter.game.task.NpcCycleTask.execute(NpcCycleTask.kt:17)
	at org.alter.game.service.GameService.cycle(GameService.kt:192)
	at java.base/java.util.concurrent.Executors$RunnableAdapter.call(Executors.java:539)
	at java.base/java.util.concurrent.FutureTask.runAndReset(FutureTask.java:305)
	at java.base/java.util.concurrent.ScheduledThreadPoolExecutor$ScheduledFutureTask.run(ScheduledThreadPoolExecutor.java:305)
	at java.base/java.util.concurrent.ThreadPoolExecutor.runWorker(ThreadPoolExecutor.java:1136)
	at java.base/java.util.concurrent.ThreadPoolExecutor$Worker.run(ThreadPoolExecutor.java:635)
	at java.base/java.lang.Thread.run(Thread.java:840)
[2025-11-23 14:21:27.622] ERROR o.alter.game.model.queue.QueueTask - Error with plugin!
kotlin.UninitializedPropertyAccessException: lateinit property combatDef has not been initialized
	at org.alter.game.model.entity.Npc.getCombatDef(Npc.kt:86)
	at org.alter.plugins.content.combat.Combat.canEngage(Combat.kt:323)
	at org.alter.plugins.content.combat.CombatPlugin.cycle(CombatPlugin.kt:155)
	at org.alter.plugins.content.combat.CombatPlugin$cycle$1.invokeSuspend(CombatPlugin.kt)
	at kotlin.coroutines.jvm.internal.BaseContinuationImpl.resumeWith(ContinuationImpl.kt:33)
	at kotlin.coroutines.SafeContinuation.resumeWith(SafeContinuationJvm.kt:41)
	at org.alter.game.model.queue.QueueTask.cycle$game_server(QueueTask.kt:63)
	at org.alter.game.model.queue.impl.PawnQueueTaskSet.cycle(PawnQueueTaskSet.kt:28)
	at org.alter.game.task.PlayerCycleTask.execute$lambda$2(PlayerCycleTask.kt:23)
	at org.alter.game.model.PawnList.forEach(PawnList.kt:35)
	at org.alter.game.task.PlayerCycleTask.execute(PlayerCycleTask.kt:17)
	at org.alter.game.service.GameService.cycle(GameService.kt:192)
	at java.base/java.util.concurrent.Executors$RunnableAdapter.call(Executors.java:539)
	at java.base/java.util.concurrent.FutureTask.runAndReset(FutureTask.java:305)
	at java.base/java.util.concurrent.ScheduledThreadPoolExecutor$ScheduledFutureTask.run(ScheduledThreadPoolExecutor.java:305)
	at java.base/java.util.concurrent.ThreadPoolExecutor.runWorker(ThreadPoolExecutor.java:1136)
	at java.base/java.util.concurrent.ThreadPoolExecutor$Worker.run(ThreadPoolExecutor.java:635)
	at java.base/java.lang.Thread.run(Thread.java:840)
[2025-11-23 14:21:52.814] ERROR o.alter.game.model.queue.QueueTask - Error with plugin!
kotlin.UninitializedPropertyAccessException: lateinit property combatDef has not been initialized
	at org.alter.game.model.entity.Npc.getCombatDef(Npc.kt:86)
	at org.alter.plugins.content.combat.Combat.canEngage(Combat.kt:323)
	at org.alter.plugins.content.combat.CombatPlugin.cycle(CombatPlugin.kt:155)
	at org.alter.plugins.content.combat.CombatPlugin$cycle$1.invokeSuspend(CombatPlugin.kt)
	at kotlin.coroutines.jvm.internal.BaseContinuationImpl.resumeWith(ContinuationImpl.kt:33)
	at kotlin.coroutines.SafeContinuation.resumeWith(SafeContinuationJvm.kt:41)
	at org.alter.game.model.queue.QueueTask.cycle$game_server(QueueTask.kt:63)
	at org.alter.game.model.queue.impl.PawnQueueTaskSet.cycle(PawnQueueTaskSet.kt:28)
	at org.alter.game.task.PlayerCycleTask.execute$lambda$2(PlayerCycleTask.kt:23)
	at org.alter.game.model.PawnList.forEach(PawnList.kt:35)
	at org.alter.game.task.PlayerCycleTask.execute(PlayerCycleTask.kt:17)
	at org.alter.game.service.GameService.cycle(GameService.kt:192)
	at java.base/java.util.concurrent.Executors$RunnableAdapter.call(Executors.java:539)
	at java.base/java.util.concurrent.FutureTask.runAndReset(FutureTask.java:305)
	at java.base/java.util.concurrent.ScheduledThreadPoolExecutor$ScheduledFutureTask.run(ScheduledThreadPoolExecutor.java:305)
	at java.base/java.util.concurrent.ThreadPoolExecutor.runWorker(ThreadPoolExecutor.java:1136)
	at java.base/java.util.concurrent.ThreadPoolExecutor$Worker.run(ThreadPoolExecutor.java:635)
	at java.base/java.lang.Thread.run(Thread.java:840)
[2025-11-23 14:22:03.602] ERROR org.alter.game.service.GameService - Error with task QueueHandlerTask.
java.util.ConcurrentModificationException: null
	at java.base/java.util.LinkedList$ListItr.checkForComodification(LinkedList.java:970)
	at java.base/java.util.LinkedList$ListItr.next(LinkedList.java:892)
	at org.alter.game.model.queue.impl.WorldQueueTaskSet.cycle(WorldQueueTaskSet.kt:18)
	at org.alter.game.task.QueueHandlerTask.execute(QueueHandlerTask.kt:20)
	at org.alter.game.service.GameService.cycle(GameService.kt:192)
	at java.base/java.util.concurrent.Executors$RunnableAdapter.call(Executors.java:539)
	at java.base/java.util.concurrent.FutureTask.runAndReset(FutureTask.java:305)
	at java.base/java.util.concurrent.ScheduledThreadPoolExecutor$ScheduledFutureTask.run(ScheduledThreadPoolExecutor.java:305)
	at java.base/java.util.concurrent.ThreadPoolExecutor.runWorker(ThreadPoolExecutor.java:1136)
	at java.base/java.util.concurrent.ThreadPoolExecutor$Worker.run(ThreadPoolExecutor.java:635)
	at java.base/java.lang.Thread.run(Thread.java:840)
[2025-11-23 14:22:16.205] ERROR org.alter.game.service.GameService - Error with task QueueHandlerTask.
java.util.ConcurrentModificationException: null
	at java.base/java.util.LinkedList$ListItr.checkForComodification(LinkedList.java:970)
	at java.base/java.util.LinkedList$ListItr.next(LinkedList.java:892)
	at org.alter.game.model.queue.impl.WorldQueueTaskSet.cycle(WorldQueueTaskSet.kt:18)
	at org.alter.game.task.QueueHandlerTask.execute(QueueHandlerTask.kt:20)
	at org.alter.game.service.GameService.cycle(GameService.kt:192)
	at java.base/java.util.concurrent.Executors$RunnableAdapter.call(Executors.java:539)
	at java.base/java.util.concurrent.FutureTask.runAndReset(FutureTask.java:305)
	at java.base/java.util.concurrent.ScheduledThreadPoolExecutor$ScheduledFutureTask.run(ScheduledThreadPoolExecutor.java:305)
	at java.base/java.util.concurrent.ThreadPoolExecutor.runWorker(ThreadPoolExecutor.java:1136)
	at java.base/java.util.concurrent.ThreadPoolExecutor$Worker.run(ThreadPoolExecutor.java:635)
	at java.base/java.lang.Thread.run(Thread.java:840)
[2025-11-23 14:22:25.219] ERROR o.alter.game.model.queue.QueueTask - Error with plugin!
kotlin.UninitializedPropertyAccessException: lateinit property combatDef has not been initialized
	at org.alter.game.model.entity.Npc.getCombatDef(Npc.kt:86)
	at org.alter.plugins.content.combat.Combat.canEngage(Combat.kt:323)
	at org.alter.plugins.content.combat.CombatPlugin.cycle(CombatPlugin.kt:155)
	at org.alter.plugins.content.combat.CombatPlugin$cycle$1.invokeSuspend(CombatPlugin.kt)
	at kotlin.coroutines.jvm.internal.BaseContinuationImpl.resumeWith(ContinuationImpl.kt:33)
	at kotlin.coroutines.SafeContinuation.resumeWith(SafeContinuationJvm.kt:41)
	at org.alter.game.model.queue.QueueTask.cycle$game_server(QueueTask.kt:63)
	at org.alter.game.model.queue.impl.PawnQueueTaskSet.cycle(PawnQueueTaskSet.kt:28)
	at org.alter.game.task.PlayerCycleTask.execute$lambda$2(PlayerCycleTask.kt:23)
	at org.alter.game.model.PawnList.forEach(PawnList.kt:35)
	at org.alter.game.task.PlayerCycleTask.execute(PlayerCycleTask.kt:17)
	at org.alter.game.service.GameService.cycle(GameService.kt:192)
	at java.base/java.util.concurrent.Executors$RunnableAdapter.call(Executors.java:539)
	at java.base/java.util.concurrent.FutureTask.runAndReset(FutureTask.java:305)
	at java.base/java.util.concurrent.ScheduledThreadPoolExecutor$ScheduledFutureTask.run(ScheduledThreadPoolExecutor.java:305)
	at java.base/java.util.concurrent.ThreadPoolExecutor.runWorker(ThreadPoolExecutor.java:1136)
	at java.base/java.util.concurrent.ThreadPoolExecutor$Worker.run(ThreadPoolExecutor.java:635)
	at java.base/java.lang.Thread.run(Thread.java:840)
[2025-11-23 14:22:27.023] ERROR o.alter.game.model.queue.QueueTask - Error with plugin!
kotlin.UninitializedPropertyAccessException: lateinit property combatDef has not been initialized
	at org.alter.game.model.entity.Npc.getCombatDef(Npc.kt:86)
	at org.alter.plugins.content.combat.Combat.canEngage(Combat.kt:323)
	at org.alter.plugins.content.combat.CombatPlugin.cycle(CombatPlugin.kt:155)
	at org.alter.plugins.content.combat.CombatPlugin$1$2.invokeSuspend(CombatPlugin.kt:43)
	at org.alter.plugins.content.combat.CombatPlugin$1$2.invoke(CombatPlugin.kt)
	at org.alter.plugins.content.combat.CombatPlugin$1$2.invoke(CombatPlugin.kt)
	at org.alter.game.model.queue.QueueTaskSet$queue$suspendBlock$1.invokeSuspend(QueueTaskSet.kt:27)
	at kotlin.coroutines.jvm.internal.BaseContinuationImpl.resumeWith(ContinuationImpl.kt:33)
	at kotlin.coroutines.SafeContinuation.resumeWith(SafeContinuationJvm.kt:41)
	at org.alter.game.model.queue.impl.PawnQueueTaskSet.cycle(PawnQueueTaskSet.kt:25)
	at org.alter.game.task.PlayerCycleTask.execute$lambda$2(PlayerCycleTask.kt:23)
	at org.alter.game.model.PawnList.forEach(PawnList.kt:35)
	at org.alter.game.task.PlayerCycleTask.execute(PlayerCycleTask.kt:17)
	at org.alter.game.service.GameService.cycle(GameService.kt:192)
	at java.base/java.util.concurrent.Executors$RunnableAdapter.call(Executors.java:539)
	at java.base/java.util.concurrent.FutureTask.runAndReset(FutureTask.java:305)
	at java.base/java.util.concurrent.ScheduledThreadPoolExecutor$ScheduledFutureTask.run(ScheduledThreadPoolExecutor.java:305)
	at java.base/java.util.concurrent.ThreadPoolExecutor.runWorker(ThreadPoolExecutor.java:1136)
	at java.base/java.util.concurrent.ThreadPoolExecutor$Worker.run(ThreadPoolExecutor.java:635)
	at java.base/java.lang.Thread.run(Thread.java:840)
[2025-11-23 14:23:49.806] ERROR org.alter.game.service.GameService - Error with task QueueHandlerTask.
java.util.ConcurrentModificationException: null
	at java.base/java.util.LinkedList$ListItr.checkForComodification(LinkedList.java:970)
	at java.base/java.util.LinkedList$ListItr.next(LinkedList.java:892)
	at org.alter.game.model.queue.impl.WorldQueueTaskSet.cycle(WorldQueueTaskSet.kt:18)
	at org.alter.game.task.QueueHandlerTask.execute(QueueHandlerTask.kt:20)
	at org.alter.game.service.GameService.cycle(GameService.kt:192)
	at java.base/java.util.concurrent.Executors$RunnableAdapter.call(Executors.java:539)
	at java.base/java.util.concurrent.FutureTask.runAndReset(FutureTask.java:305)
	at java.base/java.util.concurrent.ScheduledThreadPoolExecutor$ScheduledFutureTask.run(ScheduledThreadPoolExecutor.java:305)
	at java.base/java.util.concurrent.ThreadPoolExecutor.runWorker(ThreadPoolExecutor.java:1136)
	at java.base/java.util.concurrent.ThreadPoolExecutor$Worker.run(ThreadPoolExecutor.java:635)
	at java.base/java.lang.Thread.run(Thread.java:840)
[2025-11-23 14:24:17.409] ERROR o.alter.game.model.queue.QueueTask - Error with plugin!
kotlin.UninitializedPropertyAccessException: lateinit property combatDef has not been initialized
	at org.alter.game.model.entity.Npc.getCombatDef(Npc.kt:86)
	at org.alter.plugins.content.combat.Combat.canEngage(Combat.kt:323)
	at org.alter.plugins.content.combat.CombatPlugin.cycle(CombatPlugin.kt:155)
	at org.alter.plugins.content.combat.CombatPlugin$cycle$1.invokeSuspend(CombatPlugin.kt)
	at kotlin.coroutines.jvm.internal.BaseContinuationImpl.resumeWith(ContinuationImpl.kt:33)
	at kotlin.coroutines.SafeContinuation.resumeWith(SafeContinuationJvm.kt:41)
	at org.alter.game.model.queue.QueueTask.cycle$game_server(QueueTask.kt:63)
	at org.alter.game.model.queue.impl.PawnQueueTaskSet.cycle(PawnQueueTaskSet.kt:28)
	at org.alter.game.task.PlayerCycleTask.execute$lambda$2(PlayerCycleTask.kt:23)
	at org.alter.game.model.PawnList.forEach(PawnList.kt:35)
	at org.alter.game.task.PlayerCycleTask.execute(PlayerCycleTask.kt:17)
	at org.alter.game.service.GameService.cycle(GameService.kt:192)
	at java.base/java.util.concurrent.Executors$RunnableAdapter.call(Executors.java:539)
	at java.base/java.util.concurrent.FutureTask.runAndReset(FutureTask.java:305)
	at java.base/java.util.concurrent.ScheduledThreadPoolExecutor$ScheduledFutureTask.run(ScheduledThreadPoolExecutor.java:305)
	at java.base/java.util.concurrent.ThreadPoolExecutor.runWorker(ThreadPoolExecutor.java:1136)
	at java.base/java.util.concurrent.ThreadPoolExecutor$Worker.run(ThreadPoolExecutor.java:635)
	at java.base/java.lang.Thread.run(Thread.java:840)
[2025-11-23 14:24:32.996] ERROR org.alter.game.service.GameService - Error with task QueueHandlerTask.
java.util.ConcurrentModificationException: null
	at java.base/java.util.LinkedList$ListItr.checkForComodification(LinkedList.java:970)
	at java.base/java.util.LinkedList$ListItr.next(LinkedList.java:892)
	at org.alter.game.model.queue.impl.WorldQueueTaskSet.cycle(WorldQueueTaskSet.kt:18)
	at org.alter.game.task.QueueHandlerTask.execute(QueueHandlerTask.kt:20)
	at org.alter.game.service.GameService.cycle(GameService.kt:192)
	at java.base/java.util.concurrent.Executors$RunnableAdapter.call(Executors.java:539)
	at java.base/java.util.concurrent.FutureTask.runAndReset(FutureTask.java:305)
	at java.base/java.util.concurrent.ScheduledThreadPoolExecutor$ScheduledFutureTask.run(ScheduledThreadPoolExecutor.java:305)
	at java.base/java.util.concurrent.ThreadPoolExecutor.runWorker(ThreadPoolExecutor.java:1136)
	at java.base/java.util.concurrent.ThreadPoolExecutor$Worker.run(ThreadPoolExecutor.java:635)
	at java.base/java.lang.Thread.run(Thread.java:840)
[2025-11-23 14:24:40.809] ERROR o.alter.game.model.queue.QueueTask - Error with plugin!
kotlin.UninitializedPropertyAccessException: lateinit property combatDef has not been initialized
	at org.alter.game.model.entity.Npc.getCombatDef(Npc.kt:86)
	at org.alter.plugins.content.combat.Combat.canEngage(Combat.kt:323)
	at org.alter.plugins.content.combat.CombatPlugin.cycle(CombatPlugin.kt:155)
	at org.alter.plugins.content.combat.CombatPlugin$cycle$1.invokeSuspend(CombatPlugin.kt)
	at kotlin.coroutines.jvm.internal.BaseContinuationImpl.resumeWith(ContinuationImpl.kt:33)
	at kotlin.coroutines.SafeContinuation.resumeWith(SafeContinuationJvm.kt:41)
	at org.alter.game.model.queue.QueueTask.cycle$game_server(QueueTask.kt:63)
	at org.alter.game.model.queue.impl.PawnQueueTaskSet.cycle(PawnQueueTaskSet.kt:28)
	at org.alter.game.task.PlayerCycleTask.execute$lambda$2(PlayerCycleTask.kt:23)
	at org.alter.game.model.PawnList.forEach(PawnList.kt:35)
	at org.alter.game.task.PlayerCycleTask.execute(PlayerCycleTask.kt:17)
	at org.alter.game.service.GameService.cycle(GameService.kt:192)
	at java.base/java.util.concurrent.Executors$RunnableAdapter.call(Executors.java:539)
	at java.base/java.util.concurrent.FutureTask.runAndReset(FutureTask.java:305)
	at java.base/java.util.concurrent.ScheduledThreadPoolExecutor$ScheduledFutureTask.run(ScheduledThreadPoolExecutor.java:305)
	at java.base/java.util.concurrent.ThreadPoolExecutor.runWorker(ThreadPoolExecutor.java:1136)
	at java.base/java.util.concurrent.ThreadPoolExecutor$Worker.run(ThreadPoolExecutor.java:635)
	at java.base/java.lang.Thread.run(Thread.java:840)
[2025-11-23 14:24:55.817] ERROR o.alter.game.model.queue.QueueTask - Error with plugin!
kotlin.UninitializedPropertyAccessException: lateinit property combatDef has not been initialized
	at org.alter.game.model.entity.Npc.getCombatDef(Npc.kt:86)
	at org.alter.plugins.content.combat.Combat.canEngage(Combat.kt:323)
	at org.alter.plugins.content.combat.CombatPlugin.cycle(CombatPlugin.kt:155)
	at org.alter.plugins.content.combat.CombatPlugin$cycle$1.invokeSuspend(CombatPlugin.kt)
	at kotlin.coroutines.jvm.internal.BaseContinuationImpl.resumeWith(ContinuationImpl.kt:33)
	at kotlin.coroutines.SafeContinuation.resumeWith(SafeContinuationJvm.kt:41)
	at org.alter.game.model.queue.QueueTask.cycle$game_server(QueueTask.kt:63)
	at org.alter.game.model.queue.impl.PawnQueueTaskSet.cycle(PawnQueueTaskSet.kt:28)
	at org.alter.game.task.PlayerCycleTask.execute$lambda$2(PlayerCycleTask.kt:23)
	at org.alter.game.model.PawnList.forEach(PawnList.kt:35)
	at org.alter.game.task.PlayerCycleTask.execute(PlayerCycleTask.kt:17)
	at org.alter.game.service.GameService.cycle(GameService.kt:192)
	at java.base/java.util.concurrent.Executors$RunnableAdapter.call(Executors.java:539)
	at java.base/java.util.concurrent.FutureTask.runAndReset(FutureTask.java:305)
	at java.base/java.util.concurrent.ScheduledThreadPoolExecutor$ScheduledFutureTask.run(ScheduledThreadPoolExecutor.java:305)
	at java.base/java.util.concurrent.ThreadPoolExecutor.runWorker(ThreadPoolExecutor.java:1136)
	at java.base/java.util.concurrent.ThreadPoolExecutor$Worker.run(ThreadPoolExecutor.java:635)
	at java.base/java.lang.Thread.run(Thread.java:840)
[2025-11-23 14:27:28.724] ERROR o.alter.game.plugin.PluginRepository - Npc is already bound to a plugin: 8623 [opt=3]
[2025-11-23 14:27:28.725] ERROR o.alter.game.plugin.PluginRepository - Npc is already bound to a plugin: 8623 [opt=4]
[2025-11-23 14:27:28.727] ERROR o.alter.game.plugin.PluginRepository - Npc is already bound to a plugin: 7663 [opt=3]
[2025-11-23 14:27:28.727] ERROR o.alter.game.plugin.PluginRepository - Npc is already bound to a plugin: 7663 [opt=4]
[2025-11-23 14:27:28.728] ERROR o.alter.game.plugin.PluginRepository - Npc is already bound to a plugin: 6797 [opt=3]
[2025-11-23 14:27:28.729] ERROR o.alter.game.plugin.PluginRepository - Npc is already bound to a plugin: 6797 [opt=4]
[2025-11-23 14:27:28.963] ERROR o.alter.game.plugin.PluginRepository - Item on Item pair is already bound to a plugin: [item1=22486, item2=22405]
[2025-11-23 14:44:05.683] ERROR o.alter.game.plugin.PluginRepository - Npc is already bound to a plugin: 8623 [opt=3]
[2025-11-23 14:44:05.684] ERROR o.alter.game.plugin.PluginRepository - Npc is already bound to a plugin: 8623 [opt=4]
[2025-11-23 14:44:05.685] ERROR o.alter.game.plugin.PluginRepository - Npc is already bound to a plugin: 7663 [opt=3]
[2025-11-23 14:44:05.685] ERROR o.alter.game.plugin.PluginRepository - Npc is already bound to a plugin: 7663 [opt=4]
[2025-11-23 14:44:05.687] ERROR o.alter.game.plugin.PluginRepository - Npc is already bound to a plugin: 6797 [opt=3]
[2025-11-23 14:44:05.687] ERROR o.alter.game.plugin.PluginRepository - Npc is already bound to a plugin: 6797 [opt=4]
[2025-11-23 14:50:49.824] ERROR o.alter.game.model.queue.QueueTask - Error with plugin!
java.lang.NoClassDefFoundError: org/alter/plugins/content/npcs/scorpia/ScorpiaCombatPlugin$spawnOffspringAttack$2
	at org.alter.plugins.content.npcs.scorpia.ScorpiaCombatPlugin.spawnOffspringAttack(ScorpiaCombatPlugin.kt:299)
	at org.alter.plugins.content.npcs.scorpia.ScorpiaCombatPlugin.combat(ScorpiaCombatPlugin.kt:52)
	at org.alter.plugins.content.npcs.scorpia.ScorpiaCombatPlugin.access$combat(ScorpiaCombatPlugin.kt:21)
	at org.alter.plugins.content.npcs.scorpia.ScorpiaCombatPlugin$combat$1.invokeSuspend(ScorpiaCombatPlugin.kt)
	at kotlin.coroutines.jvm.internal.BaseContinuationImpl.resumeWith(ContinuationImpl.kt:33)
	at kotlin.coroutines.SafeContinuation.resumeWith(SafeContinuationJvm.kt:41)
	at org.alter.game.model.queue.QueueTask.cycle$game_server(QueueTask.kt:63)
	at org.alter.game.model.queue.impl.PawnQueueTaskSet.cycle(PawnQueueTaskSet.kt:28)
	at org.alter.game.task.NpcCycleTask.execute$lambda$0(NpcCycleTask.kt:18)
	at org.alter.game.model.PawnList.forEach(PawnList.kt:35)
	at org.alter.game.task.NpcCycleTask.execute(NpcCycleTask.kt:17)
	at org.alter.game.service.GameService.cycle(GameService.kt:192)
	at java.base/java.util.concurrent.Executors$RunnableAdapter.call(Executors.java:539)
	at java.base/java.util.concurrent.FutureTask.runAndReset(FutureTask.java:305)
	at java.base/java.util.concurrent.ScheduledThreadPoolExecutor$ScheduledFutureTask.run(ScheduledThreadPoolExecutor.java:305)
	at java.base/java.util.concurrent.ThreadPoolExecutor.runWorker(ThreadPoolExecutor.java:1136)
	at java.base/java.util.concurrent.ThreadPoolExecutor$Worker.run(ThreadPoolExecutor.java:635)
	at java.base/java.lang.Thread.run(Thread.java:840)
Caused by: java.lang.ClassNotFoundException: org.alter.plugins.content.npcs.scorpia.ScorpiaCombatPlugin$spawnOffspringAttack$2
	at java.base/jdk.internal.loader.BuiltinClassLoader.loadClass(BuiltinClassLoader.java:641)
	at java.base/jdk.internal.loader.ClassLoaders$AppClassLoader.loadClass(ClassLoaders.java:188)
	at java.base/java.lang.ClassLoader.loadClass(ClassLoader.java:525)
	... 18 common frames omitted
[2025-11-23 14:51:01.218] ERROR o.alter.game.model.queue.QueueTask - Error with plugin!
java.lang.NoClassDefFoundError: org/alter/plugins/content/npcs/sewerabomination/SewerAbominationCombatPlugin$plagueBreathAttack$1
	at org.alter.plugins.content.npcs.sewerabomination.SewerAbominationCombatPlugin.plagueBreathAttack(SewerAbominationCombatPlugin.kt:472)
	at org.alter.plugins.content.npcs.sewerabomination.SewerAbominationCombatPlugin.combat(SewerAbominationCombatPlugin.kt:253)
	at org.alter.plugins.content.npcs.sewerabomination.SewerAbominationCombatPlugin.access$combat(SewerAbominationCombatPlugin.kt:46)
	at org.alter.plugins.content.npcs.sewerabomination.SewerAbominationCombatPlugin$combat$1.invokeSuspend(SewerAbominationCombatPlugin.kt)
	at kotlin.coroutines.jvm.internal.BaseContinuationImpl.resumeWith(ContinuationImpl.kt:33)
	at kotlin.coroutines.SafeContinuation.resumeWith(SafeContinuationJvm.kt:41)
	at org.alter.game.model.queue.QueueTask.cycle$game_server(QueueTask.kt:63)
	at org.alter.game.model.queue.impl.PawnQueueTaskSet.cycle(PawnQueueTaskSet.kt:28)
	at org.alter.game.task.NpcCycleTask.execute$lambda$0(NpcCycleTask.kt:18)
	at org.alter.game.model.PawnList.forEach(PawnList.kt:35)
	at org.alter.game.task.NpcCycleTask.execute(NpcCycleTask.kt:17)
	at org.alter.game.service.GameService.cycle(GameService.kt:192)
	at java.base/java.util.concurrent.Executors$RunnableAdapter.call(Executors.java:539)
	at java.base/java.util.concurrent.FutureTask.runAndReset(FutureTask.java:305)
	at java.base/java.util.concurrent.ScheduledThreadPoolExecutor$ScheduledFutureTask.run(ScheduledThreadPoolExecutor.java:305)
	at java.base/java.util.concurrent.ThreadPoolExecutor.runWorker(ThreadPoolExecutor.java:1136)
	at java.base/java.util.concurrent.ThreadPoolExecutor$Worker.run(ThreadPoolExecutor.java:635)
	at java.base/java.lang.Thread.run(Thread.java:840)
Caused by: java.lang.ClassNotFoundException: org.alter.plugins.content.npcs.sewerabomination.SewerAbominationCombatPlugin$plagueBreathAttack$1
	at java.base/jdk.internal.loader.BuiltinClassLoader.loadClass(BuiltinClassLoader.java:641)
	at java.base/jdk.internal.loader.ClassLoaders$AppClassLoader.loadClass(ClassLoaders.java:188)
	at java.base/java.lang.ClassLoader.loadClass(ClassLoader.java:525)
	... 18 common frames omitted
[2025-11-23 14:53:19.464] ERROR o.alter.game.plugin.PluginRepository - Npc is already bound to a plugin: 8623 [opt=3]
[2025-11-23 14:53:19.465] ERROR o.alter.game.plugin.PluginRepository - Npc is already bound to a plugin: 8623 [opt=4]
[2025-11-23 14:53:19.466] ERROR o.alter.game.plugin.PluginRepository - Npc is already bound to a plugin: 7663 [opt=3]
[2025-11-23 14:53:19.467] ERROR o.alter.game.plugin.PluginRepository - Npc is already bound to a plugin: 7663 [opt=4]
[2025-11-23 14:53:19.468] ERROR o.alter.game.plugin.PluginRepository - Npc is already bound to a plugin: 6797 [opt=3]
[2025-11-23 14:53:19.469] ERROR o.alter.game.plugin.PluginRepository - Npc is already bound to a plugin: 6797 [opt=4]
[2025-11-23 14:59:29.762] ERROR o.alter.game.plugin.PluginRepository - Npc is already bound to a plugin: 8623 [opt=3]
[2025-11-23 14:59:29.764] ERROR o.alter.game.plugin.PluginRepository - Npc is already bound to a plugin: 8623 [opt=4]
[2025-11-23 14:59:29.765] ERROR o.alter.game.plugin.PluginRepository - Npc is already bound to a plugin: 7663 [opt=3]
[2025-11-23 14:59:29.765] ERROR o.alter.game.plugin.PluginRepository - Npc is already bound to a plugin: 7663 [opt=4]
[2025-11-23 14:59:29.766] ERROR o.alter.game.plugin.PluginRepository - Npc is already bound to a plugin: 6797 [opt=3]
[2025-11-23 14:59:29.767] ERROR o.alter.game.plugin.PluginRepository - Npc is already bound to a plugin: 6797 [opt=4]
[2025-11-23 15:26:16.787] ERROR o.alter.game.plugin.PluginRepository - Npc is already bound to a plugin: 8623 [opt=3]
[2025-11-23 15:26:16.788] ERROR o.alter.game.plugin.PluginRepository - Npc is already bound to a plugin: 8623 [opt=4]
[2025-11-23 15:26:16.790] ERROR o.alter.game.plugin.PluginRepository - Npc is already bound to a plugin: 7663 [opt=3]
[2025-11-23 15:26:16.790] ERROR o.alter.game.plugin.PluginRepository - Npc is already bound to a plugin: 7663 [opt=4]
[2025-11-23 15:26:16.792] ERROR o.alter.game.plugin.PluginRepository - Npc is already bound to a plugin: 6797 [opt=3]
[2025-11-23 15:26:16.792] ERROR o.alter.game.plugin.PluginRepository - Npc is already bound to a plugin: 6797 [opt=4]
[2025-11-23 16:20:33.027] ERROR o.alter.game.plugin.PluginRepository - Npc is already bound to a plugin: 8623 [opt=3]
[2025-11-23 16:20:33.028] ERROR o.alter.game.plugin.PluginRepository - Npc is already bound to a plugin: 8623 [opt=4]
[2025-11-23 16:20:33.030] ERROR o.alter.game.plugin.PluginRepository - Npc is already bound to a plugin: 7663 [opt=3]
[2025-11-23 16:20:33.030] ERROR o.alter.game.plugin.PluginRepository - Npc is already bound to a plugin: 7663 [opt=4]
[2025-11-23 16:20:33.031] ERROR o.alter.game.plugin.PluginRepository - Npc is already bound to a plugin: 6797 [opt=3]
[2025-11-23 16:20:33.032] ERROR o.alter.game.plugin.PluginRepository - Npc is already bound to a plugin: 6797 [opt=4]
[2025-11-23 16:39:09.585] ERROR o.alter.game.plugin.PluginRepository - Npc is already bound to a plugin: 8623 [opt=3]
[2025-11-23 16:39:09.585] ERROR o.alter.game.plugin.PluginRepository - Npc is already bound to a plugin: 8623 [opt=4]
[2025-11-23 16:39:09.586] ERROR o.alter.game.plugin.PluginRepository - Npc is already bound to a plugin: 7663 [opt=3]
[2025-11-23 16:39:09.587] ERROR o.alter.game.plugin.PluginRepository - Npc is already bound to a plugin: 7663 [opt=4]
[2025-11-23 16:39:09.589] ERROR o.alter.game.plugin.PluginRepository - Npc is already bound to a plugin: 6797 [opt=3]
[2025-11-23 16:39:09.590] ERROR o.alter.game.plugin.PluginRepository - Npc is already bound to a plugin: 6797 [opt=4]
[2025-11-23 16:47:03.077] ERROR o.alter.game.plugin.PluginRepository - Npc is already bound to a plugin: 8623 [opt=3]
[2025-11-23 16:47:03.078] ERROR o.alter.game.plugin.PluginRepository - Npc is already bound to a plugin: 8623 [opt=4]
[2025-11-23 16:47:03.079] ERROR o.alter.game.plugin.PluginRepository - Npc is already bound to a plugin: 7663 [opt=3]
[2025-11-23 16:47:03.080] ERROR o.alter.game.plugin.PluginRepository - Npc is already bound to a plugin: 7663 [opt=4]
[2025-11-23 16:47:03.081] ERROR o.alter.game.plugin.PluginRepository - Npc is already bound to a plugin: 6797 [opt=3]
[2025-11-23 16:47:03.082] ERROR o.alter.game.plugin.PluginRepository - Npc is already bound to a plugin: 6797 [opt=4]
[2025-11-23 16:52:14.529] ERROR o.alter.game.plugin.PluginRepository - Npc is already bound to a plugin: 8623 [opt=3]
[2025-11-23 16:52:14.529] ERROR o.alter.game.plugin.PluginRepository - Npc is already bound to a plugin: 8623 [opt=4]
[2025-11-23 16:52:14.532] ERROR o.alter.game.plugin.PluginRepository - Npc is already bound to a plugin: 7663 [opt=3]
[2025-11-23 16:52:14.532] ERROR o.alter.game.plugin.PluginRepository - Npc is already bound to a plugin: 7663 [opt=4]
[2025-11-23 16:52:14.533] ERROR o.alter.game.plugin.PluginRepository - Npc is already bound to a plugin: 6797 [opt=3]
[2025-11-23 16:52:14.534] ERROR o.alter.game.plugin.PluginRepository - Npc is already bound to a plugin: 6797 [opt=4]
[2025-11-23 16:58:08.998] ERROR o.alter.game.plugin.PluginRepository - Npc is already bound to a plugin: 8623 [opt=3]
[2025-11-23 16:58:08.999] ERROR o.alter.game.plugin.PluginRepository - Npc is already bound to a plugin: 8623 [opt=4]
[2025-11-23 16:58:09.000] ERROR o.alter.game.plugin.PluginRepository - Npc is already bound to a plugin: 7663 [opt=3]
[2025-11-23 16:58:09.001] ERROR o.alter.game.plugin.PluginRepository - Npc is already bound to a plugin: 7663 [opt=4]
[2025-11-23 16:58:09.002] ERROR o.alter.game.plugin.PluginRepository - Npc is already bound to a plugin: 6797 [opt=3]
[2025-11-23 16:58:09.002] ERROR o.alter.game.plugin.PluginRepository - Npc is already bound to a plugin: 6797 [opt=4]
[2025-11-23 17:11:10.720] ERROR o.alter.game.plugin.PluginRepository - Npc is already bound to a plugin: 8623 [opt=3]
[2025-11-23 17:11:10.721] ERROR o.alter.game.plugin.PluginRepository - Npc is already bound to a plugin: 8623 [opt=4]
[2025-11-23 17:11:10.722] ERROR o.alter.game.plugin.PluginRepository - Npc is already bound to a plugin: 7663 [opt=3]
[2025-11-23 17:11:10.723] ERROR o.alter.game.plugin.PluginRepository - Npc is already bound to a plugin: 7663 [opt=4]
[2025-11-23 17:11:10.724] ERROR o.alter.game.plugin.PluginRepository - Npc is already bound to a plugin: 6797 [opt=3]
[2025-11-23 17:11:10.724] ERROR o.alter.game.plugin.PluginRepository - Npc is already bound to a plugin: 6797 [opt=4]
[2025-11-23 17:36:23.104] ERROR o.alter.game.model.queue.QueueTask - Error with plugin!
java.lang.NoClassDefFoundError: org/alter/plugins/content/skills/slayer/Slayer
	at org.alter.plugins.content.areas.varrock.npcs.slayer.KrystilliaPlugin.getAssignment(KrystilliaPlugin.kt:59)
	at org.alter.plugins.content.areas.varrock.npcs.slayer.KrystilliaPlugin$2$1.invokeSuspend(KrystilliaPlugin.kt:26)
	at org.alter.plugins.content.areas.varrock.npcs.slayer.KrystilliaPlugin$2$1.invoke(KrystilliaPlugin.kt)
	at org.alter.plugins.content.areas.varrock.npcs.slayer.KrystilliaPlugin$2$1.invoke(KrystilliaPlugin.kt)
	at org.alter.game.model.queue.QueueTaskSet$queue$suspendBlock$1.invokeSuspend(QueueTaskSet.kt:27)
	at kotlin.coroutines.jvm.internal.BaseContinuationImpl.resumeWith(ContinuationImpl.kt:33)
	at kotlin.coroutines.SafeContinuation.resumeWith(SafeContinuationJvm.kt:41)
	at org.alter.game.model.queue.impl.PawnQueueTaskSet.cycle(PawnQueueTaskSet.kt:25)
	at org.alter.game.task.PlayerCycleTask.execute$lambda$2(PlayerCycleTask.kt:23)
	at org.alter.game.model.PawnList.forEach(PawnList.kt:35)
	at org.alter.game.task.PlayerCycleTask.execute(PlayerCycleTask.kt:17)
	at org.alter.game.service.GameService.cycle(GameService.kt:192)
	at java.base/java.util.concurrent.Executors$RunnableAdapter.call(Executors.java:539)
	at java.base/java.util.concurrent.FutureTask.runAndReset(FutureTask.java:305)
	at java.base/java.util.concurrent.ScheduledThreadPoolExecutor$ScheduledFutureTask.run(ScheduledThreadPoolExecutor.java:305)
	at java.base/java.util.concurrent.ThreadPoolExecutor.runWorker(ThreadPoolExecutor.java:1136)
	at java.base/java.util.concurrent.ThreadPoolExecutor$Worker.run(ThreadPoolExecutor.java:635)
	at java.base/java.lang.Thread.run(Thread.java:840)
Caused by: java.lang.ClassNotFoundException: org.alter.plugins.content.skills.slayer.Slayer
	at java.base/jdk.internal.loader.BuiltinClassLoader.loadClass(BuiltinClassLoader.java:641)
	at java.base/jdk.internal.loader.ClassLoaders$AppClassLoader.loadClass(ClassLoaders.java:188)
	at java.base/java.lang.ClassLoader.loadClass(ClassLoader.java:525)
	... 18 common frames omitted
[2025-11-23 17:36:24.910] ERROR o.alter.game.model.queue.QueueTask - Error with plugin!
java.lang.NoClassDefFoundError: org/alter/plugins/content/skills/slayer/Slayer
	at org.alter.plugins.content.areas.varrock.npcs.slayer.KrystilliaPlugin.getAssignment(KrystilliaPlugin.kt:59)
	at org.alter.plugins.content.areas.varrock.npcs.slayer.KrystilliaPlugin$2$1.invokeSuspend(KrystilliaPlugin.kt:26)
	at org.alter.plugins.content.areas.varrock.npcs.slayer.KrystilliaPlugin$2$1.invoke(KrystilliaPlugin.kt)
	at org.alter.plugins.content.areas.varrock.npcs.slayer.KrystilliaPlugin$2$1.invoke(KrystilliaPlugin.kt)
	at org.alter.game.model.queue.QueueTaskSet$queue$suspendBlock$1.invokeSuspend(QueueTaskSet.kt:27)
	at kotlin.coroutines.jvm.internal.BaseContinuationImpl.resumeWith(ContinuationImpl.kt:33)
	at kotlin.coroutines.SafeContinuation.resumeWith(SafeContinuationJvm.kt:41)
	at org.alter.game.model.queue.impl.PawnQueueTaskSet.cycle(PawnQueueTaskSet.kt:25)
	at org.alter.game.task.PlayerCycleTask.execute$lambda$2(PlayerCycleTask.kt:23)
	at org.alter.game.model.PawnList.forEach(PawnList.kt:35)
	at org.alter.game.task.PlayerCycleTask.execute(PlayerCycleTask.kt:17)
	at org.alter.game.service.GameService.cycle(GameService.kt:192)
	at java.base/java.util.concurrent.Executors$RunnableAdapter.call(Executors.java:539)
	at java.base/java.util.concurrent.FutureTask.runAndReset(FutureTask.java:305)
	at java.base/java.util.concurrent.ScheduledThreadPoolExecutor$ScheduledFutureTask.run(ScheduledThreadPoolExecutor.java:305)
	at java.base/java.util.concurrent.ThreadPoolExecutor.runWorker(ThreadPoolExecutor.java:1136)
	at java.base/java.util.concurrent.ThreadPoolExecutor$Worker.run(ThreadPoolExecutor.java:635)
	at java.base/java.lang.Thread.run(Thread.java:840)
Caused by: java.lang.ClassNotFoundException: org.alter.plugins.content.skills.slayer.Slayer
	... 18 common frames omitted
[2025-11-23 17:36:27.323] ERROR o.alter.game.model.queue.QueueTask - Error with plugin!
java.lang.NoClassDefFoundError: org/alter/plugins/content/skills/slayer/Slayer
	at org.alter.plugins.content.areas.varrock.npcs.slayer.KrystilliaPlugin.getAssignment(KrystilliaPlugin.kt:59)
	at org.alter.plugins.content.areas.varrock.npcs.slayer.KrystilliaPlugin$2$1.invokeSuspend(KrystilliaPlugin.kt:26)
	at org.alter.plugins.content.areas.varrock.npcs.slayer.KrystilliaPlugin$2$1.invoke(KrystilliaPlugin.kt)
	at org.alter.plugins.content.areas.varrock.npcs.slayer.KrystilliaPlugin$2$1.invoke(KrystilliaPlugin.kt)
	at org.alter.game.model.queue.QueueTaskSet$queue$suspendBlock$1.invokeSuspend(QueueTaskSet.kt:27)
	at kotlin.coroutines.jvm.internal.BaseContinuationImpl.resumeWith(ContinuationImpl.kt:33)
	at kotlin.coroutines.SafeContinuation.resumeWith(SafeContinuationJvm.kt:41)
	at org.alter.game.model.queue.impl.PawnQueueTaskSet.cycle(PawnQueueTaskSet.kt:25)
	at org.alter.game.task.PlayerCycleTask.execute$lambda$2(PlayerCycleTask.kt:23)
	at org.alter.game.model.PawnList.forEach(PawnList.kt:35)
	at org.alter.game.task.PlayerCycleTask.execute(PlayerCycleTask.kt:17)
	at org.alter.game.service.GameService.cycle(GameService.kt:192)
	at java.base/java.util.concurrent.Executors$RunnableAdapter.call(Executors.java:539)
	at java.base/java.util.concurrent.FutureTask.runAndReset(FutureTask.java:305)
	at java.base/java.util.concurrent.ScheduledThreadPoolExecutor$ScheduledFutureTask.run(ScheduledThreadPoolExecutor.java:305)
	at java.base/java.util.concurrent.ThreadPoolExecutor.runWorker(ThreadPoolExecutor.java:1136)
	at java.base/java.util.concurrent.ThreadPoolExecutor$Worker.run(ThreadPoolExecutor.java:635)
	at java.base/java.lang.Thread.run(Thread.java:840)
Caused by: java.lang.ClassNotFoundException: org.alter.plugins.content.skills.slayer.Slayer
	... 18 common frames omitted
[2025-11-23 17:36:35.108] ERROR o.alter.game.model.queue.QueueTask - Error with plugin!
java.lang.NoClassDefFoundError: org/alter/plugins/content/skills/slayer/Slayer
	at org.alter.plugins.content.areas.varrock.npcs.slayer.KrystilliaPlugin.getAssignment(KrystilliaPlugin.kt:59)
	at org.alter.plugins.content.areas.varrock.npcs.slayer.KrystilliaPlugin$2$1.invokeSuspend(KrystilliaPlugin.kt:26)
	at org.alter.plugins.content.areas.varrock.npcs.slayer.KrystilliaPlugin$2$1.invoke(KrystilliaPlugin.kt)
	at org.alter.plugins.content.areas.varrock.npcs.slayer.KrystilliaPlugin$2$1.invoke(KrystilliaPlugin.kt)
	at org.alter.game.model.queue.QueueTaskSet$queue$suspendBlock$1.invokeSuspend(QueueTaskSet.kt:27)
	at kotlin.coroutines.jvm.internal.BaseContinuationImpl.resumeWith(ContinuationImpl.kt:33)
	at kotlin.coroutines.SafeContinuation.resumeWith(SafeContinuationJvm.kt:41)
	at org.alter.game.model.queue.impl.PawnQueueTaskSet.cycle(PawnQueueTaskSet.kt:25)
	at org.alter.game.task.PlayerCycleTask.execute$lambda$2(PlayerCycleTask.kt:23)
	at org.alter.game.model.PawnList.forEach(PawnList.kt:35)
	at org.alter.game.task.PlayerCycleTask.execute(PlayerCycleTask.kt:17)
	at org.alter.game.service.GameService.cycle(GameService.kt:192)
	at java.base/java.util.concurrent.Executors$RunnableAdapter.call(Executors.java:539)
	at java.base/java.util.concurrent.FutureTask.runAndReset(FutureTask.java:305)
	at java.base/java.util.concurrent.ScheduledThreadPoolExecutor$ScheduledFutureTask.run(ScheduledThreadPoolExecutor.java:305)
	at java.base/java.util.concurrent.ThreadPoolExecutor.runWorker(ThreadPoolExecutor.java:1136)
	at java.base/java.util.concurrent.ThreadPoolExecutor$Worker.run(ThreadPoolExecutor.java:635)
	at java.base/java.lang.Thread.run(Thread.java:840)
Caused by: java.lang.ClassNotFoundException: org.alter.plugins.content.skills.slayer.Slayer
	... 18 common frames omitted
[2025-11-23 17:37:28.523] ERROR o.alter.game.model.queue.QueueTask - Error with plugin!
java.lang.NoClassDefFoundError: org/alter/plugins/content/skills/slayer/Slayer
	at org.alter.plugins.content.skills.slayer.SlayerPlugin._init_$lambda$2(SlayerPlugin.kt:198)
	at org.alter.game.model.entity.Pawn.executePlugin(Pawn.kt:551)
	at org.alter.game.action.NpcDeathAction.death(NpcDeathAction.kt:79)
	at org.alter.game.action.NpcDeathAction$death$1.invokeSuspend(NpcDeathAction.kt)
	at kotlin.coroutines.jvm.internal.BaseContinuationImpl.resumeWith(ContinuationImpl.kt:33)
	at kotlin.coroutines.SafeContinuation.resumeWith(SafeContinuationJvm.kt:41)
	at org.alter.game.model.queue.QueueTask.cycle$game_server(QueueTask.kt:63)
	at org.alter.game.model.queue.impl.PawnQueueTaskSet.cycle(PawnQueueTaskSet.kt:28)
	at org.alter.game.task.NpcCycleTask.execute$lambda$0(NpcCycleTask.kt:18)
	at org.alter.game.model.PawnList.forEach(PawnList.kt:35)
	at org.alter.game.task.NpcCycleTask.execute(NpcCycleTask.kt:17)
	at org.alter.game.service.GameService.cycle(GameService.kt:192)
	at java.base/java.util.concurrent.Executors$RunnableAdapter.call(Executors.java:539)
	at java.base/java.util.concurrent.FutureTask.runAndReset(FutureTask.java:305)
	at java.base/java.util.concurrent.ScheduledThreadPoolExecutor$ScheduledFutureTask.run(ScheduledThreadPoolExecutor.java:305)
	at java.base/java.util.concurrent.ThreadPoolExecutor.runWorker(ThreadPoolExecutor.java:1136)
	at java.base/java.util.concurrent.ThreadPoolExecutor$Worker.run(ThreadPoolExecutor.java:635)
	at java.base/java.lang.Thread.run(Thread.java:840)
Caused by: java.lang.ClassNotFoundException: org.alter.plugins.content.skills.slayer.Slayer
	... 18 common frames omitted
[2025-11-23 17:37:38.117] ERROR o.alter.game.model.queue.QueueTask - Error with plugin!
java.lang.NoClassDefFoundError: org/alter/plugins/content/objects/ladder/LadderPlugin$14$1
	at org.alter.plugins.content.objects.ladder.LadderPlugin._init_$lambda$19(LadderPlugin.kt:227)
	at org.alter.game.model.entity.Pawn.executePlugin(Pawn.kt:551)
	at org.alter.game.plugin.PluginRepository.executeObject(PluginRepository.kt:1559)
	at org.alter.game.model.move.ObjectPathAction.objectInteractPlugin$lambda$3$lambda$2(ObjectPathAction.kt:110)
	at org.alter.game.model.entity.Pawn.executePlugin(Pawn.kt:551)
	at org.alter.game.model.move.ObjectPathAction$walk$1.invokeSuspend(ObjectPathAction.kt:50)
	at kotlin.coroutines.jvm.internal.BaseContinuationImpl.resumeWith(ContinuationImpl.kt:33)
	at kotlin.coroutines.SafeContinuation.resumeWith(SafeContinuationJvm.kt:41)
	at org.alter.game.model.queue.QueueTask.cycle$game_server(QueueTask.kt:63)
	at org.alter.game.model.queue.impl.PawnQueueTaskSet.cycle(PawnQueueTaskSet.kt:28)
	at org.alter.game.task.PlayerCycleTask.execute$lambda$2(PlayerCycleTask.kt:23)
	at org.alter.game.model.PawnList.forEach(PawnList.kt:35)
	at org.alter.game.task.PlayerCycleTask.execute(PlayerCycleTask.kt:17)
	at org.alter.game.service.GameService.cycle(GameService.kt:192)
	at java.base/java.util.concurrent.Executors$RunnableAdapter.call(Executors.java:539)
	at java.base/java.util.concurrent.FutureTask.runAndReset(FutureTask.java:305)
	at java.base/java.util.concurrent.ScheduledThreadPoolExecutor$ScheduledFutureTask.run(ScheduledThreadPoolExecutor.java:305)
	at java.base/java.util.concurrent.ThreadPoolExecutor.runWorker(ThreadPoolExecutor.java:1136)
	at java.base/java.util.concurrent.ThreadPoolExecutor$Worker.run(ThreadPoolExecutor.java:635)
	at java.base/java.lang.Thread.run(Thread.java:840)
Caused by: java.lang.ClassNotFoundException: org.alter.plugins.content.objects.ladder.LadderPlugin$14$1
	at java.base/jdk.internal.loader.BuiltinClassLoader.loadClass(BuiltinClassLoader.java:641)
	at java.base/jdk.internal.loader.ClassLoaders$AppClassLoader.loadClass(ClassLoaders.java:188)
	at java.base/java.lang.ClassLoader.loadClass(ClassLoader.java:525)
	... 20 common frames omitted
[2025-11-23 17:37:39.915] ERROR o.alter.game.model.queue.QueueTask - Error with plugin!
java.lang.NoClassDefFoundError: org/alter/plugins/content/objects/ladder/LadderPlugin$14$1
	at org.alter.plugins.content.objects.ladder.LadderPlugin._init_$lambda$19(LadderPlugin.kt:227)
	at org.alter.game.model.entity.Pawn.executePlugin(Pawn.kt:551)
	at org.alter.game.plugin.PluginRepository.executeObject(PluginRepository.kt:1559)
	at org.alter.game.model.move.ObjectPathAction.objectInteractPlugin$lambda$3$lambda$2(ObjectPathAction.kt:110)
	at org.alter.game.model.entity.Pawn.executePlugin(Pawn.kt:551)
	at org.alter.game.model.move.ObjectPathAction$walk$1.invokeSuspend(ObjectPathAction.kt:50)
	at org.alter.game.model.move.ObjectPathAction$walk$1.invoke(ObjectPathAction.kt)
	at org.alter.game.model.move.ObjectPathAction$walk$1.invoke(ObjectPathAction.kt)
	at org.alter.game.model.queue.QueueTaskSet$queue$suspendBlock$1.invokeSuspend(QueueTaskSet.kt:27)
	at kotlin.coroutines.jvm.internal.BaseContinuationImpl.resumeWith(ContinuationImpl.kt:33)
	at kotlin.coroutines.SafeContinuation.resumeWith(SafeContinuationJvm.kt:41)
	at org.alter.game.model.queue.impl.PawnQueueTaskSet.cycle(PawnQueueTaskSet.kt:25)
	at org.alter.game.task.PlayerCycleTask.execute$lambda$2(PlayerCycleTask.kt:23)
	at org.alter.game.model.PawnList.forEach(PawnList.kt:35)
	at org.alter.game.task.PlayerCycleTask.execute(PlayerCycleTask.kt:17)
	at org.alter.game.service.GameService.cycle(GameService.kt:192)
	at java.base/java.util.concurrent.Executors$RunnableAdapter.call(Executors.java:539)
	at java.base/java.util.concurrent.FutureTask.runAndReset(FutureTask.java:305)
	at java.base/java.util.concurrent.ScheduledThreadPoolExecutor$ScheduledFutureTask.run(ScheduledThreadPoolExecutor.java:305)
	at java.base/java.util.concurrent.ThreadPoolExecutor.runWorker(ThreadPoolExecutor.java:1136)
	at java.base/java.util.concurrent.ThreadPoolExecutor$Worker.run(ThreadPoolExecutor.java:635)
	at java.base/java.lang.Thread.run(Thread.java:840)
Caused by: java.lang.ClassNotFoundException: org.alter.plugins.content.objects.ladder.LadderPlugin$14$1
	... 22 common frames omitted
[2025-11-23 17:37:41.722] ERROR o.alter.game.model.queue.QueueTask - Error with plugin!
java.lang.NoClassDefFoundError: org/alter/plugins/content/objects/ladder/LadderPlugin$14$1
	at org.alter.plugins.content.objects.ladder.LadderPlugin._init_$lambda$19(LadderPlugin.kt:227)
	at org.alter.game.model.entity.Pawn.executePlugin(Pawn.kt:551)
	at org.alter.game.plugin.PluginRepository.executeObject(PluginRepository.kt:1559)
	at org.alter.game.model.move.ObjectPathAction.objectInteractPlugin$lambda$3$lambda$2(ObjectPathAction.kt:110)
	at org.alter.game.model.entity.Pawn.executePlugin(Pawn.kt:551)
	at org.alter.game.model.move.ObjectPathAction$walk$1.invokeSuspend(ObjectPathAction.kt:50)
	at org.alter.game.model.move.ObjectPathAction$walk$1.invoke(ObjectPathAction.kt)
	at org.alter.game.model.move.ObjectPathAction$walk$1.invoke(ObjectPathAction.kt)
	at org.alter.game.model.queue.QueueTaskSet$queue$suspendBlock$1.invokeSuspend(QueueTaskSet.kt:27)
	at kotlin.coroutines.jvm.internal.BaseContinuationImpl.resumeWith(ContinuationImpl.kt:33)
	at kotlin.coroutines.SafeContinuation.resumeWith(SafeContinuationJvm.kt:41)
	at org.alter.game.model.queue.impl.PawnQueueTaskSet.cycle(PawnQueueTaskSet.kt:25)
	at org.alter.game.task.PlayerCycleTask.execute$lambda$2(PlayerCycleTask.kt:23)
	at org.alter.game.model.PawnList.forEach(PawnList.kt:35)
	at org.alter.game.task.PlayerCycleTask.execute(PlayerCycleTask.kt:17)
	at org.alter.game.service.GameService.cycle(GameService.kt:192)
	at java.base/java.util.concurrent.Executors$RunnableAdapter.call(Executors.java:539)
	at java.base/java.util.concurrent.FutureTask.runAndReset(FutureTask.java:305)
	at java.base/java.util.concurrent.ScheduledThreadPoolExecutor$ScheduledFutureTask.run(ScheduledThreadPoolExecutor.java:305)
	at java.base/java.util.concurrent.ThreadPoolExecutor.runWorker(ThreadPoolExecutor.java:1136)
	at java.base/java.util.concurrent.ThreadPoolExecutor$Worker.run(ThreadPoolExecutor.java:635)
	at java.base/java.lang.Thread.run(Thread.java:840)
Caused by: java.lang.ClassNotFoundException: org.alter.plugins.content.objects.ladder.LadderPlugin$14$1
	... 22 common frames omitted
[2025-11-23 17:37:43.512] ERROR o.alter.game.model.queue.QueueTask - Error with plugin!
java.lang.NoClassDefFoundError: org/alter/plugins/content/objects/ladder/LadderPlugin$14$1
	at org.alter.plugins.content.objects.ladder.LadderPlugin._init_$lambda$19(LadderPlugin.kt:227)
	at org.alter.game.model.entity.Pawn.executePlugin(Pawn.kt:551)
	at org.alter.game.plugin.PluginRepository.executeObject(PluginRepository.kt:1559)
	at org.alter.game.model.move.ObjectPathAction.objectInteractPlugin$lambda$3$lambda$2(ObjectPathAction.kt:110)
	at org.alter.game.model.entity.Pawn.executePlugin(Pawn.kt:551)
	at org.alter.game.model.move.ObjectPathAction$walk$1.invokeSuspend(ObjectPathAction.kt:50)
	at org.alter.game.model.move.ObjectPathAction$walk$1.invoke(ObjectPathAction.kt)
	at org.alter.game.model.move.ObjectPathAction$walk$1.invoke(ObjectPathAction.kt)
	at org.alter.game.model.queue.QueueTaskSet$queue$suspendBlock$1.invokeSuspend(QueueTaskSet.kt:27)
	at kotlin.coroutines.jvm.internal.BaseContinuationImpl.resumeWith(ContinuationImpl.kt:33)
	at kotlin.coroutines.SafeContinuation.resumeWith(SafeContinuationJvm.kt:41)
	at org.alter.game.model.queue.impl.PawnQueueTaskSet.cycle(PawnQueueTaskSet.kt:25)
	at org.alter.game.task.PlayerCycleTask.execute$lambda$2(PlayerCycleTask.kt:23)
	at org.alter.game.model.PawnList.forEach(PawnList.kt:35)
	at org.alter.game.task.PlayerCycleTask.execute(PlayerCycleTask.kt:17)
	at org.alter.game.service.GameService.cycle(GameService.kt:192)
	at java.base/java.util.concurrent.Executors$RunnableAdapter.call(Executors.java:539)
	at java.base/java.util.concurrent.FutureTask.runAndReset(FutureTask.java:305)
	at java.base/java.util.concurrent.ScheduledThreadPoolExecutor$ScheduledFutureTask.run(ScheduledThreadPoolExecutor.java:305)
	at java.base/java.util.concurrent.ThreadPoolExecutor.runWorker(ThreadPoolExecutor.java:1136)
	at java.base/java.util.concurrent.ThreadPoolExecutor$Worker.run(ThreadPoolExecutor.java:635)
	at java.base/java.lang.Thread.run(Thread.java:840)
Caused by: java.lang.ClassNotFoundException: org.alter.plugins.content.objects.ladder.LadderPlugin$14$1
	... 22 common frames omitted
[2025-11-23 17:37:44.118] ERROR o.alter.game.model.queue.QueueTask - Error with plugin!
java.lang.NoClassDefFoundError: org/alter/plugins/content/objects/ladder/LadderPlugin$14$1
	at org.alter.plugins.content.objects.ladder.LadderPlugin._init_$lambda$19(LadderPlugin.kt:227)
	at org.alter.game.model.entity.Pawn.executePlugin(Pawn.kt:551)
	at org.alter.game.plugin.PluginRepository.executeObject(PluginRepository.kt:1559)
	at org.alter.game.model.move.ObjectPathAction.objectInteractPlugin$lambda$3$lambda$2(ObjectPathAction.kt:110)
	at org.alter.game.model.entity.Pawn.executePlugin(Pawn.kt:551)
	at org.alter.game.model.move.ObjectPathAction$walk$1.invokeSuspend(ObjectPathAction.kt:50)
	at org.alter.game.model.move.ObjectPathAction$walk$1.invoke(ObjectPathAction.kt)
	at org.alter.game.model.move.ObjectPathAction$walk$1.invoke(ObjectPathAction.kt)
	at org.alter.game.model.queue.QueueTaskSet$queue$suspendBlock$1.invokeSuspend(QueueTaskSet.kt:27)
	at kotlin.coroutines.jvm.internal.BaseContinuationImpl.resumeWith(ContinuationImpl.kt:33)
	at kotlin.coroutines.SafeContinuation.resumeWith(SafeContinuationJvm.kt:41)
	at org.alter.game.model.queue.impl.PawnQueueTaskSet.cycle(PawnQueueTaskSet.kt:25)
	at org.alter.game.task.PlayerCycleTask.execute$lambda$2(PlayerCycleTask.kt:23)
	at org.alter.game.model.PawnList.forEach(PawnList.kt:35)
	at org.alter.game.task.PlayerCycleTask.execute(PlayerCycleTask.kt:17)
	at org.alter.game.service.GameService.cycle(GameService.kt:192)
	at java.base/java.util.concurrent.Executors$RunnableAdapter.call(Executors.java:539)
	at java.base/java.util.concurrent.FutureTask.runAndReset(FutureTask.java:305)
	at java.base/java.util.concurrent.ScheduledThreadPoolExecutor$ScheduledFutureTask.run(ScheduledThreadPoolExecutor.java:305)
	at java.base/java.util.concurrent.ThreadPoolExecutor.runWorker(ThreadPoolExecutor.java:1136)
	at java.base/java.util.concurrent.ThreadPoolExecutor$Worker.run(ThreadPoolExecutor.java:635)
	at java.base/java.lang.Thread.run(Thread.java:840)
Caused by: java.lang.ClassNotFoundException: org.alter.plugins.content.objects.ladder.LadderPlugin$14$1
	... 22 common frames omitted
[2025-11-23 17:37:56.107] ERROR o.alter.game.model.queue.QueueTask - Error with plugin!
java.lang.NoClassDefFoundError: org/alter/plugins/content/skills/slayer/Slayer
	at org.alter.plugins.content.skills.slayer.SlayerPlugin._init_$lambda$2(SlayerPlugin.kt:198)
	at org.alter.game.model.entity.Pawn.executePlugin(Pawn.kt:551)
	at org.alter.game.action.NpcDeathAction.death(NpcDeathAction.kt:79)
	at org.alter.game.action.NpcDeathAction$death$1.invokeSuspend(NpcDeathAction.kt)
	at kotlin.coroutines.jvm.internal.BaseContinuationImpl.resumeWith(ContinuationImpl.kt:33)
	at kotlin.coroutines.SafeContinuation.resumeWith(SafeContinuationJvm.kt:41)
	at org.alter.game.model.queue.QueueTask.cycle$game_server(QueueTask.kt:63)
	at org.alter.game.model.queue.impl.PawnQueueTaskSet.cycle(PawnQueueTaskSet.kt:28)
	at org.alter.game.task.NpcCycleTask.execute$lambda$0(NpcCycleTask.kt:18)
	at org.alter.game.model.PawnList.forEach(PawnList.kt:35)
	at org.alter.game.task.NpcCycleTask.execute(NpcCycleTask.kt:17)
	at org.alter.game.service.GameService.cycle(GameService.kt:192)
	at java.base/java.util.concurrent.Executors$RunnableAdapter.call(Executors.java:539)
	at java.base/java.util.concurrent.FutureTask.runAndReset(FutureTask.java:305)
	at java.base/java.util.concurrent.ScheduledThreadPoolExecutor$ScheduledFutureTask.run(ScheduledThreadPoolExecutor.java:305)
	at java.base/java.util.concurrent.ThreadPoolExecutor.runWorker(ThreadPoolExecutor.java:1136)
	at java.base/java.util.concurrent.ThreadPoolExecutor$Worker.run(ThreadPoolExecutor.java:635)
	at java.base/java.lang.Thread.run(Thread.java:840)
Caused by: java.lang.ClassNotFoundException: org.alter.plugins.content.skills.slayer.Slayer
	... 18 common frames omitted
[2025-11-23 20:14:10.578] ERROR o.alter.game.model.queue.QueueTask - Error with plugin!
java.lang.IllegalArgumentException: NPC Avatar with index 970 is already allocated!
	at net.rsprot.protocol.game.outgoing.info.npcinfo.NpcAvatarRepository.getOrAlloc(NpcAvatarRepository.kt:105)
	at net.rsprot.protocol.game.outgoing.info.npcinfo.NpcAvatarFactory.alloc(NpcAvatarFactory.kt:113)
	at net.rsprot.protocol.game.outgoing.info.npcinfo.NpcAvatarFactory.alloc$default(NpcAvatarFactory.kt:83)
	at org.alter.game.model.World.spawn(World.kt:404)
	at org.alter.plugins.content.npcs.sewerabomination.SewerAbominationCombatPlugin.spawnMinion(SewerAbominationCombatPlugin.kt:689)
	at org.alter.plugins.content.npcs.sewerabomination.SewerAbominationCombatPlugin.combat(SewerAbominationCombatPlugin.kt:221)
	at org.alter.plugins.content.npcs.sewerabomination.SewerAbominationCombatPlugin.access$combat(SewerAbominationCombatPlugin.kt:46)
	at org.alter.plugins.content.npcs.sewerabomination.SewerAbominationCombatPlugin$1$1.invokeSuspend(SewerAbominationCombatPlugin.kt:65)
	at org.alter.plugins.content.npcs.sewerabomination.SewerAbominationCombatPlugin$1$1.invoke(SewerAbominationCombatPlugin.kt)
	at org.alter.plugins.content.npcs.sewerabomination.SewerAbominationCombatPlugin$1$1.invoke(SewerAbominationCombatPlugin.kt)
	at org.alter.game.model.queue.QueueTaskSet$queue$suspendBlock$1.invokeSuspend(QueueTaskSet.kt:27)
	at kotlin.coroutines.jvm.internal.BaseContinuationImpl.resumeWith(ContinuationImpl.kt:33)
	at kotlin.coroutines.SafeContinuation.resumeWith(SafeContinuationJvm.kt:41)
	at org.alter.game.model.queue.impl.PawnQueueTaskSet.cycle(PawnQueueTaskSet.kt:25)
	at org.alter.game.task.NpcCycleTask.execute$lambda$0(NpcCycleTask.kt:18)
	at org.alter.game.model.PawnList.forEach(PawnList.kt:35)
	at org.alter.game.task.NpcCycleTask.execute(NpcCycleTask.kt:17)
	at org.alter.game.service.GameService.cycle(GameService.kt:192)
	at java.base/java.util.concurrent.Executors$RunnableAdapter.call(Executors.java:539)
	at java.base/java.util.concurrent.FutureTask.runAndReset(FutureTask.java:305)
	at java.base/java.util.concurrent.ScheduledThreadPoolExecutor$ScheduledFutureTask.run(ScheduledThreadPoolExecutor.java:305)
	at java.base/java.util.concurrent.ThreadPoolExecutor.runWorker(ThreadPoolExecutor.java:1136)
	at java.base/java.util.concurrent.ThreadPoolExecutor$Worker.run(ThreadPoolExecutor.java:635)
	at java.base/java.lang.Thread.run(Thread.java:840)
[2025-11-23 20:14:11.787] ERROR o.alter.game.model.queue.QueueTask - Error with plugin!
java.lang.IllegalArgumentException: NPC Avatar with index 971 is already allocated!
	at net.rsprot.protocol.game.outgoing.info.npcinfo.NpcAvatarRepository.getOrAlloc(NpcAvatarRepository.kt:105)
	at net.rsprot.protocol.game.outgoing.info.npcinfo.NpcAvatarFactory.alloc(NpcAvatarFactory.kt:113)
	at net.rsprot.protocol.game.outgoing.info.npcinfo.NpcAvatarFactory.alloc$default(NpcAvatarFactory.kt:83)
	at org.alter.game.model.World.spawn(World.kt:404)
	at org.alter.plugins.content.npcs.sewerabomination.SewerAbominationCombatPlugin.spawnMinion(SewerAbominationCombatPlugin.kt:689)
	at org.alter.plugins.content.npcs.sewerabomination.SewerAbominationCombatPlugin.combat(SewerAbominationCombatPlugin.kt:221)
	at org.alter.plugins.content.npcs.sewerabomination.SewerAbominationCombatPlugin.access$combat(SewerAbominationCombatPlugin.kt:46)
	at org.alter.plugins.content.npcs.sewerabomination.SewerAbominationCombatPlugin$1$1.invokeSuspend(SewerAbominationCombatPlugin.kt:65)
	at org.alter.plugins.content.npcs.sewerabomination.SewerAbominationCombatPlugin$1$1.invoke(SewerAbominationCombatPlugin.kt)
	at org.alter.plugins.content.npcs.sewerabomination.SewerAbominationCombatPlugin$1$1.invoke(SewerAbominationCombatPlugin.kt)
	at org.alter.game.model.queue.QueueTaskSet$queue$suspendBlock$1.invokeSuspend(QueueTaskSet.kt:27)
	at kotlin.coroutines.jvm.internal.BaseContinuationImpl.resumeWith(ContinuationImpl.kt:33)
	at kotlin.coroutines.SafeContinuation.resumeWith(SafeContinuationJvm.kt:41)
	at org.alter.game.model.queue.impl.PawnQueueTaskSet.cycle(PawnQueueTaskSet.kt:25)
	at org.alter.game.task.NpcCycleTask.execute$lambda$0(NpcCycleTask.kt:18)
	at org.alter.game.model.PawnList.forEach(PawnList.kt:35)
	at org.alter.game.task.NpcCycleTask.execute(NpcCycleTask.kt:17)
	at org.alter.game.service.GameService.cycle(GameService.kt:192)
	at java.base/java.util.concurrent.Executors$RunnableAdapter.call(Executors.java:539)
	at java.base/java.util.concurrent.FutureTask.runAndReset(FutureTask.java:305)
	at java.base/java.util.concurrent.ScheduledThreadPoolExecutor$ScheduledFutureTask.run(ScheduledThreadPoolExecutor.java:305)
	at java.base/java.util.concurrent.ThreadPoolExecutor.runWorker(ThreadPoolExecutor.java:1136)
	at java.base/java.util.concurrent.ThreadPoolExecutor$Worker.run(ThreadPoolExecutor.java:635)
	at java.base/java.lang.Thread.run(Thread.java:840)
[2025-11-23 20:14:14.782] ERROR o.alter.game.model.queue.QueueTask - Error with plugin!
java.lang.IllegalArgumentException: NPC Avatar with index 972 is already allocated!
	at net.rsprot.protocol.game.outgoing.info.npcinfo.NpcAvatarRepository.getOrAlloc(NpcAvatarRepository.kt:105)
	at net.rsprot.protocol.game.outgoing.info.npcinfo.NpcAvatarFactory.alloc(NpcAvatarFactory.kt:113)
	at net.rsprot.protocol.game.outgoing.info.npcinfo.NpcAvatarFactory.alloc$default(NpcAvatarFactory.kt:83)
	at org.alter.game.model.World.spawn(World.kt:404)
	at org.alter.plugins.content.npcs.sewerabomination.SewerAbominationCombatPlugin.spawnMinion(SewerAbominationCombatPlugin.kt:689)
	at org.alter.plugins.content.npcs.sewerabomination.SewerAbominationCombatPlugin.combat(SewerAbominationCombatPlugin.kt:221)
	at org.alter.plugins.content.npcs.sewerabomination.SewerAbominationCombatPlugin.access$combat(SewerAbominationCombatPlugin.kt:46)
	at org.alter.plugins.content.npcs.sewerabomination.SewerAbominationCombatPlugin$1$1.invokeSuspend(SewerAbominationCombatPlugin.kt:65)
	at org.alter.plugins.content.npcs.sewerabomination.SewerAbominationCombatPlugin$1$1.invoke(SewerAbominationCombatPlugin.kt)
	at org.alter.plugins.content.npcs.sewerabomination.SewerAbominationCombatPlugin$1$1.invoke(SewerAbominationCombatPlugin.kt)
	at org.alter.game.model.queue.QueueTaskSet$queue$suspendBlock$1.invokeSuspend(QueueTaskSet.kt:27)
	at kotlin.coroutines.jvm.internal.BaseContinuationImpl.resumeWith(ContinuationImpl.kt:33)
	at kotlin.coroutines.SafeContinuation.resumeWith(SafeContinuationJvm.kt:41)
	at org.alter.game.model.queue.impl.PawnQueueTaskSet.cycle(PawnQueueTaskSet.kt:25)
	at org.alter.game.task.NpcCycleTask.execute$lambda$0(NpcCycleTask.kt:18)
	at org.alter.game.model.PawnList.forEach(PawnList.kt:35)
	at org.alter.game.task.NpcCycleTask.execute(NpcCycleTask.kt:17)
	at org.alter.game.service.GameService.cycle(GameService.kt:192)
	at java.base/java.util.concurrent.Executors$RunnableAdapter.call(Executors.java:539)
	at java.base/java.util.concurrent.FutureTask.runAndReset(FutureTask.java:305)
	at java.base/java.util.concurrent.ScheduledThreadPoolExecutor$ScheduledFutureTask.run(ScheduledThreadPoolExecutor.java:305)
	at java.base/java.util.concurrent.ThreadPoolExecutor.runWorker(ThreadPoolExecutor.java:1136)
	at java.base/java.util.concurrent.ThreadPoolExecutor$Worker.run(ThreadPoolExecutor.java:635)
	at java.base/java.lang.Thread.run(Thread.java:840)
[2025-11-23 20:17:30.375] ERROR o.alter.game.model.queue.QueueTask - Error with plugin!
java.lang.IllegalArgumentException: NPC Avatar with index 973 is already allocated!
	at net.rsprot.protocol.game.outgoing.info.npcinfo.NpcAvatarRepository.getOrAlloc(NpcAvatarRepository.kt:105)
	at net.rsprot.protocol.game.outgoing.info.npcinfo.NpcAvatarFactory.alloc(NpcAvatarFactory.kt:113)
	at net.rsprot.protocol.game.outgoing.info.npcinfo.NpcAvatarFactory.alloc$default(NpcAvatarFactory.kt:83)
	at org.alter.game.model.World.spawn(World.kt:404)
	at org.alter.plugins.content.npcs.sewerabomination.SewerAbominationCombatPlugin.spawnMinion(SewerAbominationCombatPlugin.kt:689)
	at org.alter.plugins.content.npcs.sewerabomination.SewerAbominationCombatPlugin.combat(SewerAbominationCombatPlugin.kt:221)
	at org.alter.plugins.content.npcs.sewerabomination.SewerAbominationCombatPlugin.access$combat(SewerAbominationCombatPlugin.kt:46)
	at org.alter.plugins.content.npcs.sewerabomination.SewerAbominationCombatPlugin$combat$1.invokeSuspend(SewerAbominationCombatPlugin.kt)
	at kotlin.coroutines.jvm.internal.BaseContinuationImpl.resumeWith(ContinuationImpl.kt:33)
	at kotlin.coroutines.SafeContinuation.resumeWith(SafeContinuationJvm.kt:41)
	at org.alter.game.model.queue.QueueTask.cycle$game_server(QueueTask.kt:63)
	at org.alter.game.model.queue.impl.PawnQueueTaskSet.cycle(PawnQueueTaskSet.kt:28)
	at org.alter.game.task.NpcCycleTask.execute$lambda$0(NpcCycleTask.kt:18)
	at org.alter.game.model.PawnList.forEach(PawnList.kt:35)
	at org.alter.game.task.NpcCycleTask.execute(NpcCycleTask.kt:17)
	at org.alter.game.service.GameService.cycle(GameService.kt:192)
	at java.base/java.util.concurrent.Executors$RunnableAdapter.call(Executors.java:539)
	at java.base/java.util.concurrent.FutureTask.runAndReset(FutureTask.java:305)
	at java.base/java.util.concurrent.ScheduledThreadPoolExecutor$ScheduledFutureTask.run(ScheduledThreadPoolExecutor.java:305)
	at java.base/java.util.concurrent.ThreadPoolExecutor.runWorker(ThreadPoolExecutor.java:1136)
	at java.base/java.util.concurrent.ThreadPoolExecutor$Worker.run(ThreadPoolExecutor.java:635)
	at java.base/java.lang.Thread.run(Thread.java:840)
[2025-11-23 20:18:00.981] ERROR o.alter.game.model.queue.QueueTask - Error with plugin!
java.lang.IllegalArgumentException: NPC Avatar with index 974 is already allocated!
	at net.rsprot.protocol.game.outgoing.info.npcinfo.NpcAvatarRepository.getOrAlloc(NpcAvatarRepository.kt:105)
	at net.rsprot.protocol.game.outgoing.info.npcinfo.NpcAvatarFactory.alloc(NpcAvatarFactory.kt:113)
	at net.rsprot.protocol.game.outgoing.info.npcinfo.NpcAvatarFactory.alloc$default(NpcAvatarFactory.kt:83)
	at org.alter.game.model.World.spawn(World.kt:404)
	at org.alter.plugins.content.npcs.sewerabomination.SewerAbominationCombatPlugin.spawnMinion(SewerAbominationCombatPlugin.kt:689)
	at org.alter.plugins.content.npcs.sewerabomination.SewerAbominationCombatPlugin.combat(SewerAbominationCombatPlugin.kt:221)
	at org.alter.plugins.content.npcs.sewerabomination.SewerAbominationCombatPlugin.access$combat(SewerAbominationCombatPlugin.kt:46)
	at org.alter.plugins.content.npcs.sewerabomination.SewerAbominationCombatPlugin$1$1.invokeSuspend(SewerAbominationCombatPlugin.kt:65)
	at org.alter.plugins.content.npcs.sewerabomination.SewerAbominationCombatPlugin$1$1.invoke(SewerAbominationCombatPlugin.kt)
	at org.alter.plugins.content.npcs.sewerabomination.SewerAbominationCombatPlugin$1$1.invoke(SewerAbominationCombatPlugin.kt)
	at org.alter.game.model.queue.QueueTaskSet$queue$suspendBlock$1.invokeSuspend(QueueTaskSet.kt:27)
	at kotlin.coroutines.jvm.internal.BaseContinuationImpl.resumeWith(ContinuationImpl.kt:33)
	at kotlin.coroutines.SafeContinuation.resumeWith(SafeContinuationJvm.kt:41)
	at org.alter.game.model.queue.impl.PawnQueueTaskSet.cycle(PawnQueueTaskSet.kt:25)
	at org.alter.game.task.NpcCycleTask.execute$lambda$0(NpcCycleTask.kt:18)
	at org.alter.game.model.PawnList.forEach(PawnList.kt:35)
	at org.alter.game.task.NpcCycleTask.execute(NpcCycleTask.kt:17)
	at org.alter.game.service.GameService.cycle(GameService.kt:192)
	at java.base/java.util.concurrent.Executors$RunnableAdapter.call(Executors.java:539)
	at java.base/java.util.concurrent.FutureTask.runAndReset(FutureTask.java:305)
	at java.base/java.util.concurrent.ScheduledThreadPoolExecutor$ScheduledFutureTask.run(ScheduledThreadPoolExecutor.java:305)
	at java.base/java.util.concurrent.ThreadPoolExecutor.runWorker(ThreadPoolExecutor.java:1136)
	at java.base/java.util.concurrent.ThreadPoolExecutor$Worker.run(ThreadPoolExecutor.java:635)
	at java.base/java.lang.Thread.run(Thread.java:840)
[2025-11-23 20:21:34.585] ERROR o.alter.game.model.queue.QueueTask - Error with plugin!
java.lang.IllegalArgumentException: NPC Avatar with index 975 is already allocated!
	at net.rsprot.protocol.game.outgoing.info.npcinfo.NpcAvatarRepository.getOrAlloc(NpcAvatarRepository.kt:105)
	at net.rsprot.protocol.game.outgoing.info.npcinfo.NpcAvatarFactory.alloc(NpcAvatarFactory.kt:113)
	at net.rsprot.protocol.game.outgoing.info.npcinfo.NpcAvatarFactory.alloc$default(NpcAvatarFactory.kt:83)
	at org.alter.game.model.World.spawn(World.kt:404)
	at org.alter.plugins.content.npcs.sewerabomination.SewerAbominationCombatPlugin.spawnMinion(SewerAbominationCombatPlugin.kt:689)
	at org.alter.plugins.content.npcs.sewerabomination.SewerAbominationCombatPlugin.combat(SewerAbominationCombatPlugin.kt:221)
	at org.alter.plugins.content.npcs.sewerabomination.SewerAbominationCombatPlugin.access$combat(SewerAbominationCombatPlugin.kt:46)
	at org.alter.plugins.content.npcs.sewerabomination.SewerAbominationCombatPlugin$1$1.invokeSuspend(SewerAbominationCombatPlugin.kt:65)
	at org.alter.plugins.content.npcs.sewerabomination.SewerAbominationCombatPlugin$1$1.invoke(SewerAbominationCombatPlugin.kt)
	at org.alter.plugins.content.npcs.sewerabomination.SewerAbominationCombatPlugin$1$1.invoke(SewerAbominationCombatPlugin.kt)
	at org.alter.game.model.queue.QueueTaskSet$queue$suspendBlock$1.invokeSuspend(QueueTaskSet.kt:27)
	at kotlin.coroutines.jvm.internal.BaseContinuationImpl.resumeWith(ContinuationImpl.kt:33)
	at kotlin.coroutines.SafeContinuation.resumeWith(SafeContinuationJvm.kt:41)
	at org.alter.game.model.queue.impl.PawnQueueTaskSet.cycle(PawnQueueTaskSet.kt:25)
	at org.alter.game.task.NpcCycleTask.execute$lambda$0(NpcCycleTask.kt:18)
	at org.alter.game.model.PawnList.forEach(PawnList.kt:35)
	at org.alter.game.task.NpcCycleTask.execute(NpcCycleTask.kt:17)
	at org.alter.game.service.GameService.cycle(GameService.kt:192)
	at java.base/java.util.concurrent.Executors$RunnableAdapter.call(Executors.java:539)
	at java.base/java.util.concurrent.FutureTask.runAndReset(FutureTask.java:305)
	at java.base/java.util.concurrent.ScheduledThreadPoolExecutor$ScheduledFutureTask.run(ScheduledThreadPoolExecutor.java:305)
	at java.base/java.util.concurrent.ThreadPoolExecutor.runWorker(ThreadPoolExecutor.java:1136)
	at java.base/java.util.concurrent.ThreadPoolExecutor$Worker.run(ThreadPoolExecutor.java:635)
	at java.base/java.lang.Thread.run(Thread.java:840)
[2025-11-23 20:24:02.191] ERROR o.alter.game.model.queue.QueueTask - Error with plugin!
java.lang.IllegalArgumentException: NPC Avatar with index 976 is already allocated!
	at net.rsprot.protocol.game.outgoing.info.npcinfo.NpcAvatarRepository.getOrAlloc(NpcAvatarRepository.kt:105)
	at net.rsprot.protocol.game.outgoing.info.npcinfo.NpcAvatarFactory.alloc(NpcAvatarFactory.kt:113)
	at net.rsprot.protocol.game.outgoing.info.npcinfo.NpcAvatarFactory.alloc$default(NpcAvatarFactory.kt:83)
	at org.alter.game.model.World.spawn(World.kt:404)
	at org.alter.plugins.content.npcs.sewerabomination.SewerAbominationCombatPlugin.spawnMinion(SewerAbominationCombatPlugin.kt:689)
	at org.alter.plugins.content.npcs.sewerabomination.SewerAbominationCombatPlugin.combat(SewerAbominationCombatPlugin.kt:221)
	at org.alter.plugins.content.npcs.sewerabomination.SewerAbominationCombatPlugin.access$combat(SewerAbominationCombatPlugin.kt:46)
	at org.alter.plugins.content.npcs.sewerabomination.SewerAbominationCombatPlugin$combat$1.invokeSuspend(SewerAbominationCombatPlugin.kt)
	at kotlin.coroutines.jvm.internal.BaseContinuationImpl.resumeWith(ContinuationImpl.kt:33)
	at kotlin.coroutines.SafeContinuation.resumeWith(SafeContinuationJvm.kt:41)
	at org.alter.game.model.queue.QueueTask.cycle$game_server(QueueTask.kt:63)
	at org.alter.game.model.queue.impl.PawnQueueTaskSet.cycle(PawnQueueTaskSet.kt:28)
	at org.alter.game.task.NpcCycleTask.execute$lambda$0(NpcCycleTask.kt:18)
	at org.alter.game.model.PawnList.forEach(PawnList.kt:35)
	at org.alter.game.task.NpcCycleTask.execute(NpcCycleTask.kt:17)
	at org.alter.game.service.GameService.cycle(GameService.kt:192)
	at java.base/java.util.concurrent.Executors$RunnableAdapter.call(Executors.java:539)
	at java.base/java.util.concurrent.FutureTask.runAndReset(FutureTask.java:305)
	at java.base/java.util.concurrent.ScheduledThreadPoolExecutor$ScheduledFutureTask.run(ScheduledThreadPoolExecutor.java:305)
	at java.base/java.util.concurrent.ThreadPoolExecutor.runWorker(ThreadPoolExecutor.java:1136)
	at java.base/java.util.concurrent.ThreadPoolExecutor$Worker.run(ThreadPoolExecutor.java:635)
	at java.base/java.lang.Thread.run(Thread.java:840)
[2025-11-23 20:41:24.127] ERROR o.alter.game.model.queue.QueueTask - Error with plugin!
java.lang.NoClassDefFoundError: org/alter/plugins/content/npcs/crazyarchaeologist/CrazyArchaeologistCombatPlugin$WhenMappings
	at org.alter.plugins.content.npcs.crazyarchaeologist.CrazyArchaeologistCombatPlugin.bookAttack(CrazyArchaeologistCombatPlugin.kt:453)
	at org.alter.plugins.content.npcs.crazyarchaeologist.CrazyArchaeologistCombatPlugin.combat(CrazyArchaeologistCombatPlugin.kt:406)
	at org.alter.plugins.content.npcs.crazyarchaeologist.CrazyArchaeologistCombatPlugin.access$combat(CrazyArchaeologistCombatPlugin.kt:26)
	at org.alter.plugins.content.npcs.crazyarchaeologist.CrazyArchaeologistCombatPlugin$1$1.invokeSuspend(CrazyArchaeologistCombatPlugin.kt:61)
	at org.alter.plugins.content.npcs.crazyarchaeologist.CrazyArchaeologistCombatPlugin$1$1.invoke(CrazyArchaeologistCombatPlugin.kt)
	at org.alter.plugins.content.npcs.crazyarchaeologist.CrazyArchaeologistCombatPlugin$1$1.invoke(CrazyArchaeologistCombatPlugin.kt)
	at org.alter.game.model.queue.QueueTaskSet$queue$suspendBlock$1.invokeSuspend(QueueTaskSet.kt:27)
	at kotlin.coroutines.jvm.internal.BaseContinuationImpl.resumeWith(ContinuationImpl.kt:33)
	at kotlin.coroutines.SafeContinuation.resumeWith(SafeContinuationJvm.kt:41)
	at org.alter.game.model.queue.impl.PawnQueueTaskSet.cycle(PawnQueueTaskSet.kt:25)
	at org.alter.game.task.NpcCycleTask.execute$lambda$0(NpcCycleTask.kt:18)
	at org.alter.game.model.PawnList.forEach(PawnList.kt:35)
	at org.alter.game.task.NpcCycleTask.execute(NpcCycleTask.kt:17)
	at org.alter.game.service.GameService.cycle(GameService.kt:192)
	at java.base/java.util.concurrent.Executors$RunnableAdapter.call(Executors.java:539)
	at java.base/java.util.concurrent.FutureTask.runAndReset(FutureTask.java:305)
	at java.base/java.util.concurrent.ScheduledThreadPoolExecutor$ScheduledFutureTask.run(ScheduledThreadPoolExecutor.java:305)
	at java.base/java.util.concurrent.ThreadPoolExecutor.runWorker(ThreadPoolExecutor.java:1136)
	at java.base/java.util.concurrent.ThreadPoolExecutor$Worker.run(ThreadPoolExecutor.java:635)
	at java.base/java.lang.Thread.run(Thread.java:840)
Caused by: java.lang.ClassNotFoundException: org.alter.plugins.content.npcs.crazyarchaeologist.CrazyArchaeologistCombatPlugin$WhenMappings
	at java.base/jdk.internal.loader.BuiltinClassLoader.loadClass(BuiltinClassLoader.java:641)
	at java.base/jdk.internal.loader.ClassLoaders$AppClassLoader.loadClass(ClassLoaders.java:188)
	at java.base/java.lang.ClassLoader.loadClass(ClassLoader.java:525)
	... 20 common frames omitted
[2025-11-23 22:15:17.466] ERROR o.alter.game.model.queue.QueueTask - Error with plugin!
java.lang.NoClassDefFoundError: org/alter/plugins/content/death/NpcDeathFixPlugin$1$1
	at org.alter.plugins.content.death.NpcDeathFixPlugin._init_$lambda$0(NpcDeathFixPlugin.kt:36)
	at org.alter.game.model.entity.Pawn.executePlugin(Pawn.kt:551)
	at org.alter.game.action.NpcDeathAction.death(NpcDeathAction.kt:79)
	at org.alter.game.action.NpcDeathAction$death$1.invokeSuspend(NpcDeathAction.kt)
	at kotlin.coroutines.jvm.internal.BaseContinuationImpl.resumeWith(ContinuationImpl.kt:33)
	at kotlin.coroutines.SafeContinuation.resumeWith(SafeContinuationJvm.kt:41)
	at org.alter.game.model.queue.QueueTask.cycle$game_server(QueueTask.kt:63)
	at org.alter.game.model.queue.impl.PawnQueueTaskSet.cycle(PawnQueueTaskSet.kt:28)
	at org.alter.game.task.NpcCycleTask.execute$lambda$0(NpcCycleTask.kt:18)
	at org.alter.game.model.PawnList.forEach(PawnList.kt:35)
	at org.alter.game.task.NpcCycleTask.execute(NpcCycleTask.kt:17)
	at org.alter.game.service.GameService.cycle(GameService.kt:192)
	at java.base/java.util.concurrent.Executors$RunnableAdapter.call(Executors.java:539)
	at java.base/java.util.concurrent.FutureTask.runAndReset(FutureTask.java:305)
	at java.base/java.util.concurrent.ScheduledThreadPoolExecutor$ScheduledFutureTask.run(ScheduledThreadPoolExecutor.java:305)
	at java.base/java.util.concurrent.ThreadPoolExecutor.runWorker(ThreadPoolExecutor.java:1136)
	at java.base/java.util.concurrent.ThreadPoolExecutor$Worker.run(ThreadPoolExecutor.java:635)
	at java.base/java.lang.Thread.run(Thread.java:840)
Caused by: java.lang.ClassNotFoundException: org.alter.plugins.content.death.NpcDeathFixPlugin$1$1
	at java.base/jdk.internal.loader.BuiltinClassLoader.loadClass(BuiltinClassLoader.java:641)
	at java.base/jdk.internal.loader.ClassLoaders$AppClassLoader.loadClass(ClassLoaders.java:188)
	at java.base/java.lang.ClassLoader.loadClass(ClassLoader.java:525)
	... 18 common frames omitted
