[2025-11-26 00:00:05.257] INFO  org.alter.game.service.GameService - Server running - RAM: 609MB / 1792MB (Max: 8180MB) 
[2025-11-26 00:00:11.846] INFO  org.alter.game.service.GameService - Server running - RAM: 748MB / 1792MB (Max: 8180MB) 
[2025-11-26 00:00:18.453] INFO  org.alter.game.service.GameService - Server running - RAM: 889MB / 1792MB (Max: 8180MB) 
[2025-11-26 00:00:25.051] INFO  org.alter.game.service.GameService - Server running - RAM: 1005MB / 1792MB (Max: 8180MB) 
[2025-11-26 00:00:31.644] INFO  org.alter.game.service.GameService - Server running - RAM: 1146MB / 1792MB (Max: 8180MB) 
[2025-11-26 00:00:38.264] INFO  org.alter.game.service.GameService - Server running - RAM: 1281MB / 1792MB (Max: 8180MB) 
[2025-11-26 00:00:44.849] INFO  org.alter.game.service.GameService - Server running - RAM: 555MB / 1792MB (Max: 8180MB) 
[2025-11-26 00:00:51.443] INFO  org.alter.game.service.GameService - Server running - RAM: 693MB / 1792MB (Max: 8180MB) 
[2025-11-26 00:00:58.058] INFO  org.alter.game.service.GameService - Server running - RAM: 839MB / 1792MB (Max: 8180MB) 
[2025-11-26 00:01:04.646] INFO  org.alter.game.service.GameService - Server running - RAM: 955MB / 1792MB (Max: 8180MB) 
[2025-11-26 00:01:11.240] INFO  org.alter.game.service.GameService - Server running - RAM: 1095MB / 1792MB (Max: 8180MB) 
[2025-11-26 00:01:17.861] INFO  org.alter.game.service.GameService - Server running - RAM: 1231MB / 1792MB (Max: 8180MB) 
[2025-11-26 00:01:24.446] INFO  org.alter.game.service.GameService - Server running - RAM: 1351MB / 1792MB (Max: 8180MB) 
[2025-11-26 00:01:31.040] INFO  org.alter.game.service.GameService - Server running - RAM: 570MB / 1792MB (Max: 8180MB) 
[2025-11-26 00:01:33.488] INFO  spark.webserver.MatcherFilter - The requested route [/world_list.ws] has not been mapped in Spark 
[2025-11-26 00:01:33.553] INFO  spark.webserver.MatcherFilter - The requested route [/jav_config.ws] has not been mapped in Spark 
[2025-11-26 00:01:37.656] INFO  org.alter.game.service.GameService - Server running - RAM: 736MB / 1792MB (Max: 8180MB) 
[2025-11-26 00:01:44.239] INFO  org.alter.game.service.GameService - Server running - RAM: 870MB / 1792MB (Max: 8180MB) 
[2025-11-26 00:01:50.846] INFO  org.alter.game.service.GameService - Server running - RAM: 1028MB / 1792MB (Max: 8180MB) 
[2025-11-26 00:01:57.455] INFO  org.alter.game.service.GameService - Server running - RAM: 1180MB / 1792MB (Max: 8180MB) 
[2025-11-26 00:02:04.049] INFO  org.alter.game.service.GameService - Server running - RAM: 1316MB / 1792MB (Max: 8180MB) 
[2025-11-26 00:02:10.650] INFO  org.alter.game.service.GameService - Server running - RAM: 1466MB / 1792MB (Max: 8180MB) 
[2025-11-26 00:02:17.269] INFO  org.alter.game.service.GameService - Server running - RAM: 657MB / 1792MB (Max: 8180MB) 
[2025-11-26 00:02:23.840] INFO  org.alter.game.service.GameService - Server running - RAM: 787MB / 1792MB (Max: 8180MB) 
[2025-11-26 00:02:30.450] INFO  org.alter.game.service.GameService - Server running - RAM: 945MB / 1792MB (Max: 8180MB) 
[2025-11-26 00:02:37.058] INFO  org.alter.game.service.GameService - Server running - RAM: 1095MB / 1792MB (Max: 8180MB) 
[2025-11-26 00:02:43.654] INFO  org.alter.game.service.GameService - Server running - RAM: 1233MB / 1792MB (Max: 8180MB) 
[2025-11-26 00:02:50.246] INFO  org.alter.game.service.GameService - Server running - RAM: 1383MB / 1792MB (Max: 8180MB) 
[2025-11-26 00:02:56.866] INFO  org.alter.game.service.GameService - Server running - RAM: 547MB / 1792MB (Max: 8180MB) 
[2025-11-26 00:03:03.443] INFO  org.alter.game.service.GameService - Server running - RAM: 677MB / 1792MB (Max: 8180MB) 
[2025-11-26 00:03:10.047] INFO  org.alter.game.service.GameService - Server running - RAM: 833MB / 1792MB (Max: 8180MB) 
[2025-11-26 00:03:16.666] INFO  org.alter.game.service.GameService - Server running - RAM: 983MB / 1792MB (Max: 8180MB) 
[2025-11-26 00:03:23.251] INFO  org.alter.game.service.GameService - Server running - RAM: 1119MB / 1792MB (Max: 8180MB) 
[2025-11-26 00:03:29.846] INFO  org.alter.game.service.GameService - Server running - RAM: 1271MB / 1792MB (Max: 8180MB) 
[2025-11-26 00:03:36.458] INFO  org.alter.game.service.GameService - Server running - RAM: 1425MB / 1792MB (Max: 8180MB) 
[2025-11-26 00:03:43.051] INFO  org.alter.game.service.GameService - Server running - RAM: 538MB / 1792MB (Max: 8180MB) 
[2025-11-26 00:03:49.657] INFO  org.alter.game.service.GameService - Server running - RAM: 698MB / 1792MB (Max: 8180MB) 
[2025-11-26 00:03:56.261] INFO  org.alter.game.service.GameService - Server running - RAM: 848MB / 1792MB (Max: 8180MB) 
[2025-11-26 00:04:02.850] INFO  org.alter.game.service.GameService - Server running - RAM: 982MB / 1792MB (Max: 8180MB) 
[2025-11-26 00:04:09.440] INFO  org.alter.game.service.GameService - Server running - RAM: 1134MB / 1792MB (Max: 8180MB) 
[2025-11-26 00:04:16.070] INFO  org.alter.game.service.GameService - Server running - RAM: 1288MB / 1792MB (Max: 8180MB) 
[2025-11-26 00:04:22.640] INFO  org.alter.game.service.GameService - Server running - RAM: 1420MB / 1792MB (Max: 8180MB) 
[2025-11-26 00:04:29.255] INFO  org.alter.game.service.GameService - Server running - RAM: 541MB / 1792MB (Max: 8180MB) 
[2025-11-26 00:04:35.851] INFO  org.alter.game.service.GameService - Server running - RAM: 691MB / 1792MB (Max: 8180MB) 
[2025-11-26 00:04:42.445] INFO  org.alter.game.service.GameService - Server running - RAM: 827MB / 1792MB (Max: 8180MB) 
[2025-11-26 00:04:49.053] INFO  org.alter.game.service.GameService - Server running - RAM: 979MB / 1792MB (Max: 8180MB) 
[2025-11-26 00:04:55.655] INFO  org.alter.game.service.GameService - Server running - RAM: 1135MB / 1792MB (Max: 8180MB) 
[2025-11-26 00:05:02.242] INFO  org.alter.game.service.GameService - Server running - RAM: 1265MB / 1792MB (Max: 8180MB) 
[2025-11-26 00:05:08.854] INFO  org.alter.game.service.GameService - Server running - RAM: 1421MB / 1792MB (Max: 8180MB) 
[2025-11-26 00:05:15.476] INFO  org.alter.game.service.GameService - Server running - RAM: 519MB / 1792MB (Max: 8180MB) 
[2025-11-26 00:05:22.049] INFO  org.alter.game.service.GameService - Server running - RAM: 652MB / 1792MB (Max: 8180MB) 
[2025-11-26 00:05:28.649] INFO  org.alter.game.service.GameService - Server running - RAM: 804MB / 1792MB (Max: 8180MB) 
[2025-11-26 00:05:35.263] INFO  org.alter.game.service.GameService - Server running - RAM: 960MB / 1792MB (Max: 8180MB) 
[2025-11-26 00:05:41.840] INFO  org.alter.game.service.GameService - Server running - RAM: 1090MB / 1792MB (Max: 8180MB) 
[2025-11-26 00:05:48.454] INFO  org.alter.game.service.GameService - Server running - RAM: 1248MB / 1792MB (Max: 8180MB) 
[2025-11-26 00:05:55.056] INFO  org.alter.game.service.GameService - Server running - RAM: 1396MB / 1792MB (Max: 8180MB) 
[2025-11-26 00:06:01.653] INFO  org.alter.game.service.GameService - Server running - RAM: 1532MB / 1792MB (Max: 8180MB) 
[2025-11-26 00:06:07.418] INFO  spark.webserver.MatcherFilter - The requested route [/world_list.ws] has not been mapped in Spark 
[2025-11-26 00:06:08.252] INFO  org.alter.game.service.GameService - Server running - RAM: 625MB / 1792MB (Max: 8180MB) 
[2025-11-26 00:06:14.857] INFO  org.alter.game.service.GameService - Server running - RAM: 779MB / 1792MB (Max: 8180MB) 
[2025-11-26 00:06:21.450] INFO  org.alter.game.service.GameService - Server running - RAM: 909MB / 1792MB (Max: 8180MB) 
[2025-11-26 00:06:28.042] INFO  org.alter.game.service.GameService - Server running - RAM: 1067MB / 1792MB (Max: 8180MB) 
[2025-11-26 00:06:34.658] INFO  org.alter.game.service.GameService - Server running - RAM: 1217MB / 1792MB (Max: 8180MB) 
[2025-11-26 00:06:41.254] INFO  org.alter.game.service.GameService - Server running - RAM: 1351MB / 1792MB (Max: 8180MB) 
[2025-11-26 00:06:47.852] INFO  org.alter.game.service.GameService - Server running - RAM: 1503MB / 1792MB (Max: 8180MB) 
[2025-11-26 00:06:54.456] INFO  org.alter.game.service.GameService - Server running - RAM: 590MB / 1792MB (Max: 8180MB) 
[2025-11-26 00:07:01.038] INFO  org.alter.game.service.GameService - Server running - RAM: 720MB / 1792MB (Max: 8180MB) 
[2025-11-26 00:07:07.647] INFO  org.alter.game.service.GameService - Server running - RAM: 876MB / 1792MB (Max: 8180MB) 
[2025-11-26 00:07:14.261] INFO  org.alter.game.service.GameService - Server running - RAM: 1026MB / 1792MB (Max: 8180MB) 
[2025-11-26 00:07:20.841] INFO  org.alter.game.service.GameService - Server running - RAM: 1162MB / 1792MB (Max: 8180MB) 
[2025-11-26 00:07:27.454] INFO  org.alter.game.service.GameService - Server running - RAM: 1312MB / 1792MB (Max: 8180MB) 
[2025-11-26 00:07:34.067] INFO  org.alter.game.service.GameService - Server running - RAM: 1468MB / 1792MB (Max: 8180MB) 
[2025-11-26 00:07:40.651] INFO  org.alter.game.service.GameService - Server running - RAM: 531MB / 1792MB (Max: 8180MB) 
[2025-11-26 00:07:47.247] INFO  org.alter.game.service.GameService - Server running - RAM: 687MB / 1792MB (Max: 8180MB) 
[2025-11-26 00:07:53.850] INFO  org.alter.game.service.GameService - Server running - RAM: 837MB / 1792MB (Max: 8180MB) 
[2025-11-26 00:08:00.444] INFO  org.alter.game.service.GameService - Server running - RAM: 973MB / 1792MB (Max: 8180MB) 
[2025-11-26 00:08:07.047] INFO  org.alter.game.service.GameService - Server running - RAM: 1125MB / 1792MB (Max: 8180MB) 
[2025-11-26 00:08:13.654] INFO  org.alter.game.service.GameService - Server running - RAM: 1281MB / 1792MB (Max: 8180MB) 
[2025-11-26 00:08:20.238] INFO  org.alter.game.service.GameService - Server running - RAM: 1411MB / 1792MB (Max: 8180MB) 
[2025-11-26 00:08:26.853] INFO  org.alter.game.service.GameService - Server running - RAM: 1567MB / 1792MB (Max: 8180MB) 
[2025-11-26 00:08:33.463] INFO  org.alter.game.service.GameService - Server running - RAM: 649MB / 1792MB (Max: 8180MB) 
[2025-11-26 00:08:40.047] INFO  org.alter.game.service.GameService - Server running - RAM: 785MB / 1792MB (Max: 8180MB) 
[2025-11-26 00:08:46.650] INFO  org.alter.game.service.GameService - Server running - RAM: 937MB / 1792MB (Max: 8180MB) 
[2025-11-26 00:08:55.471] INFO  org.alter.game.service.GameService - Server running - RAM: 1091MB / 1792MB (Max: 8180MB) 
[2025-11-26 00:09:02.049] INFO  org.alter.game.service.GameService - Server running - RAM: 1221MB / 1792MB (Max: 8180MB) 
[2025-11-26 00:09:08.649] INFO  org.alter.game.service.GameService - Server running - RAM: 1379MB / 1792MB (Max: 8180MB) 
[2025-11-26 00:09:15.267] INFO  org.alter.game.service.GameService - Server running - RAM: 1529MB / 1792MB (Max: 8180MB) 
[2025-11-26 00:09:21.847] INFO  org.alter.game.service.GameService - Server running - RAM: 595MB / 1792MB (Max: 8180MB) 
[2025-11-26 00:09:28.446] INFO  org.alter.game.service.GameService - Server running - RAM: 747MB / 1792MB (Max: 8180MB) 
[2025-11-26 00:09:35.096] INFO  org.alter.game.service.GameService - Server running - RAM: 903MB / 1792MB (Max: 8180MB) 
[2025-11-26 00:09:41.652] INFO  org.alter.game.service.GameService - Server running - RAM: 1035MB / 1792MB (Max: 8180MB) 
[2025-11-26 00:09:48.258] INFO  org.alter.game.service.GameService - Server running - RAM: 1193MB / 1792MB (Max: 8180MB) 
[2025-11-26 00:09:54.858] INFO  org.alter.game.service.GameService - Server running - RAM: 1345MB / 1792MB (Max: 8180MB) 
[2025-11-26 00:10:01.456] INFO  org.alter.game.service.GameService - Server running - RAM: 1483MB / 1792MB (Max: 8180MB) 
[2025-11-26 00:10:08.053] INFO  org.alter.game.service.GameService - Server running - RAM: 567MB / 1792MB (Max: 8180MB) 
[2025-11-26 00:10:14.672] INFO  org.alter.game.service.GameService - Server running - RAM: 723MB / 1792MB (Max: 8180MB) 
[2025-11-26 00:10:21.250] INFO  org.alter.game.service.GameService - Server running - RAM: 853MB / 1792MB (Max: 8180MB) 
[2025-11-26 00:10:27.857] INFO  org.alter.game.service.GameService - Server running - RAM: 1011MB / 1792MB (Max: 8180MB) 
[2025-11-26 00:10:34.455] INFO  org.alter.game.service.GameService - Server running - RAM: 1163MB / 1792MB (Max: 8180MB) 
[2025-11-26 00:10:41.048] INFO  org.alter.game.service.GameService - Server running - RAM: 1301MB / 1792MB (Max: 8180MB) 
[2025-11-26 00:10:47.652] INFO  org.alter.game.service.GameService - Server running - RAM: 1455MB / 1792MB (Max: 8180MB) 
[2025-11-26 00:10:54.264] INFO  org.alter.game.service.GameService - Server running - RAM: 549MB / 1792MB (Max: 8180MB) 
[2025-11-26 00:11:00.860] INFO  org.alter.game.service.GameService - Server running - RAM: 683MB / 1792MB (Max: 8180MB) 
[2025-11-26 00:11:07.455] INFO  org.alter.game.service.GameService - Server running - RAM: 841MB / 1792MB (Max: 8180MB) 
[2025-11-26 00:11:14.063] INFO  org.alter.game.service.GameService - Server running - RAM: 995MB / 1792MB (Max: 8180MB) 
[2025-11-26 00:11:20.647] INFO  org.alter.game.service.GameService - Server running - RAM: 1133MB / 1792MB (Max: 8180MB) 
[2025-11-26 00:11:27.249] INFO  org.alter.game.service.GameService - Server running - RAM: 1287MB / 1792MB (Max: 8180MB) 
[2025-11-26 00:11:33.860] INFO  org.alter.game.service.GameService - Server running - RAM: 1445MB / 1792MB (Max: 8180MB) 
[2025-11-26 00:11:40.449] INFO  org.alter.game.service.GameService - Server running - RAM: 515MB / 1792MB (Max: 8180MB) 
[2025-11-26 00:11:47.055] INFO  org.alter.game.service.GameService - Server running - RAM: 673MB / 1792MB (Max: 8180MB) 
[2025-11-26 00:11:53.669] INFO  org.alter.game.service.GameService - Server running - RAM: 827MB / 1792MB (Max: 8180MB) 
[2025-11-26 00:12:00.261] INFO  org.alter.game.service.GameService - Server running - RAM: 965MB / 1792MB (Max: 8180MB) 
[2025-11-26 00:12:06.844] INFO  org.alter.game.service.GameService - Server running - RAM: 1119MB / 1792MB (Max: 8180MB) 
[2025-11-26 00:12:13.467] INFO  org.alter.game.service.GameService - Server running - RAM: 1273MB / 1792MB (Max: 8180MB) 
[2025-11-26 00:12:20.051] INFO  org.alter.game.service.GameService - Server running - RAM: 1407MB / 1792MB (Max: 8180MB) 
[2025-11-26 00:12:26.657] INFO  org.alter.game.service.GameService - Server running - RAM: 1565MB / 1792MB (Max: 8180MB) 
[2025-11-26 00:12:33.266] INFO  org.alter.game.service.GameService - Server running - RAM: 651MB / 1792MB (Max: 8180MB) 
[2025-11-26 00:12:39.850] INFO  org.alter.game.service.GameService - Server running - RAM: 787MB / 1792MB (Max: 8180MB) 
[2025-11-26 00:12:46.455] INFO  org.alter.game.service.GameService - Server running - RAM: 939MB / 1792MB (Max: 8180MB) 
[2025-11-26 00:12:53.058] INFO  org.alter.game.service.GameService - Server running - RAM: 1095MB / 1792MB (Max: 8180MB) 
[2025-11-26 00:12:59.643] INFO  org.alter.game.service.GameService - Server running - RAM: 1225MB / 1792MB (Max: 8180MB) 
[2025-11-26 00:13:06.250] INFO  org.alter.game.service.GameService - Server running - RAM: 1383MB / 1792MB (Max: 8180MB) 
[2025-11-26 00:13:12.855] INFO  org.alter.game.service.GameService - Server running - RAM: 1533MB / 1792MB (Max: 8180MB) 
[2025-11-26 00:13:19.448] INFO  org.alter.game.service.GameService - Server running - RAM: 601MB / 1792MB (Max: 8180MB) 
[2025-11-26 00:13:26.048] INFO  org.alter.game.service.GameService - Server running - RAM: 751MB / 1792MB (Max: 8180MB) 
[2025-11-26 00:13:32.658] INFO  org.alter.game.service.GameService - Server running - RAM: 907MB / 1792MB (Max: 8180MB) 
[2025-11-26 00:13:39.251] INFO  org.alter.game.service.GameService - Server running - RAM: 1037MB / 1792MB (Max: 8180MB) 
[2025-11-26 00:13:45.848] INFO  org.alter.game.service.GameService - Server running - RAM: 1195MB / 1792MB (Max: 8180MB) 
[2025-11-26 00:13:52.455] INFO  org.alter.game.service.GameService - Server running - RAM: 1345MB / 1792MB (Max: 8180MB) 
[2025-11-26 00:13:59.046] INFO  org.alter.game.service.GameService - Server running - RAM: 1481MB / 1792MB (Max: 8180MB) 
[2025-11-26 00:14:05.657] INFO  org.alter.game.service.GameService - Server running - RAM: 565MB / 1792MB (Max: 8180MB) 
[2025-11-26 00:14:12.264] INFO  org.alter.game.service.GameService - Server running - RAM: 721MB / 1792MB (Max: 8180MB) 
[2025-11-26 00:14:18.842] INFO  org.alter.game.service.GameService - Server running - RAM: 851MB / 1792MB (Max: 8180MB) 
[2025-11-26 00:14:25.446] INFO  org.alter.game.service.GameService - Server running - RAM: 1009MB / 1792MB (Max: 8180MB) 
[2025-11-26 00:14:32.052] INFO  org.alter.game.service.GameService - Server running - RAM: 1159MB / 1792MB (Max: 8180MB) 
[2025-11-26 00:14:38.646] INFO  org.alter.game.service.GameService - Server running - RAM: 1295MB / 1792MB (Max: 8180MB) 
[2025-11-26 00:14:45.255] INFO  org.alter.game.service.GameService - Server running - RAM: 1447MB / 1792MB (Max: 8180MB) 
[2025-11-26 00:14:51.866] INFO  org.alter.game.service.GameService - Server running - RAM: 533MB / 1792MB (Max: 8180MB) 
[2025-11-26 00:14:58.454] INFO  org.alter.game.service.GameService - Server running - RAM: 665MB / 1792MB (Max: 8180MB) 
[2025-11-26 00:15:05.048] INFO  org.alter.game.service.GameService - Server running - RAM: 821MB / 1792MB (Max: 8180MB) 
[2025-11-26 00:15:11.663] INFO  org.alter.game.service.GameService - Server running - RAM: 971MB / 1792MB (Max: 8180MB) 
[2025-11-26 00:15:18.261] INFO  org.alter.game.service.GameService - Server running - RAM: 1107MB / 1792MB (Max: 8180MB) 
[2025-11-26 00:15:24.847] INFO  org.alter.game.service.GameService - Server running - RAM: 1259MB / 1792MB (Max: 8180MB) 
[2025-11-26 00:15:31.470] INFO  org.alter.game.service.GameService - Server running - RAM: 1415MB / 1792MB (Max: 8180MB) 
[2025-11-26 00:15:38.047] INFO  org.alter.game.service.GameService - Server running - RAM: 1545MB / 1792MB (Max: 8180MB) 
[2025-11-26 00:15:44.648] INFO  org.alter.game.service.GameService - Server running - RAM: 635MB / 1792MB (Max: 8180MB) 
[2025-11-26 00:15:51.266] INFO  org.alter.game.service.GameService - Server running - RAM: 785MB / 1792MB (Max: 8180MB) 
[2025-11-26 00:15:57.857] INFO  org.alter.game.service.GameService - Server running - RAM: 921MB / 1792MB (Max: 8180MB) 
[2025-11-26 00:16:04.451] INFO  org.alter.game.service.GameService - Server running - RAM: 1073MB / 1792MB (Max: 8180MB) 
[2025-11-26 00:16:09.646] INFO  spark.webserver.MatcherFilter - The requested route [/world_list.ws] has not been mapped in Spark 
[2025-11-26 00:16:11.069] INFO  org.alter.game.service.GameService - Server running - RAM: 1233MB / 1792MB (Max: 8180MB) 
[2025-11-26 00:16:17.650] INFO  org.alter.game.service.GameService - Server running - RAM: 1363MB / 1792MB (Max: 8180MB) 
[2025-11-26 00:16:24.260] INFO  org.alter.game.service.GameService - Server running - RAM: 1521MB / 1792MB (Max: 8180MB) 
[2025-11-26 00:16:30.858] INFO  org.alter.game.service.GameService - Server running - RAM: 603MB / 1792MB (Max: 8180MB) 
[2025-11-26 00:16:37.446] INFO  org.alter.game.service.GameService - Server running - RAM: 739MB / 1792MB (Max: 8180MB) 
[2025-11-26 00:16:44.056] INFO  org.alter.game.service.GameService - Server running - RAM: 889MB / 1792MB (Max: 8180MB) 
[2025-11-26 00:16:50.668] INFO  org.alter.game.service.GameService - Server running - RAM: 1045MB / 1792MB (Max: 8180MB) 
[2025-11-26 00:16:57.248] INFO  org.alter.game.service.GameService - Server running - RAM: 1175MB / 1792MB (Max: 8180MB) 
[2025-11-26 00:17:03.853] INFO  org.alter.game.service.GameService - Server running - RAM: 1333MB / 1792MB (Max: 8180MB) 
[2025-11-26 00:17:10.454] INFO  org.alter.game.service.GameService - Server running - RAM: 1483MB / 1792MB (Max: 8180MB) 
[2025-11-26 00:17:17.050] INFO  org.alter.game.service.GameService - Server running - RAM: 553MB / 1792MB (Max: 8180MB) 
[2025-11-26 00:17:23.653] INFO  org.alter.game.service.GameService - Server running - RAM: 705MB / 1792MB (Max: 8180MB) 
[2025-11-26 00:17:30.262] INFO  org.alter.game.service.GameService - Server running - RAM: 859MB / 1792MB (Max: 8180MB) 
[2025-11-26 00:17:36.841] INFO  org.alter.game.service.GameService - Server running - RAM: 991MB / 1792MB (Max: 8180MB) 
[2025-11-26 00:17:43.458] INFO  org.alter.game.service.GameService - Server running - RAM: 1147MB / 1792MB (Max: 8180MB) 
[2025-11-26 00:17:50.059] INFO  org.alter.game.service.GameService - Server running - RAM: 1297MB / 1792MB (Max: 8180MB) 
[2025-11-26 00:17:56.647] INFO  org.alter.game.service.GameService - Server running - RAM: 1433MB / 1792MB (Max: 8180MB) 
[2025-11-26 00:18:03.248] INFO  org.alter.game.service.GameService - Server running - RAM: 519MB / 1792MB (Max: 8180MB) 
[2025-11-26 00:18:09.862] INFO  org.alter.game.service.GameService - Server running - RAM: 673MB / 1792MB (Max: 8180MB) 
[2025-11-26 00:18:16.473] INFO  org.alter.game.service.GameService - Server running - RAM: 805MB / 1792MB (Max: 8180MB) 
[2025-11-26 00:18:23.059] INFO  org.alter.game.service.GameService - Server running - RAM: 963MB / 1792MB (Max: 8180MB) 
[2025-11-26 00:18:29.658] INFO  org.alter.game.service.GameService - Server running - RAM: 1113MB / 1792MB (Max: 8180MB) 
[2025-11-26 00:18:36.257] INFO  org.alter.game.service.GameService - Server running - RAM: 1249MB / 1792MB (Max: 8180MB) 
[2025-11-26 00:18:42.854] INFO  org.alter.game.service.GameService - Server running - RAM: 1401MB / 1792MB (Max: 8180MB) 
[2025-11-26 00:18:49.468] INFO  org.alter.game.service.GameService - Server running - RAM: 1557MB / 1792MB (Max: 8180MB) 
[2025-11-26 00:18:56.056] INFO  org.alter.game.service.GameService - Server running - RAM: 619MB / 1792MB (Max: 8180MB) 
[2025-11-26 00:19:02.657] INFO  org.alter.game.service.GameService - Server running - RAM: 777MB / 1792MB (Max: 8180MB) 
[2025-11-26 00:19:09.276] INFO  org.alter.game.service.GameService - Server running - RAM: 927MB / 1792MB (Max: 8180MB) 
[2025-11-26 00:19:15.851] INFO  org.alter.game.service.GameService - Server running - RAM: 1063MB / 1792MB (Max: 8180MB) 
[2025-11-26 00:19:22.445] INFO  org.alter.game.service.GameService - Server running - RAM: 1215MB / 1792MB (Max: 8180MB) 
[2025-11-26 00:19:29.067] INFO  org.alter.game.service.GameService - Server running - RAM: 1371MB / 1792MB (Max: 8180MB) 
[2025-11-26 00:19:35.645] INFO  org.alter.game.service.GameService - Server running - RAM: 1501MB / 1792MB (Max: 8180MB) 
[2025-11-26 00:19:42.247] INFO  org.alter.game.service.GameService - Server running - RAM: 591MB / 1792MB (Max: 8180MB) 
[2025-11-26 00:19:48.865] INFO  org.alter.game.service.GameService - Server running - RAM: 741MB / 1792MB (Max: 8180MB) 
[2025-11-26 00:19:55.457] INFO  org.alter.game.service.GameService - Server running - RAM: 877MB / 1792MB (Max: 8180MB) 
[2025-11-26 00:20:02.049] INFO  org.alter.game.service.GameService - Server running - RAM: 1029MB / 1792MB (Max: 8180MB) 
[2025-11-26 00:20:08.662] INFO  org.alter.game.service.GameService - Server running - RAM: 1183MB / 1792MB (Max: 8180MB) 
[2025-11-26 00:20:15.248] INFO  org.alter.game.service.GameService - Server running - RAM: 1315MB / 1792MB (Max: 8180MB) 
[2025-11-26 00:20:21.858] INFO  org.alter.game.service.GameService - Server running - RAM: 1471MB / 1792MB (Max: 8180MB) 
[2025-11-26 00:20:28.457] INFO  org.alter.game.service.GameService - Server running - RAM: 555MB / 1792MB (Max: 8180MB) 
[2025-11-26 00:20:35.043] INFO  org.alter.game.service.GameService - Server running - RAM: 691MB / 1792MB (Max: 8180MB) 
[2025-11-26 00:20:41.649] INFO  org.alter.game.service.GameService - Server running - RAM: 843MB / 1792MB (Max: 8180MB) 
[2025-11-26 00:20:48.265] INFO  org.alter.game.service.GameService - Server running - RAM: 997MB / 1792MB (Max: 8180MB) 
[2025-11-26 00:20:54.844] INFO  org.alter.game.service.GameService - Server running - RAM: 1127MB / 1792MB (Max: 8180MB) 
[2025-11-26 00:21:01.454] INFO  org.alter.game.service.GameService - Server running - RAM: 1285MB / 1792MB (Max: 8180MB) 
[2025-11-26 00:21:08.064] INFO  org.alter.game.service.GameService - Server running - RAM: 1435MB / 1792MB (Max: 8180MB) 
[2025-11-26 00:21:14.659] INFO  org.alter.game.service.GameService - Server running - RAM: 503MB / 1792MB (Max: 8180MB) 
[2025-11-26 00:21:21.249] INFO  org.alter.game.service.GameService - Server running - RAM: 655MB / 1792MB (Max: 8180MB) 
[2025-11-26 00:21:27.865] INFO  org.alter.game.service.GameService - Server running - RAM: 811MB / 1792MB (Max: 8180MB) 
[2025-11-26 00:22:32.426] INFO  org.eclipse.jetty.util.log - Logging initialized @32562ms 
[2025-11-26 00:22:32.455] INFO  spark.webserver.JettySparkServer - == Spark has ignited ... 
[2025-11-26 00:22:32.455] INFO  spark.webserver.JettySparkServer - >> Listening on 0.0.0.0:8080 
[2025-11-26 00:22:32.457] INFO  org.eclipse.jetty.server.Server - jetty-9.3.2.v20150730 
[2025-11-26 00:22:32.523] INFO  o.e.jetty.server.ServerConnector - Started ServerConnector@6a2f369{HTTP/1.1,[http/1.1]}{0.0.0.0:8080} 
[2025-11-26 00:22:32.523] INFO  org.eclipse.jetty.server.Server - Started @32661ms 
[2025-11-26 00:22:44.214] INFO  org.alter.game.service.GameService - Server running - RAM: 697MB / 1584MB (Max: 8180MB) 
[2025-11-26 00:22:50.813] INFO  org.alter.game.service.GameService - Server running - RAM: 834MB / 1584MB (Max: 8180MB) 
[2025-11-26 00:22:57.418] INFO  org.alter.game.service.GameService - Server running - RAM: 974MB / 1584MB (Max: 8180MB) 
[2025-11-26 00:23:04.000] INFO  org.alter.game.service.GameService - Server running - RAM: 1093MB / 1584MB (Max: 8180MB) 
[2025-11-26 00:23:07.747] INFO  spark.webserver.MatcherFilter - The requested route [/world_list.ws] has not been mapped in Spark 
[2025-11-26 00:23:07.974] INFO  spark.webserver.MatcherFilter - The requested route [/jav_config.ws] has not been mapped in Spark 
[2025-11-26 00:23:10.598] INFO  org.alter.game.service.GameService - Server running - RAM: 560MB / 1584MB (Max: 8180MB) 
[2025-11-26 00:23:17.218] INFO  org.alter.game.service.GameService - Server running - RAM: 716MB / 1584MB (Max: 8180MB) 
[2025-11-26 00:23:23.808] INFO  org.alter.game.service.GameService - Server running - RAM: 856MB / 1584MB (Max: 8180MB) 
[2025-11-26 00:23:30.394] INFO  org.alter.game.service.GameService - Server running - RAM: 1008MB / 1584MB (Max: 8180MB) 
[2025-11-26 00:23:37.011] INFO  org.alter.game.service.GameService - Server running - RAM: 1164MB / 1584MB (Max: 8180MB) 
[2025-11-26 00:23:43.604] INFO  org.alter.game.service.GameService - Server running - RAM: 498MB / 1268MB (Max: 8180MB) 
[2025-11-26 00:23:50.198] INFO  org.alter.game.service.GameService - Server running - RAM: 656MB / 1268MB (Max: 8180MB) 
[2025-11-26 00:23:56.809] INFO  org.alter.game.service.GameService - Server running - RAM: 806MB / 1268MB (Max: 8180MB) 
[2025-11-26 00:24:03.397] INFO  org.alter.game.service.GameService - Server running - RAM: 942MB / 1268MB (Max: 8180MB) 
[2025-11-26 00:24:10.010] INFO  org.alter.game.service.GameService - Server running - RAM: 374MB / 1268MB (Max: 8180MB) 
[2025-11-26 00:24:16.615] INFO  org.alter.game.service.GameService - Server running - RAM: 432MB / 1268MB (Max: 8180MB) 
[2025-11-26 00:24:23.205] INFO  org.alter.game.service.GameService - Server running - RAM: 564MB / 1268MB (Max: 8180MB) 
[2025-11-26 00:24:29.809] INFO  org.alter.game.service.GameService - Server running - RAM: 722MB / 1268MB (Max: 8180MB) 
[2025-11-26 00:24:36.406] INFO  org.alter.game.service.GameService - Server running - RAM: 872MB / 1268MB (Max: 8180MB) 
[2025-11-26 00:24:43.005] INFO  org.alter.game.service.GameService - Server running - RAM: 328MB / 1268MB (Max: 8180MB) 
[2025-11-26 00:24:49.595] INFO  org.alter.game.service.GameService - Server running - RAM: 480MB / 1268MB (Max: 8180MB) 
[2025-11-26 00:24:56.217] INFO  org.alter.game.service.GameService - Server running - RAM: 636MB / 1268MB (Max: 8180MB) 
[2025-11-26 00:25:02.800] INFO  org.alter.game.service.GameService - Server running - RAM: 766MB / 1268MB (Max: 8180MB) 
[2025-11-26 00:25:09.402] INFO  org.alter.game.service.GameService - Server running - RAM: 924MB / 1268MB (Max: 8180MB) 
[2025-11-26 00:25:16.004] INFO  org.alter.game.service.GameService - Server running - RAM: 366MB / 1268MB (Max: 8180MB) 
[2025-11-26 00:25:22.598] INFO  org.alter.game.service.GameService - Server running - RAM: 504MB / 1268MB (Max: 8180MB) 
[2025-11-26 00:25:29.196] INFO  org.alter.game.service.GameService - Server running - RAM: 654MB / 1268MB (Max: 8180MB) 
[2025-11-26 00:25:35.816] INFO  org.alter.game.service.GameService - Server running - RAM: 810MB / 1268MB (Max: 8180MB) 
[2025-11-26 00:25:42.394] INFO  org.alter.game.service.GameService - Server running - RAM: 942MB / 1268MB (Max: 8180MB) 
[2025-11-26 00:25:49.010] INFO  org.alter.game.service.GameService - Server running - RAM: 370MB / 1268MB (Max: 8180MB) 
[2025-11-26 00:25:55.606] INFO  org.alter.game.service.GameService - Server running - RAM: 520MB / 1268MB (Max: 8180MB) 
[2025-11-26 00:26:02.208] INFO  org.alter.game.service.GameService - Server running - RAM: 656MB / 1268MB (Max: 8180MB) 
[2025-11-26 00:26:08.807] INFO  org.alter.game.service.GameService - Server running - RAM: 810MB / 1268MB (Max: 8180MB) 
[2025-11-26 00:26:09.691] INFO  spark.webserver.MatcherFilter - The requested route [/world_list.ws] has not been mapped in Spark 
[2025-11-26 00:26:15.414] INFO  org.alter.game.service.GameService - Server running - RAM: 968MB / 1268MB (Max: 8180MB) 
[2025-11-26 00:26:21.993] INFO  org.alter.game.service.GameService - Server running - RAM: 356MB / 1268MB (Max: 8180MB) 
[2025-11-26 00:26:28.606] INFO  org.alter.game.service.GameService - Server running - RAM: 514MB / 1268MB (Max: 8180MB) 
[2025-11-26 00:26:35.209] INFO  org.alter.game.service.GameService - Server running - RAM: 664MB / 1268MB (Max: 8180MB) 
[2025-11-26 00:26:41.802] INFO  org.alter.game.service.GameService - Server running - RAM: 800MB / 1268MB (Max: 8180MB) 
[2025-11-26 00:26:48.396] INFO  org.alter.game.service.GameService - Server running - RAM: 952MB / 1268MB (Max: 8180MB) 
[2025-11-26 00:26:55.024] INFO  org.alter.game.service.GameService - Server running - RAM: 352MB / 1268MB (Max: 8180MB) 
[2025-11-26 00:27:01.604] INFO  org.alter.game.service.GameService - Server running - RAM: 482MB / 1268MB (Max: 8180MB) 
[2025-11-26 00:27:08.211] INFO  org.alter.game.service.GameService - Server running - RAM: 640MB / 1268MB (Max: 8180MB) 
[2025-11-26 00:27:14.818] INFO  org.alter.game.service.GameService - Server running - RAM: 792MB / 1268MB (Max: 8180MB) 
[2025-11-26 00:27:21.410] INFO  org.alter.game.service.GameService - Server running - RAM: 928MB / 1268MB (Max: 8180MB) 
[2025-11-26 00:27:28.003] INFO  org.alter.game.service.GameService - Server running - RAM: 1080MB / 1268MB (Max: 8180MB) 
[2025-11-26 00:27:34.613] INFO  org.alter.game.service.GameService - Server running - RAM: 480MB / 1268MB (Max: 8180MB) 
[2025-11-26 00:27:41.193] INFO  org.alter.game.service.GameService - Server running - RAM: 610MB / 1268MB (Max: 8180MB) 
[2025-11-26 00:27:47.813] INFO  org.alter.game.service.GameService - Server running - RAM: 768MB / 1268MB (Max: 8180MB) 
[2025-11-26 00:27:54.414] INFO  org.alter.game.service.GameService - Server running - RAM: 918MB / 1268MB (Max: 8180MB) 
[2025-11-26 00:28:01.002] INFO  org.alter.game.service.GameService - Server running - RAM: 1054MB / 1268MB (Max: 8180MB) 
[2025-11-26 00:28:07.610] INFO  org.alter.game.service.GameService - Server running - RAM: 452MB / 1268MB (Max: 8180MB) 
[2025-11-26 00:28:14.211] INFO  org.alter.game.service.GameService - Server running - RAM: 606MB / 1268MB (Max: 8180MB) 
[2025-11-26 00:28:20.807] INFO  org.alter.game.service.GameService - Server running - RAM: 738MB / 1268MB (Max: 8180MB) 
[2025-11-26 00:28:27.407] INFO  org.alter.game.service.GameService - Server running - RAM: 896MB / 1268MB (Max: 8180MB) 
[2025-11-26 00:28:34.010] INFO  org.alter.game.service.GameService - Server running - RAM: 1046MB / 1268MB (Max: 8180MB) 
[2025-11-26 00:28:40.608] INFO  org.alter.game.service.GameService - Server running - RAM: 426MB / 1268MB (Max: 8180MB) 
[2025-11-26 00:28:47.199] INFO  org.alter.game.service.GameService - Server running - RAM: 580MB / 1268MB (Max: 8180MB) 
[2025-11-26 00:28:53.815] INFO  org.alter.game.service.GameService - Server running - RAM: 736MB / 1268MB (Max: 8180MB) 
[2025-11-26 00:29:00.391] INFO  org.alter.game.service.GameService - Server running - RAM: 866MB / 1268MB (Max: 8180MB) 
[2025-11-26 00:30:02.807] INFO  org.eclipse.jetty.util.log - Logging initialized @34052ms 
[2025-11-26 00:30:02.835] INFO  spark.webserver.JettySparkServer - == Spark has ignited ... 
[2025-11-26 00:30:02.835] INFO  spark.webserver.JettySparkServer - >> Listening on 0.0.0.0:8080 
[2025-11-26 00:30:02.837] INFO  org.eclipse.jetty.server.Server - jetty-9.3.2.v20150730 
[2025-11-26 00:30:02.906] INFO  o.e.jetty.server.ServerConnector - Started ServerConnector@7c1e852a{HTTP/1.1,[http/1.1]}{0.0.0.0:8080} 
[2025-11-26 00:30:02.906] INFO  org.eclipse.jetty.server.Server - Started @34154ms 
[2025-11-26 00:30:14.465] INFO  org.alter.game.service.GameService - Server running - RAM: 804MB / 1440MB (Max: 8180MB) 
[2025-11-26 00:30:21.071] INFO  org.alter.game.service.GameService - Server running - RAM: 941MB / 1440MB (Max: 8180MB) 
[2025-11-26 00:30:27.682] INFO  org.alter.game.service.GameService - Server running - RAM: 1080MB / 1440MB (Max: 8180MB) 
[2025-11-26 00:30:34.260] INFO  org.alter.game.service.GameService - Server running - RAM: 623MB / 1440MB (Max: 8180MB) 
[2025-11-26 00:30:40.875] INFO  org.alter.game.service.GameService - Server running - RAM: 763MB / 1440MB (Max: 8180MB) 
[2025-11-26 00:30:44.242] INFO  spark.webserver.MatcherFilter - The requested route [/world_list.ws] has not been mapped in Spark 
[2025-11-26 00:30:44.584] INFO  spark.webserver.MatcherFilter - The requested route [/jav_config.ws] has not been mapped in Spark 
[2025-11-26 00:30:47.476] INFO  org.alter.game.service.GameService - Server running - RAM: 919MB / 1440MB (Max: 8180MB) 
[2025-11-26 00:30:54.070] INFO  org.alter.game.service.GameService - Server running - RAM: 580MB / 1440MB (Max: 8180MB) 
[2025-11-26 00:31:00.667] INFO  org.alter.game.service.GameService - Server running - RAM: 722MB / 1440MB (Max: 8180MB) 
[2025-11-26 00:31:07.274] INFO  org.alter.game.service.GameService - Server running - RAM: 864MB / 1440MB (Max: 8180MB) 
[2025-11-26 00:31:13.859] INFO  org.alter.game.service.GameService - Server running - RAM: 980MB / 1440MB (Max: 8180MB) 
[2025-11-26 00:31:20.466] INFO  org.alter.game.service.GameService - Server running - RAM: 1122MB / 1440MB (Max: 8180MB) 
[2025-11-26 00:31:27.081] INFO  org.alter.game.service.GameService - Server running - RAM: 648MB / 1440MB (Max: 8180MB) 
[2025-11-26 00:31:33.668] INFO  org.alter.game.service.GameService - Server running - RAM: 768MB / 1440MB (Max: 8180MB) 
[2025-11-26 00:31:40.263] INFO  org.alter.game.service.GameService - Server running - RAM: 906MB / 1440MB (Max: 8180MB) 
[2025-11-26 00:31:46.881] INFO  org.alter.game.service.GameService - Server running - RAM: 1046MB / 1440MB (Max: 8180MB) 
[2025-11-26 00:31:53.458] INFO  org.alter.game.service.GameService - Server running - RAM: 1162MB / 1440MB (Max: 8180MB) 
[2025-11-26 00:32:00.077] INFO  org.alter.game.service.GameService - Server running - RAM: 668MB / 1440MB (Max: 8180MB) 
[2025-11-26 00:32:06.682] INFO  org.alter.game.service.GameService - Server running - RAM: 804MB / 1440MB (Max: 8180MB) 
[2025-11-26 00:32:13.261] INFO  org.alter.game.service.GameService - Server running - RAM: 924MB / 1440MB (Max: 8180MB) 
[2025-11-26 00:32:19.868] INFO  org.alter.game.service.GameService - Server running - RAM: 1060MB / 1440MB (Max: 8180MB) 
[2025-11-26 00:32:26.490] INFO  org.alter.game.service.GameService - Server running - RAM: 536MB / 1440MB (Max: 8180MB) 
[2025-11-26 00:32:33.058] INFO  org.alter.game.service.GameService - Server running - RAM: 652MB / 1440MB (Max: 8180MB) 
[2025-11-26 00:32:39.668] INFO  org.alter.game.service.GameService - Server running - RAM: 794MB / 1440MB (Max: 8180MB) 
[2025-11-26 00:32:46.274] INFO  org.alter.game.service.GameService - Server running - RAM: 930MB / 1440MB (Max: 8180MB) 
[2025-11-26 00:32:52.865] INFO  org.alter.game.service.GameService - Server running - RAM: 1050MB / 1440MB (Max: 8180MB) 
[2025-11-26 00:32:59.471] INFO  org.alter.game.service.GameService - Server running - RAM: 1188MB / 1440MB (Max: 8180MB) 
[2025-11-26 00:33:06.075] INFO  org.alter.game.service.GameService - Server running - RAM: 648MB / 1440MB (Max: 8180MB) 
[2025-11-26 00:33:12.661] INFO  org.alter.game.service.GameService - Server running - RAM: 766MB / 1440MB (Max: 8180MB) 
[2025-11-26 00:33:19.266] INFO  org.alter.game.service.GameService - Server running - RAM: 906MB / 1440MB (Max: 8180MB) 
[2025-11-26 00:33:25.870] INFO  org.alter.game.service.GameService - Server running - RAM: 1042MB / 1440MB (Max: 8180MB) 
[2025-11-26 00:33:32.474] INFO  org.alter.game.service.GameService - Server running - RAM: 1162MB / 1440MB (Max: 8180MB) 
[2025-11-26 00:33:39.061] INFO  org.alter.game.service.GameService - Server running - RAM: 604MB / 1440MB (Max: 8180MB) 
[2025-11-26 00:33:45.682] INFO  org.alter.game.service.GameService - Server running - RAM: 744MB / 1440MB (Max: 8180MB) 
[2025-11-26 00:33:52.261] INFO  org.alter.game.service.GameService - Server running - RAM: 860MB / 1440MB (Max: 8180MB) 
[2025-11-26 00:33:58.876] INFO  org.alter.game.service.GameService - Server running - RAM: 1002MB / 1440MB (Max: 8180MB) 
[2025-11-26 00:34:05.469] INFO  org.alter.game.service.GameService - Server running - RAM: 1138MB / 1440MB (Max: 8180MB) 
[2025-11-26 00:34:12.067] INFO  org.alter.game.service.GameService - Server running - RAM: 546MB / 1440MB (Max: 8180MB) 
[2025-11-26 00:34:18.661] INFO  org.alter.game.service.GameService - Server running - RAM: 684MB / 1440MB (Max: 8180MB) 
[2025-11-26 00:34:25.280] INFO  org.alter.game.service.GameService - Server running - RAM: 824MB / 1440MB (Max: 8180MB) 
[2025-11-26 00:34:31.869] INFO  org.alter.game.service.GameService - Server running - RAM: 940MB / 1440MB (Max: 8180MB) 
[2025-11-26 00:34:38.471] INFO  org.alter.game.service.GameService - Server running - RAM: 1082MB / 1440MB (Max: 8180MB) 
[2025-11-26 00:34:45.083] INFO  org.alter.game.service.GameService - Server running - RAM: 1218MB / 1440MB (Max: 8180MB) 
[2025-11-26 00:34:51.679] INFO  org.alter.game.service.GameService - Server running - RAM: 618MB / 1440MB (Max: 8180MB) 
[2025-11-26 00:34:58.259] INFO  org.alter.game.service.GameService - Server running - RAM: 756MB / 1440MB (Max: 8180MB) 
[2025-11-26 00:35:04.882] INFO  org.alter.game.service.GameService - Server running - RAM: 896MB / 1440MB (Max: 8180MB) 
[2025-11-26 00:35:11.465] INFO  org.alter.game.service.GameService - Server running - RAM: 1012MB / 1440MB (Max: 8180MB) 
[2025-11-26 00:35:18.063] INFO  org.alter.game.service.GameService - Server running - RAM: 1154MB / 1440MB (Max: 8180MB) 
[2025-11-26 00:35:24.680] INFO  org.alter.game.service.GameService - Server running - RAM: 562MB / 1440MB (Max: 8180MB) 
[2025-11-26 00:35:31.269] INFO  org.alter.game.service.GameService - Server running - RAM: 682MB / 1440MB (Max: 8180MB) 
[2025-11-26 00:35:37.875] INFO  org.alter.game.service.GameService - Server running - RAM: 820MB / 1440MB (Max: 8180MB) 
[2025-11-26 00:35:44.477] INFO  org.alter.game.service.GameService - Server running - RAM: 960MB / 1440MB (Max: 8180MB) 
[2025-11-26 00:35:51.069] INFO  org.alter.game.service.GameService - Server running - RAM: 1076MB / 1440MB (Max: 8180MB) 
[2025-11-26 00:35:57.673] INFO  org.alter.game.service.GameService - Server running - RAM: 1218MB / 1440MB (Max: 8180MB) 
[2025-11-26 00:36:04.282] INFO  org.alter.game.service.GameService - Server running - RAM: 618MB / 1440MB (Max: 8180MB) 
[2025-11-26 00:36:10.003] INFO  spark.webserver.MatcherFilter - The requested route [/world_list.ws] has not been mapped in Spark 
[2025-11-26 00:36:10.866] INFO  org.alter.game.service.GameService - Server running - RAM: 742MB / 1440MB (Max: 8180MB) 
[2025-11-26 00:36:17.464] INFO  org.alter.game.service.GameService - Server running - RAM: 878MB / 1440MB (Max: 8180MB) 
[2025-11-26 00:36:24.086] INFO  org.alter.game.service.GameService - Server running - RAM: 1018MB / 1440MB (Max: 8180MB) 
[2025-11-26 00:36:30.660] INFO  org.alter.game.service.GameService - Server running - RAM: 1134MB / 1440MB (Max: 8180MB) 
[2025-11-26 00:36:37.270] INFO  org.alter.game.service.GameService - Server running - RAM: 536MB / 1440MB (Max: 8180MB) 
[2025-11-26 00:36:43.881] INFO  org.alter.game.service.GameService - Server running - RAM: 672MB / 1440MB (Max: 8180MB) 
[2025-11-26 00:36:50.465] INFO  org.alter.game.service.GameService - Server running - RAM: 792MB / 1440MB (Max: 8180MB) 
[2025-11-26 00:36:57.065] INFO  org.alter.game.service.GameService - Server running - RAM: 930MB / 1440MB (Max: 8180MB) 
[2025-11-26 00:37:03.672] INFO  org.alter.game.service.GameService - Server running - RAM: 1070MB / 1440MB (Max: 8180MB) 
[2025-11-26 00:37:10.268] INFO  org.alter.game.service.GameService - Server running - RAM: 1188MB / 1440MB (Max: 8180MB) 
[2025-11-26 00:37:16.871] INFO  org.alter.game.service.GameService - Server running - RAM: 586MB / 1440MB (Max: 8180MB) 
[2025-11-26 00:37:23.483] INFO  org.alter.game.service.GameService - Server running - RAM: 722MB / 1440MB (Max: 8180MB) 
[2025-11-26 00:37:30.063] INFO  org.alter.game.service.GameService - Server running - RAM: 842MB / 1440MB (Max: 8180MB) 
[2025-11-26 00:37:36.667] INFO  org.alter.game.service.GameService - Server running - RAM: 980MB / 1440MB (Max: 8180MB) 
[2025-11-26 00:37:43.274] INFO  org.alter.game.service.GameService - Server running - RAM: 1120MB / 1440MB (Max: 8180MB) 
[2025-11-26 00:37:49.870] INFO  org.alter.game.service.GameService - Server running - RAM: 1236MB / 1440MB (Max: 8180MB) 
[2025-11-26 00:37:56.476] INFO  org.alter.game.service.GameService - Server running - RAM: 634MB / 1440MB (Max: 8180MB) 
[2025-11-26 00:38:03.069] INFO  org.alter.game.service.GameService - Server running - RAM: 770MB / 1440MB (Max: 8180MB) 
[2025-11-26 00:38:09.660] INFO  org.alter.game.service.GameService - Server running - RAM: 890MB / 1440MB (Max: 8180MB) 
[2025-11-26 00:38:16.267] INFO  org.alter.game.service.GameService - Server running - RAM: 1028MB / 1440MB (Max: 8180MB) 
[2025-11-26 00:38:22.882] INFO  org.alter.game.service.GameService - Server running - RAM: 1168MB / 1440MB (Max: 8180MB) 
[2025-11-26 00:38:29.459] INFO  org.alter.game.service.GameService - Server running - RAM: 538MB / 1440MB (Max: 8180MB) 
[2025-11-26 00:38:36.074] INFO  org.alter.game.service.GameService - Server running - RAM: 678MB / 1440MB (Max: 8180MB) 
[2025-11-26 00:38:42.672] INFO  org.alter.game.service.GameService - Server running - RAM: 816MB / 1440MB (Max: 8180MB) 
[2025-11-26 00:38:49.267] INFO  org.alter.game.service.GameService - Server running - RAM: 936MB / 1440MB (Max: 8180MB) 
[2025-11-26 00:38:55.871] INFO  org.alter.game.service.GameService - Server running - RAM: 1074MB / 1440MB (Max: 8180MB) 
[2025-11-26 00:39:02.473] INFO  org.alter.game.service.GameService - Server running - RAM: 1214MB / 1440MB (Max: 8180MB) 
[2025-11-26 00:39:09.060] INFO  org.alter.game.service.GameService - Server running - RAM: 582MB / 1440MB (Max: 8180MB) 
[2025-11-26 00:39:15.668] INFO  org.alter.game.service.GameService - Server running - RAM: 724MB / 1440MB (Max: 8180MB) 
[2025-11-26 00:39:22.281] INFO  org.alter.game.service.GameService - Server running - RAM: 860MB / 1440MB (Max: 8180MB) 
[2025-11-26 00:39:28.869] INFO  org.alter.game.service.GameService - Server running - RAM: 980MB / 1440MB (Max: 8180MB) 
[2025-11-26 00:39:35.469] INFO  org.alter.game.service.GameService - Server running - RAM: 1118MB / 1440MB (Max: 8180MB) 
[2025-11-26 00:39:42.083] INFO  org.alter.game.service.GameService - Server running - RAM: 1258MB / 1440MB (Max: 8180MB) 
[2025-11-26 00:39:48.669] INFO  org.alter.game.service.GameService - Server running - RAM: 624MB / 1440MB (Max: 8180MB) 
[2025-11-26 00:39:55.272] INFO  org.alter.game.service.GameService - Server running - RAM: 764MB / 1440MB (Max: 8180MB) 
[2025-11-26 00:40:01.870] INFO  org.alter.game.service.GameService - Server running - RAM: 900MB / 1440MB (Max: 8180MB) 
[2025-11-26 00:40:08.467] INFO  org.alter.game.service.GameService - Server running - RAM: 1022MB / 1440MB (Max: 8180MB) 
[2025-11-26 00:40:15.061] INFO  org.alter.game.service.GameService - Server running - RAM: 1160MB / 1440MB (Max: 8180MB) 
[2025-11-26 00:40:21.689] INFO  org.alter.game.service.GameService - Server running - RAM: 552MB / 1440MB (Max: 8180MB) 
[2025-11-26 00:40:28.269] INFO  org.alter.game.service.GameService - Server running - RAM: 668MB / 1440MB (Max: 8180MB) 
[2025-11-26 00:40:34.866] INFO  org.alter.game.service.GameService - Server running - RAM: 810MB / 1440MB (Max: 8180MB) 
[2025-11-26 00:40:41.472] INFO  org.alter.game.service.GameService - Server running - RAM: 946MB / 1440MB (Max: 8180MB) 
[2025-11-26 00:40:48.069] INFO  org.alter.game.service.GameService - Server running - RAM: 1066MB / 1440MB (Max: 8180MB) 
[2025-11-26 00:40:54.673] INFO  org.alter.game.service.GameService - Server running - RAM: 1204MB / 1440MB (Max: 8180MB) 
[2025-11-26 00:41:01.274] INFO  org.alter.game.service.GameService - Server running - RAM: 596MB / 1440MB (Max: 8180MB) 
[2025-11-26 00:41:07.871] INFO  org.alter.game.service.GameService - Server running - RAM: 714MB / 1440MB (Max: 8180MB) 
[2025-11-26 00:41:14.466] INFO  org.alter.game.service.GameService - Server running - RAM: 858MB / 1440MB (Max: 8180MB) 
[2025-11-26 00:41:21.069] INFO  org.alter.game.service.GameService - Server running - RAM: 994MB / 1440MB (Max: 8180MB) 
[2025-11-26 00:41:27.661] INFO  org.alter.game.service.GameService - Server running - RAM: 1114MB / 1440MB (Max: 8180MB) 
[2025-11-26 00:41:34.260] INFO  org.alter.game.service.GameService - Server running - RAM: 1252MB / 1440MB (Max: 8180MB) 
[2025-11-26 00:41:40.878] INFO  org.alter.game.service.GameService - Server running - RAM: 646MB / 1440MB (Max: 8180MB) 
[2025-11-26 00:41:47.473] INFO  org.alter.game.service.GameService - Server running - RAM: 762MB / 1440MB (Max: 8180MB) 
[2025-11-26 00:41:54.062] INFO  org.alter.game.service.GameService - Server running - RAM: 904MB / 1440MB (Max: 8180MB) 
[2025-11-26 00:42:00.679] INFO  org.alter.game.service.GameService - Server running - RAM: 1040MB / 1440MB (Max: 8180MB) 
[2025-11-26 00:42:07.272] INFO  org.alter.game.service.GameService - Server running - RAM: 1160MB / 1440MB (Max: 8180MB) 
[2025-11-26 00:42:13.859] INFO  org.alter.game.service.GameService - Server running - RAM: 546MB / 1440MB (Max: 8180MB) 
[2025-11-26 00:42:20.479] INFO  org.alter.game.service.GameService - Server running - RAM: 686MB / 1440MB (Max: 8180MB) 
[2025-11-26 00:42:27.071] INFO  org.alter.game.service.GameService - Server running - RAM: 802MB / 1440MB (Max: 8180MB) 
[2025-11-26 00:42:33.666] INFO  org.alter.game.service.GameService - Server running - RAM: 944MB / 1440MB (Max: 8180MB) 
[2025-11-26 00:42:40.282] INFO  org.alter.game.service.GameService - Server running - RAM: 1080MB / 1440MB (Max: 8180MB) 
[2025-11-26 00:42:46.865] INFO  org.alter.game.service.GameService - Server running - RAM: 1202MB / 1440MB (Max: 8180MB) 
[2025-11-26 00:42:53.462] INFO  org.alter.game.service.GameService - Server running - RAM: 588MB / 1440MB (Max: 8180MB) 
[2025-11-26 00:43:00.089] INFO  org.alter.game.service.GameService - Server running - RAM: 728MB / 1440MB (Max: 8180MB) 
[2025-11-26 00:43:06.668] INFO  org.alter.game.service.GameService - Server running - RAM: 844MB / 1440MB (Max: 8180MB) 
[2025-11-26 00:43:13.272] INFO  org.alter.game.service.GameService - Server running - RAM: 986MB / 1440MB (Max: 8180MB) 
[2025-11-26 00:43:19.875] INFO  org.alter.game.service.GameService - Server running - RAM: 1122MB / 1440MB (Max: 8180MB) 
[2025-11-26 00:43:26.464] INFO  org.alter.game.service.GameService - Server running - RAM: 1242MB / 1440MB (Max: 8180MB) 
[2025-11-26 00:43:33.059] INFO  org.alter.game.service.GameService - Server running - RAM: 628MB / 1440MB (Max: 8180MB) 
[2025-11-26 00:43:39.684] INFO  org.alter.game.service.GameService - Server running - RAM: 768MB / 1440MB (Max: 8180MB) 
[2025-11-26 00:43:46.260] INFO  org.alter.game.service.GameService - Server running - RAM: 884MB / 1440MB (Max: 8180MB) 
[2025-11-26 00:43:52.871] INFO  org.alter.game.service.GameService - Server running - RAM: 1026MB / 1440MB (Max: 8180MB) 
[2025-11-26 00:43:59.470] INFO  org.alter.game.service.GameService - Server running - RAM: 1162MB / 1440MB (Max: 8180MB) 
[2025-11-26 00:44:06.061] INFO  org.alter.game.service.GameService - Server running - RAM: 1284MB / 1440MB (Max: 8180MB) 
[2025-11-26 00:44:12.668] INFO  org.alter.game.service.GameService - Server running - RAM: 670MB / 1440MB (Max: 8180MB) 
[2025-11-26 00:44:19.288] INFO  org.alter.game.service.GameService - Server running - RAM: 810MB / 1440MB (Max: 8180MB) 
[2025-11-26 00:44:25.863] INFO  org.alter.game.service.GameService - Server running - RAM: 926MB / 1440MB (Max: 8180MB) 
[2025-11-26 00:44:32.475] INFO  org.alter.game.service.GameService - Server running - RAM: 1068MB / 1440MB (Max: 8180MB) 
[2025-11-26 00:44:39.080] INFO  org.alter.game.service.GameService - Server running - RAM: 1204MB / 1440MB (Max: 8180MB) 
[2025-11-26 00:44:45.675] INFO  org.alter.game.service.GameService - Server running - RAM: 574MB / 1440MB (Max: 8180MB) 
[2025-11-26 00:44:52.271] INFO  org.alter.game.service.GameService - Server running - RAM: 710MB / 1440MB (Max: 8180MB) 
[2025-11-26 00:44:58.871] INFO  org.alter.game.service.GameService - Server running - RAM: 852MB / 1440MB (Max: 8180MB) 
[2025-11-26 00:45:05.459] INFO  org.alter.game.service.GameService - Server running - RAM: 968MB / 1440MB (Max: 8180MB) 
[2025-11-26 00:45:12.068] INFO  org.alter.game.service.GameService - Server running - RAM: 1110MB / 1440MB (Max: 8180MB) 
[2025-11-26 00:45:18.682] INFO  org.alter.game.service.GameService - Server running - RAM: 1246MB / 1440MB (Max: 8180MB) 
[2025-11-26 00:45:25.276] INFO  org.alter.game.service.GameService - Server running - RAM: 614MB / 1440MB (Max: 8180MB) 
[2025-11-26 00:45:31.864] INFO  org.alter.game.service.GameService - Server running - RAM: 752MB / 1440MB (Max: 8180MB) 
[2025-11-26 00:45:38.482] INFO  org.alter.game.service.GameService - Server running - RAM: 892MB / 1440MB (Max: 8180MB) 
[2025-11-26 00:45:45.068] INFO  org.alter.game.service.GameService - Server running - RAM: 1008MB / 1440MB (Max: 8180MB) 
[2025-11-26 00:45:51.662] INFO  org.alter.game.service.GameService - Server running - RAM: 1150MB / 1440MB (Max: 8180MB) 
[2025-11-26 00:45:58.283] INFO  org.alter.game.service.GameService - Server running - RAM: 534MB / 1440MB (Max: 8180MB) 
[2025-11-26 00:46:04.859] INFO  org.alter.game.service.GameService - Server running - RAM: 656MB / 1440MB (Max: 8180MB) 
[2025-11-26 00:46:10.065] INFO  spark.webserver.MatcherFilter - The requested route [/world_list.ws] has not been mapped in Spark 
[2025-11-26 00:46:11.469] INFO  org.alter.game.service.GameService - Server running - RAM: 796MB / 1440MB (Max: 8180MB) 
[2025-11-26 00:46:18.086] INFO  org.alter.game.service.GameService - Server running - RAM: 936MB / 1440MB (Max: 8180MB) 
[2025-11-26 00:46:24.664] INFO  org.alter.game.service.GameService - Server running - RAM: 1052MB / 1440MB (Max: 8180MB) 
[2025-11-26 00:46:31.268] INFO  org.alter.game.service.GameService - Server running - RAM: 1194MB / 1440MB (Max: 8180MB) 
[2025-11-26 00:46:37.871] INFO  org.alter.game.service.GameService - Server running - RAM: 578MB / 1440MB (Max: 8180MB) 
[2025-11-26 00:46:44.466] INFO  org.alter.game.service.GameService - Server running - RAM: 700MB / 1440MB (Max: 8180MB) 
[2025-11-26 00:46:51.063] INFO  org.alter.game.service.GameService - Server running - RAM: 836MB / 1440MB (Max: 8180MB) 
[2025-11-26 00:46:57.676] INFO  org.alter.game.service.GameService - Server running - RAM: 978MB / 1440MB (Max: 8180MB) 
[2025-11-26 00:47:04.268] INFO  org.alter.game.service.GameService - Server running - RAM: 1094MB / 1440MB (Max: 8180MB) 
[2025-11-26 00:47:10.876] INFO  org.alter.game.service.GameService - Server running - RAM: 1236MB / 1440MB (Max: 8180MB) 
[2025-11-26 00:47:17.473] INFO  org.alter.game.service.GameService - Server running - RAM: 620MB / 1440MB (Max: 8180MB) 
[2025-11-26 00:47:24.063] INFO  org.alter.game.service.GameService - Server running - RAM: 742MB / 1440MB (Max: 8180MB) 
[2025-11-26 00:47:30.673] INFO  org.alter.game.service.GameService - Server running - RAM: 880MB / 1440MB (Max: 8180MB) 
[2025-11-26 00:47:37.285] INFO  org.alter.game.service.GameService - Server running - RAM: 1020MB / 1440MB (Max: 8180MB) 
[2025-11-26 00:47:43.865] INFO  org.alter.game.service.GameService - Server running - RAM: 1136MB / 1440MB (Max: 8180MB) 
[2025-11-26 00:47:50.461] INFO  org.alter.game.service.GameService - Server running - RAM: 1278MB / 1440MB (Max: 8180MB) 
[2025-11-26 00:47:57.080] INFO  org.alter.game.service.GameService - Server running - RAM: 662MB / 1440MB (Max: 8180MB) 
[2025-11-26 00:48:03.673] INFO  org.alter.game.service.GameService - Server running - RAM: 782MB / 1440MB (Max: 8180MB) 
[2025-11-26 00:48:10.259] INFO  org.alter.game.service.GameService - Server running - RAM: 920MB / 1440MB (Max: 8180MB) 
[2025-11-26 00:48:16.871] INFO  org.alter.game.service.GameService - Server running - RAM: 1062MB / 1440MB (Max: 8180MB) 
[2025-11-26 00:48:23.472] INFO  org.alter.game.service.GameService - Server running - RAM: 1178MB / 1440MB (Max: 8180MB) 
[2025-11-26 00:48:30.064] INFO  org.alter.game.service.GameService - Server running - RAM: 568MB / 1440MB (Max: 8180MB) 
[2025-11-26 00:48:36.676] INFO  org.alter.game.service.GameService - Server running - RAM: 704MB / 1440MB (Max: 8180MB) 
[2025-11-26 00:48:43.270] INFO  org.alter.game.service.GameService - Server running - RAM: 824MB / 1440MB (Max: 8180MB) 
[2025-11-26 00:48:49.859] INFO  org.alter.game.service.GameService - Server running - RAM: 962MB / 1440MB (Max: 8180MB) 
[2025-11-26 00:48:56.472] INFO  org.alter.game.service.GameService - Server running - RAM: 1102MB / 1440MB (Max: 8180MB) 
[2025-11-26 00:49:03.068] INFO  org.alter.game.service.GameService - Server running - RAM: 1218MB / 1440MB (Max: 8180MB) 
[2025-11-26 00:49:09.665] INFO  org.alter.game.service.GameService - Server running - RAM: 610MB / 1440MB (Max: 8180MB) 
[2025-11-26 00:49:16.271] INFO  org.alter.game.service.GameService - Server running - RAM: 746MB / 1440MB (Max: 8180MB) 
[2025-11-26 00:49:22.869] INFO  org.alter.game.service.GameService - Server running - RAM: 866MB / 1440MB (Max: 8180MB) 
[2025-11-26 00:49:29.469] INFO  org.alter.game.service.GameService - Server running - RAM: 1004MB / 1440MB (Max: 8180MB) 
[2025-11-26 00:49:36.078] INFO  org.alter.game.service.GameService - Server running - RAM: 1144MB / 1440MB (Max: 8180MB) 
[2025-11-26 00:49:42.670] INFO  org.alter.game.service.GameService - Server running - RAM: 1260MB / 1440MB (Max: 8180MB) 
[2025-11-26 21:38:45.375] INFO  org.eclipse.jetty.util.log - Logging initialized @31751ms 
[2025-11-26 21:38:45.402] INFO  spark.webserver.JettySparkServer - == Spark has ignited ... 
[2025-11-26 21:38:45.402] INFO  spark.webserver.JettySparkServer - >> Listening on 0.0.0.0:8080 
[2025-11-26 21:38:45.403] INFO  org.eclipse.jetty.server.Server - jetty-9.3.2.v20150730 
[2025-11-26 21:38:45.476] INFO  o.e.jetty.server.ServerConnector - Started ServerConnector@7c1e852a{HTTP/1.1,[http/1.1]}{0.0.0.0:8080} 
[2025-11-26 21:38:45.477] INFO  org.eclipse.jetty.server.Server - Started @31855ms 
[2025-11-26 21:38:56.943] INFO  org.alter.game.service.GameService - Server running - RAM: 840MB / 1416MB (Max: 8180MB) 
[2025-11-26 21:39:01.739] INFO  spark.webserver.MatcherFilter - The requested route [/world_list.ws] has not been mapped in Spark 
[2025-11-26 21:39:01.891] INFO  spark.webserver.MatcherFilter - The requested route [/jav_config.ws] has not been mapped in Spark 
[2025-11-26 21:39:03.536] INFO  org.alter.game.service.GameService - Server running - RAM: 997MB / 1416MB (Max: 8180MB) 
[2025-11-26 21:39:10.161] INFO  org.alter.game.service.GameService - Server running - RAM: 579MB / 1416MB (Max: 8180MB) 
[2025-11-26 21:39:16.753] INFO  org.alter.game.service.GameService - Server running - RAM: 711MB / 1416MB (Max: 8180MB) 
[2025-11-26 21:39:23.341] INFO  org.alter.game.service.GameService - Server running - RAM: 869MB / 1416MB (Max: 8180MB) 
[2025-11-26 21:39:29.956] INFO  org.alter.game.service.GameService - Server running - RAM: 1017MB / 1416MB (Max: 8180MB) 
[2025-11-26 21:39:36.549] INFO  org.alter.game.service.GameService - Server running - RAM: 606MB / 1416MB (Max: 8180MB) 
[2025-11-26 21:39:43.145] INFO  org.alter.game.service.GameService - Server running - RAM: 756MB / 1416MB (Max: 8180MB) 
[2025-11-26 21:39:49.748] INFO  org.alter.game.service.GameService - Server running - RAM: 910MB / 1416MB (Max: 8180MB) 
[2025-11-26 21:39:56.334] INFO  org.alter.game.service.GameService - Server running - RAM: 1040MB / 1416MB (Max: 8180MB) 
[2025-11-26 21:40:00.033] INFO  spark.webserver.MatcherFilter - The requested route [/jav_config.ws] has not been mapped in Spark 
[2025-11-26 21:40:02.941] INFO  org.alter.game.service.GameService - Server running - RAM: 596MB / 1416MB (Max: 8180MB) 
[2025-11-26 21:40:07.570] INFO  spark.webserver.MatcherFilter - The requested route [/jav_config.ws] has not been mapped in Spark 
[2025-11-26 21:40:07.577] INFO  spark.webserver.MatcherFilter - The requested route [/world_list.ws] has not been mapped in Spark 
[2025-11-26 21:40:09.546] INFO  org.alter.game.service.GameService - Server running - RAM: 746MB / 1416MB (Max: 8180MB) 
[2025-11-26 21:40:16.140] INFO  org.alter.game.service.GameService - Server running - RAM: 880MB / 1416MB (Max: 8180MB) 
[2025-11-26 21:40:22.736] INFO  org.alter.game.service.GameService - Server running - RAM: 1032MB / 1416MB (Max: 8180MB) 
[2025-11-26 21:40:25.115] INFO  spark.webserver.MatcherFilter - The requested route [/world_list.ws] has not been mapped in Spark 
[2025-11-26 21:40:29.354] INFO  org.alter.game.service.GameService - Server running - RAM: 551MB / 1416MB (Max: 8180MB) 
[2025-11-26 21:40:34.567] INFO  spark.webserver.MatcherFilter - The requested route [/world_list.ws] has not been mapped in Spark 
[2025-11-26 21:40:34.611] INFO  spark.webserver.MatcherFilter - The requested route [/jav_config.ws] has not been mapped in Spark 
[2025-11-26 21:40:35.934] INFO  org.alter.game.service.GameService - Server running - RAM: 687MB / 1416MB (Max: 8180MB) 
[2025-11-26 21:40:42.537] INFO  org.alter.game.service.GameService - Server running - RAM: 849MB / 1416MB (Max: 8180MB) 
[2025-11-26 21:40:49.149] INFO  org.alter.game.service.GameService - Server running - RAM: 1001MB / 1416MB (Max: 8180MB) 
[2025-11-26 21:40:55.744] INFO  org.alter.game.service.GameService - Server running - RAM: 1137MB / 1416MB (Max: 8180MB) 
[2025-11-26 21:41:02.344] INFO  org.alter.game.service.GameService - Server running - RAM: 634MB / 1416MB (Max: 8180MB) 
[2025-11-26 21:41:08.952] INFO  org.alter.game.service.GameService - Server running - RAM: 788MB / 1416MB (Max: 8180MB) 
[2025-11-26 21:41:15.536] INFO  org.alter.game.service.GameService - Server running - RAM: 922MB / 1416MB (Max: 8180MB) 
[2025-11-26 21:41:22.141] INFO  org.alter.game.service.GameService - Server running - RAM: 1080MB / 1416MB (Max: 8180MB) 
[2025-11-26 21:41:28.757] INFO  org.alter.game.service.GameService - Server running - RAM: 552MB / 1416MB (Max: 8180MB) 
[2025-11-26 21:41:35.340] INFO  org.alter.game.service.GameService - Server running - RAM: 688MB / 1416MB (Max: 8180MB) 
[2025-11-26 21:41:41.940] INFO  org.alter.game.service.GameService - Server running - RAM: 840MB / 1416MB (Max: 8180MB) 
[2025-11-26 21:41:48.557] INFO  org.alter.game.service.GameService - Server running - RAM: 996MB / 1416MB (Max: 8180MB) 
[2025-11-26 21:41:55.138] INFO  org.alter.game.service.GameService - Server running - RAM: 1130MB / 1416MB (Max: 8180MB) 
[2025-11-26 21:42:01.747] INFO  org.alter.game.service.GameService - Server running - RAM: 601MB / 1416MB (Max: 8180MB) 
[2025-11-26 21:42:08.354] INFO  org.alter.game.service.GameService - Server running - RAM: 753MB / 1416MB (Max: 8180MB) 
[2025-11-26 21:42:14.943] INFO  org.alter.game.service.GameService - Server running - RAM: 891MB / 1416MB (Max: 8180MB) 
[2025-11-26 21:42:21.546] INFO  org.alter.game.service.GameService - Server running - RAM: 1045MB / 1416MB (Max: 8180MB) 
[2025-11-26 21:42:28.150] INFO  org.alter.game.service.GameService - Server running - RAM: 1199MB / 1416MB (Max: 8180MB) 
[2025-11-26 21:42:34.735] INFO  org.alter.game.service.GameService - Server running - RAM: 631MB / 1416MB (Max: 8180MB) 
[2025-11-26 21:42:41.340] INFO  org.alter.game.service.GameService - Server running - RAM: 789MB / 1416MB (Max: 8180MB) 
[2025-11-26 21:42:47.956] INFO  org.alter.game.service.GameService - Server running - RAM: 941MB / 1416MB (Max: 8180MB) 
[2025-11-26 21:42:54.544] INFO  org.alter.game.service.GameService - Server running - RAM: 1077MB / 1416MB (Max: 8180MB) 
[2025-11-26 21:43:01.139] INFO  org.alter.game.service.GameService - Server running - RAM: 517MB / 1416MB (Max: 8180MB) 
[2025-11-26 21:43:07.753] INFO  org.alter.game.service.GameService - Server running - RAM: 673MB / 1416MB (Max: 8180MB) 
[2025-11-26 21:43:14.335] INFO  org.alter.game.service.GameService - Server running - RAM: 805MB / 1416MB (Max: 8180MB) 
[2025-11-26 21:43:20.941] INFO  org.alter.game.service.GameService - Server running - RAM: 963MB / 1416MB (Max: 8180MB) 
[2025-11-26 21:43:27.544] INFO  org.alter.game.service.GameService - Server running - RAM: 1113MB / 1416MB (Max: 8180MB) 
[2025-11-26 21:43:34.150] INFO  org.alter.game.service.GameService - Server running - RAM: 529MB / 1416MB (Max: 8180MB) 
[2025-11-26 21:43:40.737] INFO  org.alter.game.service.GameService - Server running - RAM: 681MB / 1416MB (Max: 8180MB) 
[2025-11-26 21:43:47.354] INFO  org.alter.game.service.GameService - Server running - RAM: 837MB / 1416MB (Max: 8180MB) 
[2025-11-26 21:43:53.946] INFO  org.alter.game.service.GameService - Server running - RAM: 969MB / 1416MB (Max: 8180MB) 
[2025-11-26 21:44:00.549] INFO  org.alter.game.service.GameService - Server running - RAM: 1127MB / 1416MB (Max: 8180MB) 
[2025-11-26 21:44:07.160] INFO  org.alter.game.service.GameService - Server running - RAM: 553MB / 1416MB (Max: 8180MB) 
[2025-11-26 21:44:13.738] INFO  org.alter.game.service.GameService - Server running - RAM: 689MB / 1416MB (Max: 8180MB) 
[2025-11-26 21:44:20.345] INFO  org.alter.game.service.GameService - Server running - RAM: 843MB / 1416MB (Max: 8180MB) 
[2025-11-26 21:44:26.948] INFO  org.alter.game.service.GameService - Server running - RAM: 999MB / 1416MB (Max: 8180MB) 
[2025-11-26 21:44:33.546] INFO  org.alter.game.service.GameService - Server running - RAM: 1131MB / 1416MB (Max: 8180MB) 
[2025-11-26 21:44:40.141] INFO  org.alter.game.service.GameService - Server running - RAM: 559MB / 1416MB (Max: 8180MB) 
[2025-11-26 21:44:46.748] INFO  org.alter.game.service.GameService - Server running - RAM: 711MB / 1416MB (Max: 8180MB) 
[2025-11-26 21:44:53.346] INFO  org.alter.game.service.GameService - Server running - RAM: 849MB / 1416MB (Max: 8180MB) 
[2025-11-26 21:44:59.942] INFO  org.alter.game.service.GameService - Server running - RAM: 1001MB / 1416MB (Max: 8180MB) 
[2025-11-26 21:45:06.553] INFO  org.alter.game.service.GameService - Server running - RAM: 1157MB / 1416MB (Max: 8180MB) 
[2025-11-26 21:45:13.133] INFO  org.alter.game.service.GameService - Server running - RAM: 555MB / 1416MB (Max: 8180MB) 
[2025-11-26 21:45:19.752] INFO  org.alter.game.service.GameService - Server running - RAM: 713MB / 1416MB (Max: 8180MB) 
[2025-11-26 21:45:26.344] INFO  org.alter.game.service.GameService - Server running - RAM: 865MB / 1416MB (Max: 8180MB) 
[2025-11-26 21:45:32.947] INFO  org.alter.game.service.GameService - Server running - RAM: 1001MB / 1416MB (Max: 8180MB) 
[2025-11-26 21:45:39.554] INFO  org.alter.game.service.GameService - Server running - RAM: 1153MB / 1416MB (Max: 8180MB) 
[2025-11-26 21:45:46.147] INFO  org.alter.game.service.GameService - Server running - RAM: 573MB / 1416MB (Max: 8180MB) 
[2025-11-26 21:45:52.741] INFO  org.alter.game.service.GameService - Server running - RAM: 705MB / 1416MB (Max: 8180MB) 
[2025-11-26 21:45:59.353] INFO  org.alter.game.service.GameService - Server running - RAM: 863MB / 1416MB (Max: 8180MB) 
[2025-11-26 21:46:05.951] INFO  org.alter.game.service.GameService - Server running - RAM: 1013MB / 1416MB (Max: 8180MB) 
[2025-11-26 21:46:12.539] INFO  org.alter.game.service.GameService - Server running - RAM: 1151MB / 1416MB (Max: 8180MB) 
[2025-11-26 21:46:19.142] INFO  org.alter.game.service.GameService - Server running - RAM: 563MB / 1416MB (Max: 8180MB) 
[2025-11-26 21:46:25.479] INFO  spark.webserver.MatcherFilter - The requested route [/world_list.ws] has not been mapped in Spark 
[2025-11-26 21:46:25.758] INFO  org.alter.game.service.GameService - Server running - RAM: 721MB / 1416MB (Max: 8180MB) 
[2025-11-26 21:46:32.348] INFO  org.alter.game.service.GameService - Server running - RAM: 853MB / 1416MB (Max: 8180MB) 
[2025-11-26 21:46:38.950] INFO  org.alter.game.service.GameService - Server running - RAM: 1011MB / 1416MB (Max: 8180MB) 
[2025-11-26 21:46:45.558] INFO  org.alter.game.service.GameService - Server running - RAM: 1161MB / 1416MB (Max: 8180MB) 
[2025-11-26 21:46:52.141] INFO  org.alter.game.service.GameService - Server running - RAM: 557MB / 1416MB (Max: 8180MB) 
[2025-11-26 21:46:58.748] INFO  org.alter.game.service.GameService - Server running - RAM: 711MB / 1416MB (Max: 8180MB) 
[2025-11-26 21:47:05.352] INFO  org.alter.game.service.GameService - Server running - RAM: 867MB / 1416MB (Max: 8180MB) 
[2025-11-26 21:47:11.934] INFO  org.alter.game.service.GameService - Server running - RAM: 997MB / 1416MB (Max: 8180MB) 
[2025-11-26 21:47:18.539] INFO  org.alter.game.service.GameService - Server running - RAM: 1155MB / 1416MB (Max: 8180MB) 
[2025-11-26 21:47:25.156] INFO  org.alter.game.service.GameService - Server running - RAM: 563MB / 1416MB (Max: 8180MB) 
[2025-11-26 21:47:31.747] INFO  org.alter.game.service.GameService - Server running - RAM: 699MB / 1416MB (Max: 8180MB) 
[2025-11-26 21:47:38.345] INFO  org.alter.game.service.GameService - Server running - RAM: 851MB / 1416MB (Max: 8180MB) 
[2025-11-26 21:47:44.957] INFO  org.alter.game.service.GameService - Server running - RAM: 1007MB / 1416MB (Max: 8180MB) 
[2025-11-26 21:47:51.538] INFO  org.alter.game.service.GameService - Server running - RAM: 1145MB / 1416MB (Max: 8180MB) 
[2025-11-26 21:47:58.145] INFO  org.alter.game.service.GameService - Server running - RAM: 561MB / 1416MB (Max: 8180MB) 
[2025-11-26 21:48:04.745] INFO  org.alter.game.service.GameService - Server running - RAM: 713MB / 1416MB (Max: 8180MB) 
[2025-11-26 21:48:11.339] INFO  org.alter.game.service.GameService - Server running - RAM: 849MB / 1416MB (Max: 8180MB) 
[2025-11-26 21:48:17.941] INFO  org.alter.game.service.GameService - Server running - RAM: 1003MB / 1416MB (Max: 8180MB) 
[2025-11-26 21:48:24.547] INFO  org.alter.game.service.GameService - Server running - RAM: 1159MB / 1416MB (Max: 8180MB) 
[2025-11-26 21:48:31.142] INFO  org.alter.game.service.GameService - Server running - RAM: 548MB / 1416MB (Max: 8180MB) 
[2025-11-26 21:48:37.750] INFO  org.alter.game.service.GameService - Server running - RAM: 706MB / 1416MB (Max: 8180MB) 
[2025-11-26 21:48:44.357] INFO  org.alter.game.service.GameService - Server running - RAM: 858MB / 1416MB (Max: 8180MB) 
[2025-11-26 21:48:50.950] INFO  org.alter.game.service.GameService - Server running - RAM: 996MB / 1416MB (Max: 8180MB) 
[2025-11-26 21:48:57.542] INFO  org.alter.game.service.GameService - Server running - RAM: 1148MB / 1416MB (Max: 8180MB) 
[2025-11-26 21:49:04.152] INFO  org.alter.game.service.GameService - Server running - RAM: 561MB / 1416MB (Max: 8180MB) 
[2025-11-26 21:49:10.746] INFO  org.alter.game.service.GameService - Server running - RAM: 693MB / 1416MB (Max: 8180MB) 
[2025-11-26 21:49:17.355] INFO  org.alter.game.service.GameService - Server running - RAM: 851MB / 1416MB (Max: 8180MB) 
[2025-11-26 21:49:23.950] INFO  org.alter.game.service.GameService - Server running - RAM: 1003MB / 1416MB (Max: 8180MB) 
[2025-11-26 21:49:30.539] INFO  org.alter.game.service.GameService - Server running - RAM: 1139MB / 1416MB (Max: 8180MB) 
[2025-11-26 21:49:37.138] INFO  org.alter.game.service.GameService - Server running - RAM: 550MB / 1416MB (Max: 8180MB) 
[2025-11-26 21:49:43.755] INFO  org.alter.game.service.GameService - Server running - RAM: 706MB / 1416MB (Max: 8180MB) 
[2025-11-26 21:49:50.342] INFO  org.alter.game.service.GameService - Server running - RAM: 838MB / 1416MB (Max: 8180MB) 
[2025-11-26 21:49:56.938] INFO  org.alter.game.service.GameService - Server running - RAM: 998MB / 1416MB (Max: 8180MB) 
[2025-11-26 21:50:03.546] INFO  org.alter.game.service.GameService - Server running - RAM: 1148MB / 1416MB (Max: 8180MB) 
[2025-11-26 21:50:10.152] INFO  org.alter.game.service.GameService - Server running - RAM: 541MB / 1416MB (Max: 8180MB) 
[2025-11-26 21:50:16.737] INFO  org.alter.game.service.GameService - Server running - RAM: 695MB / 1416MB (Max: 8180MB) 
[2025-11-26 21:50:23.350] INFO  org.alter.game.service.GameService - Server running - RAM: 851MB / 1416MB (Max: 8180MB) 
[2025-11-26 21:50:26.816] INFO  spark.webserver.MatcherFilter - The requested route [/world_list.ws] has not been mapped in Spark 
[2025-11-26 21:50:29.940] INFO  org.alter.game.service.GameService - Server running - RAM: 985MB / 1416MB (Max: 8180MB) 
[2025-11-26 21:50:36.542] INFO  org.alter.game.service.GameService - Server running - RAM: 1143MB / 1416MB (Max: 8180MB) 
[2025-11-26 21:50:43.153] INFO  org.alter.game.service.GameService - Server running - RAM: 550MB / 1416MB (Max: 8180MB) 
[2025-11-26 21:50:49.743] INFO  org.alter.game.service.GameService - Server running - RAM: 688MB / 1416MB (Max: 8180MB) 
[2025-11-26 21:50:56.338] INFO  org.alter.game.service.GameService - Server running - RAM: 842MB / 1416MB (Max: 8180MB) 
[2025-11-26 21:51:02.953] INFO  org.alter.game.service.GameService - Server running - RAM: 998MB / 1416MB (Max: 8180MB) 
[2025-11-26 21:51:09.540] INFO  org.alter.game.service.GameService - Server running - RAM: 1130MB / 1416MB (Max: 8180MB) 
[2025-11-26 21:51:16.143] INFO  org.alter.game.service.GameService - Server running - RAM: 540MB / 1416MB (Max: 8180MB) 
[2025-11-26 21:51:22.757] INFO  org.alter.game.service.GameService - Server running - RAM: 692MB / 1416MB (Max: 8180MB) 
[2025-11-26 21:51:29.349] INFO  org.alter.game.service.GameService - Server running - RAM: 830MB / 1416MB (Max: 8180MB) 
[2025-11-26 21:51:35.944] INFO  org.alter.game.service.GameService - Server running - RAM: 982MB / 1416MB (Max: 8180MB) 
[2025-11-26 21:51:42.552] INFO  org.alter.game.service.GameService - Server running - RAM: 1140MB / 1416MB (Max: 8180MB) 
[2025-11-26 21:51:49.142] INFO  org.alter.game.service.GameService - Server running - RAM: 524MB / 1416MB (Max: 8180MB) 
[2025-11-26 21:51:55.752] INFO  org.alter.game.service.GameService - Server running - RAM: 684MB / 1416MB (Max: 8180MB) 
[2025-11-26 21:52:02.346] INFO  org.alter.game.service.GameService - Server running - RAM: 834MB / 1416MB (Max: 8180MB) 
[2025-11-26 21:52:08.937] INFO  org.alter.game.service.GameService - Server running - RAM: 972MB / 1416MB (Max: 8180MB) 
[2025-11-26 21:52:15.544] INFO  org.alter.game.service.GameService - Server running - RAM: 1124MB / 1416MB (Max: 8180MB) 
[2025-11-26 21:52:22.155] INFO  org.alter.game.service.GameService - Server running - RAM: 534MB / 1416MB (Max: 8180MB) 
[2025-11-26 21:52:28.742] INFO  org.alter.game.service.GameService - Server running - RAM: 666MB / 1416MB (Max: 8180MB) 
[2025-11-26 21:52:35.342] INFO  org.alter.game.service.GameService - Server running - RAM: 824MB / 1416MB (Max: 8180MB) 
[2025-11-26 21:52:41.957] INFO  org.alter.game.service.GameService - Server running - RAM: 976MB / 1416MB (Max: 8180MB) 
[2025-11-26 21:52:48.547] INFO  org.alter.game.service.GameService - Server running - RAM: 1114MB / 1416MB (Max: 8180MB) 
[2025-11-26 21:52:55.138] INFO  org.alter.game.service.GameService - Server running - RAM: 520MB / 1416MB (Max: 8180MB) 
[2025-11-26 21:53:01.760] INFO  org.alter.game.service.GameService - Server running - RAM: 676MB / 1416MB (Max: 8180MB) 
[2025-11-26 21:53:08.340] INFO  org.alter.game.service.GameService - Server running - RAM: 808MB / 1416MB (Max: 8180MB) 
[2025-11-26 21:53:14.940] INFO  org.alter.game.service.GameService - Server running - RAM: 966MB / 1416MB (Max: 8180MB) 
[2025-11-26 21:53:21.554] INFO  org.alter.game.service.GameService - Server running - RAM: 1118MB / 1416MB (Max: 8180MB) 
[2025-11-26 21:53:28.147] INFO  org.alter.game.service.GameService - Server running - RAM: 1256MB / 1416MB (Max: 8180MB) 
[2025-11-26 21:53:34.741] INFO  org.alter.game.service.GameService - Server running - RAM: 660MB / 1416MB (Max: 8180MB) 
[2025-11-26 21:53:41.351] INFO  org.alter.game.service.GameService - Server running - RAM: 818MB / 1416MB (Max: 8180MB) 
[2025-11-26 21:53:47.938] INFO  org.alter.game.service.GameService - Server running - RAM: 948MB / 1416MB (Max: 8180MB) 
[2025-11-26 21:53:54.548] INFO  org.alter.game.service.GameService - Server running - RAM: 1108MB / 1416MB (Max: 8180MB) 
[2025-11-26 21:54:01.150] INFO  org.alter.game.service.GameService - Server running - RAM: 1260MB / 1416MB (Max: 8180MB) 
[2025-11-26 21:54:07.751] INFO  org.alter.game.service.GameService - Server running - RAM: 654MB / 1416MB (Max: 8180MB) 
[2025-11-26 21:54:14.340] INFO  org.alter.game.service.GameService - Server running - RAM: 808MB / 1416MB (Max: 8180MB) 
[2025-11-26 21:54:20.962] INFO  org.alter.game.service.GameService - Server running - RAM: 970MB / 1416MB (Max: 8180MB) 
[2025-11-26 21:54:27.536] INFO  org.alter.game.service.GameService - Server running - RAM: 1108MB / 1416MB (Max: 8180MB) 
[2025-11-26 21:54:34.146] INFO  org.alter.game.service.GameService - Server running - RAM: 525MB / 1416MB (Max: 8180MB) 
[2025-11-26 21:54:40.760] INFO  org.alter.game.service.GameService - Server running - RAM: 677MB / 1416MB (Max: 8180MB) 
[2025-11-26 21:54:47.352] INFO  org.alter.game.service.GameService - Server running - RAM: 819MB / 1416MB (Max: 8180MB) 
[2025-11-26 21:54:53.947] INFO  org.alter.game.service.GameService - Server running - RAM: 973MB / 1416MB (Max: 8180MB) 
[2025-11-26 21:55:00.563] INFO  org.alter.game.service.GameService - Server running - RAM: 1133MB / 1416MB (Max: 8180MB) 
[2025-11-26 21:55:07.146] INFO  org.alter.game.service.GameService - Server running - RAM: 528MB / 1416MB (Max: 8180MB) 
[2025-11-26 21:55:13.753] INFO  org.alter.game.service.GameService - Server running - RAM: 688MB / 1416MB (Max: 8180MB) 
[2025-11-26 21:55:20.361] INFO  org.alter.game.service.GameService - Server running - RAM: 840MB / 1416MB (Max: 8180MB) 
[2025-11-26 21:56:29.053] INFO  org.eclipse.jetty.util.log - Logging initialized @36404ms 
[2025-11-26 21:56:29.080] INFO  spark.webserver.JettySparkServer - == Spark has ignited ... 
[2025-11-26 21:56:29.080] INFO  spark.webserver.JettySparkServer - >> Listening on 0.0.0.0:8080 
[2025-11-26 21:56:29.082] INFO  org.eclipse.jetty.server.Server - jetty-9.3.2.v20150730 
[2025-11-26 21:56:29.148] INFO  o.e.jetty.server.ServerConnector - Started ServerConnector@6a2f369{HTTP/1.1,[http/1.1]}{0.0.0.0:8080} 
[2025-11-26 21:56:29.148] INFO  org.eclipse.jetty.server.Server - Started @36501ms 
[2025-11-26 21:56:40.771] INFO  org.alter.game.service.GameService - Server running - RAM: 814MB / 1472MB (Max: 8180MB) 
[2025-11-26 21:56:47.378] INFO  org.alter.game.service.GameService - Server running - RAM: 951MB / 1472MB (Max: 8180MB) 
[2025-11-26 21:56:53.990] INFO  org.alter.game.service.GameService - Server running - RAM: 1091MB / 1472MB (Max: 8180MB) 
[2025-11-26 21:57:00.577] INFO  org.alter.game.service.GameService - Server running - RAM: 603MB / 1472MB (Max: 8180MB) 
[2025-11-26 21:57:07.174] INFO  org.alter.game.service.GameService - Server running - RAM: 676MB / 1472MB (Max: 8180MB) 
[2025-11-26 21:57:13.780] INFO  org.alter.game.service.GameService - Server running - RAM: 810MB / 1472MB (Max: 8180MB) 
[2025-11-26 21:57:20.375] INFO  org.alter.game.service.GameService - Server running - RAM: 930MB / 1472MB (Max: 8180MB) 
[2025-11-26 21:57:25.005] INFO  spark.webserver.MatcherFilter - The requested route [/world_list.ws] has not been mapped in Spark 
[2025-11-26 21:57:25.069] INFO  spark.webserver.MatcherFilter - The requested route [/jav_config.ws] has not been mapped in Spark 
[2025-11-26 21:57:26.967] INFO  org.alter.game.service.GameService - Server running - RAM: 1088MB / 1472MB (Max: 8180MB) 
[2025-11-26 21:57:33.585] INFO  org.alter.game.service.GameService - Server running - RAM: 595MB / 1472MB (Max: 8180MB) 
[2025-11-26 21:57:40.170] INFO  org.alter.game.service.GameService - Server running - RAM: 719MB / 1472MB (Max: 8180MB) 
[2025-11-26 21:57:46.769] INFO  org.alter.game.service.GameService - Server running - RAM: 861MB / 1472MB (Max: 8180MB) 
[2025-11-26 21:57:53.389] INFO  org.alter.game.service.GameService - Server running - RAM: 995MB / 1472MB (Max: 8180MB) 
[2025-11-26 21:57:59.980] INFO  org.alter.game.service.GameService - Server running - RAM: 1117MB / 1472MB (Max: 8180MB) 
[2025-11-26 21:58:06.580] INFO  org.alter.game.service.GameService - Server running - RAM: 584MB / 1472MB (Max: 8180MB) 
[2025-11-26 21:58:13.189] INFO  org.alter.game.service.GameService - Server running - RAM: 724MB / 1472MB (Max: 8180MB) 
[2025-11-26 21:58:19.768] INFO  org.alter.game.service.GameService - Server running - RAM: 840MB / 1472MB (Max: 8180MB) 
[2025-11-26 21:58:26.379] INFO  org.alter.game.service.GameService - Server running - RAM: 984MB / 1472MB (Max: 8180MB) 
[2025-11-26 21:58:32.982] INFO  org.alter.game.service.GameService - Server running - RAM: 1120MB / 1472MB (Max: 8180MB) 
[2025-11-26 21:58:39.583] INFO  org.alter.game.service.GameService - Server running - RAM: 550MB / 1472MB (Max: 8180MB) 
[2025-11-26 21:58:46.171] INFO  org.alter.game.service.GameService - Server running - RAM: 688MB / 1472MB (Max: 8180MB) 
[2025-11-26 21:58:52.791] INFO  org.alter.game.service.GameService - Server running - RAM: 828MB / 1472MB (Max: 8180MB) 
[2025-11-26 21:58:59.371] INFO  org.alter.game.service.GameService - Server running - RAM: 944MB / 1472MB (Max: 8180MB) 
[2025-11-26 21:59:05.970] INFO  org.alter.game.service.GameService - Server running - RAM: 1086MB / 1472MB (Max: 8180MB) 
[2025-11-26 21:59:12.583] INFO  org.alter.game.service.GameService - Server running - RAM: 1222MB / 1472MB (Max: 8180MB) 
[2025-11-26 21:59:19.180] INFO  org.alter.game.service.GameService - Server running - RAM: 626MB / 1472MB (Max: 8180MB) 
[2025-11-26 21:59:25.770] INFO  org.alter.game.service.GameService - Server running - RAM: 764MB / 1472MB (Max: 8180MB) 
[2025-11-26 21:59:32.386] INFO  org.alter.game.service.GameService - Server running - RAM: 904MB / 1472MB (Max: 8180MB) 
[2025-11-26 21:59:38.979] INFO  org.alter.game.service.GameService - Server running - RAM: 1022MB / 1472MB (Max: 8180MB) 
[2025-11-26 21:59:45.578] INFO  org.alter.game.service.GameService - Server running - RAM: 1162MB / 1472MB (Max: 8180MB) 
[2025-11-26 21:59:52.179] INFO  org.alter.game.service.GameService - Server running - RAM: 570MB / 1472MB (Max: 8180MB) 
[2025-11-26 21:59:58.776] INFO  org.alter.game.service.GameService - Server running - RAM: 690MB / 1472MB (Max: 8180MB) 
[2025-11-26 22:00:05.377] INFO  org.alter.game.service.GameService - Server running - RAM: 828MB / 1472MB (Max: 8180MB) 
[2025-11-26 22:00:11.988] INFO  org.alter.game.service.GameService - Server running - RAM: 968MB / 1472MB (Max: 8180MB) 
[2025-11-26 22:00:18.574] INFO  org.alter.game.service.GameService - Server running - RAM: 1084MB / 1472MB (Max: 8180MB) 
[2025-11-26 22:00:25.170] INFO  org.alter.game.service.GameService - Server running - RAM: 1226MB / 1472MB (Max: 8180MB) 
[2025-11-26 22:00:26.837] INFO  spark.webserver.MatcherFilter - The requested route [/world_list.ws] has not been mapped in Spark 
[2025-11-26 22:00:31.775] INFO  org.alter.game.service.GameService - Server running - RAM: 626MB / 1472MB (Max: 8180MB) 
[2025-11-26 22:00:38.368] INFO  org.alter.game.service.GameService - Server running - RAM: 748MB / 1472MB (Max: 8180MB) 
[2025-11-26 22:00:44.976] INFO  org.alter.game.service.GameService - Server running - RAM: 886MB / 1472MB (Max: 8180MB) 
[2025-11-26 22:00:51.593] INFO  org.alter.game.service.GameService - Server running - RAM: 1026MB / 1472MB (Max: 8180MB) 
[2025-11-26 22:00:58.178] INFO  org.alter.game.service.GameService - Server running - RAM: 1142MB / 1472MB (Max: 8180MB) 
[2025-11-26 22:01:04.780] INFO  org.alter.game.service.GameService - Server running - RAM: 532MB / 1472MB (Max: 8180MB) 
[2025-11-26 22:01:11.380] INFO  org.alter.game.service.GameService - Server running - RAM: 668MB / 1472MB (Max: 8180MB) 
[2025-11-26 22:01:17.984] INFO  org.alter.game.service.GameService - Server running - RAM: 788MB / 1472MB (Max: 8180MB) 
[2025-11-26 22:01:24.565] INFO  org.alter.game.service.GameService - Server running - RAM: 926MB / 1472MB (Max: 8180MB) 
[2025-11-26 22:01:31.181] INFO  org.alter.game.service.GameService - Server running - RAM: 1066MB / 1472MB (Max: 8180MB) 
[2025-11-26 22:01:37.765] INFO  org.alter.game.service.GameService - Server running - RAM: 1184MB / 1472MB (Max: 8180MB) 
[2025-11-26 22:01:44.376] INFO  org.alter.game.service.GameService - Server running - RAM: 568MB / 1472MB (Max: 8180MB) 
[2025-11-26 22:01:50.983] INFO  org.alter.game.service.GameService - Server running - RAM: 704MB / 1472MB (Max: 8180MB) 
[2025-11-26 22:01:57.569] INFO  org.alter.game.service.GameService - Server running - RAM: 824MB / 1472MB (Max: 8180MB) 
[2025-11-26 22:02:04.183] INFO  org.alter.game.service.GameService - Server running - RAM: 964MB / 1472MB (Max: 8180MB) 
[2025-11-26 22:02:10.783] INFO  org.alter.game.service.GameService - Server running - RAM: 1102MB / 1472MB (Max: 8180MB) 
[2025-11-26 22:02:17.368] INFO  org.alter.game.service.GameService - Server running - RAM: 1220MB / 1472MB (Max: 8180MB) 
[2025-11-26 22:02:23.981] INFO  org.alter.game.service.GameService - Server running - RAM: 598MB / 1472MB (Max: 8180MB) 
[2025-11-26 22:02:30.589] INFO  org.alter.game.service.GameService - Server running - RAM: 734MB / 1472MB (Max: 8180MB) 
[2025-11-26 22:02:37.182] INFO  org.alter.game.service.GameService - Server running - RAM: 856MB / 1472MB (Max: 8180MB) 
[2025-11-26 22:02:43.775] INFO  org.alter.game.service.GameService - Server running - RAM: 992MB / 1472MB (Max: 8180MB) 
[2025-11-26 22:02:50.384] INFO  org.alter.game.service.GameService - Server running - RAM: 1132MB / 1472MB (Max: 8180MB) 
[2025-11-26 22:02:56.971] INFO  org.alter.game.service.GameService - Server running - RAM: 1250MB / 1472MB (Max: 8180MB) 
[2025-11-26 22:03:03.576] INFO  org.alter.game.service.GameService - Server running - RAM: 622MB / 1472MB (Max: 8180MB) 
[2025-11-26 22:03:10.185] INFO  org.alter.game.service.GameService - Server running - RAM: 760MB / 1472MB (Max: 8180MB) 
[2025-11-26 22:03:16.782] INFO  org.alter.game.service.GameService - Server running - RAM: 880MB / 1472MB (Max: 8180MB) 
[2025-11-26 22:03:23.377] INFO  org.alter.game.service.GameService - Server running - RAM: 1018MB / 1472MB (Max: 8180MB) 
[2025-11-26 22:03:29.984] INFO  org.alter.game.service.GameService - Server running - RAM: 1158MB / 1472MB (Max: 8180MB) 
[2025-11-26 22:03:36.571] INFO  org.alter.game.service.GameService - Server running - RAM: 1276MB / 1472MB (Max: 8180MB) 
[2025-11-26 22:03:43.181] INFO  org.alter.game.service.GameService - Server running - RAM: 650MB / 1472MB (Max: 8180MB) 
[2025-11-26 22:03:49.778] INFO  org.alter.game.service.GameService - Server running - RAM: 786MB / 1472MB (Max: 8180MB) 
[2025-11-26 22:03:56.378] INFO  org.alter.game.service.GameService - Server running - RAM: 906MB / 1472MB (Max: 8180MB) 
[2025-11-26 22:04:02.972] INFO  org.alter.game.service.GameService - Server running - RAM: 1048MB / 1472MB (Max: 8180MB) 
[2025-11-26 22:04:09.582] INFO  org.alter.game.service.GameService - Server running - RAM: 1188MB / 1472MB (Max: 8180MB) 
[2025-11-26 22:04:16.177] INFO  org.alter.game.service.GameService - Server running - RAM: 536MB / 1472MB (Max: 8180MB) 
[2025-11-26 22:04:22.769] INFO  org.alter.game.service.GameService - Server running - RAM: 678MB / 1472MB (Max: 8180MB) 
[2025-11-26 22:04:29.380] INFO  org.alter.game.service.GameService - Server running - RAM: 814MB / 1472MB (Max: 8180MB) 
[2025-11-26 22:04:35.969] INFO  org.alter.game.service.GameService - Server running - RAM: 936MB / 1472MB (Max: 8180MB) 
[2025-11-26 22:04:42.572] INFO  org.alter.game.service.GameService - Server running - RAM: 1072MB / 1472MB (Max: 8180MB) 
[2025-11-26 22:04:49.179] INFO  org.alter.game.service.GameService - Server running - RAM: 1214MB / 1472MB (Max: 8180MB) 
[2025-11-26 22:04:55.777] INFO  org.alter.game.service.GameService - Server running - RAM: 558MB / 1472MB (Max: 8180MB) 
[2025-11-26 22:05:00.094] INFO  spark.webserver.MatcherFilter - The requested route [/world_list.ws] has not been mapped in Spark 
[2025-11-26 22:05:00.130] INFO  spark.webserver.MatcherFilter - The requested route [/jav_config.ws] has not been mapped in Spark 
[2025-11-26 22:05:02.378] INFO  org.alter.game.service.GameService - Server running - RAM: 712MB / 1472MB (Max: 8180MB) 
[2025-11-26 22:05:08.975] INFO  org.alter.game.service.GameService - Server running - RAM: 854MB / 1472MB (Max: 8180MB) 
[2025-11-26 22:05:15.571] INFO  org.alter.game.service.GameService - Server running - RAM: 974MB / 1472MB (Max: 8180MB) 
[2025-11-26 22:05:22.172] INFO  org.alter.game.service.GameService - Server running - RAM: 1112MB / 1472MB (Max: 8180MB) 
[2025-11-26 22:05:28.782] INFO  org.alter.game.service.GameService - Server running - RAM: 1254MB / 1472MB (Max: 8180MB) 
[2025-11-26 22:05:35.379] INFO  org.alter.game.service.GameService - Server running - RAM: 597MB / 1472MB (Max: 8180MB) 
[2025-11-26 22:05:41.969] INFO  org.alter.game.service.GameService - Server running - RAM: 739MB / 1472MB (Max: 8180MB) 
[2025-11-26 22:05:48.575] INFO  org.alter.game.service.GameService - Server running - RAM: 875MB / 1472MB (Max: 8180MB) 
[2025-11-26 22:05:55.172] INFO  org.alter.game.service.GameService - Server running - RAM: 995MB / 1472MB (Max: 8180MB) 
[2025-11-26 22:06:01.775] INFO  org.alter.game.service.GameService - Server running - RAM: 1133MB / 1472MB (Max: 8180MB) 
[2025-11-26 22:06:08.384] INFO  org.alter.game.service.GameService - Server running - RAM: 1275MB / 1472MB (Max: 8180MB) 
[2025-11-26 22:06:14.974] INFO  org.alter.game.service.GameService - Server running - RAM: 617MB / 1472MB (Max: 8180MB) 
[2025-11-26 22:06:21.580] INFO  org.alter.game.service.GameService - Server running - RAM: 759MB / 1472MB (Max: 8180MB) 
[2025-11-26 22:06:28.175] INFO  org.alter.game.service.GameService - Server running - RAM: 895MB / 1472MB (Max: 8180MB) 
[2025-11-26 22:06:34.783] INFO  org.alter.game.service.GameService - Server running - RAM: 1017MB / 1472MB (Max: 8180MB) 
[2025-11-26 22:06:41.373] INFO  org.alter.game.service.GameService - Server running - RAM: 1155MB / 1472MB (Max: 8180MB) 
[2025-11-26 22:06:47.985] INFO  org.alter.game.service.GameService - Server running - RAM: 1295MB / 1472MB (Max: 8180MB) 
[2025-11-26 22:06:54.577] INFO  org.alter.game.service.GameService - Server running - RAM: 631MB / 1472MB (Max: 8180MB) 
[2025-11-26 22:07:01.174] INFO  org.alter.game.service.GameService - Server running - RAM: 773MB / 1472MB (Max: 8180MB) 
[2025-11-26 22:07:07.777] INFO  org.alter.game.service.GameService - Server running - RAM: 911MB / 1472MB (Max: 8180MB) 
[2025-11-26 22:07:14.382] INFO  org.alter.game.service.GameService - Server running - RAM: 1031MB / 1472MB (Max: 8180MB) 
[2025-11-26 22:07:20.974] INFO  org.alter.game.service.GameService - Server running - RAM: 1169MB / 1472MB (Max: 8180MB) 
[2025-11-26 22:07:27.590] INFO  org.alter.game.service.GameService - Server running - RAM: 535MB / 1472MB (Max: 8180MB) 
[2025-11-26 22:07:34.180] INFO  org.alter.game.service.GameService - Server running - RAM: 651MB / 1472MB (Max: 8180MB) 
[2025-11-26 22:07:40.774] INFO  org.alter.game.service.GameService - Server running - RAM: 793MB / 1472MB (Max: 8180MB) 
[2025-11-26 22:07:47.383] INFO  org.alter.game.service.GameService - Server running - RAM: 931MB / 1472MB (Max: 8180MB) 
[2025-11-26 22:07:53.969] INFO  org.alter.game.service.GameService - Server running - RAM: 1053MB / 1472MB (Max: 8180MB) 
[2025-11-26 22:08:00.576] INFO  org.alter.game.service.GameService - Server running - RAM: 1193MB / 1472MB (Max: 8180MB) 
[2025-11-26 22:08:07.186] INFO  org.alter.game.service.GameService - Server running - RAM: 554MB / 1472MB (Max: 8180MB) 
[2025-11-26 22:08:13.769] INFO  org.alter.game.service.GameService - Server running - RAM: 672MB / 1472MB (Max: 8180MB) 
[2025-11-26 22:08:20.380] INFO  org.alter.game.service.GameService - Server running - RAM: 814MB / 1472MB (Max: 8180MB) 
[2025-11-26 22:08:26.981] INFO  org.alter.game.service.GameService - Server running - RAM: 952MB / 1472MB (Max: 8180MB) 
[2025-11-26 22:08:33.575] INFO  org.alter.game.service.GameService - Server running - RAM: 1072MB / 1472MB (Max: 8180MB) 
[2025-11-26 22:08:40.168] INFO  org.alter.game.service.GameService - Server running - RAM: 1212MB / 1472MB (Max: 8180MB) 
[2025-11-26 22:08:46.788] INFO  org.alter.game.service.GameService - Server running - RAM: 578MB / 1472MB (Max: 8180MB) 
[2025-11-26 22:08:53.370] INFO  org.alter.game.service.GameService - Server running - RAM: 694MB / 1472MB (Max: 8180MB) 
[2025-11-26 22:08:59.975] INFO  org.alter.game.service.GameService - Server running - RAM: 838MB / 1472MB (Max: 8180MB) 
[2025-11-26 22:09:06.588] INFO  org.alter.game.service.GameService - Server running - RAM: 974MB / 1472MB (Max: 8180MB) 
[2025-11-26 22:09:13.180] INFO  org.alter.game.service.GameService - Server running - RAM: 1102MB / 1472MB (Max: 8180MB) 
[2025-11-26 22:09:19.766] INFO  org.alter.game.service.GameService - Server running - RAM: 1244MB / 1472MB (Max: 8180MB) 
[2025-11-26 22:09:26.382] INFO  org.alter.game.service.GameService - Server running - RAM: 610MB / 1472MB (Max: 8180MB) 
[2025-11-26 22:09:32.977] INFO  org.alter.game.service.GameService - Server running - RAM: 726MB / 1472MB (Max: 8180MB) 
[2025-11-26 22:09:39.581] INFO  org.alter.game.service.GameService - Server running - RAM: 870MB / 1472MB (Max: 8180MB) 
[2025-11-26 22:09:46.182] INFO  org.alter.game.service.GameService - Server running - RAM: 1006MB / 1472MB (Max: 8180MB) 
[2025-11-26 22:09:52.779] INFO  org.alter.game.service.GameService - Server running - RAM: 1128MB / 1472MB (Max: 8180MB) 
[2025-11-26 22:09:59.379] INFO  org.alter.game.service.GameService - Server running - RAM: 1266MB / 1472MB (Max: 8180MB) 
[2025-11-26 22:10:05.989] INFO  org.alter.game.service.GameService - Server running - RAM: 632MB / 1472MB (Max: 8180MB) 
[2025-11-26 22:10:12.570] INFO  org.alter.game.service.GameService - Server running - RAM: 748MB / 1472MB (Max: 8180MB) 
[2025-11-26 22:10:19.169] INFO  org.alter.game.service.GameService - Server running - RAM: 890MB / 1472MB (Max: 8180MB) 
[2025-11-26 22:10:25.785] INFO  org.alter.game.service.GameService - Server running - RAM: 1026MB / 1472MB (Max: 8180MB) 
[2025-11-26 22:10:26.864] INFO  spark.webserver.MatcherFilter - The requested route [/world_list.ws] has not been mapped in Spark 
[2025-11-26 22:10:32.376] INFO  org.alter.game.service.GameService - Server running - RAM: 1150MB / 1472MB (Max: 8180MB) 
[2025-11-26 22:10:38.977] INFO  org.alter.game.service.GameService - Server running - RAM: 1288MB / 1472MB (Max: 8180MB) 
[2025-11-26 22:10:45.580] INFO  org.alter.game.service.GameService - Server running - RAM: 652MB / 1472MB (Max: 8180MB) 
[2025-11-26 22:10:52.170] INFO  org.alter.game.service.GameService - Server running - RAM: 770MB / 1472MB (Max: 8180MB) 
[2025-11-26 22:10:58.772] INFO  org.alter.game.service.GameService - Server running - RAM: 912MB / 1472MB (Max: 8180MB) 
[2025-11-26 22:11:05.377] INFO  org.alter.game.service.GameService - Server running - RAM: 1048MB / 1472MB (Max: 8180MB) 
[2025-11-26 22:11:11.975] INFO  org.alter.game.service.GameService - Server running - RAM: 1170MB / 1472MB (Max: 8180MB) 
[2025-11-26 22:11:18.576] INFO  org.alter.game.service.GameService - Server running - RAM: 1308MB / 1472MB (Max: 8180MB) 
[2025-11-26 22:11:25.191] INFO  org.alter.game.service.GameService - Server running - RAM: 672MB / 1472MB (Max: 8180MB) 
[2025-11-26 22:11:31.778] INFO  org.alter.game.service.GameService - Server running - RAM: 790MB / 1472MB (Max: 8180MB) 
[2025-11-26 22:11:38.383] INFO  org.alter.game.service.GameService - Server running - RAM: 934MB / 1472MB (Max: 8180MB) 
[2025-11-26 22:11:44.982] INFO  org.alter.game.service.GameService - Server running - RAM: 1070MB / 1472MB (Max: 8180MB) 
[2025-11-26 22:11:51.568] INFO  org.alter.game.service.GameService - Server running - RAM: 1190MB / 1472MB (Max: 8180MB) 
[2025-11-26 22:11:58.182] INFO  org.alter.game.service.GameService - Server running - RAM: 558MB / 1472MB (Max: 8180MB) 
[2025-11-26 22:12:04.789] INFO  org.alter.game.service.GameService - Server running - RAM: 700MB / 1472MB (Max: 8180MB) 
[2025-11-26 22:12:11.377] INFO  org.alter.game.service.GameService - Server running - RAM: 816MB / 1472MB (Max: 8180MB) 
[2025-11-26 22:12:17.976] INFO  org.alter.game.service.GameService - Server running - RAM: 958MB / 1472MB (Max: 8180MB) 
[2025-11-26 22:12:24.585] INFO  org.alter.game.service.GameService - Server running - RAM: 1096MB / 1472MB (Max: 8180MB) 
[2025-11-26 22:12:31.172] INFO  org.alter.game.service.GameService - Server running - RAM: 1216MB / 1472MB (Max: 8180MB) 
[2025-11-26 22:12:37.767] INFO  org.alter.game.service.GameService - Server running - RAM: 580MB / 1472MB (Max: 8180MB) 
[2025-11-26 22:12:44.391] INFO  org.alter.game.service.GameService - Server running - RAM: 720MB / 1472MB (Max: 8180MB) 
[2025-11-26 22:12:50.976] INFO  org.alter.game.service.GameService - Server running - RAM: 842MB / 1472MB (Max: 8180MB) 
[2025-11-26 22:12:57.583] INFO  org.alter.game.service.GameService - Server running - RAM: 984MB / 1472MB (Max: 8180MB) 
[2025-11-26 22:13:04.190] INFO  org.alter.game.service.GameService - Server running - RAM: 1124MB / 1472MB (Max: 8180MB) 
[2025-11-26 22:13:10.771] INFO  org.alter.game.service.GameService - Server running - RAM: 1246MB / 1472MB (Max: 8180MB) 
[2025-11-26 22:13:17.370] INFO  org.alter.game.service.GameService - Server running - RAM: 612MB / 1472MB (Max: 8180MB) 
[2025-11-26 22:13:23.981] INFO  org.alter.game.service.GameService - Server running - RAM: 752MB / 1472MB (Max: 8180MB) 
[2025-11-26 22:13:30.581] INFO  org.alter.game.service.GameService - Server running - RAM: 872MB / 1472MB (Max: 8180MB) 
[2025-11-26 22:13:37.179] INFO  org.alter.game.service.GameService - Server running - RAM: 1016MB / 1472MB (Max: 8180MB) 
[2025-11-26 22:13:43.775] INFO  org.alter.game.service.GameService - Server running - RAM: 1152MB / 1472MB (Max: 8180MB) 
[2025-11-26 22:13:50.385] INFO  org.alter.game.service.GameService - Server running - RAM: 1276MB / 1472MB (Max: 8180MB) 
[2025-11-26 22:13:56.973] INFO  org.alter.game.service.GameService - Server running - RAM: 642MB / 1472MB (Max: 8180MB) 
[2025-11-26 22:14:03.578] INFO  org.alter.game.service.GameService - Server running - RAM: 784MB / 1472MB (Max: 8180MB) 
[2025-11-26 22:14:10.176] INFO  org.alter.game.service.GameService - Server running - RAM: 902MB / 1472MB (Max: 8180MB) 
[2025-11-26 22:14:16.776] INFO  org.alter.game.service.GameService - Server running - RAM: 1044MB / 1472MB (Max: 8180MB) 
[2025-11-26 22:14:23.384] INFO  org.alter.game.service.GameService - Server running - RAM: 1180MB / 1472MB (Max: 8180MB) 
[2025-11-26 22:14:29.974] INFO  org.alter.game.service.GameService - Server running - RAM: 1302MB / 1472MB (Max: 8180MB) 
[2025-11-26 22:14:36.566] INFO  org.alter.game.service.GameService - Server running - RAM: 660MB / 1472MB (Max: 8180MB) 
[2025-11-26 22:14:43.187] INFO  org.alter.game.service.GameService - Server running - RAM: 800MB / 1472MB (Max: 8180MB) 
[2025-11-26 22:14:49.771] INFO  org.alter.game.service.GameService - Server running - RAM: 918MB / 1472MB (Max: 8180MB) 
[2025-11-26 22:14:56.374] INFO  org.alter.game.service.GameService - Server running - RAM: 1060MB / 1472MB (Max: 8180MB) 
[2025-11-26 22:15:02.987] INFO  org.alter.game.service.GameService - Server running - RAM: 1196MB / 1472MB (Max: 8180MB) 
[2025-11-26 22:15:09.586] INFO  org.alter.game.service.GameService - Server running - RAM: 538MB / 1472MB (Max: 8180MB) 
[2025-11-26 22:15:16.178] INFO  org.alter.game.service.GameService - Server running - RAM: 676MB / 1472MB (Max: 8180MB) 
[2025-11-26 22:15:22.789] INFO  org.alter.game.service.GameService - Server running - RAM: 820MB / 1472MB (Max: 8180MB) 
[2025-11-26 22:15:29.374] INFO  org.alter.game.service.GameService - Server running - RAM: 940MB / 1472MB (Max: 8180MB) 
[2025-11-26 22:15:35.971] INFO  org.alter.game.service.GameService - Server running - RAM: 1082MB / 1472MB (Max: 8180MB) 
[2025-11-26 22:15:42.576] INFO  org.alter.game.service.GameService - Server running - RAM: 1218MB / 1472MB (Max: 8180MB) 
[2025-11-26 22:15:49.169] INFO  org.alter.game.service.GameService - Server running - RAM: 560MB / 1472MB (Max: 8180MB) 
[2025-11-26 22:15:55.778] INFO  org.alter.game.service.GameService - Server running - RAM: 698MB / 1472MB (Max: 8180MB) 
[2025-11-26 22:16:02.380] INFO  org.alter.game.service.GameService - Server running - RAM: 838MB / 1472MB (Max: 8180MB) 
[2025-11-26 22:16:08.974] INFO  org.alter.game.service.GameService - Server running - RAM: 956MB / 1472MB (Max: 8180MB) 
[2025-11-26 22:16:15.576] INFO  org.alter.game.service.GameService - Server running - RAM: 1098MB / 1472MB (Max: 8180MB) 
[2025-11-26 22:16:22.175] INFO  org.alter.game.service.GameService - Server running - RAM: 1234MB / 1472MB (Max: 8180MB) 
[2025-11-26 22:16:28.782] INFO  org.alter.game.service.GameService - Server running - RAM: 576MB / 1472MB (Max: 8180MB) 
[2025-11-26 22:16:35.372] INFO  org.alter.game.service.GameService - Server running - RAM: 718MB / 1472MB (Max: 8180MB) 
[2025-11-26 22:16:41.990] INFO  org.alter.game.service.GameService - Server running - RAM: 858MB / 1472MB (Max: 8180MB) 
[2025-11-26 22:16:48.574] INFO  org.alter.game.service.GameService - Server running - RAM: 976MB / 1472MB (Max: 8180MB) 
[2025-11-26 22:16:55.177] INFO  org.alter.game.service.GameService - Server running - RAM: 1118MB / 1472MB (Max: 8180MB) 
[2025-11-26 22:17:01.787] INFO  org.alter.game.service.GameService - Server running - RAM: 1254MB / 1472MB (Max: 8180MB) 
[2025-11-26 22:17:08.382] INFO  org.alter.game.service.GameService - Server running - RAM: 596MB / 1472MB (Max: 8180MB) 
[2025-11-26 22:17:14.972] INFO  org.alter.game.service.GameService - Server running - RAM: 734MB / 1472MB (Max: 8180MB) 
[2025-11-26 22:17:21.591] INFO  org.alter.game.service.GameService - Server running - RAM: 874MB / 1472MB (Max: 8180MB) 
[2025-11-26 22:17:28.168] INFO  org.alter.game.service.GameService - Server running - RAM: 990MB / 1472MB (Max: 8180MB) 
[2025-11-26 22:17:34.776] INFO  org.alter.game.service.GameService - Server running - RAM: 1134MB / 1472MB (Max: 8180MB) 
[2025-11-26 22:17:41.377] INFO  org.alter.game.service.GameService - Server running - RAM: 1270MB / 1472MB (Max: 8180MB) 
[2025-11-26 22:17:47.979] INFO  org.alter.game.service.GameService - Server running - RAM: 612MB / 1472MB (Max: 8180MB) 
[2025-11-26 22:17:54.577] INFO  org.alter.game.service.GameService - Server running - RAM: 750MB / 1472MB (Max: 8180MB) 
[2025-11-26 22:18:01.178] INFO  org.alter.game.service.GameService - Server running - RAM: 890MB / 1472MB (Max: 8180MB) 
[2025-11-26 22:18:07.776] INFO  org.alter.game.service.GameService - Server running - RAM: 1008MB / 1472MB (Max: 8180MB) 
[2025-11-26 22:18:14.372] INFO  org.alter.game.service.GameService - Server running - RAM: 1150MB / 1472MB (Max: 8180MB) 
[2025-11-26 22:18:20.980] INFO  org.alter.game.service.GameService - Server running - RAM: 1286MB / 1472MB (Max: 8180MB) 
[2025-11-26 22:18:27.577] INFO  org.alter.game.service.GameService - Server running - RAM: 626MB / 1472MB (Max: 8180MB) 
[2025-11-26 22:18:34.169] INFO  org.alter.game.service.GameService - Server running - RAM: 766MB / 1472MB (Max: 8180MB) 
[2025-11-26 22:18:40.786] INFO  org.alter.game.service.GameService - Server running - RAM: 906MB / 1472MB (Max: 8180MB) 
[2025-11-26 22:18:47.369] INFO  org.alter.game.service.GameService - Server running - RAM: 1022MB / 1472MB (Max: 8180MB) 
[2025-11-26 22:18:53.980] INFO  org.alter.game.service.GameService - Server running - RAM: 1164MB / 1472MB (Max: 8180MB) 
[2025-11-26 22:19:00.587] INFO  org.alter.game.service.GameService - Server running - RAM: 1300MB / 1472MB (Max: 8180MB) 
[2025-11-26 22:19:07.175] INFO  org.alter.game.service.GameService - Server running - RAM: 642MB / 1472MB (Max: 8180MB) 
[2025-11-26 22:19:13.771] INFO  org.alter.game.service.GameService - Server running - RAM: 780MB / 1472MB (Max: 8180MB) 
[2025-11-26 22:19:20.381] INFO  org.alter.game.service.GameService - Server running - RAM: 920MB / 1472MB (Max: 8180MB) 
[2025-11-26 22:19:26.973] INFO  org.alter.game.service.GameService - Server running - RAM: 1038MB / 1472MB (Max: 8180MB) 
[2025-11-26 22:19:33.583] INFO  org.alter.game.service.GameService - Server running - RAM: 1180MB / 1472MB (Max: 8180MB) 
[2025-11-26 22:19:40.186] INFO  org.alter.game.service.GameService - Server running - RAM: 536MB / 1472MB (Max: 8180MB) 
[2025-11-26 22:19:46.774] INFO  org.alter.game.service.GameService - Server running - RAM: 658MB / 1472MB (Max: 8180MB) 
[2025-11-26 22:19:53.370] INFO  org.alter.game.service.GameService - Server running - RAM: 796MB / 1472MB (Max: 8180MB) 
[2025-11-26 22:19:59.994] INFO  org.alter.game.service.GameService - Server running - RAM: 936MB / 1472MB (Max: 8180MB) 
[2025-11-26 22:20:06.578] INFO  org.alter.game.service.GameService - Server running - RAM: 1054MB / 1472MB (Max: 8180MB) 
[2025-11-26 22:20:13.174] INFO  org.alter.game.service.GameService - Server running - RAM: 1196MB / 1472MB (Max: 8180MB) 
[2025-11-26 22:20:19.779] INFO  org.alter.game.service.GameService - Server running - RAM: 553MB / 1472MB (Max: 8180MB) 
[2025-11-26 22:20:26.373] INFO  org.alter.game.service.GameService - Server running - RAM: 673MB / 1472MB (Max: 8180MB) 
[2025-11-26 22:20:26.881] INFO  spark.webserver.MatcherFilter - The requested route [/world_list.ws] has not been mapped in Spark 
[2025-11-26 22:20:32.965] INFO  org.alter.game.service.GameService - Server running - RAM: 813MB / 1472MB (Max: 8180MB) 
[2025-11-26 22:20:39.584] INFO  org.alter.game.service.GameService - Server running - RAM: 955MB / 1472MB (Max: 8180MB) 
[2025-11-26 22:20:46.168] INFO  org.alter.game.service.GameService - Server running - RAM: 1071MB / 1472MB (Max: 8180MB) 
[2025-11-26 22:20:52.782] INFO  org.alter.game.service.GameService - Server running - RAM: 1213MB / 1472MB (Max: 8180MB) 
[2025-11-26 22:20:59.381] INFO  org.alter.game.service.GameService - Server running - RAM: 571MB / 1472MB (Max: 8180MB) 
[2025-11-26 22:21:05.969] INFO  org.alter.game.service.GameService - Server running - RAM: 691MB / 1472MB (Max: 8180MB) 
[2025-11-26 22:21:12.574] INFO  org.alter.game.service.GameService - Server running - RAM: 829MB / 1472MB (Max: 8180MB) 
[2025-11-26 22:21:19.177] INFO  org.alter.game.service.GameService - Server running - RAM: 971MB / 1472MB (Max: 8180MB) 
[2025-11-26 22:21:25.775] INFO  org.alter.game.service.GameService - Server running - RAM: 1087MB / 1472MB (Max: 8180MB) 
[2025-11-26 22:21:32.382] INFO  org.alter.game.service.GameService - Server running - RAM: 1229MB / 1472MB (Max: 8180MB) 
[2025-11-26 22:21:38.977] INFO  org.alter.game.service.GameService - Server running - RAM: 587MB / 1472MB (Max: 8180MB) 
[2025-11-26 22:21:45.572] INFO  org.alter.game.service.GameService - Server running - RAM: 709MB / 1472MB (Max: 8180MB) 
[2025-11-26 22:21:52.174] INFO  org.alter.game.service.GameService - Server running - RAM: 847MB / 1472MB (Max: 8180MB) 
[2025-11-26 22:21:58.788] INFO  org.alter.game.service.GameService - Server running - RAM: 987MB / 1472MB (Max: 8180MB) 
[2025-11-26 22:22:05.369] INFO  org.alter.game.service.GameService - Server running - RAM: 1105MB / 1472MB (Max: 8180MB) 
[2025-11-26 22:22:11.973] INFO  org.alter.game.service.GameService - Server running - RAM: 1247MB / 1472MB (Max: 8180MB) 
[2025-11-26 22:22:18.584] INFO  org.alter.game.service.GameService - Server running - RAM: 603MB / 1472MB (Max: 8180MB) 
[2025-11-26 22:22:25.178] INFO  org.alter.game.service.GameService - Server running - RAM: 725MB / 1472MB (Max: 8180MB) 
[2025-11-26 22:22:31.765] INFO  org.alter.game.service.GameService - Server running - RAM: 863MB / 1472MB (Max: 8180MB) 
[2025-11-26 22:22:38.391] INFO  org.alter.game.service.GameService - Server running - RAM: 1003MB / 1472MB (Max: 8180MB) 
[2025-11-26 22:22:44.978] INFO  org.alter.game.service.GameService - Server running - RAM: 1121MB / 1472MB (Max: 8180MB) 
[2025-11-26 22:22:51.582] INFO  org.alter.game.service.GameService - Server running - RAM: 1263MB / 1472MB (Max: 8180MB) 
[2025-11-26 22:22:58.178] INFO  org.alter.game.service.GameService - Server running - RAM: 619MB / 1472MB (Max: 8180MB) 
[2025-11-26 22:23:04.773] INFO  org.alter.game.service.GameService - Server running - RAM: 741MB / 1472MB (Max: 8180MB) 
[2025-11-26 22:23:11.376] INFO  org.alter.game.service.GameService - Server running - RAM: 879MB / 1472MB (Max: 8180MB) 
[2025-11-26 22:23:17.984] INFO  org.alter.game.service.GameService - Server running - RAM: 1019MB / 1472MB (Max: 8180MB) 
[2025-11-26 22:23:24.571] INFO  org.alter.game.service.GameService - Server running - RAM: 1137MB / 1472MB (Max: 8180MB) 
[2025-11-26 22:23:31.182] INFO  org.alter.game.service.GameService - Server running - RAM: 1279MB / 1472MB (Max: 8180MB) 
[2025-11-26 22:23:37.778] INFO  org.alter.game.service.GameService - Server running - RAM: 635MB / 1472MB (Max: 8180MB) 
[2025-11-26 22:23:44.373] INFO  org.alter.game.service.GameService - Server running - RAM: 757MB / 1472MB (Max: 8180MB) 
[2025-11-26 22:23:50.976] INFO  org.alter.game.service.GameService - Server running - RAM: 895MB / 1472MB (Max: 8180MB) 
[2025-11-26 22:23:57.584] INFO  org.alter.game.service.GameService - Server running - RAM: 1035MB / 1472MB (Max: 8180MB) 
[2025-11-26 22:24:04.180] INFO  org.alter.game.service.GameService - Server running - RAM: 1153MB / 1472MB (Max: 8180MB) 
[2025-11-26 22:24:10.775] INFO  org.alter.game.service.GameService - Server running - RAM: 1295MB / 1472MB (Max: 8180MB) 
[2025-11-26 22:24:17.388] INFO  org.alter.game.service.GameService - Server running - RAM: 651MB / 1472MB (Max: 8180MB) 
[2025-11-26 22:24:23.976] INFO  org.alter.game.service.GameService - Server running - RAM: 773MB / 1472MB (Max: 8180MB) 
[2025-11-26 22:24:30.577] INFO  org.alter.game.service.GameService - Server running - RAM: 911MB / 1472MB (Max: 8180MB) 
[2025-11-26 22:24:37.182] INFO  org.alter.game.service.GameService - Server running - RAM: 1053MB / 1472MB (Max: 8180MB) 
[2025-11-26 22:24:43.764] INFO  org.alter.game.service.GameService - Server running - RAM: 1169MB / 1472MB (Max: 8180MB) 
[2025-11-26 22:24:50.384] INFO  org.alter.game.service.GameService - Server running - RAM: 1311MB / 1472MB (Max: 8180MB) 
[2025-11-26 22:24:56.982] INFO  org.alter.game.service.GameService - Server running - RAM: 667MB / 1472MB (Max: 8180MB) 
[2025-11-26 22:25:03.580] INFO  org.alter.game.service.GameService - Server running - RAM: 789MB / 1472MB (Max: 8180MB) 
[2025-11-26 22:25:10.176] INFO  org.alter.game.service.GameService - Server running - RAM: 927MB / 1472MB (Max: 8180MB) 
[2025-11-26 22:25:16.789] INFO  org.alter.game.service.GameService - Server running - RAM: 1069MB / 1472MB (Max: 8180MB) 
[2025-11-26 22:25:23.374] INFO  org.alter.game.service.GameService - Server running - RAM: 1185MB / 1472MB (Max: 8180MB) 
[2025-11-26 22:25:29.969] INFO  org.alter.game.service.GameService - Server running - RAM: 551MB / 1472MB (Max: 8180MB) 
[2025-11-26 22:25:36.576] INFO  org.alter.game.service.GameService - Server running - RAM: 689MB / 1472MB (Max: 8180MB) 
[2025-11-26 22:25:43.169] INFO  org.alter.game.service.GameService - Server running - RAM: 809MB / 1472MB (Max: 8180MB) 
[2025-11-26 22:25:49.771] INFO  org.alter.game.service.GameService - Server running - RAM: 947MB / 1472MB (Max: 8180MB) 
[2025-11-26 22:25:56.381] INFO  org.alter.game.service.GameService - Server running - RAM: 1087MB / 1472MB (Max: 8180MB) 
[2025-11-26 22:26:02.970] INFO  org.alter.game.service.GameService - Server running - RAM: 1205MB / 1472MB (Max: 8180MB) 
[2025-11-26 22:26:09.583] INFO  org.alter.game.service.GameService - Server running - RAM: 571MB / 1472MB (Max: 8180MB) 
[2025-11-26 22:26:16.176] INFO  org.alter.game.service.GameService - Server running - RAM: 709MB / 1472MB (Max: 8180MB) 
[2025-11-26 22:26:22.773] INFO  org.alter.game.service.GameService - Server running - RAM: 829MB / 1472MB (Max: 8180MB) 
[2025-11-26 22:26:29.367] INFO  org.alter.game.service.GameService - Server running - RAM: 967MB / 1472MB (Max: 8180MB) 
[2025-11-26 22:26:35.981] INFO  org.alter.game.service.GameService - Server running - RAM: 1109MB / 1472MB (Max: 8180MB) 
[2025-11-26 22:26:42.566] INFO  org.alter.game.service.GameService - Server running - RAM: 1225MB / 1472MB (Max: 8180MB) 
[2025-11-26 22:26:49.175] INFO  org.alter.game.service.GameService - Server running - RAM: 591MB / 1472MB (Max: 8180MB) 
[2025-11-26 22:26:55.785] INFO  org.alter.game.service.GameService - Server running - RAM: 727MB / 1472MB (Max: 8180MB) 
[2025-11-26 22:27:02.382] INFO  org.alter.game.service.GameService - Server running - RAM: 849MB / 1472MB (Max: 8180MB) 
[2025-11-26 22:27:08.975] INFO  org.alter.game.service.GameService - Server running - RAM: 987MB / 1472MB (Max: 8180MB) 
[2025-11-26 22:27:15.590] INFO  org.alter.game.service.GameService - Server running - RAM: 1129MB / 1472MB (Max: 8180MB) 
[2025-11-26 22:27:22.175] INFO  org.alter.game.service.GameService - Server running - RAM: 1245MB / 1472MB (Max: 8180MB) 
[2025-11-26 22:27:28.783] INFO  org.alter.game.service.GameService - Server running - RAM: 611MB / 1472MB (Max: 8180MB) 
[2025-11-26 22:27:35.384] INFO  org.alter.game.service.GameService - Server running - RAM: 749MB / 1472MB (Max: 8180MB) 
[2025-11-26 22:27:41.981] INFO  org.alter.game.service.GameService - Server running - RAM: 869MB / 1472MB (Max: 8180MB) 
[2025-11-26 22:27:48.564] INFO  org.alter.game.service.GameService - Server running - RAM: 1007MB / 1472MB (Max: 8180MB) 
[2025-11-26 22:27:55.180] INFO  org.alter.game.service.GameService - Server running - RAM: 1147MB / 1472MB (Max: 8180MB) 
[2025-11-26 22:28:01.777] INFO  org.alter.game.service.GameService - Server running - RAM: 1265MB / 1472MB (Max: 8180MB) 
[2025-11-26 22:28:08.381] INFO  org.alter.game.service.GameService - Server running - RAM: 631MB / 1472MB (Max: 8180MB) 
[2025-11-26 22:28:14.977] INFO  org.alter.game.service.GameService - Server running - RAM: 767MB / 1472MB (Max: 8180MB) 
[2025-11-26 22:28:21.570] INFO  org.alter.game.service.GameService - Server running - RAM: 889MB / 1472MB (Max: 8180MB) 
[2025-11-26 22:28:28.165] INFO  org.alter.game.service.GameService - Server running - RAM: 1027MB / 1472MB (Max: 8180MB) 
[2025-11-26 22:28:34.794] INFO  org.alter.game.service.GameService - Server running - RAM: 1169MB / 1472MB (Max: 8180MB) 
[2025-11-26 22:28:41.366] INFO  org.alter.game.service.GameService - Server running - RAM: 1285MB / 1472MB (Max: 8180MB) 
[2025-11-26 22:28:47.971] INFO  org.alter.game.service.GameService - Server running - RAM: 651MB / 1472MB (Max: 8180MB) 
[2025-11-26 22:28:54.578] INFO  org.alter.game.service.GameService - Server running - RAM: 787MB / 1472MB (Max: 8180MB) 
[2025-11-26 22:29:01.180] INFO  org.alter.game.service.GameService - Server running - RAM: 915MB / 1472MB (Max: 8180MB) 
[2025-11-26 22:29:07.777] INFO  org.alter.game.service.GameService - Server running - RAM: 1053MB / 1472MB (Max: 8180MB) 
[2025-11-26 22:29:14.385] INFO  org.alter.game.service.GameService - Server running - RAM: 1195MB / 1472MB (Max: 8180MB) 
[2025-11-26 22:29:20.971] INFO  org.alter.game.service.GameService - Server running - RAM: 540MB / 1472MB (Max: 8180MB) 
[2025-11-26 22:29:27.574] INFO  org.alter.game.service.GameService - Server running - RAM: 682MB / 1472MB (Max: 8180MB) 
[2025-11-26 22:29:34.183] INFO  org.alter.game.service.GameService - Server running - RAM: 818MB / 1472MB (Max: 8180MB) 
[2025-11-26 22:29:40.781] INFO  org.alter.game.service.GameService - Server running - RAM: 940MB / 1472MB (Max: 8180MB) 
[2025-11-26 22:29:47.369] INFO  org.alter.game.service.GameService - Server running - RAM: 1078MB / 1472MB (Max: 8180MB) 
[2025-11-26 22:29:54.002] INFO  org.alter.game.service.GameService - Server running - RAM: 1220MB / 1472MB (Max: 8180MB) 
[2025-11-26 22:30:00.573] INFO  org.alter.game.service.GameService - Server running - RAM: 560MB / 1472MB (Max: 8180MB) 
[2025-11-26 22:30:07.172] INFO  org.alter.game.service.GameService - Server running - RAM: 704MB / 1472MB (Max: 8180MB) 
[2025-11-26 22:30:13.779] INFO  org.alter.game.service.GameService - Server running - RAM: 840MB / 1472MB (Max: 8180MB) 
[2025-11-26 22:30:20.372] INFO  org.alter.game.service.GameService - Server running - RAM: 960MB / 1472MB (Max: 8180MB) 
[2025-11-26 22:30:26.896] INFO  spark.webserver.MatcherFilter - The requested route [/world_list.ws] has not been mapped in Spark 
[2025-11-26 22:30:26.975] INFO  org.alter.game.service.GameService - Server running - RAM: 1100MB / 1472MB (Max: 8180MB) 
[2025-11-26 22:30:33.582] INFO  org.alter.game.service.GameService - Server running - RAM: 1240MB / 1472MB (Max: 8180MB) 
[2025-11-26 22:30:40.178] INFO  org.alter.game.service.GameService - Server running - RAM: 584MB / 1472MB (Max: 8180MB) 
[2025-11-26 22:30:46.777] INFO  org.alter.game.service.GameService - Server running - RAM: 726MB / 1472MB (Max: 8180MB) 
[2025-11-26 22:30:53.387] INFO  org.alter.game.service.GameService - Server running - RAM: 862MB / 1472MB (Max: 8180MB) 
[2025-11-26 22:30:59.973] INFO  org.alter.game.service.GameService - Server running - RAM: 988MB / 1472MB (Max: 8180MB) 
[2025-11-26 22:31:06.580] INFO  org.alter.game.service.GameService - Server running - RAM: 1128MB / 1472MB (Max: 8180MB) 
[2025-11-26 22:31:13.188] INFO  org.alter.game.service.GameService - Server running - RAM: 1270MB / 1472MB (Max: 8180MB) 
[2025-11-26 22:31:19.777] INFO  org.alter.game.service.GameService - Server running - RAM: 614MB / 1472MB (Max: 8180MB) 
[2025-11-26 22:31:26.377] INFO  org.alter.game.service.GameService - Server running - RAM: 758MB / 1472MB (Max: 8180MB) 
[2025-11-26 22:31:32.988] INFO  org.alter.game.service.GameService - Server running - RAM: 894MB / 1472MB (Max: 8180MB) 
[2025-11-26 22:31:39.583] INFO  org.alter.game.service.GameService - Server running - RAM: 1016MB / 1472MB (Max: 8180MB) 
[2025-11-26 22:31:46.168] INFO  org.alter.game.service.GameService - Server running - RAM: 1154MB / 1472MB (Max: 8180MB) 
[2025-11-26 22:31:52.794] INFO  org.alter.game.service.GameService - Server running - RAM: 1296MB / 1472MB (Max: 8180MB) 
[2025-11-26 22:31:59.365] INFO  org.alter.game.service.GameService - Server running - RAM: 644MB / 1472MB (Max: 8180MB) 
[2025-11-26 22:32:05.979] INFO  org.alter.game.service.GameService - Server running - RAM: 788MB / 1472MB (Max: 8180MB) 
[2025-11-26 22:32:12.583] INFO  org.alter.game.service.GameService - Server running - RAM: 924MB / 1472MB (Max: 8180MB) 
[2025-11-26 22:32:19.182] INFO  org.alter.game.service.GameService - Server running - RAM: 1046MB / 1472MB (Max: 8180MB) 
[2025-11-26 22:32:25.772] INFO  org.alter.game.service.GameService - Server running - RAM: 1184MB / 1472MB (Max: 8180MB) 
[2025-11-26 22:32:32.395] INFO  org.alter.game.service.GameService - Server running - RAM: 558MB / 1472MB (Max: 8180MB) 
[2025-11-26 22:32:38.976] INFO  org.alter.game.service.GameService - Server running - RAM: 676MB / 1472MB (Max: 8180MB) 
[2025-11-26 22:32:45.572] INFO  org.alter.game.service.GameService - Server running - RAM: 818MB / 1472MB (Max: 8180MB) 
[2025-11-26 22:32:52.181] INFO  org.alter.game.service.GameService - Server running - RAM: 954MB / 1472MB (Max: 8180MB) 
[2025-11-26 22:32:58.779] INFO  org.alter.game.service.GameService - Server running - RAM: 1076MB / 1472MB (Max: 8180MB) 
[2025-11-26 22:33:05.368] INFO  org.alter.game.service.GameService - Server running - RAM: 1216MB / 1472MB (Max: 8180MB) 
[2025-11-26 22:33:11.986] INFO  org.alter.game.service.GameService - Server running - RAM: 588MB / 1472MB (Max: 8180MB) 
[2025-11-26 22:33:18.576] INFO  org.alter.game.service.GameService - Server running - RAM: 706MB / 1472MB (Max: 8180MB) 
[2025-11-26 22:33:25.180] INFO  org.alter.game.service.GameService - Server running - RAM: 848MB / 1472MB (Max: 8180MB) 
[2025-11-26 22:33:31.774] INFO  org.alter.game.service.GameService - Server running - RAM: 984MB / 1472MB (Max: 8180MB) 
[2025-11-26 22:33:38.378] INFO  org.alter.game.service.GameService - Server running - RAM: 1106MB / 1472MB (Max: 8180MB) 
[2025-11-26 22:33:44.979] INFO  org.alter.game.service.GameService - Server running - RAM: 1246MB / 1472MB (Max: 8180MB) 
[2025-11-26 22:33:51.581] INFO  org.alter.game.service.GameService - Server running - RAM: 618MB / 1472MB (Max: 8180MB) 
[2025-11-26 22:33:58.169] INFO  org.alter.game.service.GameService - Server running - RAM: 736MB / 1472MB (Max: 8180MB) 
[2025-11-26 22:34:04.771] INFO  org.alter.game.service.GameService - Server running - RAM: 880MB / 1472MB (Max: 8180MB) 
[2025-11-26 22:34:11.380] INFO  org.alter.game.service.GameService - Server running - RAM: 1016MB / 1472MB (Max: 8180MB) 
[2025-11-26 22:34:17.980] INFO  org.alter.game.service.GameService - Server running - RAM: 1138MB / 1472MB (Max: 8180MB) 
[2025-11-26 22:34:24.576] INFO  org.alter.game.service.GameService - Server running - RAM: 1276MB / 1472MB (Max: 8180MB) 
[2025-11-26 22:34:31.192] INFO  org.alter.game.service.GameService - Server running - RAM: 648MB / 1472MB (Max: 8180MB) 
[2025-11-26 22:34:37.764] INFO  org.alter.game.service.GameService - Server running - RAM: 768MB / 1472MB (Max: 8180MB) 
[2025-11-26 22:34:44.379] INFO  org.alter.game.service.GameService - Server running - RAM: 910MB / 1472MB (Max: 8180MB) 
[2025-11-26 22:34:50.984] INFO  org.alter.game.service.GameService - Server running - RAM: 1046MB / 1472MB (Max: 8180MB) 
[2025-11-26 22:34:57.579] INFO  org.alter.game.service.GameService - Server running - RAM: 1168MB / 1472MB (Max: 8180MB) 
[2025-11-26 22:35:04.168] INFO  org.alter.game.service.GameService - Server running - RAM: 1308MB / 1472MB (Max: 8180MB) 
[2025-11-26 22:35:10.792] INFO  org.alter.game.service.GameService - Server running - RAM: 681MB / 1472MB (Max: 8180MB) 
[2025-11-26 22:35:17.376] INFO  org.alter.game.service.GameService - Server running - RAM: 799MB / 1472MB (Max: 8180MB) 
[2025-11-26 22:35:23.979] INFO  org.alter.game.service.GameService - Server running - RAM: 941MB / 1472MB (Max: 8180MB) 
[2025-11-26 22:35:30.577] INFO  org.alter.game.service.GameService - Server running - RAM: 1079MB / 1472MB (Max: 8180MB) 
[2025-11-26 22:35:37.170] INFO  org.alter.game.service.GameService - Server running - RAM: 1201MB / 1472MB (Max: 8180MB) 
[2025-11-26 22:35:43.773] INFO  org.alter.game.service.GameService - Server running - RAM: 571MB / 1472MB (Max: 8180MB) 
[2025-11-26 22:35:50.388] INFO  org.alter.game.service.GameService - Server running - RAM: 711MB / 1472MB (Max: 8180MB) 
[2025-11-26 22:35:56.967] INFO  org.alter.game.service.GameService - Server running - RAM: 829MB / 1472MB (Max: 8180MB) 
[2025-11-26 22:36:03.578] INFO  org.alter.game.service.GameService - Server running - RAM: 971MB / 1472MB (Max: 8180MB) 
[2025-11-26 22:36:10.176] INFO  org.alter.game.service.GameService - Server running - RAM: 1109MB / 1472MB (Max: 8180MB) 
[2025-11-26 22:36:16.776] INFO  org.alter.game.service.GameService - Server running - RAM: 1231MB / 1472MB (Max: 8180MB) 
[2025-11-26 22:36:23.375] INFO  org.alter.game.service.GameService - Server running - RAM: 603MB / 1472MB (Max: 8180MB) 
[2025-11-26 22:36:29.990] INFO  org.alter.game.service.GameService - Server running - RAM: 743MB / 1472MB (Max: 8180MB) 
[2025-11-26 22:36:36.570] INFO  org.alter.game.service.GameService - Server running - RAM: 861MB / 1472MB (Max: 8180MB) 
[2025-11-26 22:36:43.175] INFO  org.alter.game.service.GameService - Server running - RAM: 1003MB / 1472MB (Max: 8180MB) 
[2025-11-26 22:36:49.775] INFO  org.alter.game.service.GameService - Server running - RAM: 1141MB / 1472MB (Max: 8180MB) 
[2025-11-26 22:36:56.378] INFO  org.alter.game.service.GameService - Server running - RAM: 1261MB / 1472MB (Max: 8180MB) 
[2025-11-26 22:37:02.978] INFO  org.alter.game.service.GameService - Server running - RAM: 633MB / 1472MB (Max: 8180MB) 
[2025-11-26 22:37:09.590] INFO  org.alter.game.service.GameService - Server running - RAM: 775MB / 1472MB (Max: 8180MB) 
[2025-11-26 22:37:16.168] INFO  org.alter.game.service.GameService - Server running - RAM: 891MB / 1472MB (Max: 8180MB) 
[2025-11-26 22:37:22.773] INFO  org.alter.game.service.GameService - Server running - RAM: 1035MB / 1472MB (Max: 8180MB) 
[2025-11-26 22:37:29.378] INFO  org.alter.game.service.GameService - Server running - RAM: 1171MB / 1472MB (Max: 8180MB) 
[2025-11-26 22:37:35.980] INFO  org.alter.game.service.GameService - Server running - RAM: 1293MB / 1472MB (Max: 8180MB) 
[2025-11-26 22:37:42.579] INFO  org.alter.game.service.GameService - Server running - RAM: 663MB / 1472MB (Max: 8180MB) 
[2025-11-26 22:37:49.194] INFO  org.alter.game.service.GameService - Server running - RAM: 805MB / 1472MB (Max: 8180MB) 
[2025-11-26 22:37:55.778] INFO  org.alter.game.service.GameService - Server running - RAM: 923MB / 1472MB (Max: 8180MB) 
[2025-11-26 22:38:02.377] INFO  org.alter.game.service.GameService - Server running - RAM: 1065MB / 1472MB (Max: 8180MB) 
[2025-11-26 22:38:08.974] INFO  org.alter.game.service.GameService - Server running - RAM: 1203MB / 1472MB (Max: 8180MB) 
[2025-11-26 22:38:15.581] INFO  org.alter.game.service.GameService - Server running - RAM: 557MB / 1472MB (Max: 8180MB) 
[2025-11-26 22:38:22.174] INFO  org.alter.game.service.GameService - Server running - RAM: 695MB / 1472MB (Max: 8180MB) 
[2025-11-26 22:38:28.786] INFO  org.alter.game.service.GameService - Server running - RAM: 835MB / 1472MB (Max: 8180MB) 
[2025-11-26 22:38:35.372] INFO  org.alter.game.service.GameService - Server running - RAM: 953MB / 1472MB (Max: 8180MB) 
[2025-11-26 22:38:41.974] INFO  org.alter.game.service.GameService - Server running - RAM: 1097MB / 1472MB (Max: 8180MB) 
[2025-11-26 22:38:48.578] INFO  org.alter.game.service.GameService - Server running - RAM: 1233MB / 1472MB (Max: 8180MB) 
[2025-11-26 22:38:55.173] INFO  org.alter.game.service.GameService - Server running - RAM: 587MB / 1472MB (Max: 8180MB) 
[2025-11-26 22:39:01.767] INFO  org.alter.game.service.GameService - Server running - RAM: 725MB / 1472MB (Max: 8180MB) 
[2025-11-26 22:39:08.390] INFO  org.alter.game.service.GameService - Server running - RAM: 867MB / 1472MB (Max: 8180MB) 
[2025-11-26 22:39:14.971] INFO  org.alter.game.service.GameService - Server running - RAM: 985MB / 1472MB (Max: 8180MB) 
[2025-11-26 22:39:21.577] INFO  org.alter.game.service.GameService - Server running - RAM: 1127MB / 1472MB (Max: 8180MB) 
[2025-11-26 22:39:28.189] INFO  org.alter.game.service.GameService - Server running - RAM: 1265MB / 1472MB (Max: 8180MB) 
[2025-11-26 22:39:34.776] INFO  org.alter.game.service.GameService - Server running - RAM: 611MB / 1472MB (Max: 8180MB) 
[2025-11-26 22:39:41.375] INFO  org.alter.game.service.GameService - Server running - RAM: 751MB / 1472MB (Max: 8180MB) 
[2025-11-26 22:39:47.982] INFO  org.alter.game.service.GameService - Server running - RAM: 891MB / 1472MB (Max: 8180MB) 
[2025-11-26 22:39:54.570] INFO  org.alter.game.service.GameService - Server running - RAM: 1009MB / 1472MB (Max: 8180MB) 
[2025-11-26 22:40:01.177] INFO  org.alter.game.service.GameService - Server running - RAM: 1151MB / 1472MB (Max: 8180MB) 
[2025-11-26 22:40:07.779] INFO  org.alter.game.service.GameService - Server running - RAM: 1289MB / 1472MB (Max: 8180MB) 
[2025-11-26 22:40:14.378] INFO  org.alter.game.service.GameService - Server running - RAM: 639MB / 1472MB (Max: 8180MB) 
[2025-11-26 22:40:20.966] INFO  org.alter.game.service.GameService - Server running - RAM: 777MB / 1472MB (Max: 8180MB) 
[2025-11-26 22:40:26.907] INFO  spark.webserver.MatcherFilter - The requested route [/world_list.ws] has not been mapped in Spark 
[2025-11-26 22:40:27.588] INFO  org.alter.game.service.GameService - Server running - RAM: 921MB / 1472MB (Max: 8180MB) 
[2025-11-26 22:40:34.168] INFO  org.alter.game.service.GameService - Server running - RAM: 1039MB / 1472MB (Max: 8180MB) 
[2025-11-26 22:40:40.774] INFO  org.alter.game.service.GameService - Server running - RAM: 1181MB / 1472MB (Max: 8180MB) 
[2025-11-26 22:40:47.380] INFO  org.alter.game.service.GameService - Server running - RAM: 553MB / 1472MB (Max: 8180MB) 
[2025-11-26 22:40:53.975] INFO  org.alter.game.service.GameService - Server running - RAM: 673MB / 1472MB (Max: 8180MB) 
[2025-11-26 22:41:00.572] INFO  org.alter.game.service.GameService - Server running - RAM: 813MB / 1472MB (Max: 8180MB) 
[2025-11-26 22:41:07.185] INFO  org.alter.game.service.GameService - Server running - RAM: 961MB / 1472MB (Max: 8180MB) 
[2025-11-26 22:41:13.775] INFO  org.alter.game.service.GameService - Server running - RAM: 1079MB / 1472MB (Max: 8180MB) 
[2025-11-26 22:41:20.376] INFO  org.alter.game.service.GameService - Server running - RAM: 1221MB / 1472MB (Max: 8180MB) 
[2025-11-26 22:41:26.982] INFO  org.alter.game.service.GameService - Server running - RAM: 589MB / 1472MB (Max: 8180MB) 
[2025-11-26 22:41:33.573] INFO  org.alter.game.service.GameService - Server running - RAM: 711MB / 1472MB (Max: 8180MB) 
[2025-11-26 22:41:40.179] INFO  org.alter.game.service.GameService - Server running - RAM: 851MB / 1472MB (Max: 8180MB) 
[2025-11-26 22:41:46.785] INFO  org.alter.game.service.GameService - Server running - RAM: 993MB / 1472MB (Max: 8180MB) 
[2025-11-26 22:41:53.370] INFO  org.alter.game.service.GameService - Server running - RAM: 1111MB / 1472MB (Max: 8180MB) 
[2025-11-26 22:41:59.972] INFO  org.alter.game.service.GameService - Server running - RAM: 1255MB / 1472MB (Max: 8180MB) 
[2025-11-26 22:42:06.575] INFO  org.alter.game.service.GameService - Server running - RAM: 630MB / 1472MB (Max: 8180MB) 
[2025-11-26 22:42:13.174] INFO  org.alter.game.service.GameService - Server running - RAM: 752MB / 1472MB (Max: 8180MB) 
[2025-11-26 22:42:19.768] INFO  org.alter.game.service.GameService - Server running - RAM: 892MB / 1472MB (Max: 8180MB) 
[2025-11-26 22:42:26.384] INFO  org.alter.game.service.GameService - Server running - RAM: 1034MB / 1472MB (Max: 8180MB) 
[2025-11-26 22:42:32.976] INFO  org.alter.game.service.GameService - Server running - RAM: 1152MB / 1472MB (Max: 8180MB) 
[2025-11-26 22:42:39.574] INFO  org.alter.game.service.GameService - Server running - RAM: 1296MB / 1472MB (Max: 8180MB) 
[2025-11-26 22:42:46.183] INFO  org.alter.game.service.GameService - Server running - RAM: 672MB / 1472MB (Max: 8180MB) 
[2025-11-26 22:42:52.785] INFO  org.alter.game.service.GameService - Server running - RAM: 794MB / 1472MB (Max: 8180MB) 
[2025-11-26 22:42:59.367] INFO  org.alter.game.service.GameService - Server running - RAM: 932MB / 1472MB (Max: 8180MB) 
[2025-11-26 22:43:05.983] INFO  org.alter.game.service.GameService - Server running - RAM: 1076MB / 1472MB (Max: 8180MB) 
[2025-11-26 22:43:12.567] INFO  org.alter.game.service.GameService - Server running - RAM: 1192MB / 1472MB (Max: 8180MB) 
[2025-11-26 22:43:19.185] INFO  org.alter.game.service.GameService - Server running - RAM: 572MB / 1472MB (Max: 8180MB) 
[2025-11-26 22:43:25.785] INFO  org.alter.game.service.GameService - Server running - RAM: 710MB / 1472MB (Max: 8180MB) 
[2025-11-26 22:43:32.381] INFO  org.alter.game.service.GameService - Server running - RAM: 832MB / 1472MB (Max: 8180MB) 
[2025-11-26 22:43:38.979] INFO  org.alter.game.service.GameService - Server running - RAM: 972MB / 1472MB (Max: 8180MB) 
[2025-11-26 22:43:45.587] INFO  org.alter.game.service.GameService - Server running - RAM: 1114MB / 1472MB (Max: 8180MB) 
[2025-11-26 22:43:52.172] INFO  org.alter.game.service.GameService - Server running - RAM: 1234MB / 1472MB (Max: 8180MB) 
[2025-11-26 22:43:58.782] INFO  org.alter.game.service.GameService - Server running - RAM: 612MB / 1472MB (Max: 8180MB) 
[2025-11-26 22:44:05.377] INFO  org.alter.game.service.GameService - Server running - RAM: 752MB / 1472MB (Max: 8180MB) 
[2025-11-26 22:44:11.972] INFO  org.alter.game.service.GameService - Server running - RAM: 874MB / 1472MB (Max: 8180MB) 
[2025-11-26 22:44:18.579] INFO  org.alter.game.service.GameService - Server running - RAM: 1014MB / 1472MB (Max: 8180MB) 
[2025-11-26 22:44:25.192] INFO  org.alter.game.service.GameService - Server running - RAM: 1156MB / 1472MB (Max: 8180MB) 
[2025-11-26 22:44:31.771] INFO  org.alter.game.service.GameService - Server running - RAM: 1274MB / 1472MB (Max: 8180MB) 
[2025-11-26 22:44:38.384] INFO  org.alter.game.service.GameService - Server running - RAM: 654MB / 1472MB (Max: 8180MB) 
[2025-11-26 22:44:44.984] INFO  org.alter.game.service.GameService - Server running - RAM: 790MB / 1472MB (Max: 8180MB) 
[2025-11-26 22:44:51.585] INFO  org.alter.game.service.GameService - Server running - RAM: 912MB / 1472MB (Max: 8180MB) 
[2025-11-26 22:44:58.168] INFO  org.alter.game.service.GameService - Server running - RAM: 1050MB / 1472MB (Max: 8180MB) 
[2025-11-26 22:45:04.790] INFO  org.alter.game.service.GameService - Server running - RAM: 1194MB / 1472MB (Max: 8180MB) 
[2025-11-26 22:45:11.377] INFO  org.alter.game.service.GameService - Server running - RAM: 550MB / 1472MB (Max: 8180MB) 
[2025-11-26 22:45:17.981] INFO  org.alter.game.service.GameService - Server running - RAM: 694MB / 1472MB (Max: 8180MB) 
[2025-11-26 22:45:24.574] INFO  org.alter.game.service.GameService - Server running - RAM: 832MB / 1472MB (Max: 8180MB) 
[2025-11-26 22:45:31.180] INFO  org.alter.game.service.GameService - Server running - RAM: 954MB / 1472MB (Max: 8180MB) 
[2025-11-26 22:45:37.774] INFO  org.alter.game.service.GameService - Server running - RAM: 1094MB / 1472MB (Max: 8180MB) 
[2025-11-26 22:45:44.385] INFO  org.alter.game.service.GameService - Server running - RAM: 1236MB / 1472MB (Max: 8180MB) 
[2025-11-26 22:45:50.979] INFO  org.alter.game.service.GameService - Server running - RAM: 590MB / 1472MB (Max: 8180MB) 
[2025-11-26 22:45:57.577] INFO  org.alter.game.service.GameService - Server running - RAM: 732MB / 1472MB (Max: 8180MB) 
[2025-11-26 22:46:04.189] INFO  org.alter.game.service.GameService - Server running - RAM: 870MB / 1472MB (Max: 8180MB) 
[2025-11-26 22:46:10.786] INFO  org.alter.game.service.GameService - Server running - RAM: 992MB / 1472MB (Max: 8180MB) 
[2025-11-26 22:46:17.368] INFO  org.alter.game.service.GameService - Server running - RAM: 1132MB / 1472MB (Max: 8180MB) 
[2025-11-26 22:46:23.984] INFO  org.alter.game.service.GameService - Server running - RAM: 1272MB / 1472MB (Max: 8180MB) 
[2025-11-26 22:46:30.576] INFO  org.alter.game.service.GameService - Server running - RAM: 626MB / 1472MB (Max: 8180MB) 
[2025-11-26 22:46:37.174] INFO  org.alter.game.service.GameService - Server running - RAM: 772MB / 1472MB (Max: 8180MB) 
[2025-11-26 22:46:43.784] INFO  org.alter.game.service.GameService - Server running - RAM: 908MB / 1472MB (Max: 8180MB) 
[2025-11-26 22:46:50.372] INFO  org.alter.game.service.GameService - Server running - RAM: 1030MB / 1472MB (Max: 8180MB) 
[2025-11-26 22:46:56.978] INFO  org.alter.game.service.GameService - Server running - RAM: 1170MB / 1472MB (Max: 8180MB) 
[2025-11-26 22:47:03.582] INFO  org.alter.game.service.GameService - Server running - RAM: 1310MB / 1472MB (Max: 8180MB) 
[2025-11-26 22:47:10.170] INFO  org.alter.game.service.GameService - Server running - RAM: 664MB / 1472MB (Max: 8180MB) 
[2025-11-26 22:47:16.774] INFO  org.alter.game.service.GameService - Server running - RAM: 808MB / 1472MB (Max: 8180MB) 
[2025-11-26 22:47:23.375] INFO  org.alter.game.service.GameService - Server running - RAM: 944MB / 1472MB (Max: 8180MB) 
[2025-11-26 22:47:29.982] INFO  org.alter.game.service.GameService - Server running - RAM: 1066MB / 1472MB (Max: 8180MB) 
[2025-11-26 22:47:36.575] INFO  org.alter.game.service.GameService - Server running - RAM: 1206MB / 1472MB (Max: 8180MB) 
[2025-11-26 22:47:43.192] INFO  org.alter.game.service.GameService - Server running - RAM: 584MB / 1472MB (Max: 8180MB) 
[2025-11-26 22:47:49.778] INFO  org.alter.game.service.GameService - Server running - RAM: 700MB / 1472MB (Max: 8180MB) 
[2025-11-26 22:47:56.381] INFO  org.alter.game.service.GameService - Server running - RAM: 844MB / 1472MB (Max: 8180MB) 
[2025-11-26 22:48:02.976] INFO  org.alter.game.service.GameService - Server running - RAM: 982MB / 1472MB (Max: 8180MB) 
[2025-11-26 22:48:09.578] INFO  org.alter.game.service.GameService - Server running - RAM: 1104MB / 1472MB (Max: 8180MB) 
[2025-11-26 22:48:16.176] INFO  org.alter.game.service.GameService - Server running - RAM: 1242MB / 1472MB (Max: 8180MB) 
[2025-11-26 22:48:22.783] INFO  org.alter.game.service.GameService - Server running - RAM: 620MB / 1472MB (Max: 8180MB) 
[2025-11-26 22:48:29.368] INFO  org.alter.game.service.GameService - Server running - RAM: 738MB / 1472MB (Max: 8180MB) 
[2025-11-26 22:48:35.982] INFO  org.alter.game.service.GameService - Server running - RAM: 882MB / 1472MB (Max: 8180MB) 
[2025-11-26 22:48:42.581] INFO  org.alter.game.service.GameService - Server running - RAM: 1018MB / 1472MB (Max: 8180MB) 
[2025-11-26 22:48:49.179] INFO  org.alter.game.service.GameService - Server running - RAM: 1140MB / 1472MB (Max: 8180MB) 
[2025-11-26 22:48:55.776] INFO  org.alter.game.service.GameService - Server running - RAM: 1278MB / 1472MB (Max: 8180MB) 
[2025-11-26 22:49:02.390] INFO  org.alter.game.service.GameService - Server running - RAM: 656MB / 1472MB (Max: 8180MB) 
[2025-11-26 22:49:08.977] INFO  org.alter.game.service.GameService - Server running - RAM: 774MB / 1472MB (Max: 8180MB) 
[2025-11-26 22:49:15.579] INFO  org.alter.game.service.GameService - Server running - RAM: 918MB / 1472MB (Max: 8180MB) 
[2025-11-26 22:49:22.181] INFO  org.alter.game.service.GameService - Server running - RAM: 1054MB / 1472MB (Max: 8180MB) 
[2025-11-26 22:49:28.784] INFO  org.alter.game.service.GameService - Server running - RAM: 1176MB / 1472MB (Max: 8180MB) 
[2025-11-26 22:49:35.372] INFO  org.alter.game.service.GameService - Server running - RAM: 552MB / 1472MB (Max: 8180MB) 
[2025-11-26 22:49:41.989] INFO  org.alter.game.service.GameService - Server running - RAM: 694MB / 1472MB (Max: 8180MB) 
[2025-11-26 22:49:48.566] INFO  org.alter.game.service.GameService - Server running - RAM: 812MB / 1472MB (Max: 8180MB) 
[2025-11-26 22:49:55.174] INFO  org.alter.game.service.GameService - Server running - RAM: 954MB / 1472MB (Max: 8180MB) 
[2025-11-26 22:50:01.782] INFO  org.alter.game.service.GameService - Server running - RAM: 1092MB / 1472MB (Max: 8180MB) 
[2025-11-26 22:50:08.371] INFO  org.alter.game.service.GameService - Server running - RAM: 1214MB / 1472MB (Max: 8180MB) 
[2025-11-26 22:50:14.969] INFO  org.alter.game.service.GameService - Server running - RAM: 590MB / 1472MB (Max: 8180MB) 
[2025-11-26 22:50:21.584] INFO  org.alter.game.service.GameService - Server running - RAM: 730MB / 1472MB (Max: 8180MB) 
[2025-11-26 22:50:26.914] INFO  spark.webserver.MatcherFilter - The requested route [/world_list.ws] has not been mapped in Spark 
[2025-11-26 22:50:28.175] INFO  org.alter.game.service.GameService - Server running - RAM: 848MB / 1472MB (Max: 8180MB) 
[2025-11-26 22:50:34.781] INFO  org.alter.game.service.GameService - Server running - RAM: 992MB / 1472MB (Max: 8180MB) 
[2025-11-26 22:50:41.375] INFO  org.alter.game.service.GameService - Server running - RAM: 1130MB / 1472MB (Max: 8180MB) 
[2025-11-26 22:50:47.982] INFO  org.alter.game.service.GameService - Server running - RAM: 1250MB / 1472MB (Max: 8180MB) 
[2025-11-26 22:50:54.578] INFO  org.alter.game.service.GameService - Server running - RAM: 622MB / 1472MB (Max: 8180MB) 
[2025-11-26 22:51:01.180] INFO  org.alter.game.service.GameService - Server running - RAM: 762MB / 1472MB (Max: 8180MB) 
[2025-11-26 22:51:07.776] INFO  org.alter.game.service.GameService - Server running - RAM: 880MB / 1472MB (Max: 8180MB) 
[2025-11-26 22:51:14.380] INFO  org.alter.game.service.GameService - Server running - RAM: 1024MB / 1472MB (Max: 8180MB) 
[2025-11-26 22:51:20.981] INFO  org.alter.game.service.GameService - Server running - RAM: 1160MB / 1472MB (Max: 8180MB) 
[2025-11-26 22:51:27.575] INFO  org.alter.game.service.GameService - Server running - RAM: 1282MB / 1472MB (Max: 8180MB) 
[2025-11-26 22:51:34.182] INFO  org.alter.game.service.GameService - Server running - RAM: 654MB / 1472MB (Max: 8180MB) 
[2025-11-26 22:51:40.789] INFO  org.alter.game.service.GameService - Server running - RAM: 796MB / 1472MB (Max: 8180MB) 
[2025-11-26 22:51:47.372] INFO  org.alter.game.service.GameService - Server running - RAM: 914MB / 1472MB (Max: 8180MB) 
[2025-11-26 22:51:53.972] INFO  org.alter.game.service.GameService - Server running - RAM: 1056MB / 1472MB (Max: 8180MB) 
[2025-11-26 22:52:00.584] INFO  org.alter.game.service.GameService - Server running - RAM: 1194MB / 1472MB (Max: 8180MB) 
[2025-11-26 22:52:07.172] INFO  org.alter.game.service.GameService - Server running - RAM: 548MB / 1472MB (Max: 8180MB) 
[2025-11-26 22:52:13.771] INFO  org.alter.game.service.GameService - Server running - RAM: 686MB / 1472MB (Max: 8180MB) 
[2025-11-26 22:52:20.379] INFO  org.alter.game.service.GameService - Server running - RAM: 828MB / 1472MB (Max: 8180MB) 
[2025-11-26 22:52:26.972] INFO  org.alter.game.service.GameService - Server running - RAM: 944MB / 1472MB (Max: 8180MB) 
[2025-11-26 22:52:33.569] INFO  org.alter.game.service.GameService - Server running - RAM: 1088MB / 1472MB (Max: 8180MB) 
[2025-11-26 22:52:40.180] INFO  org.alter.game.service.GameService - Server running - RAM: 1226MB / 1472MB (Max: 8180MB) 
[2025-11-26 22:52:46.780] INFO  org.alter.game.service.GameService - Server running - RAM: 578MB / 1472MB (Max: 8180MB) 
[2025-11-26 22:52:53.378] INFO  org.alter.game.service.GameService - Server running - RAM: 718MB / 1472MB (Max: 8180MB) 
[2025-11-26 22:52:59.991] INFO  org.alter.game.service.GameService - Server running - RAM: 860MB / 1472MB (Max: 8180MB) 
[2025-11-26 22:53:06.569] INFO  org.alter.game.service.GameService - Server running - RAM: 978MB / 1472MB (Max: 8180MB) 
[2025-11-26 22:53:13.184] INFO  org.alter.game.service.GameService - Server running - RAM: 1120MB / 1472MB (Max: 8180MB) 
[2025-11-26 22:53:19.798] INFO  org.alter.game.service.GameService - Server running - RAM: 1258MB / 1472MB (Max: 8180MB) 
[2025-11-26 22:53:26.382] INFO  org.alter.game.service.GameService - Server running - RAM: 610MB / 1472MB (Max: 8180MB) 
[2025-11-26 22:53:32.968] INFO  org.alter.game.service.GameService - Server running - RAM: 750MB / 1472MB (Max: 8180MB) 
[2025-11-26 22:53:39.579] INFO  org.alter.game.service.GameService - Server running - RAM: 892MB / 1472MB (Max: 8180MB) 
[2025-11-26 22:53:46.174] INFO  org.alter.game.service.GameService - Server running - RAM: 1010MB / 1472MB (Max: 8180MB) 
[2025-11-26 22:53:52.774] INFO  org.alter.game.service.GameService - Server running - RAM: 1152MB / 1472MB (Max: 8180MB) 
[2025-11-26 22:53:59.388] INFO  org.alter.game.service.GameService - Server running - RAM: 1290MB / 1472MB (Max: 8180MB) 
[2025-11-26 22:54:05.981] INFO  org.alter.game.service.GameService - Server running - RAM: 644MB / 1472MB (Max: 8180MB) 
[2025-11-26 22:54:12.568] INFO  org.alter.game.service.GameService - Server running - RAM: 782MB / 1472MB (Max: 8180MB) 
[2025-11-26 22:54:19.191] INFO  org.alter.game.service.GameService - Server running - RAM: 924MB / 1472MB (Max: 8180MB) 
[2025-11-26 22:54:25.764] INFO  org.alter.game.service.GameService - Server running - RAM: 1040MB / 1472MB (Max: 8180MB) 
[2025-11-26 22:54:32.385] INFO  org.alter.game.service.GameService - Server running - RAM: 1184MB / 1472MB (Max: 8180MB) 
[2025-11-26 22:54:38.980] INFO  org.alter.game.service.GameService - Server running - RAM: 554MB / 1472MB (Max: 8180MB) 
[2025-11-26 22:54:45.583] INFO  org.alter.game.service.GameService - Server running - RAM: 674MB / 1472MB (Max: 8180MB) 
[2025-11-26 22:54:52.174] INFO  org.alter.game.service.GameService - Server running - RAM: 814MB / 1472MB (Max: 8180MB) 
[2025-11-26 22:54:58.779] INFO  org.alter.game.service.GameService - Server running - RAM: 954MB / 1472MB (Max: 8180MB) 
[2025-11-26 22:55:05.372] INFO  org.alter.game.service.GameService - Server running - RAM: 1072MB / 1472MB (Max: 8180MB) 
[2025-11-26 22:55:11.977] INFO  org.alter.game.service.GameService - Server running - RAM: 1216MB / 1472MB (Max: 8180MB) 
[2025-11-26 22:55:18.587] INFO  org.alter.game.service.GameService - Server running - RAM: 584MB / 1472MB (Max: 8180MB) 
[2025-11-26 22:55:25.179] INFO  org.alter.game.service.GameService - Server running - RAM: 706MB / 1472MB (Max: 8180MB) 
[2025-11-26 22:55:31.776] INFO  org.alter.game.service.GameService - Server running - RAM: 846MB / 1472MB (Max: 8180MB) 
[2025-11-26 22:55:38.388] INFO  org.alter.game.service.GameService - Server running - RAM: 988MB / 1472MB (Max: 8180MB) 
[2025-11-26 22:55:44.976] INFO  org.alter.game.service.GameService - Server running - RAM: 1106MB / 1472MB (Max: 8180MB) 
[2025-11-26 22:55:51.583] INFO  org.alter.game.service.GameService - Server running - RAM: 1248MB / 1472MB (Max: 8180MB) 
[2025-11-26 22:55:58.184] INFO  org.alter.game.service.GameService - Server running - RAM: 619MB / 1472MB (Max: 8180MB) 
[2025-11-26 22:56:04.773] INFO  org.alter.game.service.GameService - Server running - RAM: 741MB / 1472MB (Max: 8180MB) 
[2025-11-26 22:56:11.372] INFO  org.alter.game.service.GameService - Server running - RAM: 881MB / 1472MB (Max: 8180MB) 
[2025-11-26 22:56:17.989] INFO  org.alter.game.service.GameService - Server running - RAM: 1021MB / 1472MB (Max: 8180MB) 
[2025-11-26 22:56:24.578] INFO  org.alter.game.service.GameService - Server running - RAM: 1139MB / 1472MB (Max: 8180MB) 
[2025-11-26 22:56:31.170] INFO  org.alter.game.service.GameService - Server running - RAM: 1283MB / 1472MB (Max: 8180MB) 
[2025-11-26 22:56:37.788] INFO  org.alter.game.service.GameService - Server running - RAM: 653MB / 1472MB (Max: 8180MB) 
[2025-11-26 22:56:44.383] INFO  org.alter.game.service.GameService - Server running - RAM: 775MB / 1472MB (Max: 8180MB) 
[2025-11-26 22:56:50.972] INFO  org.alter.game.service.GameService - Server running - RAM: 913MB / 1472MB (Max: 8180MB) 
[2025-11-26 22:56:57.593] INFO  org.alter.game.service.GameService - Server running - RAM: 1055MB / 1472MB (Max: 8180MB) 
[2025-11-26 22:57:04.174] INFO  org.alter.game.service.GameService - Server running - RAM: 1173MB / 1472MB (Max: 8180MB) 
[2025-11-26 22:57:10.776] INFO  org.alter.game.service.GameService - Server running - RAM: 549MB / 1472MB (Max: 8180MB) 
[2025-11-26 22:57:17.380] INFO  org.alter.game.service.GameService - Server running - RAM: 687MB / 1472MB (Max: 8180MB) 
[2025-11-26 22:57:23.978] INFO  org.alter.game.service.GameService - Server running - RAM: 809MB / 1472MB (Max: 8180MB) 
[2025-11-26 22:57:30.576] INFO  org.alter.game.service.GameService - Server running - RAM: 949MB / 1472MB (Max: 8180MB) 
[2025-11-26 22:57:37.179] INFO  org.alter.game.service.GameService - Server running - RAM: 1091MB / 1472MB (Max: 8180MB) 
[2025-11-26 22:57:43.773] INFO  org.alter.game.service.GameService - Server running - RAM: 1209MB / 1472MB (Max: 8180MB) 
[2025-11-26 22:57:50.375] INFO  org.alter.game.service.GameService - Server running - RAM: 587MB / 1472MB (Max: 8180MB) 
[2025-11-26 22:57:56.977] INFO  org.alter.game.service.GameService - Server running - RAM: 725MB / 1472MB (Max: 8180MB) 
[2025-11-26 22:58:03.572] INFO  org.alter.game.service.GameService - Server running - RAM: 847MB / 1472MB (Max: 8180MB) 
[2025-11-26 22:58:10.174] INFO  org.alter.game.service.GameService - Server running - RAM: 987MB / 1472MB (Max: 8180MB) 
[2025-11-26 22:58:16.782] INFO  org.alter.game.service.GameService - Server running - RAM: 1127MB / 1472MB (Max: 8180MB) 
[2025-11-26 22:58:23.372] INFO  org.alter.game.service.GameService - Server running - RAM: 1245MB / 1472MB (Max: 8180MB) 
[2025-11-26 22:58:29.977] INFO  org.alter.game.service.GameService - Server running - RAM: 621MB / 1472MB (Max: 8180MB) 
[2025-11-26 22:58:36.588] INFO  org.alter.game.service.GameService - Server running - RAM: 761MB / 1472MB (Max: 8180MB) 
[2025-11-26 22:58:43.181] INFO  org.alter.game.service.GameService - Server running - RAM: 883MB / 1472MB (Max: 8180MB) 
[2025-11-26 22:58:49.773] INFO  org.alter.game.service.GameService - Server running - RAM: 1023MB / 1472MB (Max: 8180MB) 
[2025-11-26 22:58:56.385] INFO  org.alter.game.service.GameService - Server running - RAM: 1165MB / 1472MB (Max: 8180MB) 
[2025-11-26 22:59:02.973] INFO  org.alter.game.service.GameService - Server running - RAM: 1283MB / 1472MB (Max: 8180MB) 
[2025-11-26 22:59:09.577] INFO  org.alter.game.service.GameService - Server running - RAM: 661MB / 1472MB (Max: 8180MB) 
[2025-11-26 22:59:16.180] INFO  org.alter.game.service.GameService - Server running - RAM: 797MB / 1472MB (Max: 8180MB) 
[2025-11-26 22:59:22.773] INFO  org.alter.game.service.GameService - Server running - RAM: 919MB / 1472MB (Max: 8180MB) 
[2025-11-26 22:59:29.370] INFO  org.alter.game.service.GameService - Server running - RAM: 1057MB / 1472MB (Max: 8180MB) 
[2025-11-26 22:59:35.985] INFO  org.alter.game.service.GameService - Server running - RAM: 1201MB / 1472MB (Max: 8180MB) 
[2025-11-26 22:59:42.566] INFO  org.alter.game.service.GameService - Server running - RAM: 551MB / 1472MB (Max: 8180MB) 
[2025-11-26 22:59:49.185] INFO  org.alter.game.service.GameService - Server running - RAM: 695MB / 1472MB (Max: 8180MB) 
[2025-11-26 22:59:55.780] INFO  org.alter.game.service.GameService - Server running - RAM: 833MB / 1472MB (Max: 8180MB) 
[2025-11-26 23:00:02.370] INFO  org.alter.game.service.GameService - Server running - RAM: 955MB / 1472MB (Max: 8180MB) 
[2025-11-26 23:00:08.973] INFO  org.alter.game.service.GameService - Server running - RAM: 1095MB / 1472MB (Max: 8180MB) 
[2025-11-26 23:00:15.591] INFO  org.alter.game.service.GameService - Server running - RAM: 1237MB / 1472MB (Max: 8180MB) 
[2025-11-26 23:00:22.166] INFO  org.alter.game.service.GameService - Server running - RAM: 587MB / 1472MB (Max: 8180MB) 
[2025-11-26 23:00:26.934] INFO  spark.webserver.MatcherFilter - The requested route [/world_list.ws] has not been mapped in Spark 
[2025-11-26 23:00:28.771] INFO  org.alter.game.service.GameService - Server running - RAM: 729MB / 1472MB (Max: 8180MB) 
[2025-11-26 23:00:35.376] INFO  org.alter.game.service.GameService - Server running - RAM: 867MB / 1472MB (Max: 8180MB) 
[2025-11-26 23:00:41.974] INFO  org.alter.game.service.GameService - Server running - RAM: 989MB / 1472MB (Max: 8180MB) 
[2025-11-26 23:00:48.580] INFO  org.alter.game.service.GameService - Server running - RAM: 1129MB / 1472MB (Max: 8180MB) 
[2025-11-26 23:00:55.186] INFO  org.alter.game.service.GameService - Server running - RAM: 1269MB / 1472MB (Max: 8180MB) 
[2025-11-26 23:01:01.778] INFO  org.alter.game.service.GameService - Server running - RAM: 623MB / 1472MB (Max: 8180MB) 
[2025-11-26 23:01:08.384] INFO  org.alter.game.service.GameService - Server running - RAM: 767MB / 1472MB (Max: 8180MB) 
[2025-11-26 23:01:14.985] INFO  org.alter.game.service.GameService - Server running - RAM: 905MB / 1472MB (Max: 8180MB) 
[2025-11-26 23:01:21.581] INFO  org.alter.game.service.GameService - Server running - RAM: 1027MB / 1472MB (Max: 8180MB) 
[2025-11-26 23:01:28.171] INFO  org.alter.game.service.GameService - Server running - RAM: 1167MB / 1472MB (Max: 8180MB) 
[2025-11-26 23:01:34.791] INFO  org.alter.game.service.GameService - Server running - RAM: 1309MB / 1472MB (Max: 8180MB) 
[2025-11-26 23:01:41.376] INFO  org.alter.game.service.GameService - Server running - RAM: 661MB / 1472MB (Max: 8180MB) 
[2025-11-26 23:01:47.970] INFO  org.alter.game.service.GameService - Server running - RAM: 805MB / 1472MB (Max: 8180MB) 
[2025-11-26 23:01:54.589] INFO  org.alter.game.service.GameService - Server running - RAM: 943MB / 1472MB (Max: 8180MB) 
[2025-11-26 23:02:01.173] INFO  org.alter.game.service.GameService - Server running - RAM: 1065MB / 1472MB (Max: 8180MB) 
[2025-11-26 23:02:07.775] INFO  org.alter.game.service.GameService - Server running - RAM: 1203MB / 1472MB (Max: 8180MB) 
[2025-11-26 23:02:14.383] INFO  org.alter.game.service.GameService - Server running - RAM: 581MB / 1472MB (Max: 8180MB) 
[2025-11-26 23:02:20.970] INFO  org.alter.game.service.GameService - Server running - RAM: 699MB / 1472MB (Max: 8180MB) 
[2025-11-26 23:02:27.576] INFO  org.alter.game.service.GameService - Server running - RAM: 841MB / 1472MB (Max: 8180MB) 
[2025-11-26 23:02:34.187] INFO  org.alter.game.service.GameService - Server running - RAM: 979MB / 1472MB (Max: 8180MB) 
[2025-11-26 23:02:40.769] INFO  org.alter.game.service.GameService - Server running - RAM: 1101MB / 1472MB (Max: 8180MB) 
[2025-11-26 23:02:47.366] INFO  org.alter.game.service.GameService - Server running - RAM: 1241MB / 1472MB (Max: 8180MB) 
[2025-11-26 23:02:53.984] INFO  org.alter.game.service.GameService - Server running - RAM: 617MB / 1472MB (Max: 8180MB) 
[2025-11-26 23:03:00.565] INFO  org.alter.game.service.GameService - Server running - RAM: 735MB / 1472MB (Max: 8180MB) 
[2025-11-26 23:03:07.173] INFO  org.alter.game.service.GameService - Server running - RAM: 879MB / 1472MB (Max: 8180MB) 
[2025-11-26 23:03:13.778] INFO  org.alter.game.service.GameService - Server running - RAM: 1017MB / 1472MB (Max: 8180MB) 
[2025-11-26 23:03:20.392] INFO  org.alter.game.service.GameService - Server running - RAM: 1137MB / 1472MB (Max: 8180MB) 
[2025-11-26 23:03:26.971] INFO  org.alter.game.service.GameService - Server running - RAM: 1277MB / 1472MB (Max: 8180MB) 
[2025-11-26 23:03:33.585] INFO  org.alter.game.service.GameService - Server running - RAM: 653MB / 1472MB (Max: 8180MB) 
[2025-11-26 23:03:40.174] INFO  org.alter.game.service.GameService - Server running - RAM: 771MB / 1472MB (Max: 8180MB) 
[2025-11-26 23:03:46.781] INFO  org.alter.game.service.GameService - Server running - RAM: 915MB / 1472MB (Max: 8180MB) 
[2025-11-26 23:03:53.389] INFO  org.alter.game.service.GameService - Server running - RAM: 1051MB / 1472MB (Max: 8180MB) 
[2025-11-26 23:03:59.975] INFO  org.alter.game.service.GameService - Server running - RAM: 1173MB / 1472MB (Max: 8180MB) 
[2025-11-26 23:04:06.572] INFO  org.alter.game.service.GameService - Server running - RAM: 549MB / 1472MB (Max: 8180MB) 
[2025-11-26 23:04:13.189] INFO  org.alter.game.service.GameService - Server running - RAM: 691MB / 1472MB (Max: 8180MB) 
[2025-11-26 23:04:19.776] INFO  org.alter.game.service.GameService - Server running - RAM: 807MB / 1472MB (Max: 8180MB) 
[2025-11-26 23:04:26.370] INFO  org.alter.game.service.GameService - Server running - RAM: 951MB / 1472MB (Max: 8180MB) 
[2025-11-26 23:04:32.986] INFO  org.alter.game.service.GameService - Server running - RAM: 1087MB / 1472MB (Max: 8180MB) 
[2025-11-26 23:04:39.577] INFO  org.alter.game.service.GameService - Server running - RAM: 1209MB / 1472MB (Max: 8180MB) 
[2025-11-26 23:04:46.175] INFO  org.alter.game.service.GameService - Server running - RAM: 583MB / 1472MB (Max: 8180MB) 
[2025-11-26 23:04:52.780] INFO  org.alter.game.service.GameService - Server running - RAM: 725MB / 1472MB (Max: 8180MB) 
[2025-11-26 23:04:59.369] INFO  org.alter.game.service.GameService - Server running - RAM: 843MB / 1472MB (Max: 8180MB) 
[2025-11-26 23:05:05.982] INFO  org.alter.game.service.GameService - Server running - RAM: 985MB / 1472MB (Max: 8180MB) 
[2025-11-26 23:05:12.574] INFO  org.alter.game.service.GameService - Server running - RAM: 1121MB / 1472MB (Max: 8180MB) 
[2025-11-26 23:05:19.177] INFO  org.alter.game.service.GameService - Server running - RAM: 1243MB / 1472MB (Max: 8180MB) 
[2025-11-26 23:05:25.770] INFO  org.alter.game.service.GameService - Server running - RAM: 619MB / 1472MB (Max: 8180MB) 
[2025-11-26 23:05:32.389] INFO  org.alter.game.service.GameService - Server running - RAM: 759MB / 1472MB (Max: 8180MB) 
[2025-11-26 23:05:38.970] INFO  org.alter.game.service.GameService - Server running - RAM: 877MB / 1472MB (Max: 8180MB) 
[2025-11-26 23:05:45.582] INFO  org.alter.game.service.GameService - Server running - RAM: 1019MB / 1472MB (Max: 8180MB) 
[2025-11-26 23:05:52.184] INFO  org.alter.game.service.GameService - Server running - RAM: 1157MB / 1472MB (Max: 8180MB) 
[2025-11-26 23:05:58.770] INFO  org.alter.game.service.GameService - Server running - RAM: 1279MB / 1472MB (Max: 8180MB) 
[2025-11-26 23:06:05.366] INFO  org.alter.game.service.GameService - Server running - RAM: 653MB / 1472MB (Max: 8180MB) 
[2025-11-26 23:06:11.985] INFO  org.alter.game.service.GameService - Server running - RAM: 795MB / 1472MB (Max: 8180MB) 
[2025-11-26 23:06:18.569] INFO  org.alter.game.service.GameService - Server running - RAM: 911MB / 1472MB (Max: 8180MB) 
[2025-11-26 23:06:25.176] INFO  org.alter.game.service.GameService - Server running - RAM: 1055MB / 1472MB (Max: 8180MB) 
[2025-11-26 23:06:31.776] INFO  org.alter.game.service.GameService - Server running - RAM: 1191MB / 1472MB (Max: 8180MB) 
[2025-11-26 23:06:38.379] INFO  org.alter.game.service.GameService - Server running - RAM: 549MB / 1472MB (Max: 8180MB) 
[2025-11-26 23:06:44.972] INFO  org.alter.game.service.GameService - Server running - RAM: 687MB / 1472MB (Max: 8180MB) 
[2025-11-26 23:06:51.592] INFO  org.alter.game.service.GameService - Server running - RAM: 829MB / 1472MB (Max: 8180MB) 
[2025-11-26 23:06:58.175] INFO  org.alter.game.service.GameService - Server running - RAM: 945MB / 1472MB (Max: 8180MB) 
[2025-11-26 23:07:04.774] INFO  org.alter.game.service.GameService - Server running - RAM: 1089MB / 1472MB (Max: 8180MB) 
[2025-11-26 23:07:11.389] INFO  org.alter.game.service.GameService - Server running - RAM: 1225MB / 1472MB (Max: 8180MB) 
[2025-11-26 23:07:17.982] INFO  org.alter.game.service.GameService - Server running - RAM: 583MB / 1472MB (Max: 8180MB) 
[2025-11-26 23:07:24.571] INFO  org.alter.game.service.GameService - Server running - RAM: 721MB / 1472MB (Max: 8180MB) 
[2025-11-26 23:07:31.188] INFO  org.alter.game.service.GameService - Server running - RAM: 863MB / 1472MB (Max: 8180MB) 
[2025-11-26 23:07:37.774] INFO  org.alter.game.service.GameService - Server running - RAM: 981MB / 1472MB (Max: 8180MB) 
[2025-11-26 23:07:44.377] INFO  org.alter.game.service.GameService - Server running - RAM: 1123MB / 1472MB (Max: 8180MB) 
[2025-11-26 23:07:50.979] INFO  org.alter.game.service.GameService - Server running - RAM: 1259MB / 1472MB (Max: 8180MB) 
[2025-11-26 23:07:57.577] INFO  org.alter.game.service.GameService - Server running - RAM: 617MB / 1472MB (Max: 8180MB) 
[2025-11-26 23:08:04.179] INFO  org.alter.game.service.GameService - Server running - RAM: 757MB / 1472MB (Max: 8180MB) 
[2025-11-26 23:08:10.790] INFO  org.alter.game.service.GameService - Server running - RAM: 897MB / 1472MB (Max: 8180MB) 
[2025-11-26 23:08:17.368] INFO  org.alter.game.service.GameService - Server running - RAM: 1015MB / 1472MB (Max: 8180MB) 
[2025-11-26 23:08:23.978] INFO  org.alter.game.service.GameService - Server running - RAM: 1157MB / 1472MB (Max: 8180MB) 
[2025-11-26 23:08:30.583] INFO  org.alter.game.service.GameService - Server running - RAM: 1295MB / 1472MB (Max: 8180MB) 
[2025-11-26 23:08:37.180] INFO  org.alter.game.service.GameService - Server running - RAM: 653MB / 1472MB (Max: 8180MB) 
[2025-11-26 23:08:43.770] INFO  org.alter.game.service.GameService - Server running - RAM: 791MB / 1472MB (Max: 8180MB) 
[2025-11-26 23:08:50.390] INFO  org.alter.game.service.GameService - Server running - RAM: 933MB / 1472MB (Max: 8180MB) 
[2025-11-26 23:08:56.967] INFO  org.alter.game.service.GameService - Server running - RAM: 1049MB / 1472MB (Max: 8180MB) 
[2025-11-26 23:09:03.575] INFO  org.alter.game.service.GameService - Server running - RAM: 1193MB / 1472MB (Max: 8180MB) 
[2025-11-26 23:09:10.185] INFO  org.alter.game.service.GameService - Server running - RAM: 565MB / 1472MB (Max: 8180MB) 
[2025-11-26 23:09:16.782] INFO  org.alter.game.service.GameService - Server running - RAM: 687MB / 1472MB (Max: 8180MB) 
[2025-11-26 23:09:23.369] INFO  org.alter.game.service.GameService - Server running - RAM: 825MB / 1472MB (Max: 8180MB) 
[2025-11-26 23:09:29.990] INFO  org.alter.game.service.GameService - Server running - RAM: 967MB / 1472MB (Max: 8180MB) 
[2025-11-26 23:09:36.565] INFO  org.alter.game.service.GameService - Server running - RAM: 1083MB / 1472MB (Max: 8180MB) 
[2025-11-26 23:09:43.181] INFO  org.alter.game.service.GameService - Server running - RAM: 1227MB / 1472MB (Max: 8180MB) 
[2025-11-26 23:09:49.781] INFO  org.alter.game.service.GameService - Server running - RAM: 599MB / 1472MB (Max: 8180MB) 
[2025-11-26 23:09:56.379] INFO  org.alter.game.service.GameService - Server running - RAM: 721MB / 1472MB (Max: 8180MB) 
[2025-11-26 23:10:02.977] INFO  org.alter.game.service.GameService - Server running - RAM: 861MB / 1472MB (Max: 8180MB) 
[2025-11-26 23:10:09.581] INFO  org.alter.game.service.GameService - Server running - RAM: 1001MB / 1472MB (Max: 8180MB) 
[2025-11-26 23:10:16.165] INFO  org.alter.game.service.GameService - Server running - RAM: 1119MB / 1472MB (Max: 8180MB) 
[2025-11-26 23:10:22.778] INFO  org.alter.game.service.GameService - Server running - RAM: 1261MB / 1472MB (Max: 8180MB) 
[2025-11-26 23:10:29.382] INFO  org.alter.game.service.GameService - Server running - RAM: 635MB / 1472MB (Max: 8180MB) 
[2025-11-26 23:10:35.975] INFO  org.alter.game.service.GameService - Server running - RAM: 757MB / 1472MB (Max: 8180MB) 
[2025-11-26 23:10:42.580] INFO  org.alter.game.service.GameService - Server running - RAM: 895MB / 1472MB (Max: 8180MB) 
[2025-11-26 23:10:49.193] INFO  org.alter.game.service.GameService - Server running - RAM: 1035MB / 1472MB (Max: 8180MB) 
[2025-11-26 23:10:55.776] INFO  org.alter.game.service.GameService - Server running - RAM: 1153MB / 1472MB (Max: 8180MB) 
[2025-11-26 23:11:02.384] INFO  org.alter.game.service.GameService - Server running - RAM: 1295MB / 1472MB (Max: 8180MB) 
[2025-11-26 23:11:08.981] INFO  org.alter.game.service.GameService - Server running - RAM: 669MB / 1472MB (Max: 8180MB) 
[2025-11-26 23:11:15.574] INFO  org.alter.game.service.GameService - Server running - RAM: 791MB / 1472MB (Max: 8180MB) 
[2025-11-26 23:11:22.169] INFO  org.alter.game.service.GameService - Server running - RAM: 929MB / 1472MB (Max: 8180MB) 
[2025-11-26 23:11:28.786] INFO  org.alter.game.service.GameService - Server running - RAM: 1071MB / 1472MB (Max: 8180MB) 
[2025-11-26 23:11:35.378] INFO  org.alter.game.service.GameService - Server running - RAM: 1187MB / 1472MB (Max: 8180MB) 
[2025-11-26 23:11:41.977] INFO  org.alter.game.service.GameService - Server running - RAM: 567MB / 1472MB (Max: 8180MB) 
[2025-11-26 23:11:48.574] INFO  org.alter.game.service.GameService - Server running - RAM: 703MB / 1472MB (Max: 8180MB) 
[2025-11-26 23:11:55.179] INFO  org.alter.game.service.GameService - Server running - RAM: 825MB / 1472MB (Max: 8180MB) 
[2025-11-26 23:12:01.779] INFO  org.alter.game.service.GameService - Server running - RAM: 963MB / 1472MB (Max: 8180MB) 
[2025-11-26 23:12:08.384] INFO  org.alter.game.service.GameService - Server running - RAM: 1105MB / 1472MB (Max: 8180MB) 
[2025-11-26 23:12:14.975] INFO  org.alter.game.service.GameService - Server running - RAM: 1221MB / 1472MB (Max: 8180MB) 
[2025-11-26 23:12:21.580] INFO  org.alter.game.service.GameService - Server running - RAM: 601MB / 1472MB (Max: 8180MB) 
[2025-11-26 23:12:28.176] INFO  org.alter.game.service.GameService - Server running - RAM: 737MB / 1472MB (Max: 8180MB) 
[2025-11-26 23:12:34.784] INFO  org.alter.game.service.GameService - Server running - RAM: 859MB / 1472MB (Max: 8180MB) 
[2025-11-26 23:12:41.378] INFO  org.alter.game.service.GameService - Server running - RAM: 999MB / 1472MB (Max: 8180MB) 
[2025-11-26 23:12:47.988] INFO  org.alter.game.service.GameService - Server running - RAM: 1139MB / 1472MB (Max: 8180MB) 
[2025-11-26 23:12:54.566] INFO  org.alter.game.service.GameService - Server running - RAM: 1257MB / 1472MB (Max: 8180MB) 
[2025-11-26 23:13:01.180] INFO  org.alter.game.service.GameService - Server running - RAM: 635MB / 1472MB (Max: 8180MB) 
[2025-11-26 23:13:07.780] INFO  org.alter.game.service.GameService - Server running - RAM: 773MB / 1472MB (Max: 8180MB) 
[2025-11-26 23:13:14.378] INFO  org.alter.game.service.GameService - Server running - RAM: 895MB / 1472MB (Max: 8180MB) 
[2025-11-26 23:13:20.966] INFO  org.alter.game.service.GameService - Server running - RAM: 1033MB / 1472MB (Max: 8180MB) 
[2025-11-26 23:13:27.589] INFO  org.alter.game.service.GameService - Server running - RAM: 1175MB / 1472MB (Max: 8180MB) 
[2025-11-26 23:13:34.179] INFO  org.alter.game.service.GameService - Server running - RAM: 1293MB / 1472MB (Max: 8180MB) 
[2025-11-26 23:13:40.781] INFO  org.alter.game.service.GameService - Server running - RAM: 671MB / 1472MB (Max: 8180MB) 
[2025-11-26 23:13:47.386] INFO  org.alter.game.service.GameService - Server running - RAM: 807MB / 1472MB (Max: 8180MB) 
[2025-11-26 23:13:53.973] INFO  org.alter.game.service.GameService - Server running - RAM: 929MB / 1472MB (Max: 8180MB) 
[2025-11-26 23:14:00.577] INFO  org.alter.game.service.GameService - Server running - RAM: 1069MB / 1472MB (Max: 8180MB) 
[2025-11-26 23:14:07.180] INFO  org.alter.game.service.GameService - Server running - RAM: 1209MB / 1472MB (Max: 8180MB) 
[2025-11-26 23:14:13.767] INFO  org.alter.game.service.GameService - Server running - RAM: 563MB / 1472MB (Max: 8180MB) 
[2025-11-26 23:14:20.384] INFO  org.alter.game.service.GameService - Server running - RAM: 705MB / 1472MB (Max: 8180MB) 
[2025-11-26 23:14:26.985] INFO  org.alter.game.service.GameService - Server running - RAM: 843MB / 1472MB (Max: 8180MB) 
[2025-11-26 23:14:33.576] INFO  org.alter.game.service.GameService - Server running - RAM: 965MB / 1472MB (Max: 8180MB) 
[2025-11-26 23:14:40.171] INFO  org.alter.game.service.GameService - Server running - RAM: 1103MB / 1472MB (Max: 8180MB) 
[2025-11-26 23:14:46.784] INFO  org.alter.game.service.GameService - Server running - RAM: 1245MB / 1472MB (Max: 8180MB) 
[2025-11-26 23:14:53.374] INFO  org.alter.game.service.GameService - Server running - RAM: 597MB / 1472MB (Max: 8180MB) 
[2025-11-26 23:14:59.970] INFO  org.alter.game.service.GameService - Server running - RAM: 741MB / 1472MB (Max: 8180MB) 
[2025-11-26 23:15:06.579] INFO  org.alter.game.service.GameService - Server running - RAM: 877MB / 1472MB (Max: 8180MB) 
[2025-11-26 23:15:13.174] INFO  org.alter.game.service.GameService - Server running - RAM: 999MB / 1472MB (Max: 8180MB) 
[2025-11-26 23:15:19.774] INFO  org.alter.game.service.GameService - Server running - RAM: 1137MB / 1472MB (Max: 8180MB) 
[2025-11-26 23:15:26.389] INFO  org.alter.game.service.GameService - Server running - RAM: 1279MB / 1472MB (Max: 8180MB) 
[2025-11-26 23:15:32.977] INFO  org.alter.game.service.GameService - Server running - RAM: 633MB / 1472MB (Max: 8180MB) 
[2025-11-26 23:15:39.577] INFO  org.alter.game.service.GameService - Server running - RAM: 775MB / 1472MB (Max: 8180MB) 
[2025-11-26 23:15:46.188] INFO  org.alter.game.service.GameService - Server running - RAM: 913MB / 1472MB (Max: 8180MB) 
[2025-11-26 23:15:52.770] INFO  org.alter.game.service.GameService - Server running - RAM: 1035MB / 1472MB (Max: 8180MB) 
[2025-11-26 23:15:59.379] INFO  org.alter.game.service.GameService - Server running - RAM: 1173MB / 1472MB (Max: 8180MB) 
[2025-11-26 23:16:05.985] INFO  org.alter.game.service.GameService - Server running - RAM: 551MB / 1472MB (Max: 8180MB) 
[2025-11-26 23:16:12.567] INFO  org.alter.game.service.GameService - Server running - RAM: 667MB / 1472MB (Max: 8180MB) 
[2025-11-26 23:16:19.180] INFO  org.alter.game.service.GameService - Server running - RAM: 811MB / 1472MB (Max: 8180MB) 
[2025-11-26 23:16:25.786] INFO  org.alter.game.service.GameService - Server running - RAM: 947MB / 1472MB (Max: 8180MB) 
[2025-11-26 23:16:32.375] INFO  org.alter.game.service.GameService - Server running - RAM: 1069MB / 1472MB (Max: 8180MB) 
[2025-11-26 23:16:38.969] INFO  org.alter.game.service.GameService - Server running - RAM: 1207MB / 1472MB (Max: 8180MB) 
[2025-11-26 23:16:45.587] INFO  org.alter.game.service.GameService - Server running - RAM: 585MB / 1472MB (Max: 8180MB) 
[2025-11-26 23:16:52.176] INFO  org.alter.game.service.GameService - Server running - RAM: 701MB / 1472MB (Max: 8180MB) 
[2025-11-26 23:16:58.773] INFO  org.alter.game.service.GameService - Server running - RAM: 845MB / 1472MB (Max: 8180MB) 
[2025-11-26 23:17:05.381] INFO  org.alter.game.service.GameService - Server running - RAM: 981MB / 1472MB (Max: 8180MB) 
[2025-11-26 23:17:11.984] INFO  org.alter.game.service.GameService - Server running - RAM: 1103MB / 1472MB (Max: 8180MB) 
[2025-11-26 23:17:18.577] INFO  org.alter.game.service.GameService - Server running - RAM: 1241MB / 1472MB (Max: 8180MB) 
[2025-11-26 23:17:25.182] INFO  org.alter.game.service.GameService - Server running - RAM: 619MB / 1472MB (Max: 8180MB) 
[2025-11-26 23:17:31.768] INFO  org.alter.game.service.GameService - Server running - RAM: 737MB / 1472MB (Max: 8180MB) 
[2025-11-26 23:17:38.370] INFO  org.alter.game.service.GameService - Server running - RAM: 879MB / 1472MB (Max: 8180MB) 
[2025-11-26 23:17:44.979] INFO  org.alter.game.service.GameService - Server running - RAM: 1017MB / 1472MB (Max: 8180MB) 
[2025-11-26 23:17:51.578] INFO  org.alter.game.service.GameService - Server running - RAM: 1137MB / 1472MB (Max: 8180MB) 
[2025-11-26 23:17:58.174] INFO  org.alter.game.service.GameService - Server running - RAM: 1277MB / 1472MB (Max: 8180MB) 
[2025-11-26 23:18:04.788] INFO  org.alter.game.service.GameService - Server running - RAM: 653MB / 1472MB (Max: 8180MB) 
[2025-11-26 23:18:11.366] INFO  org.alter.game.service.GameService - Server running - RAM: 771MB / 1472MB (Max: 8180MB) 
[2025-11-26 23:18:17.977] INFO  org.alter.game.service.GameService - Server running - RAM: 913MB / 1472MB (Max: 8180MB) 
[2025-11-26 23:18:24.579] INFO  org.alter.game.service.GameService - Server running - RAM: 1051MB / 1472MB (Max: 8180MB) 
[2025-11-26 23:18:31.175] INFO  org.alter.game.service.GameService - Server running - RAM: 1173MB / 1472MB (Max: 8180MB) 
[2025-11-26 23:18:37.774] INFO  org.alter.game.service.GameService - Server running - RAM: 1311MB / 1472MB (Max: 8180MB) 
[2025-11-26 23:18:44.384] INFO  org.alter.game.service.GameService - Server running - RAM: 687MB / 1472MB (Max: 8180MB) 
[2025-11-26 23:18:50.974] INFO  org.alter.game.service.GameService - Server running - RAM: 805MB / 1472MB (Max: 8180MB) 
[2025-11-26 23:18:57.584] INFO  org.alter.game.service.GameService - Server running - RAM: 947MB / 1472MB (Max: 8180MB) 
[2025-11-26 23:19:04.184] INFO  org.alter.game.service.GameService - Server running - RAM: 1085MB / 1472MB (Max: 8180MB) 
[2025-11-26 23:19:10.781] INFO  org.alter.game.service.GameService - Server running - RAM: 1207MB / 1472MB (Max: 8180MB) 
[2025-11-26 23:19:17.368] INFO  org.alter.game.service.GameService - Server running - RAM: 581MB / 1472MB (Max: 8180MB) 
[2025-11-26 23:19:23.995] INFO  org.alter.game.service.GameService - Server running - RAM: 723MB / 1472MB (Max: 8180MB) 
[2025-11-26 23:19:30.567] INFO  org.alter.game.service.GameService - Server running - RAM: 839MB / 1472MB (Max: 8180MB) 
[2025-11-26 23:19:37.181] INFO  org.alter.game.service.GameService - Server running - RAM: 983MB / 1472MB (Max: 8180MB) 
[2025-11-26 23:19:43.781] INFO  org.alter.game.service.GameService - Server running - RAM: 1119MB / 1472MB (Max: 8180MB) 
[2025-11-26 23:19:50.375] INFO  org.alter.game.service.GameService - Server running - RAM: 1241MB / 1472MB (Max: 8180MB) 
[2025-11-26 23:19:56.978] INFO  org.alter.game.service.GameService - Server running - RAM: 615MB / 1472MB (Max: 8180MB) 
[2025-11-26 23:20:03.580] INFO  org.alter.game.service.GameService - Server running - RAM: 757MB / 1472MB (Max: 8180MB) 
[2025-11-26 23:20:10.178] INFO  org.alter.game.service.GameService - Server running - RAM: 875MB / 1472MB (Max: 8180MB) 
[2025-11-26 23:20:16.779] INFO  org.alter.game.service.GameService - Server running - RAM: 1017MB / 1472MB (Max: 8180MB) 
[2025-11-26 23:20:23.389] INFO  org.alter.game.service.GameService - Server running - RAM: 1155MB / 1472MB (Max: 8180MB) 
[2025-11-26 23:20:29.978] INFO  org.alter.game.service.GameService - Server running - RAM: 1275MB / 1472MB (Max: 8180MB) 
[2025-11-26 23:20:36.568] INFO  org.alter.game.service.GameService - Server running - RAM: 651MB / 1472MB (Max: 8180MB) 
[2025-11-26 23:20:43.185] INFO  org.alter.game.service.GameService - Server running - RAM: 791MB / 1472MB (Max: 8180MB) 
[2025-11-26 23:20:49.776] INFO  org.alter.game.service.GameService - Server running - RAM: 909MB / 1472MB (Max: 8180MB) 
[2025-11-26 23:20:56.368] INFO  org.alter.game.service.GameService - Server running - RAM: 1051MB / 1472MB (Max: 8180MB) 
[2025-11-26 23:21:02.975] INFO  org.alter.game.service.GameService - Server running - RAM: 1189MB / 1472MB (Max: 8180MB) 
[2025-11-26 23:21:09.574] INFO  org.alter.game.service.GameService - Server running - RAM: 1311MB / 1472MB (Max: 8180MB) 
[2025-11-26 23:21:16.166] INFO  org.alter.game.service.GameService - Server running - RAM: 685MB / 1472MB (Max: 8180MB) 
[2025-11-26 23:21:22.787] INFO  org.alter.game.service.GameService - Server running - RAM: 827MB / 1472MB (Max: 8180MB) 
[2025-11-26 23:21:29.372] INFO  org.alter.game.service.GameService - Server running - RAM: 943MB / 1472MB (Max: 8180MB) 
[2025-11-26 23:21:35.976] INFO  org.alter.game.service.GameService - Server running - RAM: 1087MB / 1472MB (Max: 8180MB) 
[2025-11-26 23:21:42.578] INFO  org.alter.game.service.GameService - Server running - RAM: 1223MB / 1472MB (Max: 8180MB) 
[2025-11-26 23:21:49.182] INFO  org.alter.game.service.GameService - Server running - RAM: 581MB / 1472MB (Max: 8180MB) 
[2025-11-26 23:21:55.768] INFO  org.alter.game.service.GameService - Server running - RAM: 719MB / 1472MB (Max: 8180MB) 
[2025-11-26 23:22:02.393] INFO  org.alter.game.service.GameService - Server running - RAM: 861MB / 1472MB (Max: 8180MB) 
[2025-11-26 23:22:08.968] INFO  org.alter.game.service.GameService - Server running - RAM: 979MB / 1472MB (Max: 8180MB) 
[2025-11-26 23:22:15.573] INFO  org.alter.game.service.GameService - Server running - RAM: 1121MB / 1472MB (Max: 8180MB) 
[2025-11-26 23:22:22.181] INFO  org.alter.game.service.GameService - Server running - RAM: 1259MB / 1472MB (Max: 8180MB) 
[2025-11-26 23:22:28.778] INFO  org.alter.game.service.GameService - Server running - RAM: 615MB / 1472MB (Max: 8180MB) 
[2025-11-26 23:22:35.368] INFO  org.alter.game.service.GameService - Server running - RAM: 755MB / 1472MB (Max: 8180MB) 
[2025-11-26 23:22:41.978] INFO  org.alter.game.service.GameService - Server running - RAM: 895MB / 1472MB (Max: 8180MB) 
[2025-11-26 23:22:48.575] INFO  org.alter.game.service.GameService - Server running - RAM: 1013MB / 1472MB (Max: 8180MB) 
[2025-11-26 23:22:55.173] INFO  org.alter.game.service.GameService - Server running - RAM: 1155MB / 1472MB (Max: 8180MB) 
[2025-11-26 23:23:01.792] INFO  org.alter.game.service.GameService - Server running - RAM: 1293MB / 1472MB (Max: 8180MB) 
[2025-11-26 23:23:08.379] INFO  org.alter.game.service.GameService - Server running - RAM: 652MB / 1472MB (Max: 8180MB) 
[2025-11-26 23:23:14.973] INFO  org.alter.game.service.GameService - Server running - RAM: 790MB / 1472MB (Max: 8180MB) 
[2025-11-26 23:23:21.588] INFO  org.alter.game.service.GameService - Server running - RAM: 930MB / 1472MB (Max: 8180MB) 
[2025-11-26 23:23:28.171] INFO  org.alter.game.service.GameService - Server running - RAM: 1048MB / 1472MB (Max: 8180MB) 
[2025-11-26 23:23:34.781] INFO  org.alter.game.service.GameService - Server running - RAM: 1192MB / 1472MB (Max: 8180MB) 
[2025-11-26 23:23:41.390] INFO  org.alter.game.service.GameService - Server running - RAM: 564MB / 1472MB (Max: 8180MB) 
[2025-11-26 23:23:47.975] INFO  org.alter.game.service.GameService - Server running - RAM: 686MB / 1472MB (Max: 8180MB) 
[2025-11-26 23:23:54.579] INFO  org.alter.game.service.GameService - Server running - RAM: 824MB / 1472MB (Max: 8180MB) 
[2025-11-26 23:24:01.180] INFO  org.alter.game.service.GameService - Server running - RAM: 966MB / 1472MB (Max: 8180MB) 
[2025-11-26 23:24:07.775] INFO  org.alter.game.service.GameService - Server running - RAM: 1082MB / 1472MB (Max: 8180MB) 
[2025-11-26 23:24:14.379] INFO  org.alter.game.service.GameService - Server running - RAM: 1226MB / 1472MB (Max: 8180MB) 
[2025-11-26 23:24:20.999] INFO  org.alter.game.service.GameService - Server running - RAM: 598MB / 1472MB (Max: 8180MB) 
[2025-11-26 23:24:27.578] INFO  org.alter.game.service.GameService - Server running - RAM: 720MB / 1472MB (Max: 8180MB) 
[2025-11-26 23:24:34.177] INFO  org.alter.game.service.GameService - Server running - RAM: 860MB / 1472MB (Max: 8180MB) 
[2025-11-26 23:24:40.789] INFO  org.alter.game.service.GameService - Server running - RAM: 1000MB / 1472MB (Max: 8180MB) 
[2025-11-26 23:24:47.370] INFO  org.alter.game.service.GameService - Server running - RAM: 1118MB / 1472MB (Max: 8180MB) 
[2025-11-26 23:24:53.985] INFO  org.alter.game.service.GameService - Server running - RAM: 1260MB / 1472MB (Max: 8180MB) 
[2025-11-26 23:25:00.583] INFO  org.alter.game.service.GameService - Server running - RAM: 634MB / 1472MB (Max: 8180MB) 
[2025-11-26 23:25:07.180] INFO  org.alter.game.service.GameService - Server running - RAM: 756MB / 1472MB (Max: 8180MB) 
[2025-11-26 23:25:13.771] INFO  org.alter.game.service.GameService - Server running - RAM: 894MB / 1472MB (Max: 8180MB) 
[2025-11-26 23:25:20.394] INFO  org.alter.game.service.GameService - Server running - RAM: 1036MB / 1472MB (Max: 8180MB) 
[2025-11-26 23:25:26.964] INFO  org.alter.game.service.GameService - Server running - RAM: 1152MB / 1472MB (Max: 8180MB) 
[2025-11-26 23:25:33.570] INFO  org.alter.game.service.GameService - Server running - RAM: 1296MB / 1472MB (Max: 8180MB) 
[2025-11-26 23:25:40.183] INFO  org.alter.game.service.GameService - Server running - RAM: 668MB / 1472MB (Max: 8180MB) 
[2025-11-26 23:25:46.775] INFO  org.alter.game.service.GameService - Server running - RAM: 790MB / 1472MB (Max: 8180MB) 
[2025-11-26 23:25:53.375] INFO  org.alter.game.service.GameService - Server running - RAM: 928MB / 1472MB (Max: 8180MB) 
[2025-11-26 23:25:59.990] INFO  org.alter.game.service.GameService - Server running - RAM: 1070MB / 1472MB (Max: 8180MB) 
[2025-11-26 23:26:06.573] INFO  org.alter.game.service.GameService - Server running - RAM: 1188MB / 1472MB (Max: 8180MB) 
[2025-11-26 23:26:13.176] INFO  org.alter.game.service.GameService - Server running - RAM: 566MB / 1472MB (Max: 8180MB) 
[2025-11-26 23:26:19.776] INFO  org.alter.game.service.GameService - Server running - RAM: 704MB / 1472MB (Max: 8180MB) 
[2025-11-26 23:26:26.373] INFO  org.alter.game.service.GameService - Server running - RAM: 824MB / 1472MB (Max: 8180MB) 
[2025-11-26 23:26:32.972] INFO  org.alter.game.service.GameService - Server running - RAM: 964MB / 1472MB (Max: 8180MB) 
[2025-11-26 23:26:39.592] INFO  org.alter.game.service.GameService - Server running - RAM: 1104MB / 1472MB (Max: 8180MB) 
[2025-11-26 23:26:46.170] INFO  org.alter.game.service.GameService - Server running - RAM: 1222MB / 1472MB (Max: 8180MB) 
[2025-11-26 23:26:52.775] INFO  org.alter.game.service.GameService - Server running - RAM: 600MB / 1472MB (Max: 8180MB) 
[2025-11-26 23:26:59.386] INFO  org.alter.game.service.GameService - Server running - RAM: 738MB / 1472MB (Max: 8180MB) 
[2025-11-26 23:27:05.977] INFO  org.alter.game.service.GameService - Server running - RAM: 860MB / 1472MB (Max: 8180MB) 
[2025-11-26 23:27:12.569] INFO  org.alter.game.service.GameService - Server running - RAM: 998MB / 1472MB (Max: 8180MB) 
[2025-11-26 23:27:19.179] INFO  org.alter.game.service.GameService - Server running - RAM: 1140MB / 1472MB (Max: 8180MB) 
[2025-11-26 23:27:25.773] INFO  org.alter.game.service.GameService - Server running - RAM: 1256MB / 1472MB (Max: 8180MB) 
[2025-11-26 23:27:32.370] INFO  org.alter.game.service.GameService - Server running - RAM: 636MB / 1472MB (Max: 8180MB) 
[2025-11-26 23:27:38.979] INFO  org.alter.game.service.GameService - Server running - RAM: 772MB / 1472MB (Max: 8180MB) 
[2025-11-26 23:27:45.580] INFO  org.alter.game.service.GameService - Server running - RAM: 894MB / 1472MB (Max: 8180MB) 
