[2025-11-15 22:43:05.518] INFO  org.alter.game.Server - Preparing Alter... 
[2025-11-15 22:43:05.525] INFO  org.alter.game.Server - Alter loaded up in 215ms. 
[2025-11-15 22:43:05.538] INFO  org.alter.game.Server - Loaded properties for Alter. 
[2025-11-15 22:43:05.960] INFO  org.alter.game.saving.PlayerDetails - Total Player Details Saved: 3 
[2025-11-15 22:43:05.964] INFO  org.alter.game.saving.PlayerSaving - Player Save Format : JSON 
[2025-11-15 22:43:05.983] WARN  d.o.c.u.c.DecompressionContext - BZIP2 Compression found - replace to improve read performance. 
[2025-11-15 22:43:06.308] INFO  d.o.c.f.definition.DefinitionDecoder - 14162 NPCDecoder definitions loaded in 220ms 
[2025-11-15 22:43:07.004] INFO  d.o.c.f.definition.DefinitionDecoder - 56080 ObjectDecoder definitions loaded in 691ms 
[2025-11-15 22:43:07.322] INFO  d.o.c.f.definition.DefinitionDecoder - 30644 ItemDecoder definitions loaded in 305ms 
[2025-11-15 22:43:07.389] INFO  d.o.c.f.definition.DefinitionDecoder - 17252 VarBitDecoder definitions loaded in 59ms 
[2025-11-15 22:43:07.398] INFO  d.o.c.f.definition.DefinitionDecoder - 4660 VarDecoder definitions loaded in 7ms 
[2025-11-15 22:43:07.538] INFO  d.o.c.f.definition.DefinitionDecoder - 12025 SequenceDecoder definitions loaded in 137ms 
[2025-11-15 22:43:07.601] INFO  d.o.c.f.definition.DefinitionDecoder - 5714 EnumDecoder definitions loaded in 59ms 
[2025-11-15 22:43:07.604] INFO  d.o.c.f.definition.DefinitionDecoder - 79 HealthBarDecoder definitions loaded in 2ms 
[2025-11-15 22:43:07.607] INFO  d.o.c.f.definition.DefinitionDecoder - 78 HitSplatDecoder definitions loaded in 2ms 
[2025-11-15 22:43:07.652] INFO  d.o.c.f.definition.DefinitionDecoder - 5822 StructDecoder definitions loaded in 44ms 
[2025-11-15 22:43:07.660] INFO  d.o.c.f.definition.DefinitionDecoder - 86 DBTableDecoder definitions loaded in 5ms 
[2025-11-15 22:43:07.695] INFO  d.o.c.f.definition.DefinitionDecoder - 4235 DBRowDecoder definitions loaded in 34ms 
[2025-11-15 22:43:07.698] INFO  org.alter.game.Server - Loaded filestore from path data\cache in 1733ms. 
[2025-11-15 22:43:08.220] INFO  org.alter.game.model.World - Initiated service 'XteaKeyService' in 396ms. 
[2025-11-15 22:43:08.532] INFO  org.alter.game.model.World - Initiated service 'ItemMetadataService' in 309ms. 
[2025-11-15 22:43:08.568] INFO  org.alter.game.model.World - Initiated service 'NpcMetadataService' in 34ms. 
[2025-11-15 22:43:08.592] INFO  org.alter.game.model.World - Initiated service 'ObjectMetadataService' in 23ms. 
[2025-11-15 22:43:08.595] INFO  org.alter.game.model.World - Initiated service 'DumpEntityIdService' in 0ms. 
[2025-11-15 22:43:08.930] INFO  org.alter.game.model.World - Initiated service 'RsaService' in 331ms. 
[2025-11-15 22:43:08.946] INFO  org.alter.game.model.World - Initiated service 'GameService' in 3ms. 
[2025-11-15 22:43:08.947] INFO  org.alter.game.model.World - Initiated service 'LoginService' in 0ms. 
[2025-11-15 22:43:08.956] INFO  o.a.p.service.restapi.RestApiService - REST API Service starting on port 8080 with server IP 192.168.0.13, hostname oldschool.runescape.com 
[2025-11-15 22:43:08.988] INFO  org.eclipse.jetty.util.log - Logging initialized @4221ms 
[2025-11-15 22:43:09.026] INFO  spark.webserver.JettySparkServer - == Spark has ignited ... 
[2025-11-15 22:43:09.026] INFO  spark.webserver.JettySparkServer - >> Listening on 0.0.0.0:8080 
[2025-11-15 22:43:09.028] INFO  org.eclipse.jetty.server.Server - jetty-9.3.2.v20150730 
[2025-11-15 22:43:09.108] INFO  o.e.jetty.server.ServerConnector - Started ServerConnector@49141273{HTTP/1.1,[http/1.1]}{0.0.0.0:8080} 
[2025-11-15 22:43:09.108] INFO  org.eclipse.jetty.server.Server - Started @4342ms 
[2025-11-15 22:43:09.111] INFO  o.a.p.service.restapi.RestApiService - REST API Service initialized - bootstrap.json endpoint available at http://192.168.0.13:8080/bootstrap.json 
[2025-11-15 22:43:09.111] INFO  org.alter.game.model.World - Initiated service 'RestApiService' in 162ms. 
[2025-11-15 22:43:09.117] INFO  org.alter.game.model.World - Loaded 9 game services. 
[2025-11-15 22:43:11.340] INFO  o.a.g.rsprot.CacheJs5GroupProvider - Loaded 107953 JS5 responses 
[2025-11-15 22:43:11.361] DEBUG net.rsprot.compression.HuffmanCodec - Loaded 256 Huffman codewords and 512 node lookup tree. 
[2025-11-15 22:43:11.381] WARN  n.rsprot.protocol.common.RSProtFlags - Unknown network logging option: false, expected values: [off, trace, debug, info, warn, error] 
[2025-11-15 22:43:11.382] DEBUG n.rsprot.protocol.common.RSProtFlags - -Dnet.rsprot.protocol.internal.development: true 
[2025-11-15 22:43:11.382] DEBUG n.rsprot.protocol.common.RSProtFlags - -Dnet.rsprot.protocol.internal.inventoryObjCheck: true 
[2025-11-15 22:43:11.382] DEBUG n.rsprot.protocol.common.RSProtFlags - -Dnet.rsprot.protocol.internal.extendedInfoInputVerification: true 
[2025-11-15 22:43:11.382] DEBUG n.rsprot.protocol.common.RSProtFlags - -Dnet.rsprot.protocol.internal.clientscriptVerification: true 
[2025-11-15 22:43:11.382] DEBUG n.rsprot.protocol.common.RSProtFlags - -Dnet.rsprot.protocol.internal.networkLogging: false 
[2025-11-15 22:43:11.382] DEBUG n.rsprot.protocol.common.RSProtFlags - -Dnet.rsprot.protocol.internal.js5Logging: off 
[2025-11-15 22:43:11.382] DEBUG n.rsprot.protocol.common.RSProtFlags - -Dnet.rsprot.protocol.internal.npcPlayerAvatarTracking: true 
[2025-11-15 22:43:11.382] DEBUG n.rsprot.protocol.common.RSProtFlags - -Dnet.rsprot.protocol.internal.filterMissingPacketsInClient: true 
[2025-11-15 22:43:11.382] DEBUG n.rsprot.protocol.common.RSProtFlags - -Dnet.rsprot.protocol.internal.npcAvatarMaxId: 16383 
[2025-11-15 22:43:11.382] DEBUG n.rsprot.protocol.common.RSProtFlags - -Dnet.rsprot.protocol.internal.spotanimListCapacity: 256 
[2025-11-15 22:43:11.382] DEBUG n.rsprot.protocol.common.RSProtFlags - -Dnet.rsprot.protocol.internal.captureChat: false 
[2025-11-15 22:43:11.382] DEBUG n.rsprot.protocol.common.RSProtFlags - -Dnet.rsprot.protocol.internal.captureSay: false 
[2025-11-15 22:43:11.639] INFO  org.alter.rscm.RSCM - RSCM Loaded 
[2025-11-15 22:43:11.642] INFO  org.alter.game.Server - Loaded 4 privilege levels in 1ms. 
[2025-11-15 22:43:15.253] INFO  org.alter.game.Server - Loaded 8 single doors and 4 double doors. 
[2025-11-15 22:43:15.257] INFO  o.a.p.c.objects.gates.GateService - Loaded 1 gate. 
[2025-11-15 22:43:15.269] INFO  org.alter.game.Server - Loaded 7 chest thieving definitions. 
[2025-11-15 22:43:15.277] INFO  org.alter.game.Server - Loaded 13 pickpocket definitions. 
[2025-11-15 22:43:15.284] INFO  org.alter.game.Server - Loaded 11 stall thieving definitions. 
[2025-11-15 22:43:15.408] INFO  org.alter.game.Server - Loaded 171 plugins in 3765ms. 
[2025-11-15 22:43:15.415] INFO  org.alter.game.Server - Alter loaded up in 9890ms. 
[2025-11-15 22:43:15.559] DEBUG n.r.p.api.bootstrap.BootstrapBuilder - Using event loop group: NioEventLoopGroup (bossThreads: 1, childThreads: 22) 
[2025-11-15 22:43:15.571] DEBUG n.r.p.api.bootstrap.BootstrapBuilder - Using byte buffer allocator: PooledByteBufAllocator(directByDefault: true) 
[2025-11-15 22:43:15.572] DEBUG n.r.p.api.bootstrap.BootstrapBuilder - Auto read: disabled 
[2025-11-15 22:43:15.573] DEBUG n.r.p.api.bootstrap.BootstrapBuilder - Socket receive buffer size: 65,536 
[2025-11-15 22:43:15.574] DEBUG n.r.p.api.bootstrap.BootstrapBuilder - Socket send buffer size: 65,536 
[2025-11-15 22:43:15.575] DEBUG n.r.p.api.bootstrap.BootstrapBuilder - Write buffer watermarks: 524,288/2,097,152 
[2025-11-15 22:43:15.576] DEBUG n.r.p.api.bootstrap.BootstrapBuilder - Nagle's algorithm (TCP no delay): disabled 
[2025-11-15 22:43:15.636] INFO  n.rsprot.protocol.api.NetworkService - Started in: 211.169200ms 
[2025-11-15 22:43:15.636] INFO  n.rsprot.protocol.api.NetworkService - Bound to ports: 43594 
[2025-11-15 22:43:15.636] INFO  n.rsprot.protocol.api.NetworkService - Revision: 228 
[2025-11-15 22:43:15.637] INFO  n.rsprot.protocol.api.NetworkService - Supported client types: Desktop 
[2025-11-15 22:43:15.638] INFO  org.alter.game.Server - Now listening for incoming connections on port 43594... 
[2025-11-15 22:43:21.424] INFO  org.alter.game.service.GameService - [Cycle time: 5ms] [Entities: 0p / 178n] [Map: 77c / 2r / 0i] [Queues: 0p / 0n / 0w] [Mem usage: U=491MB / R=1576MB / M=8180MB]. 
[2025-11-15 22:43:28.031] INFO  org.alter.game.service.GameService - [Cycle time: 3ms] [Entities: 0p / 178n] [Map: 77c / 2r / 0i] [Queues: 0p / 0n / 0w] [Mem usage: U=493MB / R=1576MB / M=8180MB]. 
[2025-11-15 22:43:34.620] INFO  org.alter.game.service.GameService - [Cycle time: 2ms] [Entities: 0p / 178n] [Map: 77c / 2r / 0i] [Queues: 0p / 0n / 0w] [Mem usage: U=496MB / R=1576MB / M=8180MB]. 
[2025-11-15 22:43:41.230] INFO  org.alter.game.service.GameService - [Cycle time: 2ms] [Entities: 0p / 178n] [Map: 77c / 2r / 0i] [Queues: 0p / 0n / 0w] [Mem usage: U=498MB / R=1576MB / M=8180MB]. 
[2025-11-15 22:43:47.832] INFO  org.alter.game.service.GameService - [Cycle time: 1ms] [Entities: 0p / 178n] [Map: 77c / 2r / 0i] [Queues: 0p / 0n / 0w] [Mem usage: U=499MB / R=1576MB / M=8180MB]. 
[2025-11-15 22:43:54.428] INFO  org.alter.game.service.GameService - [Cycle time: 1ms] [Entities: 0p / 178n] [Map: 77c / 2r / 0i] [Queues: 0p / 0n / 0w] [Mem usage: U=501MB / R=1576MB / M=8180MB]. 
[2025-11-15 22:44:01.028] INFO  org.alter.game.service.GameService - [Cycle time: 0ms] [Entities: 0p / 178n] [Map: 77c / 2r / 0i] [Queues: 0p / 0n / 0w] [Mem usage: U=502MB / R=1576MB / M=8180MB]. 
[2025-11-15 22:44:07.622] INFO  org.alter.game.service.GameService - [Cycle time: 0ms] [Entities: 0p / 178n] [Map: 77c / 2r / 0i] [Queues: 0p / 0n / 0w] [Mem usage: U=503MB / R=1576MB / M=8180MB]. 
[2025-11-15 22:44:14.230] INFO  org.alter.game.service.GameService - [Cycle time: 0ms] [Entities: 0p / 178n] [Map: 77c / 2r / 0i] [Queues: 0p / 0n / 0w] [Mem usage: U=511MB / R=1576MB / M=8180MB]. 
[2025-11-15 22:44:20.818] INFO  org.alter.game.service.GameService - [Cycle time: 1ms] [Entities: 0p / 178n] [Map: 77c / 2r / 0i] [Queues: 0p / 0n / 0w] [Mem usage: U=513MB / R=1576MB / M=8180MB]. 
[2025-11-15 22:44:27.425] INFO  org.alter.game.service.GameService - [Cycle time: 0ms] [Entities: 0p / 178n] [Map: 77c / 2r / 0i] [Queues: 0p / 0n / 0w] [Mem usage: U=514MB / R=1576MB / M=8180MB]. 
[2025-11-15 22:44:29.500] INFO  spark.webserver.MatcherFilter - The requested route [/world_list.ws] has not been mapped in Spark 
[2025-11-15 22:44:29.578] INFO  spark.webserver.MatcherFilter - The requested route [/jav_config.ws] has not been mapped in Spark 
[2025-11-15 22:44:29.715] DEBUG net.rsprot.crypto.rsa.Rsa - Native JNA-GMP support: false 
[2025-11-15 22:44:34.043] DEBUG net.rsprot.buffer.bitbuffer.BitBuf - -Dnet.rsprot.buffer.bitbufferErrorChecking: true 
[2025-11-15 22:44:34.100] INFO  org.alter.game.service.GameService - [Cycle time: 8ms] [Entities: 1p / 178n] [Map: 269c / 5r / 0i] [Queues: 0p / 0n / 0w] [Mem usage: U=545MB / R=1576MB / M=8180MB]. 
[2025-11-15 22:44:40.633] INFO  org.alter.game.service.GameService - [Cycle time: 3ms] [Entities: 1p / 178n] [Map: 269c / 5r / 0i] [Queues: 0p / 0n / 0w] [Mem usage: U=546MB / R=1576MB / M=8180MB]. 
[2025-11-15 22:44:47.236] INFO  org.alter.game.service.GameService - [Cycle time: 8ms] [Entities: 1p / 178n] [Map: 269c / 5r / 0i] [Queues: 0p / 0n / 0w] [Mem usage: U=549MB / R=1576MB / M=8180MB]. 
[2025-11-15 22:44:53.022] INFO  spark.webserver.MatcherFilter - The requested route [/world_list.ws] has not been mapped in Spark 
[2025-11-15 22:44:53.060] INFO  spark.webserver.MatcherFilter - The requested route [/jav_config.ws] has not been mapped in Spark 
[2025-11-15 22:44:53.836] INFO  org.alter.game.service.GameService - [Cycle time: 4ms] [Entities: 1p / 178n] [Map: 269c / 5r / 0i] [Queues: 0p / 0n / 0w] [Mem usage: U=556MB / R=1576MB / M=8180MB]. 
[2025-11-15 22:45:00.421] INFO  org.alter.game.service.GameService - [Cycle time: 2ms] [Entities: 2p / 178n] [Map: 269c / 5r / 0i] [Queues: 0p / 0n / 0w] [Mem usage: U=559MB / R=1576MB / M=8180MB]. 
[2025-11-15 22:45:07.025] INFO  org.alter.game.service.GameService - [Cycle time: 2ms] [Entities: 2p / 178n] [Map: 269c / 5r / 0i] [Queues: 0p / 0n / 0w] [Mem usage: U=561MB / R=1576MB / M=8180MB]. 
[2025-11-15 22:45:13.633] INFO  org.alter.game.service.GameService - [Cycle time: 2ms] [Entities: 2p / 178n] [Map: 269c / 5r / 0i] [Queues: 0p / 0n / 0w] [Mem usage: U=563MB / R=1576MB / M=8180MB]. 
[2025-11-15 22:45:14.843] INFO  org.alter.game.task.AutoSaveTask - Auto-save completed: 2 player(s) saved 
[2025-11-15 22:45:20.232] INFO  org.alter.game.service.GameService - [Cycle time: 4ms] [Entities: 2p / 178n] [Map: 269c / 5r / 0i] [Queues: 0p / 0n / 0w] [Mem usage: U=565MB / R=1576MB / M=8180MB]. 
[2025-11-15 22:45:26.825] INFO  org.alter.game.service.GameService - [Cycle time: 2ms] [Entities: 2p / 178n] [Map: 269c / 5r / 0i] [Queues: 0p / 0n / 0w] [Mem usage: U=567MB / R=1576MB / M=8180MB]. 
[2025-11-15 22:45:33.434] INFO  org.alter.game.service.GameService - [Cycle time: 1ms] [Entities: 2p / 178n] [Map: 269c / 5r / 0i] [Queues: 0p / 0n / 0w] [Mem usage: U=569MB / R=1576MB / M=8180MB]. 
[2025-11-15 22:45:40.022] INFO  org.alter.game.service.GameService - [Cycle time: 1ms] [Entities: 2p / 178n] [Map: 269c / 5r / 0i] [Queues: 0p / 0n / 0w] [Mem usage: U=570MB / R=1576MB / M=8180MB]. 
[2025-11-15 22:45:46.630] INFO  org.alter.game.service.GameService - [Cycle time: 1ms] [Entities: 2p / 178n] [Map: 269c / 5r / 0i] [Queues: 0p / 0n / 0w] [Mem usage: U=573MB / R=1576MB / M=8180MB]. 
[2025-11-15 22:45:53.234] INFO  org.alter.game.service.GameService - [Cycle time: 1ms] [Entities: 2p / 178n] [Map: 269c / 5r / 0i] [Queues: 0p / 0n / 0w] [Mem usage: U=573MB / R=1576MB / M=8180MB]. 
[2025-11-15 22:45:59.826] INFO  org.alter.game.service.GameService - [Cycle time: 1ms] [Entities: 2p / 178n] [Map: 269c / 5r / 0i] [Queues: 0p / 0n / 0w] [Mem usage: U=575MB / R=1576MB / M=8180MB]. 
[2025-11-15 22:46:06.422] INFO  org.alter.game.service.GameService - [Cycle time: 1ms] [Entities: 2p / 178n] [Map: 269c / 5r / 0i] [Queues: 0p / 0n / 0w] [Mem usage: U=577MB / R=1576MB / M=8180MB]. 
[2025-11-15 22:46:13.033] INFO  org.alter.game.service.GameService - [Cycle time: 1ms] [Entities: 2p / 178n] [Map: 269c / 5r / 0i] [Queues: 0p / 0n / 0w] [Mem usage: U=579MB / R=1576MB / M=8180MB]. 
[2025-11-15 22:46:14.830] INFO  org.alter.game.task.AutoSaveTask - Auto-save completed: 2 player(s) saved 
[2025-11-15 22:46:15.229] INFO  spark.webserver.MatcherFilter - The requested route [/world_list.ws] has not been mapped in Spark 
[2025-11-15 22:46:19.629] INFO  org.alter.game.service.GameService - [Cycle time: 1ms] [Entities: 2p / 178n] [Map: 269c / 5r / 0i] [Queues: 0p / 0n / 0w] [Mem usage: U=583MB / R=1576MB / M=8180MB]. 
[2025-11-15 22:46:26.222] INFO  org.alter.game.service.GameService - [Cycle time: 1ms] [Entities: 2p / 178n] [Map: 269c / 5r / 0i] [Queues: 0p / 0n / 0w] [Mem usage: U=585MB / R=1576MB / M=8180MB]. 
[2025-11-15 22:46:32.825] INFO  org.alter.game.service.GameService - [Cycle time: 1ms] [Entities: 2p / 178n] [Map: 269c / 5r / 0i] [Queues: 0p / 0n / 0w] [Mem usage: U=586MB / R=1576MB / M=8180MB]. 
[2025-11-15 22:46:39.433] INFO  org.alter.game.service.GameService - [Cycle time: 2ms] [Entities: 2p / 178n] [Map: 269c / 5r / 0i] [Queues: 0p / 0n / 0w] [Mem usage: U=587MB / R=1576MB / M=8180MB]. 
[2025-11-15 22:46:46.031] INFO  org.alter.game.service.GameService - [Cycle time: 1ms] [Entities: 2p / 178n] [Map: 269c / 5r / 0i] [Queues: 0p / 0n / 0w] [Mem usage: U=589MB / R=1576MB / M=8180MB]. 
[2025-11-15 22:46:52.618] INFO  org.alter.game.service.GameService - [Cycle time: 1ms] [Entities: 2p / 178n] [Map: 269c / 5r / 0i] [Queues: 0p / 0n / 0w] [Mem usage: U=591MB / R=1576MB / M=8180MB]. 
[2025-11-15 22:46:59.231] INFO  org.alter.game.service.GameService - [Cycle time: 6ms] [Entities: 2p / 178n] [Map: 269c / 5r / 0i] [Queues: 0p / 0n / 0w] [Mem usage: U=593MB / R=1576MB / M=8180MB]. 
[2025-11-15 22:47:05.825] INFO  org.alter.game.service.GameService - [Cycle time: 1ms] [Entities: 2p / 178n] [Map: 332c / 6r / 0i] [Queues: 0p / 0n / 0w] [Mem usage: U=595MB / R=1576MB / M=8180MB]. 
[2025-11-15 22:47:12.428] INFO  org.alter.game.service.GameService - [Cycle time: 1ms] [Entities: 2p / 178n] [Map: 332c / 6r / 0i] [Queues: 0p / 0n / 0w] [Mem usage: U=597MB / R=1576MB / M=8180MB]. 
[2025-11-15 22:47:14.836] INFO  org.alter.game.task.AutoSaveTask - Auto-save completed: 2 player(s) saved 
[2025-11-15 22:47:19.031] INFO  org.alter.game.service.GameService - [Cycle time: 1ms] [Entities: 2p / 178n] [Map: 332c / 6r / 0i] [Queues: 0p / 0n / 0w] [Mem usage: U=599MB / R=1576MB / M=8180MB]. 
[2025-11-15 22:47:25.628] INFO  org.alter.game.service.GameService - [Cycle time: 1ms] [Entities: 2p / 178n] [Map: 332c / 6r / 0i] [Queues: 0p / 0n / 0w] [Mem usage: U=601MB / R=1576MB / M=8180MB]. 
[2025-11-15 22:47:32.220] INFO  org.alter.game.service.GameService - [Cycle time: 1ms] [Entities: 2p / 178n] [Map: 332c / 6r / 0i] [Queues: 0p / 0n / 0w] [Mem usage: U=602MB / R=1576MB / M=8180MB]. 
[2025-11-15 22:47:38.826] INFO  org.alter.game.service.GameService - [Cycle time: 1ms] [Entities: 2p / 178n] [Map: 332c / 6r / 0i] [Queues: 0p / 0n / 0w] [Mem usage: U=603MB / R=1576MB / M=8180MB]. 
[2025-11-15 22:47:45.433] INFO  org.alter.game.service.GameService - [Cycle time: 1ms] [Entities: 2p / 178n] [Map: 332c / 6r / 0i] [Queues: 0p / 0n / 0w] [Mem usage: U=605MB / R=1576MB / M=8180MB]. 
[2025-11-15 22:47:52.029] INFO  org.alter.game.service.GameService - [Cycle time: 2ms] [Entities: 2p / 178n] [Map: 332c / 6r / 0i] [Queues: 0p / 0n / 0w] [Mem usage: U=607MB / R=1576MB / M=8180MB]. 
[2025-11-15 22:47:58.633] INFO  org.alter.game.service.GameService - [Cycle time: 1ms] [Entities: 2p / 178n] [Map: 332c / 6r / 0i] [Queues: 0p / 0n / 0w] [Mem usage: U=609MB / R=1576MB / M=8180MB]. 
[2025-11-15 22:48:05.221] INFO  org.alter.game.service.GameService - [Cycle time: 1ms] [Entities: 2p / 178n] [Map: 332c / 6r / 0i] [Queues: 0p / 0n / 0w] [Mem usage: U=610MB / R=1576MB / M=8180MB]. 
[2025-11-15 22:48:11.822] INFO  org.alter.game.service.GameService - [Cycle time: 1ms] [Entities: 2p / 178n] [Map: 332c / 6r / 0i] [Queues: 0p / 0n / 0w] [Mem usage: U=611MB / R=1576MB / M=8180MB]. 
[2025-11-15 22:48:14.824] INFO  org.alter.game.task.AutoSaveTask - Auto-save completed: 2 player(s) saved 
[2025-11-15 22:48:18.430] INFO  org.alter.game.service.GameService - [Cycle time: 1ms] [Entities: 2p / 178n] [Map: 332c / 6r / 0i] [Queues: 0p / 0n / 0w] [Mem usage: U=614MB / R=1576MB / M=8180MB]. 
[2025-11-15 22:48:25.031] INFO  org.alter.game.service.GameService - [Cycle time: 1ms] [Entities: 2p / 178n] [Map: 332c / 6r / 0i] [Queues: 0p / 0n / 0w] [Mem usage: U=615MB / R=1576MB / M=8180MB]. 
[2025-11-15 22:48:31.626] INFO  org.alter.game.service.GameService - [Cycle time: 1ms] [Entities: 2p / 178n] [Map: 332c / 6r / 0i] [Queues: 0p / 0n / 0w] [Mem usage: U=617MB / R=1576MB / M=8180MB]. 
[2025-11-15 22:48:38.219] INFO  org.alter.game.service.GameService - [Cycle time: 1ms] [Entities: 2p / 178n] [Map: 332c / 6r / 0i] [Queues: 0p / 0n / 0w] [Mem usage: U=618MB / R=1576MB / M=8180MB]. 
[2025-11-15 22:48:44.829] INFO  org.alter.game.service.GameService - [Cycle time: 1ms] [Entities: 2p / 178n] [Map: 332c / 6r / 0i] [Queues: 0p / 0n / 0w] [Mem usage: U=619MB / R=1576MB / M=8180MB]. 
[2025-11-15 22:48:51.422] INFO  org.alter.game.service.GameService - [Cycle time: 1ms] [Entities: 2p / 178n] [Map: 332c / 6r / 0i] [Queues: 0p / 0n / 0w] [Mem usage: U=622MB / R=1576MB / M=8180MB]. 
[2025-11-15 22:48:58.025] INFO  org.alter.game.service.GameService - [Cycle time: 1ms] [Entities: 2p / 178n] [Map: 332c / 6r / 0i] [Queues: 0p / 0n / 0w] [Mem usage: U=623MB / R=1576MB / M=8180MB]. 
[2025-11-15 22:49:04.629] INFO  org.alter.game.service.GameService - [Cycle time: 1ms] [Entities: 2p / 178n] [Map: 332c / 6r / 0i] [Queues: 0p / 0n / 0w] [Mem usage: U=625MB / R=1576MB / M=8180MB]. 
[2025-11-15 22:49:11.226] INFO  org.alter.game.service.GameService - [Cycle time: 1ms] [Entities: 2p / 178n] [Map: 332c / 6r / 0i] [Queues: 0p / 0n / 0w] [Mem usage: U=627MB / R=1576MB / M=8180MB]. 
[2025-11-15 22:49:14.830] INFO  org.alter.game.task.AutoSaveTask - Auto-save completed: 2 player(s) saved 
[2025-11-15 22:49:17.822] INFO  org.alter.game.service.GameService - [Cycle time: 2ms] [Entities: 2p / 178n] [Map: 332c / 6r / 0i] [Queues: 0p / 0n / 0w] [Mem usage: U=630MB / R=1576MB / M=8180MB]. 
[2025-11-15 22:49:24.419] INFO  org.alter.game.service.GameService - [Cycle time: 2ms] [Entities: 2p / 178n] [Map: 332c / 6r / 0i] [Queues: 0p / 0n / 0w] [Mem usage: U=631MB / R=1576MB / M=8180MB]. 
[2025-11-15 22:49:31.033] INFO  org.alter.game.service.GameService - [Cycle time: 1ms] [Entities: 2p / 178n] [Map: 332c / 6r / 0i] [Queues: 0p / 0n / 0w] [Mem usage: U=633MB / R=1576MB / M=8180MB]. 
[2025-11-15 22:49:37.629] INFO  org.alter.game.service.GameService - [Cycle time: 1ms] [Entities: 2p / 178n] [Map: 332c / 6r / 0i] [Queues: 0p / 0n / 0w] [Mem usage: U=635MB / R=1576MB / M=8180MB]. 
[2025-11-15 22:50:14.248] INFO  org.alter.game.Server - Preparing Alter... 
[2025-11-15 22:50:14.255] INFO  org.alter.game.Server - Alter loaded up in 227ms. 
[2025-11-15 22:50:14.269] INFO  org.alter.game.Server - Loaded properties for Alter. 
[2025-11-15 22:50:14.778] INFO  org.alter.game.saving.PlayerDetails - Total Player Details Saved: 3 
[2025-11-15 22:50:14.784] INFO  org.alter.game.saving.PlayerSaving - Player Save Format : JSON 
[2025-11-15 22:50:14.802] WARN  d.o.c.u.c.DecompressionContext - BZIP2 Compression found - replace to improve read performance. 
[2025-11-15 22:50:15.136] INFO  d.o.c.f.definition.DefinitionDecoder - 14162 NPCDecoder definitions loaded in 235ms 
[2025-11-15 22:50:15.892] INFO  d.o.c.f.definition.DefinitionDecoder - 56080 ObjectDecoder definitions loaded in 749ms 
[2025-11-15 22:50:16.185] INFO  d.o.c.f.definition.DefinitionDecoder - 30644 ItemDecoder definitions loaded in 281ms 
[2025-11-15 22:50:16.251] INFO  d.o.c.f.definition.DefinitionDecoder - 17252 VarBitDecoder definitions loaded in 58ms 
[2025-11-15 22:50:16.261] INFO  d.o.c.f.definition.DefinitionDecoder - 4660 VarDecoder definitions loaded in 7ms 
[2025-11-15 22:50:16.397] INFO  d.o.c.f.definition.DefinitionDecoder - 12025 SequenceDecoder definitions loaded in 134ms 
[2025-11-15 22:50:16.466] INFO  d.o.c.f.definition.DefinitionDecoder - 5714 EnumDecoder definitions loaded in 66ms 
[2025-11-15 22:50:16.470] INFO  d.o.c.f.definition.DefinitionDecoder - 79 HealthBarDecoder definitions loaded in 2ms 
[2025-11-15 22:50:16.475] INFO  d.o.c.f.definition.DefinitionDecoder - 78 HitSplatDecoder definitions loaded in 4ms 
[2025-11-15 22:50:16.530] INFO  d.o.c.f.definition.DefinitionDecoder - 5822 StructDecoder definitions loaded in 53ms 
[2025-11-15 22:50:16.539] INFO  d.o.c.f.definition.DefinitionDecoder - 86 DBTableDecoder definitions loaded in 7ms 
[2025-11-15 22:50:16.571] INFO  d.o.c.f.definition.DefinitionDecoder - 4235 DBRowDecoder definitions loaded in 31ms 
[2025-11-15 22:50:16.573] INFO  org.alter.game.Server - Loaded filestore from path data\cache in 1788ms. 
[2025-11-15 22:50:17.099] INFO  org.alter.game.model.World - Initiated service 'XteaKeyService' in 391ms. 
[2025-11-15 22:50:17.457] INFO  org.alter.game.model.World - Initiated service 'ItemMetadataService' in 356ms. 
[2025-11-15 22:50:17.486] INFO  org.alter.game.model.World - Initiated service 'NpcMetadataService' in 27ms. 
[2025-11-15 22:50:17.514] INFO  org.alter.game.model.World - Initiated service 'ObjectMetadataService' in 25ms. 
[2025-11-15 22:50:17.516] INFO  org.alter.game.model.World - Initiated service 'DumpEntityIdService' in 0ms. 
[2025-11-15 22:50:17.845] INFO  org.alter.game.model.World - Initiated service 'RsaService' in 325ms. 
[2025-11-15 22:50:17.863] INFO  org.alter.game.model.World - Initiated service 'GameService' in 3ms. 
[2025-11-15 22:50:17.864] INFO  org.alter.game.model.World - Initiated service 'LoginService' in 0ms. 
[2025-11-15 22:50:17.872] INFO  o.a.p.service.restapi.RestApiService - REST API Service starting on port 8080 with server IP 192.168.0.13, hostname oldschool.runescape.com 
[2025-11-15 22:50:17.907] INFO  org.eclipse.jetty.util.log - Logging initialized @4550ms 
[2025-11-15 22:50:17.945] INFO  spark.webserver.JettySparkServer - == Spark has ignited ... 
[2025-11-15 22:50:17.946] INFO  spark.webserver.JettySparkServer - >> Listening on 0.0.0.0:8080 
[2025-11-15 22:50:17.948] INFO  org.eclipse.jetty.server.Server - jetty-9.3.2.v20150730 
[2025-11-15 22:50:18.032] INFO  o.e.jetty.server.ServerConnector - Started ServerConnector@49141273{HTTP/1.1,[http/1.1]}{0.0.0.0:8080} 
[2025-11-15 22:50:18.032] INFO  org.eclipse.jetty.server.Server - Started @4676ms 
[2025-11-15 22:50:18.035] INFO  o.a.p.service.restapi.RestApiService - REST API Service initialized - bootstrap.json endpoint available at http://192.168.0.13:8080/bootstrap.json 
[2025-11-15 22:50:18.036] INFO  org.alter.game.model.World - Initiated service 'RestApiService' in 170ms. 
[2025-11-15 22:50:18.041] INFO  org.alter.game.model.World - Loaded 9 game services. 
[2025-11-15 22:50:20.251] INFO  o.a.g.rsprot.CacheJs5GroupProvider - Loaded 107953 JS5 responses 
[2025-11-15 22:50:20.276] DEBUG net.rsprot.compression.HuffmanCodec - Loaded 256 Huffman codewords and 512 node lookup tree. 
[2025-11-15 22:50:20.299] WARN  n.rsprot.protocol.common.RSProtFlags - Unknown network logging option: false, expected values: [off, trace, debug, info, warn, error] 
[2025-11-15 22:50:20.299] DEBUG n.rsprot.protocol.common.RSProtFlags - -Dnet.rsprot.protocol.internal.development: true 
[2025-11-15 22:50:20.300] DEBUG n.rsprot.protocol.common.RSProtFlags - -Dnet.rsprot.protocol.internal.inventoryObjCheck: true 
[2025-11-15 22:50:20.300] DEBUG n.rsprot.protocol.common.RSProtFlags - -Dnet.rsprot.protocol.internal.extendedInfoInputVerification: true 
[2025-11-15 22:50:20.300] DEBUG n.rsprot.protocol.common.RSProtFlags - -Dnet.rsprot.protocol.internal.clientscriptVerification: true 
[2025-11-15 22:50:20.300] DEBUG n.rsprot.protocol.common.RSProtFlags - -Dnet.rsprot.protocol.internal.networkLogging: false 
[2025-11-15 22:50:20.300] DEBUG n.rsprot.protocol.common.RSProtFlags - -Dnet.rsprot.protocol.internal.js5Logging: off 
[2025-11-15 22:50:20.300] DEBUG n.rsprot.protocol.common.RSProtFlags - -Dnet.rsprot.protocol.internal.npcPlayerAvatarTracking: true 
[2025-11-15 22:50:20.300] DEBUG n.rsprot.protocol.common.RSProtFlags - -Dnet.rsprot.protocol.internal.filterMissingPacketsInClient: true 
[2025-11-15 22:50:20.300] DEBUG n.rsprot.protocol.common.RSProtFlags - -Dnet.rsprot.protocol.internal.npcAvatarMaxId: 16383 
[2025-11-15 22:50:20.300] DEBUG n.rsprot.protocol.common.RSProtFlags - -Dnet.rsprot.protocol.internal.spotanimListCapacity: 256 
[2025-11-15 22:50:20.300] DEBUG n.rsprot.protocol.common.RSProtFlags - -Dnet.rsprot.protocol.internal.captureChat: false 
[2025-11-15 22:50:20.300] DEBUG n.rsprot.protocol.common.RSProtFlags - -Dnet.rsprot.protocol.internal.captureSay: false 
[2025-11-15 22:50:20.627] INFO  org.alter.rscm.RSCM - RSCM Loaded 
[2025-11-15 22:50:20.630] INFO  org.alter.game.Server - Loaded 4 privilege levels in 1ms. 
[2025-11-15 22:50:23.801] INFO  org.alter.game.Server - Loaded 8 single doors and 4 double doors. 
[2025-11-15 22:50:23.803] INFO  o.a.p.c.objects.gates.GateService - Loaded 1 gate. 
[2025-11-15 22:50:23.810] INFO  org.alter.game.Server - Loaded 7 chest thieving definitions. 
[2025-11-15 22:50:23.816] INFO  org.alter.game.Server - Loaded 13 pickpocket definitions. 
[2025-11-15 22:50:23.821] INFO  org.alter.game.Server - Loaded 11 stall thieving definitions. 
[2025-11-15 22:50:23.910] INFO  org.alter.game.Server - Loaded 171 plugins in 3278ms. 
[2025-11-15 22:50:23.916] INFO  org.alter.game.Server - Alter loaded up in 9660ms. 
[2025-11-15 22:50:24.009] DEBUG n.r.p.api.bootstrap.BootstrapBuilder - Using event loop group: NioEventLoopGroup (bossThreads: 1, childThreads: 22) 
[2025-11-15 22:50:24.019] DEBUG n.r.p.api.bootstrap.BootstrapBuilder - Using byte buffer allocator: PooledByteBufAllocator(directByDefault: true) 
[2025-11-15 22:50:24.020] DEBUG n.r.p.api.bootstrap.BootstrapBuilder - Auto read: disabled 
[2025-11-15 22:50:24.021] DEBUG n.r.p.api.bootstrap.BootstrapBuilder - Socket receive buffer size: 65,536 
[2025-11-15 22:50:24.021] DEBUG n.r.p.api.bootstrap.BootstrapBuilder - Socket send buffer size: 65,536 
[2025-11-15 22:50:24.022] DEBUG n.r.p.api.bootstrap.BootstrapBuilder - Write buffer watermarks: 524,288/2,097,152 
[2025-11-15 22:50:24.022] DEBUG n.r.p.api.bootstrap.BootstrapBuilder - Nagle's algorithm (TCP no delay): disabled 
[2025-11-15 22:50:24.073] INFO  n.rsprot.protocol.api.NetworkService - Started in: 147.766600ms 
[2025-11-15 22:50:24.073] INFO  n.rsprot.protocol.api.NetworkService - Bound to ports: 43594 
[2025-11-15 22:50:24.073] INFO  n.rsprot.protocol.api.NetworkService - Revision: 228 
[2025-11-15 22:50:24.074] INFO  n.rsprot.protocol.api.NetworkService - Supported client types: Desktop 
[2025-11-15 22:50:24.074] INFO  org.alter.game.Server - Now listening for incoming connections on port 43594... 
[2025-11-15 22:50:29.933] INFO  org.alter.game.service.GameService - [Cycle time: 5ms] [Entities: 0p / 178n] [Map: 77c / 2r / 0i] [Queues: 0p / 0n / 0w] [Mem usage: U=490MB / R=1232MB / M=8180MB]. 
[2025-11-15 22:50:36.522] INFO  org.alter.game.service.GameService - [Cycle time: 4ms] [Entities: 0p / 178n] [Map: 77c / 2r / 0i] [Queues: 0p / 0n / 0w] [Mem usage: U=492MB / R=1232MB / M=8180MB]. 
[2025-11-15 22:50:43.130] INFO  org.alter.game.service.GameService - [Cycle time: 3ms] [Entities: 0p / 178n] [Map: 77c / 2r / 0i] [Queues: 0p / 0n / 0w] [Mem usage: U=494MB / R=1232MB / M=8180MB]. 
[2025-11-15 22:50:49.727] INFO  org.alter.game.service.GameService - [Cycle time: 2ms] [Entities: 0p / 178n] [Map: 77c / 2r / 0i] [Queues: 0p / 0n / 0w] [Mem usage: U=497MB / R=1232MB / M=8180MB]. 
[2025-11-15 22:50:56.323] INFO  org.alter.game.service.GameService - [Cycle time: 2ms] [Entities: 0p / 178n] [Map: 77c / 2r / 0i] [Queues: 0p / 0n / 0w] [Mem usage: U=498MB / R=1232MB / M=8180MB]. 
[2025-11-15 22:51:02.918] INFO  org.alter.game.service.GameService - [Cycle time: 4ms] [Entities: 0p / 178n] [Map: 77c / 2r / 0i] [Queues: 0p / 0n / 0w] [Mem usage: U=473MB / R=1232MB / M=8180MB]. 
[2025-11-15 22:51:09.533] INFO  org.alter.game.service.GameService - [Cycle time: 1ms] [Entities: 0p / 178n] [Map: 77c / 2r / 0i] [Queues: 0p / 0n / 0w] [Mem usage: U=475MB / R=1232MB / M=8180MB]. 
[2025-11-15 22:51:16.126] INFO  org.alter.game.service.GameService - [Cycle time: 0ms] [Entities: 0p / 178n] [Map: 77c / 2r / 0i] [Queues: 0p / 0n / 0w] [Mem usage: U=476MB / R=1232MB / M=8180MB]. 
[2025-11-15 22:51:22.724] INFO  org.alter.game.service.GameService - [Cycle time: 1ms] [Entities: 0p / 178n] [Map: 77c / 2r / 0i] [Queues: 0p / 0n / 0w] [Mem usage: U=478MB / R=1232MB / M=8180MB]. 
[2025-11-15 22:51:29.330] INFO  org.alter.game.service.GameService - [Cycle time: 1ms] [Entities: 0p / 178n] [Map: 77c / 2r / 0i] [Queues: 0p / 0n / 0w] [Mem usage: U=480MB / R=1232MB / M=8180MB]. 
[2025-11-15 22:51:35.932] INFO  org.alter.game.service.GameService - [Cycle time: 0ms] [Entities: 0p / 178n] [Map: 77c / 2r / 0i] [Queues: 0p / 0n / 0w] [Mem usage: U=481MB / R=1232MB / M=8180MB]. 
[2025-11-15 22:51:42.532] INFO  org.alter.game.service.GameService - [Cycle time: 0ms] [Entities: 0p / 178n] [Map: 77c / 2r / 0i] [Queues: 0p / 0n / 0w] [Mem usage: U=483MB / R=1232MB / M=8180MB]. 
[2025-11-15 22:51:49.127] INFO  org.alter.game.service.GameService - [Cycle time: 0ms] [Entities: 0p / 178n] [Map: 77c / 2r / 0i] [Queues: 0p / 0n / 0w] [Mem usage: U=484MB / R=1232MB / M=8180MB]. 
[2025-11-15 22:51:55.721] INFO  org.alter.game.service.GameService - [Cycle time: 0ms] [Entities: 0p / 178n] [Map: 77c / 2r / 0i] [Queues: 0p / 0n / 0w] [Mem usage: U=486MB / R=1232MB / M=8180MB]. 
[2025-11-15 22:52:02.318] INFO  org.alter.game.service.GameService - [Cycle time: 0ms] [Entities: 0p / 178n] [Map: 77c / 2r / 0i] [Queues: 0p / 0n / 0w] [Mem usage: U=487MB / R=1232MB / M=8180MB]. 
[2025-11-15 22:52:08.922] INFO  org.alter.game.service.GameService - [Cycle time: 0ms] [Entities: 0p / 178n] [Map: 77c / 2r / 0i] [Queues: 0p / 0n / 0w] [Mem usage: U=489MB / R=1232MB / M=8180MB]. 
[2025-11-15 22:52:15.530] INFO  org.alter.game.service.GameService - [Cycle time: 0ms] [Entities: 0p / 178n] [Map: 77c / 2r / 0i] [Queues: 0p / 0n / 0w] [Mem usage: U=490MB / R=1232MB / M=8180MB]. 
[2025-11-15 22:52:22.126] INFO  org.alter.game.service.GameService - [Cycle time: 0ms] [Entities: 0p / 178n] [Map: 77c / 2r / 0i] [Queues: 0p / 0n / 0w] [Mem usage: U=492MB / R=1232MB / M=8180MB]. 
[2025-11-15 22:52:28.730] INFO  org.alter.game.service.GameService - [Cycle time: 0ms] [Entities: 0p / 178n] [Map: 77c / 2r / 0i] [Queues: 0p / 0n / 0w] [Mem usage: U=493MB / R=1232MB / M=8180MB]. 
[2025-11-15 22:52:35.332] INFO  org.alter.game.service.GameService - [Cycle time: 0ms] [Entities: 0p / 178n] [Map: 77c / 2r / 0i] [Queues: 0p / 0n / 0w] [Mem usage: U=495MB / R=1232MB / M=8180MB]. 
[2025-11-15 22:52:41.919] INFO  org.alter.game.service.GameService - [Cycle time: 0ms] [Entities: 0p / 178n] [Map: 77c / 2r / 0i] [Queues: 0p / 0n / 0w] [Mem usage: U=496MB / R=1232MB / M=8180MB]. 
[2025-11-15 22:52:48.520] INFO  org.alter.game.service.GameService - [Cycle time: 0ms] [Entities: 0p / 178n] [Map: 77c / 2r / 0i] [Queues: 0p / 0n / 0w] [Mem usage: U=497MB / R=1232MB / M=8180MB]. 
[2025-11-15 22:52:55.126] INFO  org.alter.game.service.GameService - [Cycle time: 0ms] [Entities: 0p / 178n] [Map: 77c / 2r / 0i] [Queues: 0p / 0n / 0w] [Mem usage: U=499MB / R=1232MB / M=8180MB]. 
[2025-11-15 22:53:01.721] INFO  org.alter.game.service.GameService - [Cycle time: 1ms] [Entities: 0p / 178n] [Map: 77c / 2r / 0i] [Queues: 0p / 0n / 0w] [Mem usage: U=500MB / R=1232MB / M=8180MB]. 
[2025-11-15 22:53:08.319] INFO  org.alter.game.service.GameService - [Cycle time: 1ms] [Entities: 0p / 178n] [Map: 77c / 2r / 0i] [Queues: 0p / 0n / 0w] [Mem usage: U=501MB / R=1232MB / M=8180MB]. 
[2025-11-15 22:53:14.930] INFO  org.alter.game.service.GameService - [Cycle time: 0ms] [Entities: 0p / 178n] [Map: 77c / 2r / 0i] [Queues: 0p / 0n / 0w] [Mem usage: U=503MB / R=1232MB / M=8180MB]. 
[2025-11-15 22:53:21.521] INFO  org.alter.game.service.GameService - [Cycle time: 0ms] [Entities: 0p / 178n] [Map: 77c / 2r / 0i] [Queues: 0p / 0n / 0w] [Mem usage: U=504MB / R=1232MB / M=8180MB]. 
[2025-11-15 22:53:28.124] INFO  org.alter.game.service.GameService - [Cycle time: 0ms] [Entities: 0p / 178n] [Map: 77c / 2r / 0i] [Queues: 0p / 0n / 0w] [Mem usage: U=506MB / R=1232MB / M=8180MB]. 
[2025-11-15 22:53:34.731] INFO  org.alter.game.service.GameService - [Cycle time: 0ms] [Entities: 0p / 178n] [Map: 77c / 2r / 0i] [Queues: 0p / 0n / 0w] [Mem usage: U=507MB / R=1232MB / M=8180MB]. 
[2025-11-15 22:53:41.321] INFO  org.alter.game.service.GameService - [Cycle time: 0ms] [Entities: 0p / 178n] [Map: 77c / 2r / 0i] [Queues: 0p / 0n / 0w] [Mem usage: U=509MB / R=1232MB / M=8180MB]. 
[2025-11-15 22:53:47.923] INFO  org.alter.game.service.GameService - [Cycle time: 0ms] [Entities: 0p / 178n] [Map: 77c / 2r / 0i] [Queues: 0p / 0n / 0w] [Mem usage: U=510MB / R=1232MB / M=8180MB]. 
[2025-11-15 22:53:54.530] INFO  org.alter.game.service.GameService - [Cycle time: 0ms] [Entities: 0p / 178n] [Map: 77c / 2r / 0i] [Queues: 0p / 0n / 0w] [Mem usage: U=511MB / R=1232MB / M=8180MB]. 
[2025-11-15 22:54:01.125] INFO  org.alter.game.service.GameService - [Cycle time: 0ms] [Entities: 0p / 178n] [Map: 77c / 2r / 0i] [Queues: 0p / 0n / 0w] [Mem usage: U=513MB / R=1232MB / M=8180MB]. 
[2025-11-15 22:54:07.719] INFO  org.alter.game.service.GameService - [Cycle time: 0ms] [Entities: 0p / 178n] [Map: 77c / 2r / 0i] [Queues: 0p / 0n / 0w] [Mem usage: U=514MB / R=1232MB / M=8180MB]. 
[2025-11-15 22:54:14.322] INFO  org.alter.game.service.GameService - [Cycle time: 0ms] [Entities: 0p / 178n] [Map: 77c / 2r / 0i] [Queues: 0p / 0n / 0w] [Mem usage: U=516MB / R=1232MB / M=8180MB]. 
[2025-11-15 22:54:20.918] INFO  org.alter.game.service.GameService - [Cycle time: 0ms] [Entities: 0p / 178n] [Map: 77c / 2r / 0i] [Queues: 0p / 0n / 0w] [Mem usage: U=517MB / R=1232MB / M=8180MB]. 
[2025-11-15 22:54:27.531] INFO  org.alter.game.service.GameService - [Cycle time: 0ms] [Entities: 0p / 178n] [Map: 77c / 2r / 0i] [Queues: 0p / 0n / 0w] [Mem usage: U=518MB / R=1232MB / M=8180MB]. 
[2025-11-15 22:54:34.130] INFO  org.alter.game.service.GameService - [Cycle time: 0ms] [Entities: 0p / 178n] [Map: 77c / 2r / 0i] [Queues: 0p / 0n / 0w] [Mem usage: U=520MB / R=1232MB / M=8180MB]. 
[2025-11-15 22:54:40.729] INFO  org.alter.game.service.GameService - [Cycle time: 0ms] [Entities: 0p / 178n] [Map: 77c / 2r / 0i] [Queues: 0p / 0n / 0w] [Mem usage: U=464MB / R=1232MB / M=8180MB]. 
[2025-11-15 22:54:47.322] INFO  org.alter.game.service.GameService - [Cycle time: 0ms] [Entities: 0p / 178n] [Map: 77c / 2r / 0i] [Queues: 0p / 0n / 0w] [Mem usage: U=465MB / R=1232MB / M=8180MB]. 
[2025-11-15 22:54:53.925] INFO  org.alter.game.service.GameService - [Cycle time: 0ms] [Entities: 0p / 178n] [Map: 77c / 2r / 0i] [Queues: 0p / 0n / 0w] [Mem usage: U=468MB / R=1232MB / M=8180MB]. 
[2025-11-15 22:55:00.532] INFO  org.alter.game.service.GameService - [Cycle time: 0ms] [Entities: 0p / 178n] [Map: 77c / 2r / 0i] [Queues: 0p / 0n / 0w] [Mem usage: U=468MB / R=1232MB / M=8180MB]. 
[2025-11-15 22:55:07.122] INFO  org.alter.game.service.GameService - [Cycle time: 0ms] [Entities: 0p / 178n] [Map: 77c / 2r / 0i] [Queues: 0p / 0n / 0w] [Mem usage: U=469MB / R=1232MB / M=8180MB]. 
[2025-11-15 22:55:13.720] INFO  org.alter.game.service.GameService - [Cycle time: 0ms] [Entities: 0p / 178n] [Map: 77c / 2r / 0i] [Queues: 0p / 0n / 0w] [Mem usage: U=471MB / R=1232MB / M=8180MB]. 
[2025-11-15 22:55:20.320] INFO  org.alter.game.service.GameService - [Cycle time: 0ms] [Entities: 0p / 178n] [Map: 77c / 2r / 0i] [Queues: 0p / 0n / 0w] [Mem usage: U=477MB / R=1232MB / M=8180MB]. 
[2025-11-15 22:55:26.928] INFO  org.alter.game.service.GameService - [Cycle time: 0ms] [Entities: 0p / 178n] [Map: 77c / 2r / 0i] [Queues: 0p / 0n / 0w] [Mem usage: U=477MB / R=1232MB / M=8180MB]. 
[2025-11-15 22:55:33.527] INFO  org.alter.game.service.GameService - [Cycle time: 1ms] [Entities: 0p / 178n] [Map: 77c / 2r / 0i] [Queues: 0p / 0n / 0w] [Mem usage: U=479MB / R=1232MB / M=8180MB]. 
[2025-11-15 22:55:40.130] INFO  org.alter.game.service.GameService - [Cycle time: 0ms] [Entities: 0p / 178n] [Map: 77c / 2r / 0i] [Queues: 0p / 0n / 0w] [Mem usage: U=481MB / R=1232MB / M=8180MB]. 
[2025-11-15 22:55:46.730] INFO  org.alter.game.service.GameService - [Cycle time: 0ms] [Entities: 0p / 178n] [Map: 77c / 2r / 0i] [Queues: 0p / 0n / 0w] [Mem usage: U=483MB / R=1232MB / M=8180MB]. 
[2025-11-15 22:55:53.318] INFO  org.alter.game.service.GameService - [Cycle time: 0ms] [Entities: 0p / 178n] [Map: 77c / 2r / 0i] [Queues: 0p / 0n / 0w] [Mem usage: U=483MB / R=1232MB / M=8180MB]. 
[2025-11-15 22:55:59.918] INFO  org.alter.game.service.GameService - [Cycle time: 0ms] [Entities: 0p / 178n] [Map: 77c / 2r / 0i] [Queues: 0p / 0n / 0w] [Mem usage: U=485MB / R=1232MB / M=8180MB]. 
[2025-11-15 22:56:06.523] INFO  org.alter.game.service.GameService - [Cycle time: 0ms] [Entities: 0p / 178n] [Map: 77c / 2r / 0i] [Queues: 0p / 0n / 0w] [Mem usage: U=487MB / R=1232MB / M=8180MB]. 
[2025-11-15 22:56:13.117] INFO  org.alter.game.service.GameService - [Cycle time: 0ms] [Entities: 0p / 178n] [Map: 77c / 2r / 0i] [Queues: 0p / 0n / 0w] [Mem usage: U=487MB / R=1232MB / M=8180MB]. 
[2025-11-15 22:56:19.717] INFO  org.alter.game.service.GameService - [Cycle time: 0ms] [Entities: 0p / 178n] [Map: 77c / 2r / 0i] [Queues: 0p / 0n / 0w] [Mem usage: U=489MB / R=1232MB / M=8180MB]. 
[2025-11-15 22:56:26.328] INFO  org.alter.game.service.GameService - [Cycle time: 0ms] [Entities: 0p / 178n] [Map: 77c / 2r / 0i] [Queues: 0p / 0n / 0w] [Mem usage: U=491MB / R=1232MB / M=8180MB]. 
[2025-11-15 22:56:32.920] INFO  org.alter.game.service.GameService - [Cycle time: 0ms] [Entities: 0p / 178n] [Map: 77c / 2r / 0i] [Queues: 0p / 0n / 0w] [Mem usage: U=491MB / R=1232MB / M=8180MB]. 
[2025-11-15 22:56:39.517] INFO  org.alter.game.service.GameService - [Cycle time: 0ms] [Entities: 0p / 178n] [Map: 77c / 2r / 0i] [Queues: 0p / 0n / 0w] [Mem usage: U=493MB / R=1232MB / M=8180MB]. 
[2025-11-15 22:56:46.117] INFO  org.alter.game.service.GameService - [Cycle time: 0ms] [Entities: 0p / 178n] [Map: 77c / 2r / 0i] [Queues: 0p / 0n / 0w] [Mem usage: U=495MB / R=1232MB / M=8180MB]. 
[2025-11-15 22:56:52.725] INFO  org.alter.game.service.GameService - [Cycle time: 0ms] [Entities: 0p / 178n] [Map: 77c / 2r / 0i] [Queues: 0p / 0n / 0w] [Mem usage: U=497MB / R=1232MB / M=8180MB]. 
[2025-11-15 22:56:59.330] INFO  org.alter.game.service.GameService - [Cycle time: 0ms] [Entities: 0p / 178n] [Map: 77c / 2r / 0i] [Queues: 0p / 0n / 0w] [Mem usage: U=497MB / R=1232MB / M=8180MB]. 
[2025-11-15 22:57:05.921] INFO  org.alter.game.service.GameService - [Cycle time: 0ms] [Entities: 0p / 178n] [Map: 77c / 2r / 0i] [Queues: 0p / 0n / 0w] [Mem usage: U=499MB / R=1232MB / M=8180MB]. 
[2025-11-15 22:57:12.531] INFO  org.alter.game.service.GameService - [Cycle time: 0ms] [Entities: 0p / 178n] [Map: 77c / 2r / 0i] [Queues: 0p / 0n / 0w] [Mem usage: U=501MB / R=1232MB / M=8180MB]. 
[2025-11-15 22:57:19.140] INFO  org.alter.game.service.GameService - [Cycle time: 0ms] [Entities: 0p / 178n] [Map: 77c / 2r / 0i] [Queues: 0p / 0n / 0w] [Mem usage: U=501MB / R=1232MB / M=8180MB]. 
[2025-11-15 22:57:25.720] INFO  org.alter.game.service.GameService - [Cycle time: 0ms] [Entities: 0p / 178n] [Map: 77c / 2r / 0i] [Queues: 0p / 0n / 0w] [Mem usage: U=503MB / R=1232MB / M=8180MB]. 
[2025-11-15 22:57:32.325] INFO  org.alter.game.service.GameService - [Cycle time: 0ms] [Entities: 0p / 178n] [Map: 77c / 2r / 0i] [Queues: 0p / 0n / 0w] [Mem usage: U=505MB / R=1232MB / M=8180MB]. 
[2025-11-15 22:57:38.921] INFO  org.alter.game.service.GameService - [Cycle time: 0ms] [Entities: 0p / 178n] [Map: 77c / 2r / 0i] [Queues: 0p / 0n / 0w] [Mem usage: U=505MB / R=1232MB / M=8180MB]. 
[2025-11-15 22:57:45.519] INFO  org.alter.game.service.GameService - [Cycle time: 0ms] [Entities: 0p / 178n] [Map: 77c / 2r / 0i] [Queues: 0p / 0n / 0w] [Mem usage: U=507MB / R=1232MB / M=8180MB]. 
[2025-11-15 22:57:52.117] INFO  org.alter.game.service.GameService - [Cycle time: 0ms] [Entities: 0p / 178n] [Map: 77c / 2r / 0i] [Queues: 0p / 0n / 0w] [Mem usage: U=509MB / R=1232MB / M=8180MB]. 
[2025-11-15 22:57:58.731] INFO  org.alter.game.service.GameService - [Cycle time: 0ms] [Entities: 0p / 178n] [Map: 77c / 2r / 0i] [Queues: 0p / 0n / 0w] [Mem usage: U=509MB / R=1232MB / M=8180MB]. 
[2025-11-15 22:58:04.384] INFO  org.alter.game.Server - Preparing Alter... 
[2025-11-15 22:58:04.389] INFO  org.alter.game.Server - Alter loaded up in 184ms. 
[2025-11-15 22:58:04.401] INFO  org.alter.game.Server - Loaded properties for Alter. 
[2025-11-15 22:58:04.800] INFO  org.alter.game.saving.PlayerDetails - Total Player Details Saved: 3 
[2025-11-15 22:58:04.804] INFO  org.alter.game.saving.PlayerSaving - Player Save Format : JSON 
[2025-11-15 22:58:04.821] WARN  d.o.c.u.c.DecompressionContext - BZIP2 Compression found - replace to improve read performance. 
[2025-11-15 22:58:05.111] INFO  d.o.c.f.definition.DefinitionDecoder - 14162 NPCDecoder definitions loaded in 197ms 
[2025-11-15 22:58:05.792] INFO  d.o.c.f.definition.DefinitionDecoder - 56080 ObjectDecoder definitions loaded in 675ms 
[2025-11-15 22:58:06.101] INFO  d.o.c.f.definition.DefinitionDecoder - 30644 ItemDecoder definitions loaded in 297ms 
[2025-11-15 22:58:06.162] INFO  d.o.c.f.definition.DefinitionDecoder - 17252 VarBitDecoder definitions loaded in 58ms 
[2025-11-15 22:58:06.174] INFO  d.o.c.f.definition.DefinitionDecoder - 4660 VarDecoder definitions loaded in 8ms 
[2025-11-15 22:58:06.287] INFO  d.o.c.f.definition.DefinitionDecoder - 12025 SequenceDecoder definitions loaded in 112ms 
[2025-11-15 22:58:06.345] INFO  d.o.c.f.definition.DefinitionDecoder - 5714 EnumDecoder definitions loaded in 57ms 
[2025-11-15 22:58:06.348] INFO  d.o.c.f.definition.DefinitionDecoder - 79 HealthBarDecoder definitions loaded in 2ms 
[2025-11-15 22:58:06.351] INFO  d.o.c.f.definition.DefinitionDecoder - 78 HitSplatDecoder definitions loaded in 1ms 
[2025-11-15 22:58:06.392] INFO  d.o.c.f.definition.DefinitionDecoder - 5822 StructDecoder definitions loaded in 40ms 
[2025-11-15 22:58:06.401] INFO  d.o.c.f.definition.DefinitionDecoder - 86 DBTableDecoder definitions loaded in 8ms 
[2025-11-15 22:58:06.430] INFO  d.o.c.f.definition.DefinitionDecoder - 4235 DBRowDecoder definitions loaded in 27ms 
[2025-11-15 22:58:06.431] INFO  org.alter.game.Server - Loaded filestore from path data\cache in 1626ms. 
[2025-11-15 22:58:06.900] INFO  org.alter.game.model.World - Initiated service 'XteaKeyService' in 366ms. 
[2025-11-15 22:58:07.240] INFO  org.alter.game.model.World - Initiated service 'ItemMetadataService' in 338ms. 
[2025-11-15 22:58:07.277] INFO  org.alter.game.model.World - Initiated service 'NpcMetadataService' in 31ms. 
[2025-11-15 22:58:07.307] INFO  org.alter.game.model.World - Initiated service 'ObjectMetadataService' in 28ms. 
[2025-11-15 22:58:07.309] INFO  org.alter.game.model.World - Initiated service 'DumpEntityIdService' in 0ms. 
[2025-11-15 22:58:07.666] INFO  org.alter.game.model.World - Initiated service 'RsaService' in 354ms. 
[2025-11-15 22:58:07.682] INFO  org.alter.game.model.World - Initiated service 'GameService' in 3ms. 
[2025-11-15 22:58:07.684] INFO  org.alter.game.model.World - Initiated service 'LoginService' in 0ms. 
[2025-11-15 22:58:07.691] INFO  o.a.p.service.restapi.RestApiService - REST API Service starting on port 8080 with server IP 192.168.0.13, hostname oldschool.runescape.com 
[2025-11-15 22:58:07.726] INFO  org.eclipse.jetty.util.log - Logging initialized @4077ms 
[2025-11-15 22:58:07.760] INFO  spark.webserver.JettySparkServer - == Spark has ignited ... 
[2025-11-15 22:58:07.760] INFO  spark.webserver.JettySparkServer - >> Listening on 0.0.0.0:8080 
[2025-11-15 22:58:07.762] INFO  org.eclipse.jetty.server.Server - jetty-9.3.2.v20150730 
[2025-11-15 22:58:07.842] INFO  o.e.jetty.server.ServerConnector - Started ServerConnector@11eeffdb{HTTP/1.1,[http/1.1]}{0.0.0.0:8080} 
[2025-11-15 22:58:07.842] INFO  org.eclipse.jetty.server.Server - Started @4195ms 
[2025-11-15 22:58:07.845] INFO  o.a.p.service.restapi.RestApiService - REST API Service initialized - bootstrap.json endpoint available at http://192.168.0.13:8080/bootstrap.json 
[2025-11-15 22:58:07.845] INFO  org.alter.game.model.World - Initiated service 'RestApiService' in 160ms. 
[2025-11-15 22:58:07.849] INFO  org.alter.game.model.World - Loaded 9 game services. 
[2025-11-15 22:58:09.997] INFO  o.a.g.rsprot.CacheJs5GroupProvider - Loaded 107953 JS5 responses 
[2025-11-15 22:58:10.016] DEBUG net.rsprot.compression.HuffmanCodec - Loaded 256 Huffman codewords and 512 node lookup tree. 
[2025-11-15 22:58:10.035] WARN  n.rsprot.protocol.common.RSProtFlags - Unknown network logging option: false, expected values: [off, trace, debug, info, warn, error] 
[2025-11-15 22:58:10.036] DEBUG n.rsprot.protocol.common.RSProtFlags - -Dnet.rsprot.protocol.internal.development: true 
[2025-11-15 22:58:10.036] DEBUG n.rsprot.protocol.common.RSProtFlags - -Dnet.rsprot.protocol.internal.inventoryObjCheck: true 
[2025-11-15 22:58:10.036] DEBUG n.rsprot.protocol.common.RSProtFlags - -Dnet.rsprot.protocol.internal.extendedInfoInputVerification: true 
[2025-11-15 22:58:10.036] DEBUG n.rsprot.protocol.common.RSProtFlags - -Dnet.rsprot.protocol.internal.clientscriptVerification: true 
[2025-11-15 22:58:10.036] DEBUG n.rsprot.protocol.common.RSProtFlags - -Dnet.rsprot.protocol.internal.networkLogging: false 
[2025-11-15 22:58:10.036] DEBUG n.rsprot.protocol.common.RSProtFlags - -Dnet.rsprot.protocol.internal.js5Logging: off 
[2025-11-15 22:58:10.036] DEBUG n.rsprot.protocol.common.RSProtFlags - -Dnet.rsprot.protocol.internal.npcPlayerAvatarTracking: true 
[2025-11-15 22:58:10.036] DEBUG n.rsprot.protocol.common.RSProtFlags - -Dnet.rsprot.protocol.internal.filterMissingPacketsInClient: true 
[2025-11-15 22:58:10.036] DEBUG n.rsprot.protocol.common.RSProtFlags - -Dnet.rsprot.protocol.internal.npcAvatarMaxId: 16383 
[2025-11-15 22:58:10.036] DEBUG n.rsprot.protocol.common.RSProtFlags - -Dnet.rsprot.protocol.internal.spotanimListCapacity: 256 
[2025-11-15 22:58:10.037] DEBUG n.rsprot.protocol.common.RSProtFlags - -Dnet.rsprot.protocol.internal.captureChat: false 
[2025-11-15 22:58:10.037] DEBUG n.rsprot.protocol.common.RSProtFlags - -Dnet.rsprot.protocol.internal.captureSay: false 
[2025-11-15 22:58:10.299] INFO  org.alter.rscm.RSCM - RSCM Loaded 
[2025-11-15 22:58:10.302] INFO  org.alter.game.Server - Loaded 4 privilege levels in 1ms. 
[2025-11-15 22:58:13.129] INFO  org.alter.game.Server - Loaded 8 single doors and 4 double doors. 
[2025-11-15 22:58:13.132] INFO  o.a.p.c.objects.gates.GateService - Loaded 1 gate. 
[2025-11-15 22:58:13.141] INFO  org.alter.game.Server - Loaded 7 chest thieving definitions. 
[2025-11-15 22:58:13.147] INFO  org.alter.game.Server - Loaded 13 pickpocket definitions. 
[2025-11-15 22:58:13.150] INFO  org.alter.game.Server - Loaded 11 stall thieving definitions. 
[2025-11-15 22:58:13.222] INFO  org.alter.game.Server - Loaded 173 plugins in 2919ms. 
[2025-11-15 22:58:13.225] INFO  org.alter.game.Server - Alter loaded up in 8836ms. 
[2025-11-15 22:58:13.308] DEBUG n.r.p.api.bootstrap.BootstrapBuilder - Using event loop group: NioEventLoopGroup (bossThreads: 1, childThreads: 22) 
[2025-11-15 22:58:13.319] DEBUG n.r.p.api.bootstrap.BootstrapBuilder - Using byte buffer allocator: PooledByteBufAllocator(directByDefault: true) 
[2025-11-15 22:58:13.320] DEBUG n.r.p.api.bootstrap.BootstrapBuilder - Auto read: disabled 
[2025-11-15 22:58:13.320] DEBUG n.r.p.api.bootstrap.BootstrapBuilder - Socket receive buffer size: 65,536 
[2025-11-15 22:58:13.321] DEBUG n.r.p.api.bootstrap.BootstrapBuilder - Socket send buffer size: 65,536 
[2025-11-15 22:58:13.322] DEBUG n.r.p.api.bootstrap.BootstrapBuilder - Write buffer watermarks: 524,288/2,097,152 
[2025-11-15 22:58:13.322] DEBUG n.r.p.api.bootstrap.BootstrapBuilder - Nagle's algorithm (TCP no delay): disabled 
[2025-11-15 22:58:13.380] INFO  n.rsprot.protocol.api.NetworkService - Started in: 146.264300ms 
[2025-11-15 22:58:13.380] INFO  n.rsprot.protocol.api.NetworkService - Bound to ports: 43594 
[2025-11-15 22:58:13.380] INFO  n.rsprot.protocol.api.NetworkService - Revision: 228 
[2025-11-15 22:58:13.381] INFO  n.rsprot.protocol.api.NetworkService - Supported client types: Desktop 
[2025-11-15 22:58:13.381] INFO  org.alter.game.Server - Now listening for incoming connections on port 43594... 
[2025-11-15 22:58:19.232] INFO  org.alter.game.service.GameService - [Cycle time: 5ms] [Entities: 0p / 178n] [Map: 77c / 2r / 0i] [Queues: 0p / 0n / 0w] [Mem usage: U=719MB / R=1204MB / M=8180MB]. 
[2025-11-15 22:58:23.915] INFO  spark.webserver.MatcherFilter - The requested route [/world_list.ws] has not been mapped in Spark 
[2025-11-15 22:58:24.062] INFO  spark.webserver.MatcherFilter - The requested route [/jav_config.ws] has not been mapped in Spark 
[2025-11-15 22:58:24.352] DEBUG net.rsprot.crypto.rsa.Rsa - Native JNA-GMP support: false 
[2025-11-15 22:58:25.842] INFO  org.alter.game.service.GameService - [Cycle time: 4ms] [Entities: 0p / 178n] [Map: 77c / 2r / 0i] [Queues: 0p / 0n / 0w] [Mem usage: U=742MB / R=1204MB / M=8180MB]. 
[2025-11-15 22:58:28.855] DEBUG net.rsprot.buffer.bitbuffer.BitBuf - -Dnet.rsprot.buffer.bitbufferErrorChecking: true 
[2025-11-15 22:58:32.436] INFO  org.alter.game.service.GameService - [Cycle time: 13ms] [Entities: 1p / 178n] [Map: 269c / 5r / 0i] [Queues: 0p / 0n / 0w] [Mem usage: U=754MB / R=1204MB / M=8180MB]. 
[2025-11-15 22:58:39.043] INFO  org.alter.game.service.GameService - [Cycle time: 4ms] [Entities: 1p / 178n] [Map: 269c / 5r / 0i] [Queues: 0p / 0n / 0w] [Mem usage: U=758MB / R=1204MB / M=8180MB]. 
[2025-11-15 22:58:45.643] INFO  org.alter.game.service.GameService - [Cycle time: 2ms] [Entities: 1p / 178n] [Map: 269c / 5r / 0i] [Queues: 0p / 0n / 0w] [Mem usage: U=760MB / R=1204MB / M=8180MB]. 
[2025-11-15 22:58:52.232] INFO  org.alter.game.service.GameService - [Cycle time: 2ms] [Entities: 1p / 178n] [Map: 269c / 5r / 0i] [Queues: 0p / 0n / 0w] [Mem usage: U=762MB / R=1204MB / M=8180MB]. 
[2025-11-15 22:58:58.833] INFO  org.alter.game.service.GameService - [Cycle time: 1ms] [Entities: 1p / 178n] [Map: 269c / 5r / 0i] [Queues: 0p / 0n / 0w] [Mem usage: U=764MB / R=1204MB / M=8180MB]. 
[2025-11-15 22:59:05.432] INFO  org.alter.game.service.GameService - [Cycle time: 2ms] [Entities: 1p / 178n] [Map: 269c / 5r / 0i] [Queues: 0p / 0n / 0w] [Mem usage: U=766MB / R=1204MB / M=8180MB]. 
[2025-11-15 22:59:12.038] INFO  org.alter.game.service.GameService - [Cycle time: 1ms] [Entities: 1p / 178n] [Map: 269c / 5r / 0i] [Queues: 0p / 0n / 0w] [Mem usage: U=768MB / R=1204MB / M=8180MB]. 
[2025-11-15 22:59:12.647] INFO  org.alter.game.task.AutoSaveTask - Auto-save completed: 1 player(s) saved 
[2025-11-15 22:59:18.629] INFO  org.alter.game.service.GameService - [Cycle time: 3ms] [Entities: 1p / 178n] [Map: 269c / 5r / 0i] [Queues: 0p / 0n / 0w] [Mem usage: U=771MB / R=1204MB / M=8180MB]. 
[2025-11-15 22:59:25.229] INFO  org.alter.game.service.GameService - [Cycle time: 1ms] [Entities: 1p / 178n] [Map: 269c / 5r / 0i] [Queues: 0p / 0n / 0w] [Mem usage: U=773MB / R=1204MB / M=8180MB]. 
[2025-11-15 22:59:31.836] INFO  org.alter.game.service.GameService - [Cycle time: 1ms] [Entities: 1p / 178n] [Map: 269c / 5r / 0i] [Queues: 0p / 0n / 0w] [Mem usage: U=775MB / R=1204MB / M=8180MB]. 
[2025-11-15 22:59:38.442] INFO  org.alter.game.service.GameService - [Cycle time: 1ms] [Entities: 1p / 178n] [Map: 269c / 5r / 0i] [Queues: 0p / 0n / 0w] [Mem usage: U=778MB / R=1204MB / M=8180MB]. 
[2025-11-15 22:59:45.035] INFO  org.alter.game.service.GameService - [Cycle time: 1ms] [Entities: 1p / 178n] [Map: 269c / 5r / 0i] [Queues: 0p / 0n / 0w] [Mem usage: U=780MB / R=1204MB / M=8180MB]. 
[2025-11-15 22:59:51.633] INFO  org.alter.game.service.GameService - [Cycle time: 1ms] [Entities: 1p / 178n] [Map: 269c / 5r / 0i] [Queues: 0p / 0n / 0w] [Mem usage: U=782MB / R=1204MB / M=8180MB]. 
[2025-11-15 22:59:58.234] INFO  org.alter.game.service.GameService - [Cycle time: 1ms] [Entities: 1p / 178n] [Map: 269c / 5r / 0i] [Queues: 0p / 0n / 0w] [Mem usage: U=785MB / R=1204MB / M=8180MB]. 
[2025-11-15 23:00:04.830] INFO  org.alter.game.service.GameService - [Cycle time: 1ms] [Entities: 1p / 178n] [Map: 269c / 5r / 0i] [Queues: 0p / 0n / 0w] [Mem usage: U=787MB / R=1204MB / M=8180MB]. 
[2025-11-15 23:00:11.435] INFO  org.alter.game.service.GameService - [Cycle time: 1ms] [Entities: 1p / 178n] [Map: 269c / 5r / 0i] [Queues: 0p / 0n / 0w] [Mem usage: U=789MB / R=1204MB / M=8180MB]. 
[2025-11-15 23:00:12.636] INFO  org.alter.game.task.AutoSaveTask - Auto-save completed: 1 player(s) saved 
[2025-11-15 23:00:18.033] INFO  org.alter.game.service.GameService - [Cycle time: 2ms] [Entities: 1p / 178n] [Map: 269c / 5r / 0i] [Queues: 0p / 0n / 0w] [Mem usage: U=791MB / R=1204MB / M=8180MB]. 
[2025-11-15 23:00:24.639] INFO  org.alter.game.service.GameService - [Cycle time: 5ms] [Entities: 1p / 178n] [Map: 269c / 5r / 0i] [Queues: 0p / 0n / 0w] [Mem usage: U=793MB / R=1204MB / M=8180MB]. 
[2025-11-15 23:00:31.238] INFO  org.alter.game.service.GameService - [Cycle time: 1ms] [Entities: 1p / 178n] [Map: 269c / 5r / 0i] [Queues: 0p / 0n / 0w] [Mem usage: U=795MB / R=1204MB / M=8180MB]. 
[2025-11-15 23:00:37.838] INFO  org.alter.game.service.GameService - [Cycle time: 1ms] [Entities: 1p / 178n] [Map: 269c / 5r / 0i] [Queues: 0p / 0n / 0w] [Mem usage: U=798MB / R=1204MB / M=8180MB]. 
[2025-11-15 23:00:44.429] INFO  org.alter.game.service.GameService - [Cycle time: 1ms] [Entities: 1p / 178n] [Map: 269c / 5r / 0i] [Queues: 0p / 0n / 0w] [Mem usage: U=800MB / R=1204MB / M=8180MB]. 
[2025-11-15 23:00:51.030] INFO  org.alter.game.service.GameService - [Cycle time: 1ms] [Entities: 1p / 178n] [Map: 269c / 5r / 0i] [Queues: 0p / 0n / 0w] [Mem usage: U=802MB / R=1204MB / M=8180MB]. 
[2025-11-15 23:00:57.630] INFO  org.alter.game.service.GameService - [Cycle time: 1ms] [Entities: 1p / 178n] [Map: 269c / 5r / 0i] [Queues: 0p / 0n / 0w] [Mem usage: U=804MB / R=1204MB / M=8180MB]. 
[2025-11-15 23:01:04.239] INFO  org.alter.game.service.GameService - [Cycle time: 1ms] [Entities: 1p / 178n] [Map: 269c / 5r / 0i] [Queues: 0p / 0n / 0w] [Mem usage: U=806MB / R=1204MB / M=8180MB]. 
[2025-11-15 23:01:10.837] INFO  org.alter.game.service.GameService - [Cycle time: 1ms] [Entities: 1p / 178n] [Map: 269c / 5r / 0i] [Queues: 0p / 0n / 0w] [Mem usage: U=808MB / R=1204MB / M=8180MB]. 
[2025-11-15 23:01:12.637] INFO  org.alter.game.task.AutoSaveTask - Auto-save completed: 1 player(s) saved 
[2025-11-15 23:01:17.441] INFO  org.alter.game.service.GameService - [Cycle time: 1ms] [Entities: 1p / 178n] [Map: 269c / 5r / 0i] [Queues: 0p / 0n / 0w] [Mem usage: U=810MB / R=1204MB / M=8180MB]. 
[2025-11-15 23:01:24.030] INFO  org.alter.game.service.GameService - [Cycle time: 1ms] [Entities: 1p / 178n] [Map: 269c / 5r / 0i] [Queues: 0p / 0n / 0w] [Mem usage: U=813MB / R=1204MB / M=8180MB]. 
[2025-11-15 23:01:30.633] INFO  org.alter.game.service.GameService - [Cycle time: 1ms] [Entities: 1p / 178n] [Map: 269c / 5r / 0i] [Queues: 0p / 0n / 0w] [Mem usage: U=815MB / R=1204MB / M=8180MB]. 
[2025-11-15 23:01:37.234] INFO  org.alter.game.service.GameService - [Cycle time: 1ms] [Entities: 1p / 178n] [Map: 269c / 5r / 0i] [Queues: 0p / 0n / 0w] [Mem usage: U=817MB / R=1204MB / M=8180MB]. 
[2025-11-15 23:01:43.833] INFO  org.alter.game.service.GameService - [Cycle time: 1ms] [Entities: 1p / 178n] [Map: 269c / 5r / 0i] [Queues: 0p / 0n / 0w] [Mem usage: U=819MB / R=1204MB / M=8180MB]. 
[2025-11-15 23:01:50.431] INFO  org.alter.game.service.GameService - [Cycle time: 1ms] [Entities: 1p / 178n] [Map: 269c / 5r / 0i] [Queues: 0p / 0n / 0w] [Mem usage: U=821MB / R=1204MB / M=8180MB]. 
[2025-11-15 23:01:57.041] INFO  org.alter.game.service.GameService - [Cycle time: 1ms] [Entities: 1p / 178n] [Map: 269c / 5r / 0i] [Queues: 0p / 0n / 0w] [Mem usage: U=823MB / R=1204MB / M=8180MB]. 
[2025-11-15 23:02:00.478] INFO  spark.webserver.MatcherFilter - The requested route [/jav_config.ws] has not been mapped in Spark 
[2025-11-15 23:02:00.528] INFO  spark.webserver.MatcherFilter - The requested route [/jav_config.ws] has not been mapped in Spark 
[2025-11-15 23:02:00.710] INFO  spark.webserver.MatcherFilter - The requested route [/world_list.ws] has not been mapped in Spark 
[2025-11-15 23:02:03.632] INFO  org.alter.game.service.GameService - [Cycle time: 1ms] [Entities: 1p / 178n] [Map: 269c / 5r / 0i] [Queues: 0p / 0n / 0w] [Mem usage: U=827MB / R=1204MB / M=8180MB]. 
[2025-11-15 23:02:10.229] INFO  org.alter.game.service.GameService - [Cycle time: 1ms] [Entities: 1p / 178n] [Map: 269c / 5r / 0i] [Queues: 0p / 0n / 0w] [Mem usage: U=828MB / R=1204MB / M=8180MB]. 
[2025-11-15 23:02:12.632] INFO  org.alter.game.task.AutoSaveTask - Auto-save completed: 1 player(s) saved 
[2025-11-15 23:02:16.838] INFO  org.alter.game.service.GameService - [Cycle time: 1ms] [Entities: 1p / 178n] [Map: 269c / 5r / 0i] [Queues: 0p / 0n / 0w] [Mem usage: U=831MB / R=1204MB / M=8180MB]. 
[2025-11-15 23:02:23.436] INFO  org.alter.game.service.GameService - [Cycle time: 4ms] [Entities: 1p / 178n] [Map: 269c / 5r / 0i] [Queues: 0p / 0n / 0w] [Mem usage: U=835MB / R=1204MB / M=8180MB]. 
[2025-11-15 23:02:27.783] INFO  spark.webserver.MatcherFilter - The requested route [/world_list.ws] has not been mapped in Spark 
[2025-11-15 23:02:27.890] DEBUG n.r.p.c.j.o.c.Js5GroupResponseEncoder - Using compatible JS5 buffer types (direct: true) 
[2025-11-15 23:02:30.030] INFO  org.alter.game.service.GameService - [Cycle time: 3ms] [Entities: 1p / 178n] [Map: 269c / 5r / 0i] [Queues: 0p / 0n / 0w] [Mem usage: U=840MB / R=1204MB / M=8180MB]. 
[2025-11-15 23:02:36.643] INFO  org.alter.game.service.GameService - [Cycle time: 2ms] [Entities: 1p / 178n] [Map: 269c / 5r / 0i] [Queues: 0p / 0n / 0w] [Mem usage: U=842MB / R=1204MB / M=8180MB]. 
[2025-11-15 23:02:43.238] INFO  org.alter.game.service.GameService - [Cycle time: 2ms] [Entities: 1p / 178n] [Map: 269c / 5r / 0i] [Queues: 0p / 0n / 0w] [Mem usage: U=845MB / R=1204MB / M=8180MB]. 
[2025-11-15 23:02:44.200] INFO  spark.webserver.MatcherFilter - The requested route [/world_list.ws] has not been mapped in Spark 
[2025-11-15 23:02:44.247] INFO  spark.webserver.MatcherFilter - The requested route [/jav_config.ws] has not been mapped in Spark 
[2025-11-15 23:02:49.842] INFO  org.alter.game.service.GameService - [Cycle time: 2ms] [Entities: 2p / 178n] [Map: 269c / 5r / 0i] [Queues: 0p / 0n / 0w] [Mem usage: U=853MB / R=1204MB / M=8180MB]. 
[2025-11-15 23:02:56.436] INFO  org.alter.game.service.GameService - [Cycle time: 2ms] [Entities: 2p / 178n] [Map: 269c / 5r / 0i] [Queues: 0p / 0n / 0w] [Mem usage: U=856MB / R=1204MB / M=8180MB]. 
[2025-11-15 23:03:03.037] INFO  org.alter.game.service.GameService - [Cycle time: 1ms] [Entities: 2p / 178n] [Map: 269c / 5r / 0i] [Queues: 0p / 0n / 0w] [Mem usage: U=858MB / R=1204MB / M=8180MB]. 
[2025-11-15 23:03:09.640] INFO  org.alter.game.service.GameService - [Cycle time: 1ms] [Entities: 2p / 178n] [Map: 269c / 5r / 0i] [Queues: 0p / 0n / 0w] [Mem usage: U=861MB / R=1204MB / M=8180MB]. 
[2025-11-15 23:03:12.637] INFO  org.alter.game.task.AutoSaveTask - Auto-save completed: 2 player(s) saved 
[2025-11-15 23:03:16.242] INFO  org.alter.game.service.GameService - [Cycle time: 2ms] [Entities: 2p / 178n] [Map: 269c / 5r / 0i] [Queues: 0p / 0n / 0w] [Mem usage: U=864MB / R=1204MB / M=8180MB]. 
[2025-11-15 23:03:22.841] INFO  org.alter.game.service.GameService - [Cycle time: 1ms] [Entities: 2p / 178n] [Map: 269c / 5r / 0i] [Queues: 0p / 0n / 0w] [Mem usage: U=866MB / R=1204MB / M=8180MB]. 
[2025-11-15 23:03:29.441] INFO  org.alter.game.service.GameService - [Cycle time: 1ms] [Entities: 2p / 178n] [Map: 269c / 5r / 0i] [Queues: 0p / 0n / 0w] [Mem usage: U=868MB / R=1204MB / M=8180MB]. 
[2025-11-15 23:03:36.036] INFO  org.alter.game.service.GameService - [Cycle time: 2ms] [Entities: 2p / 178n] [Map: 269c / 5r / 0i] [Queues: 0p / 0n / 0w] [Mem usage: U=871MB / R=1204MB / M=8180MB]. 
[2025-11-15 23:03:42.635] INFO  org.alter.game.service.GameService - [Cycle time: 1ms] [Entities: 2p / 178n] [Map: 269c / 5r / 0i] [Queues: 0p / 0n / 0w] [Mem usage: U=874MB / R=1204MB / M=8180MB]. 
[2025-11-15 23:03:49.234] INFO  org.alter.game.service.GameService - [Cycle time: 1ms] [Entities: 2p / 178n] [Map: 269c / 5r / 0i] [Queues: 0p / 0n / 0w] [Mem usage: U=876MB / R=1204MB / M=8180MB]. 
[2025-11-15 23:03:55.834] INFO  org.alter.game.service.GameService - [Cycle time: 1ms] [Entities: 2p / 178n] [Map: 269c / 5r / 0i] [Queues: 0p / 0n / 0w] [Mem usage: U=878MB / R=1204MB / M=8180MB]. 
[2025-11-15 23:03:56.310] INFO  spark.webserver.MatcherFilter - The requested route [/world_list.ws] has not been mapped in Spark 
[2025-11-15 23:04:02.434] INFO  org.alter.game.service.GameService - [Cycle time: 1ms] [Entities: 2p / 178n] [Map: 269c / 5r / 0i] [Queues: 0p / 0n / 0w] [Mem usage: U=881MB / R=1204MB / M=8180MB]. 
[2025-11-15 23:04:09.041] INFO  org.alter.game.service.GameService - [Cycle time: 1ms] [Entities: 2p / 178n] [Map: 269c / 5r / 0i] [Queues: 0p / 0n / 0w] [Mem usage: U=883MB / R=1204MB / M=8180MB]. 
[2025-11-15 23:04:12.638] INFO  org.alter.game.task.AutoSaveTask - Auto-save completed: 2 player(s) saved 
[2025-11-15 23:04:15.634] INFO  org.alter.game.service.GameService - [Cycle time: 1ms] [Entities: 2p / 178n] [Map: 269c / 5r / 0i] [Queues: 0p / 0n / 0w] [Mem usage: U=886MB / R=1204MB / M=8180MB]. 
[2025-11-15 23:04:22.230] INFO  org.alter.game.service.GameService - [Cycle time: 1ms] [Entities: 2p / 178n] [Map: 269c / 5r / 0i] [Queues: 0p / 0n / 0w] [Mem usage: U=888MB / R=1204MB / M=8180MB]. 
[2025-11-15 23:04:28.836] INFO  org.alter.game.service.GameService - [Cycle time: 1ms] [Entities: 2p / 178n] [Map: 269c / 5r / 0i] [Queues: 0p / 0n / 0w] [Mem usage: U=891MB / R=1204MB / M=8180MB]. 
[2025-11-15 23:04:35.432] INFO  org.alter.game.service.GameService - [Cycle time: 1ms] [Entities: 2p / 178n] [Map: 269c / 5r / 0i] [Queues: 0p / 0n / 0w] [Mem usage: U=893MB / R=1204MB / M=8180MB]. 
[2025-11-15 23:04:42.043] INFO  org.alter.game.service.GameService - [Cycle time: 1ms] [Entities: 2p / 178n] [Map: 269c / 5r / 0i] [Queues: 0p / 0n / 0w] [Mem usage: U=895MB / R=1204MB / M=8180MB]. 
[2025-11-15 23:04:48.634] INFO  org.alter.game.service.GameService - [Cycle time: 1ms] [Entities: 2p / 178n] [Map: 269c / 5r / 0i] [Queues: 0p / 0n / 0w] [Mem usage: U=897MB / R=1204MB / M=8180MB]. 
[2025-11-15 23:04:55.228] INFO  org.alter.game.service.GameService - [Cycle time: 1ms] [Entities: 2p / 178n] [Map: 269c / 5r / 0i] [Queues: 0p / 0n / 0w] [Mem usage: U=900MB / R=1204MB / M=8180MB]. 
[2025-11-15 23:05:01.835] INFO  org.alter.game.service.GameService - [Cycle time: 1ms] [Entities: 2p / 178n] [Map: 269c / 5r / 0i] [Queues: 0p / 0n / 0w] [Mem usage: U=902MB / R=1204MB / M=8180MB]. 
[2025-11-15 23:05:08.437] INFO  org.alter.game.service.GameService - [Cycle time: 1ms] [Entities: 2p / 178n] [Map: 269c / 5r / 0i] [Queues: 0p / 0n / 0w] [Mem usage: U=905MB / R=1204MB / M=8180MB]. 
[2025-11-15 23:05:12.636] INFO  org.alter.game.task.AutoSaveTask - Auto-save completed: 2 player(s) saved 
[2025-11-15 23:05:15.033] INFO  org.alter.game.service.GameService - [Cycle time: 2ms] [Entities: 2p / 178n] [Map: 269c / 5r / 0i] [Queues: 0p / 0n / 0w] [Mem usage: U=907MB / R=1204MB / M=8180MB]. 
[2025-11-15 23:05:21.640] INFO  org.alter.game.service.GameService - [Cycle time: 1ms] [Entities: 2p / 178n] [Map: 269c / 5r / 0i] [Queues: 0p / 0n / 0w] [Mem usage: U=909MB / R=1204MB / M=8180MB]. 
[2025-11-15 23:05:28.240] INFO  org.alter.game.service.GameService - [Cycle time: 6ms] [Entities: 2p / 178n] [Map: 269c / 5r / 0i] [Queues: 0p / 0n / 0w] [Mem usage: U=481MB / R=1204MB / M=8180MB]. 
[2025-11-15 23:05:34.832] INFO  org.alter.game.service.GameService - [Cycle time: 1ms] [Entities: 2p / 178n] [Map: 269c / 5r / 0i] [Queues: 0p / 0n / 0w] [Mem usage: U=484MB / R=1204MB / M=8180MB]. 
[2025-11-15 23:05:41.433] INFO  org.alter.game.service.GameService - [Cycle time: 2ms] [Entities: 2p / 178n] [Map: 269c / 5r / 0i] [Queues: 0p / 0n / 0w] [Mem usage: U=488MB / R=1204MB / M=8180MB]. 
[2025-11-15 23:05:48.037] INFO  org.alter.game.service.GameService - [Cycle time: 1ms] [Entities: 2p / 178n] [Map: 269c / 5r / 0i] [Queues: 0p / 0n / 0w] [Mem usage: U=490MB / R=1204MB / M=8180MB]. 
[2025-11-15 23:05:54.631] INFO  org.alter.game.service.GameService - [Cycle time: 1ms] [Entities: 2p / 178n] [Map: 269c / 5r / 0i] [Queues: 0p / 0n / 0w] [Mem usage: U=492MB / R=1204MB / M=8180MB]. 
[2025-11-15 23:06:01.240] INFO  org.alter.game.service.GameService - [Cycle time: 1ms] [Entities: 2p / 178n] [Map: 269c / 5r / 0i] [Queues: 0p / 0n / 0w] [Mem usage: U=496MB / R=1204MB / M=8180MB]. 
[2025-11-15 23:06:07.828] INFO  org.alter.game.service.GameService - [Cycle time: 1ms] [Entities: 2p / 178n] [Map: 269c / 5r / 0i] [Queues: 0p / 0n / 0w] [Mem usage: U=500MB / R=1204MB / M=8180MB]. 
[2025-11-15 23:06:12.637] INFO  org.alter.game.task.AutoSaveTask - Auto-save completed: 2 player(s) saved 
[2025-11-15 23:06:14.430] INFO  org.alter.game.service.GameService - [Cycle time: 1ms] [Entities: 2p / 178n] [Map: 269c / 5r / 0i] [Queues: 0p / 0n / 0w] [Mem usage: U=502MB / R=1204MB / M=8180MB]. 
[2025-11-15 23:06:21.038] INFO  org.alter.game.service.GameService - [Cycle time: 1ms] [Entities: 2p / 178n] [Map: 269c / 5r / 0i] [Queues: 0p / 0n / 0w] [Mem usage: U=506MB / R=1204MB / M=8180MB]. 
[2025-11-15 23:06:27.640] INFO  org.alter.game.service.GameService - [Cycle time: 1ms] [Entities: 2p / 178n] [Map: 269c / 5r / 0i] [Queues: 0p / 0n / 0w] [Mem usage: U=508MB / R=1204MB / M=8180MB]. 
[2025-11-15 23:06:34.228] INFO  org.alter.game.service.GameService - [Cycle time: 1ms] [Entities: 2p / 178n] [Map: 269c / 5r / 0i] [Queues: 0p / 0n / 0w] [Mem usage: U=510MB / R=1204MB / M=8180MB]. 
[2025-11-15 23:06:40.840] INFO  org.alter.game.service.GameService - [Cycle time: 1ms] [Entities: 2p / 178n] [Map: 269c / 5r / 0i] [Queues: 0p / 0n / 0w] [Mem usage: U=512MB / R=1204MB / M=8180MB]. 
[2025-11-15 23:06:47.441] INFO  org.alter.game.service.GameService - [Cycle time: 1ms] [Entities: 2p / 178n] [Map: 269c / 5r / 0i] [Queues: 0p / 0n / 0w] [Mem usage: U=514MB / R=1204MB / M=8180MB]. 
[2025-11-15 23:06:54.031] INFO  org.alter.game.service.GameService - [Cycle time: 1ms] [Entities: 2p / 178n] [Map: 269c / 5r / 0i] [Queues: 0p / 0n / 0w] [Mem usage: U=518MB / R=1204MB / M=8180MB]. 
[2025-11-15 23:07:00.632] INFO  org.alter.game.service.GameService - [Cycle time: 1ms] [Entities: 2p / 178n] [Map: 269c / 5r / 0i] [Queues: 0p / 0n / 0w] [Mem usage: U=520MB / R=1204MB / M=8180MB]. 
[2025-11-15 23:07:07.243] INFO  org.alter.game.service.GameService - [Cycle time: 1ms] [Entities: 2p / 178n] [Map: 269c / 5r / 0i] [Queues: 0p / 0n / 0w] [Mem usage: U=522MB / R=1204MB / M=8180MB]. 
[2025-11-15 23:07:12.634] INFO  org.alter.game.task.AutoSaveTask - Auto-save completed: 2 player(s) saved 
[2025-11-15 23:07:13.832] INFO  org.alter.game.service.GameService - [Cycle time: 2ms] [Entities: 2p / 178n] [Map: 269c / 5r / 0i] [Queues: 0p / 0n / 0w] [Mem usage: U=524MB / R=1204MB / M=8180MB]. 
[2025-11-15 23:07:20.431] INFO  org.alter.game.service.GameService - [Cycle time: 1ms] [Entities: 2p / 178n] [Map: 269c / 5r / 0i] [Queues: 0p / 0n / 0w] [Mem usage: U=526MB / R=1204MB / M=8180MB]. 
[2025-11-15 23:07:27.034] INFO  org.alter.game.service.GameService - [Cycle time: 1ms] [Entities: 2p / 178n] [Map: 269c / 5r / 0i] [Queues: 0p / 0n / 0w] [Mem usage: U=530MB / R=1204MB / M=8180MB]. 
[2025-11-15 23:07:33.638] INFO  org.alter.game.service.GameService - [Cycle time: 1ms] [Entities: 2p / 178n] [Map: 269c / 5r / 0i] [Queues: 0p / 0n / 0w] [Mem usage: U=532MB / R=1204MB / M=8180MB]. 
[2025-11-15 23:07:40.236] INFO  org.alter.game.service.GameService - [Cycle time: 1ms] [Entities: 2p / 178n] [Map: 269c / 5r / 0i] [Queues: 0p / 0n / 0w] [Mem usage: U=534MB / R=1204MB / M=8180MB]. 
[2025-11-15 23:07:46.835] INFO  org.alter.game.service.GameService - [Cycle time: 1ms] [Entities: 2p / 178n] [Map: 269c / 5r / 0i] [Queues: 0p / 0n / 0w] [Mem usage: U=536MB / R=1204MB / M=8180MB]. 
[2025-11-15 23:07:53.429] INFO  org.alter.game.service.GameService - [Cycle time: 1ms] [Entities: 2p / 178n] [Map: 269c / 5r / 0i] [Queues: 0p / 0n / 0w] [Mem usage: U=538MB / R=1204MB / M=8180MB]. 
[2025-11-15 23:08:00.041] INFO  org.alter.game.service.GameService - [Cycle time: 1ms] [Entities: 2p / 178n] [Map: 269c / 5r / 0i] [Queues: 0p / 0n / 0w] [Mem usage: U=542MB / R=1204MB / M=8180MB]. 
[2025-11-15 23:08:06.633] INFO  org.alter.game.service.GameService - [Cycle time: 1ms] [Entities: 2p / 178n] [Map: 269c / 5r / 0i] [Queues: 0p / 0n / 0w] [Mem usage: U=542MB / R=1204MB / M=8180MB]. 
[2025-11-15 23:08:12.634] INFO  org.alter.game.task.AutoSaveTask - Auto-save completed: 2 player(s) saved 
[2025-11-15 23:08:13.233] INFO  org.alter.game.service.GameService - [Cycle time: 2ms] [Entities: 2p / 178n] [Map: 269c / 5r / 0i] [Queues: 0p / 0n / 0w] [Mem usage: U=546MB / R=1204MB / M=8180MB]. 
[2025-11-15 23:08:19.843] INFO  org.alter.game.service.GameService - [Cycle time: 1ms] [Entities: 2p / 178n] [Map: 269c / 5r / 0i] [Queues: 0p / 0n / 0w] [Mem usage: U=548MB / R=1204MB / M=8180MB]. 
[2025-11-15 23:08:26.439] INFO  org.alter.game.service.GameService - [Cycle time: 1ms] [Entities: 2p / 178n] [Map: 269c / 5r / 0i] [Queues: 0p / 0n / 0w] [Mem usage: U=550MB / R=1204MB / M=8180MB]. 
[2025-11-15 23:08:33.037] INFO  org.alter.game.service.GameService - [Cycle time: 2ms] [Entities: 2p / 178n] [Map: 269c / 5r / 0i] [Queues: 0p / 0n / 0w] [Mem usage: U=554MB / R=1204MB / M=8180MB]. 
[2025-11-15 23:08:39.636] INFO  org.alter.game.service.GameService - [Cycle time: 2ms] [Entities: 2p / 178n] [Map: 333c / 6r / 0i] [Queues: 0p / 0n / 0w] [Mem usage: U=560MB / R=1204MB / M=8180MB]. 
[2025-11-15 23:08:46.232] INFO  org.alter.game.service.GameService - [Cycle time: 1ms] [Entities: 2p / 178n] [Map: 333c / 6r / 0i] [Queues: 0p / 0n / 0w] [Mem usage: U=562MB / R=1204MB / M=8180MB]. 
[2025-11-15 23:08:52.836] INFO  org.alter.game.service.GameService - [Cycle time: 1ms] [Entities: 2p / 178n] [Map: 333c / 6r / 0i] [Queues: 0p / 0n / 0w] [Mem usage: U=564MB / R=1204MB / M=8180MB]. 
[2025-11-15 23:08:59.430] INFO  org.alter.game.service.GameService - [Cycle time: 1ms] [Entities: 2p / 178n] [Map: 333c / 6r / 0i] [Queues: 0p / 0n / 0w] [Mem usage: U=566MB / R=1204MB / M=8180MB]. 
[2025-11-15 23:09:06.031] INFO  org.alter.game.service.GameService - [Cycle time: 1ms] [Entities: 2p / 178n] [Map: 333c / 6r / 0i] [Queues: 0p / 0n / 0w] [Mem usage: U=568MB / R=1204MB / M=8180MB]. 
[2025-11-15 23:09:12.638] INFO  org.alter.game.task.AutoSaveTask - Auto-save completed: 2 player(s) saved 
[2025-11-15 23:09:12.638] INFO  org.alter.game.service.GameService - [Cycle time: 2ms] [Entities: 2p / 178n] [Map: 333c / 6r / 0i] [Queues: 0p / 0n / 0w] [Mem usage: U=570MB / R=1204MB / M=8180MB]. 
[2025-11-15 23:09:19.234] INFO  org.alter.game.service.GameService - [Cycle time: 1ms] [Entities: 2p / 178n] [Map: 333c / 6r / 0i] [Queues: 0p / 0n / 0w] [Mem usage: U=574MB / R=1204MB / M=8180MB]. 
[2025-11-15 23:09:25.838] INFO  org.alter.game.service.GameService - [Cycle time: 1ms] [Entities: 2p / 178n] [Map: 333c / 6r / 0i] [Queues: 0p / 0n / 0w] [Mem usage: U=576MB / R=1204MB / M=8180MB]. 
[2025-11-15 23:09:32.428] INFO  org.alter.game.service.GameService - [Cycle time: 1ms] [Entities: 2p / 178n] [Map: 333c / 6r / 0i] [Queues: 0p / 0n / 0w] [Mem usage: U=578MB / R=1204MB / M=8180MB]. 
[2025-11-15 23:09:39.034] INFO  org.alter.game.service.GameService - [Cycle time: 1ms] [Entities: 2p / 178n] [Map: 333c / 6r / 0i] [Queues: 0p / 0n / 0w] [Mem usage: U=580MB / R=1204MB / M=8180MB]. 
[2025-11-15 23:09:45.640] INFO  org.alter.game.service.GameService - [Cycle time: 1ms] [Entities: 2p / 178n] [Map: 333c / 6r / 0i] [Queues: 0p / 0n / 0w] [Mem usage: U=582MB / R=1204MB / M=8180MB]. 
[2025-11-15 23:09:52.234] INFO  org.alter.game.service.GameService - [Cycle time: 1ms] [Entities: 2p / 178n] [Map: 333c / 6r / 0i] [Queues: 0p / 0n / 0w] [Mem usage: U=586MB / R=1204MB / M=8180MB]. 
[2025-11-15 23:09:58.828] INFO  org.alter.game.service.GameService - [Cycle time: 1ms] [Entities: 2p / 178n] [Map: 333c / 6r / 0i] [Queues: 0p / 0n / 0w] [Mem usage: U=588MB / R=1204MB / M=8180MB]. 
[2025-11-15 23:10:05.442] INFO  org.alter.game.service.GameService - [Cycle time: 1ms] [Entities: 2p / 178n] [Map: 333c / 6r / 0i] [Queues: 0p / 0n / 0w] [Mem usage: U=590MB / R=1204MB / M=8180MB]. 
[2025-11-15 23:10:10.839] WARN  o.a.game.model.interf.InterfaceSet - No interface visible in pane ({}, {}). 162 566 
[2025-11-15 23:10:12.037] INFO  org.alter.game.service.GameService - [Cycle time: 1ms] [Entities: 2p / 178n] [Map: 333c / 6r / 0i] [Queues: 0p / 0n / 0w] [Mem usage: U=592MB / R=1204MB / M=8180MB]. 
[2025-11-15 23:10:12.639] INFO  org.alter.game.task.AutoSaveTask - Auto-save completed: 2 player(s) saved 
[2025-11-15 23:10:18.642] INFO  org.alter.game.service.GameService - [Cycle time: 1ms] [Entities: 2p / 178n] [Map: 333c / 6r / 0i] [Queues: 0p / 0n / 0w] [Mem usage: U=594MB / R=1204MB / M=8180MB]. 
[2025-11-15 23:10:25.236] INFO  org.alter.game.service.GameService - [Cycle time: 1ms] [Entities: 2p / 178n] [Map: 333c / 6r / 0i] [Queues: 0p / 0n / 0w] [Mem usage: U=598MB / R=1204MB / M=8180MB]. 
[2025-11-15 23:10:31.836] INFO  org.alter.game.service.GameService - [Cycle time: 1ms] [Entities: 2p / 178n] [Map: 333c / 6r / 0i] [Queues: 0p / 0n / 0w] [Mem usage: U=600MB / R=1204MB / M=8180MB]. 
[2025-11-15 23:10:38.433] INFO  org.alter.game.service.GameService - [Cycle time: 1ms] [Entities: 2p / 178n] [Map: 333c / 6r / 0i] [Queues: 0p / 0n / 0w] [Mem usage: U=602MB / R=1204MB / M=8180MB]. 
[2025-11-15 23:10:45.040] INFO  org.alter.game.service.GameService - [Cycle time: 1ms] [Entities: 2p / 178n] [Map: 333c / 6r / 0i] [Queues: 0p / 0n / 0w] [Mem usage: U=604MB / R=1204MB / M=8180MB]. 
[2025-11-15 23:10:51.632] INFO  org.alter.game.service.GameService - [Cycle time: 1ms] [Entities: 2p / 178n] [Map: 333c / 6r / 0i] [Queues: 0p / 0n / 0w] [Mem usage: U=606MB / R=1204MB / M=8180MB]. 
[2025-11-15 23:10:58.243] INFO  org.alter.game.service.GameService - [Cycle time: 2ms] [Entities: 2p / 178n] [Map: 333c / 6r / 0i] [Queues: 0p / 0n / 0w] [Mem usage: U=610MB / R=1204MB / M=8180MB]. 
[2025-11-15 23:11:04.843] INFO  org.alter.game.service.GameService - [Cycle time: 2ms] [Entities: 2p / 178n] [Map: 333c / 6r / 0i] [Queues: 0p / 0n / 0w] [Mem usage: U=612MB / R=1204MB / M=8180MB]. 
[2025-11-15 23:11:11.431] INFO  org.alter.game.service.GameService - [Cycle time: 1ms] [Entities: 2p / 178n] [Map: 333c / 6r / 0i] [Queues: 0p / 0n / 0w] [Mem usage: U=614MB / R=1204MB / M=8180MB]. 
[2025-11-15 23:11:12.630] INFO  org.alter.game.task.AutoSaveTask - Auto-save completed: 2 player(s) saved 
[2025-11-15 23:11:18.042] INFO  org.alter.game.service.GameService - [Cycle time: 1ms] [Entities: 2p / 178n] [Map: 333c / 6r / 0i] [Queues: 0p / 0n / 0w] [Mem usage: U=616MB / R=1204MB / M=8180MB]. 
[2025-11-15 23:11:24.632] INFO  org.alter.game.service.GameService - [Cycle time: 1ms] [Entities: 2p / 178n] [Map: 333c / 6r / 0i] [Queues: 0p / 0n / 0w] [Mem usage: U=618MB / R=1204MB / M=8180MB]. 
[2025-11-15 23:11:31.236] INFO  org.alter.game.service.GameService - [Cycle time: 1ms] [Entities: 2p / 178n] [Map: 333c / 6r / 0i] [Queues: 0p / 0n / 0w] [Mem usage: U=622MB / R=1204MB / M=8180MB]. 
[2025-11-15 23:11:37.834] INFO  org.alter.game.service.GameService - [Cycle time: 1ms] [Entities: 2p / 178n] [Map: 333c / 6r / 0i] [Queues: 0p / 0n / 0w] [Mem usage: U=624MB / R=1204MB / M=8180MB]. 
[2025-11-15 23:11:44.428] INFO  org.alter.game.service.GameService - [Cycle time: 1ms] [Entities: 2p / 178n] [Map: 333c / 6r / 0i] [Queues: 0p / 0n / 0w] [Mem usage: U=626MB / R=1204MB / M=8180MB]. 
[2025-11-15 23:11:51.036] INFO  org.alter.game.service.GameService - [Cycle time: 1ms] [Entities: 2p / 178n] [Map: 333c / 6r / 0i] [Queues: 0p / 0n / 0w] [Mem usage: U=628MB / R=1204MB / M=8180MB]. 
[2025-11-15 23:11:57.629] INFO  org.alter.game.service.GameService - [Cycle time: 1ms] [Entities: 2p / 178n] [Map: 333c / 6r / 0i] [Queues: 0p / 0n / 0w] [Mem usage: U=630MB / R=1204MB / M=8180MB]. 
[2025-11-15 23:12:04.237] INFO  org.alter.game.service.GameService - [Cycle time: 1ms] [Entities: 2p / 178n] [Map: 333c / 6r / 0i] [Queues: 0p / 0n / 0w] [Mem usage: U=632MB / R=1204MB / M=8180MB]. 
[2025-11-15 23:12:10.832] INFO  org.alter.game.service.GameService - [Cycle time: 1ms] [Entities: 2p / 178n] [Map: 333c / 6r / 0i] [Queues: 0p / 0n / 0w] [Mem usage: U=634MB / R=1204MB / M=8180MB]. 
[2025-11-15 23:12:12.635] INFO  org.alter.game.task.AutoSaveTask - Auto-save completed: 2 player(s) saved 
[2025-11-15 23:12:17.435] INFO  org.alter.game.service.GameService - [Cycle time: 2ms] [Entities: 2p / 178n] [Map: 333c / 6r / 0i] [Queues: 0p / 0n / 0w] [Mem usage: U=638MB / R=1204MB / M=8180MB]. 
[2025-11-15 23:12:24.031] INFO  org.alter.game.service.GameService - [Cycle time: 1ms] [Entities: 2p / 178n] [Map: 333c / 6r / 0i] [Queues: 0p / 0n / 0w] [Mem usage: U=640MB / R=1204MB / M=8180MB]. 
[2025-11-15 23:12:28.950] INFO  org.alter.game.Server - Preparing Alter... 
[2025-11-15 23:12:28.955] INFO  org.alter.game.Server - Alter loaded up in 223ms. 
[2025-11-15 23:12:28.965] INFO  org.alter.game.Server - Loaded properties for Alter. 
[2025-11-15 23:12:29.378] INFO  org.alter.game.saving.PlayerDetails - Total Player Details Saved: 3 
[2025-11-15 23:12:29.382] INFO  org.alter.game.saving.PlayerSaving - Player Save Format : JSON 
[2025-11-15 23:12:29.400] WARN  d.o.c.u.c.DecompressionContext - BZIP2 Compression found - replace to improve read performance. 
[2025-11-15 23:12:29.706] INFO  d.o.c.f.definition.DefinitionDecoder - 14162 NPCDecoder definitions loaded in 214ms 
[2025-11-15 23:12:30.432] INFO  d.o.c.f.definition.DefinitionDecoder - 56080 ObjectDecoder definitions loaded in 720ms 
[2025-11-15 23:12:30.731] INFO  d.o.c.f.definition.DefinitionDecoder - 30644 ItemDecoder definitions loaded in 287ms 
[2025-11-15 23:12:30.800] INFO  d.o.c.f.definition.DefinitionDecoder - 17252 VarBitDecoder definitions loaded in 60ms 
[2025-11-15 23:12:30.809] INFO  d.o.c.f.definition.DefinitionDecoder - 4660 VarDecoder definitions loaded in 6ms 
[2025-11-15 23:12:30.930] INFO  d.o.c.f.definition.DefinitionDecoder - 12025 SequenceDecoder definitions loaded in 119ms 
[2025-11-15 23:12:30.984] INFO  d.o.c.f.definition.DefinitionDecoder - 5714 EnumDecoder definitions loaded in 52ms 
[2025-11-15 23:12:30.988] INFO  d.o.c.f.definition.DefinitionDecoder - 79 HealthBarDecoder definitions loaded in 3ms 
[2025-11-15 23:12:30.990] INFO  d.o.c.f.definition.DefinitionDecoder - 78 HitSplatDecoder definitions loaded in 2ms 
[2025-11-15 23:12:31.031] INFO  d.o.c.f.definition.DefinitionDecoder - 5822 StructDecoder definitions loaded in 40ms 
[2025-11-15 23:12:31.038] INFO  d.o.c.f.definition.DefinitionDecoder - 86 DBTableDecoder definitions loaded in 6ms 
[2025-11-15 23:12:31.070] INFO  d.o.c.f.definition.DefinitionDecoder - 4235 DBRowDecoder definitions loaded in 31ms 
[2025-11-15 23:12:31.072] INFO  org.alter.game.Server - Loaded filestore from path data\cache in 1688ms. 
[2025-11-15 23:12:31.550] INFO  org.alter.game.model.World - Initiated service 'XteaKeyService' in 376ms. 
[2025-11-15 23:12:31.890] INFO  org.alter.game.model.World - Initiated service 'ItemMetadataService' in 337ms. 
[2025-11-15 23:12:31.920] INFO  org.alter.game.model.World - Initiated service 'NpcMetadataService' in 29ms. 
[2025-11-15 23:12:31.946] INFO  org.alter.game.model.World - Initiated service 'ObjectMetadataService' in 25ms. 
[2025-11-15 23:12:31.949] INFO  org.alter.game.model.World - Initiated service 'DumpEntityIdService' in 0ms. 
[2025-11-15 23:12:32.264] INFO  org.alter.game.model.World - Initiated service 'RsaService' in 312ms. 
[2025-11-15 23:12:32.279] INFO  org.alter.game.model.World - Initiated service 'GameService' in 3ms. 
[2025-11-15 23:12:32.280] INFO  org.alter.game.model.World - Initiated service 'LoginService' in 0ms. 
[2025-11-15 23:12:32.288] INFO  o.a.p.service.restapi.RestApiService - REST API Service starting on port 8080 with server IP 192.168.0.13, hostname oldschool.runescape.com 
[2025-11-15 23:12:32.321] INFO  org.eclipse.jetty.util.log - Logging initialized @4223ms 
[2025-11-15 23:12:32.356] INFO  spark.webserver.JettySparkServer - == Spark has ignited ... 
[2025-11-15 23:12:32.356] INFO  spark.webserver.JettySparkServer - >> Listening on 0.0.0.0:8080 
[2025-11-15 23:12:32.358] INFO  org.eclipse.jetty.server.Server - jetty-9.3.2.v20150730 
[2025-11-15 23:12:32.439] INFO  o.e.jetty.server.ServerConnector - Started ServerConnector@11eeffdb{HTTP/1.1,[http/1.1]}{0.0.0.0:8080} 
[2025-11-15 23:12:32.439] INFO  org.eclipse.jetty.server.Server - Started @4343ms 
[2025-11-15 23:12:32.441] INFO  o.a.p.service.restapi.RestApiService - REST API Service initialized - bootstrap.json endpoint available at http://192.168.0.13:8080/bootstrap.json 
[2025-11-15 23:12:32.441] INFO  org.alter.game.model.World - Initiated service 'RestApiService' in 159ms. 
[2025-11-15 23:12:32.446] INFO  org.alter.game.model.World - Loaded 9 game services. 
[2025-11-15 23:12:34.640] INFO  o.a.g.rsprot.CacheJs5GroupProvider - Loaded 107953 JS5 responses 
[2025-11-15 23:12:34.660] DEBUG net.rsprot.compression.HuffmanCodec - Loaded 256 Huffman codewords and 512 node lookup tree. 
[2025-11-15 23:12:34.679] WARN  n.rsprot.protocol.common.RSProtFlags - Unknown network logging option: false, expected values: [off, trace, debug, info, warn, error] 
[2025-11-15 23:12:34.679] DEBUG n.rsprot.protocol.common.RSProtFlags - -Dnet.rsprot.protocol.internal.development: true 
[2025-11-15 23:12:34.679] DEBUG n.rsprot.protocol.common.RSProtFlags - -Dnet.rsprot.protocol.internal.inventoryObjCheck: true 
[2025-11-15 23:12:34.680] DEBUG n.rsprot.protocol.common.RSProtFlags - -Dnet.rsprot.protocol.internal.extendedInfoInputVerification: true 
[2025-11-15 23:12:34.680] DEBUG n.rsprot.protocol.common.RSProtFlags - -Dnet.rsprot.protocol.internal.clientscriptVerification: true 
[2025-11-15 23:12:34.680] DEBUG n.rsprot.protocol.common.RSProtFlags - -Dnet.rsprot.protocol.internal.networkLogging: false 
[2025-11-15 23:12:34.680] DEBUG n.rsprot.protocol.common.RSProtFlags - -Dnet.rsprot.protocol.internal.js5Logging: off 
[2025-11-15 23:12:34.680] DEBUG n.rsprot.protocol.common.RSProtFlags - -Dnet.rsprot.protocol.internal.npcPlayerAvatarTracking: true 
[2025-11-15 23:12:34.680] DEBUG n.rsprot.protocol.common.RSProtFlags - -Dnet.rsprot.protocol.internal.filterMissingPacketsInClient: true 
[2025-11-15 23:12:34.680] DEBUG n.rsprot.protocol.common.RSProtFlags - -Dnet.rsprot.protocol.internal.npcAvatarMaxId: 16383 
[2025-11-15 23:12:34.680] DEBUG n.rsprot.protocol.common.RSProtFlags - -Dnet.rsprot.protocol.internal.spotanimListCapacity: 256 
[2025-11-15 23:12:34.680] DEBUG n.rsprot.protocol.common.RSProtFlags - -Dnet.rsprot.protocol.internal.captureChat: false 
[2025-11-15 23:12:34.680] DEBUG n.rsprot.protocol.common.RSProtFlags - -Dnet.rsprot.protocol.internal.captureSay: false 
[2025-11-15 23:12:35.019] INFO  org.alter.rscm.RSCM - RSCM Loaded 
[2025-11-15 23:12:35.023] INFO  org.alter.game.Server - Loaded 4 privilege levels in 1ms. 
[2025-11-15 23:12:37.861] INFO  org.alter.game.Server - Loaded 8 single doors and 4 double doors. 
[2025-11-15 23:12:37.863] INFO  o.a.p.c.objects.gates.GateService - Loaded 1 gate. 
[2025-11-15 23:12:37.869] INFO  org.alter.game.Server - Loaded 7 chest thieving definitions. 
[2025-11-15 23:12:37.874] INFO  org.alter.game.Server - Loaded 13 pickpocket definitions. 
[2025-11-15 23:12:37.877] INFO  org.alter.game.Server - Loaded 11 stall thieving definitions. 
[2025-11-15 23:12:37.951] INFO  org.alter.game.Server - Loaded 173 plugins in 2927ms. 
[2025-11-15 23:12:37.956] INFO  org.alter.game.Server - Alter loaded up in 9001ms. 
[2025-11-15 23:12:38.040] DEBUG n.r.p.api.bootstrap.BootstrapBuilder - Using event loop group: NioEventLoopGroup (bossThreads: 1, childThreads: 22) 
[2025-11-15 23:12:38.049] DEBUG n.r.p.api.bootstrap.BootstrapBuilder - Using byte buffer allocator: PooledByteBufAllocator(directByDefault: true) 
[2025-11-15 23:12:38.050] DEBUG n.r.p.api.bootstrap.BootstrapBuilder - Auto read: disabled 
[2025-11-15 23:12:38.050] DEBUG n.r.p.api.bootstrap.BootstrapBuilder - Socket receive buffer size: 65,536 
[2025-11-15 23:12:38.051] DEBUG n.r.p.api.bootstrap.BootstrapBuilder - Socket send buffer size: 65,536 
[2025-11-15 23:12:38.052] DEBUG n.r.p.api.bootstrap.BootstrapBuilder - Write buffer watermarks: 524,288/2,097,152 
[2025-11-15 23:12:38.053] DEBUG n.r.p.api.bootstrap.BootstrapBuilder - Nagle's algorithm (TCP no delay): disabled 
[2025-11-15 23:12:38.109] INFO  n.rsprot.protocol.api.NetworkService - Started in: 145.636700ms 
[2025-11-15 23:12:38.109] INFO  n.rsprot.protocol.api.NetworkService - Bound to ports: 43594 
[2025-11-15 23:12:38.109] INFO  n.rsprot.protocol.api.NetworkService - Revision: 228 
[2025-11-15 23:12:38.109] INFO  n.rsprot.protocol.api.NetworkService - Supported client types: Desktop 
[2025-11-15 23:12:38.110] INFO  org.alter.game.Server - Now listening for incoming connections on port 43594... 
[2025-11-15 23:12:43.971] INFO  org.alter.game.service.GameService - [Cycle time: 5ms] [Entities: 0p / 178n] [Map: 77c / 2r / 0i] [Queues: 0p / 0n / 0w] [Mem usage: U=707MB / R=1196MB / M=8180MB]. 
[2025-11-15 23:12:50.571] INFO  org.alter.game.service.GameService - [Cycle time: 3ms] [Entities: 0p / 178n] [Map: 77c / 2r / 0i] [Queues: 0p / 0n / 0w] [Mem usage: U=709MB / R=1196MB / M=8180MB]. 
[2025-11-15 23:12:51.527] INFO  spark.webserver.MatcherFilter - The requested route [/world_list.ws] has not been mapped in Spark 
[2025-11-15 23:12:51.585] INFO  spark.webserver.MatcherFilter - The requested route [/jav_config.ws] has not been mapped in Spark 
[2025-11-15 23:12:51.969] DEBUG net.rsprot.crypto.rsa.Rsa - Native JNA-GMP support: false 
[2025-11-15 23:12:56.583] DEBUG net.rsprot.buffer.bitbuffer.BitBuf - -Dnet.rsprot.buffer.bitbufferErrorChecking: true 
[2025-11-15 23:12:57.163] INFO  org.alter.game.service.GameService - [Cycle time: 12ms] [Entities: 1p / 178n] [Map: 269c / 5r / 0i] [Queues: 0p / 0n / 0w] [Mem usage: U=744MB / R=1196MB / M=8180MB]. 
[2025-11-15 23:13:03.768] INFO  org.alter.game.service.GameService - [Cycle time: 8ms] [Entities: 1p / 178n] [Map: 269c / 5r / 0i] [Queues: 0p / 0n / 0w] [Mem usage: U=748MB / R=1196MB / M=8180MB]. 
[2025-11-15 23:13:10.367] INFO  org.alter.game.service.GameService - [Cycle time: 2ms] [Entities: 1p / 178n] [Map: 269c / 5r / 0i] [Queues: 0p / 0n / 0w] [Mem usage: U=750MB / R=1196MB / M=8180MB]. 
[2025-11-15 23:13:13.135] INFO  spark.webserver.MatcherFilter - The requested route [/world_list.ws] has not been mapped in Spark 
[2025-11-15 23:13:13.174] INFO  spark.webserver.MatcherFilter - The requested route [/jav_config.ws] has not been mapped in Spark 
[2025-11-15 23:13:16.974] INFO  org.alter.game.service.GameService - [Cycle time: 2ms] [Entities: 1p / 178n] [Map: 269c / 5r / 0i] [Queues: 0p / 0n / 0w] [Mem usage: U=755MB / R=1196MB / M=8180MB]. 
[2025-11-15 23:13:23.573] INFO  org.alter.game.service.GameService - [Cycle time: 2ms] [Entities: 2p / 178n] [Map: 269c / 5r / 0i] [Queues: 0p / 0n / 0w] [Mem usage: U=760MB / R=1196MB / M=8180MB]. 
[2025-11-15 23:13:30.173] INFO  org.alter.game.service.GameService - [Cycle time: 2ms] [Entities: 2p / 178n] [Map: 269c / 5r / 0i] [Queues: 0p / 0n / 0w] [Mem usage: U=762MB / R=1196MB / M=8180MB]. 
[2025-11-15 23:13:32.289] INFO  spark.webserver.MatcherFilter - The requested route [/world_list.ws] has not been mapped in Spark 
[2025-11-15 23:13:32.327] INFO  spark.webserver.MatcherFilter - The requested route [/jav_config.ws] has not been mapped in Spark 
[2025-11-15 23:13:36.777] INFO  org.alter.game.service.GameService - [Cycle time: 2ms] [Entities: 3p / 178n] [Map: 269c / 5r / 0i] [Queues: 0p / 0n / 0w] [Mem usage: U=770MB / R=1196MB / M=8180MB]. 
[2025-11-15 23:13:37.382] INFO  org.alter.game.task.AutoSaveTask - Auto-save completed: 3 player(s) saved 
[2025-11-15 23:13:43.375] INFO  org.alter.game.service.GameService - [Cycle time: 3ms] [Entities: 3p / 178n] [Map: 269c / 5r / 0i] [Queues: 0p / 0n / 0w] [Mem usage: U=773MB / R=1196MB / M=8180MB]. 
[2025-11-15 23:13:49.972] INFO  org.alter.game.service.GameService - [Cycle time: 2ms] [Entities: 3p / 178n] [Map: 269c / 5r / 0i] [Queues: 0p / 0n / 0w] [Mem usage: U=776MB / R=1196MB / M=8180MB]. 
[2025-11-15 23:13:56.350] INFO  spark.webserver.MatcherFilter - The requested route [/world_list.ws] has not been mapped in Spark 
[2025-11-15 23:13:56.563] INFO  org.alter.game.service.GameService - [Cycle time: 2ms] [Entities: 3p / 178n] [Map: 269c / 5r / 0i] [Queues: 0p / 0n / 0w] [Mem usage: U=779MB / R=1196MB / M=8180MB]. 
[2025-11-15 23:14:03.164] INFO  org.alter.game.service.GameService - [Cycle time: 2ms] [Entities: 3p / 178n] [Map: 269c / 5r / 0i] [Queues: 0p / 0n / 0w] [Mem usage: U=782MB / R=1196MB / M=8180MB]. 
[2025-11-15 23:14:09.761] INFO  org.alter.game.service.GameService - [Cycle time: 1ms] [Entities: 3p / 178n] [Map: 269c / 5r / 0i] [Queues: 0p / 0n / 0w] [Mem usage: U=784MB / R=1196MB / M=8180MB]. 
[2025-11-15 23:14:16.372] INFO  org.alter.game.service.GameService - [Cycle time: 1ms] [Entities: 3p / 178n] [Map: 269c / 5r / 0i] [Queues: 0p / 0n / 0w] [Mem usage: U=786MB / R=1196MB / M=8180MB]. 
[2025-11-15 23:14:22.961] INFO  org.alter.game.service.GameService - [Cycle time: 1ms] [Entities: 3p / 178n] [Map: 269c / 5r / 0i] [Queues: 0p / 0n / 0w] [Mem usage: U=788MB / R=1196MB / M=8180MB]. 
[2025-11-15 23:14:29.570] INFO  org.alter.game.service.GameService - [Cycle time: 1ms] [Entities: 3p / 178n] [Map: 269c / 5r / 0i] [Queues: 0p / 0n / 0w] [Mem usage: U=791MB / R=1196MB / M=8180MB]. 
[2025-11-15 23:14:36.161] INFO  org.alter.game.service.GameService - [Cycle time: 2ms] [Entities: 3p / 178n] [Map: 269c / 5r / 0i] [Queues: 0p / 0n / 0w] [Mem usage: U=793MB / R=1196MB / M=8180MB]. 
[2025-11-15 23:14:37.379] INFO  org.alter.game.task.AutoSaveTask - Auto-save completed: 3 player(s) saved 
[2025-11-15 23:14:42.770] INFO  org.alter.game.service.GameService - [Cycle time: 2ms] [Entities: 3p / 178n] [Map: 269c / 5r / 0i] [Queues: 0p / 0n / 0w] [Mem usage: U=796MB / R=1196MB / M=8180MB]. 
[2025-11-15 23:14:49.365] INFO  org.alter.game.service.GameService - [Cycle time: 2ms] [Entities: 3p / 178n] [Map: 269c / 5r / 0i] [Queues: 0p / 0n / 0w] [Mem usage: U=798MB / R=1196MB / M=8180MB]. 
[2025-11-15 23:14:55.969] INFO  org.alter.game.service.GameService - [Cycle time: 1ms] [Entities: 3p / 178n] [Map: 269c / 5r / 0i] [Queues: 0p / 0n / 0w] [Mem usage: U=801MB / R=1196MB / M=8180MB]. 
[2025-11-15 23:15:02.568] INFO  org.alter.game.service.GameService - [Cycle time: 2ms] [Entities: 3p / 178n] [Map: 269c / 5r / 0i] [Queues: 0p / 0n / 0w] [Mem usage: U=803MB / R=1196MB / M=8180MB]. 
[2025-11-15 23:15:09.170] INFO  org.alter.game.service.GameService - [Cycle time: 1ms] [Entities: 3p / 178n] [Map: 269c / 5r / 0i] [Queues: 0p / 0n / 0w] [Mem usage: U=806MB / R=1196MB / M=8180MB]. 
[2025-11-15 23:15:15.771] INFO  org.alter.game.service.GameService - [Cycle time: 1ms] [Entities: 3p / 178n] [Map: 269c / 5r / 0i] [Queues: 0p / 0n / 0w] [Mem usage: U=808MB / R=1196MB / M=8180MB]. 
[2025-11-15 23:15:22.362] INFO  org.alter.game.service.GameService - [Cycle time: 2ms] [Entities: 3p / 178n] [Map: 269c / 5r / 0i] [Queues: 0p / 0n / 0w] [Mem usage: U=810MB / R=1196MB / M=8180MB]. 
[2025-11-15 23:15:28.963] INFO  org.alter.game.service.GameService - [Cycle time: 2ms] [Entities: 3p / 178n] [Map: 269c / 5r / 0i] [Queues: 0p / 0n / 0w] [Mem usage: U=813MB / R=1196MB / M=8180MB]. 
[2025-11-15 23:15:35.570] INFO  org.alter.game.service.GameService - [Cycle time: 3ms] [Entities: 3p / 178n] [Map: 269c / 5r / 0i] [Queues: 0p / 0n / 0w] [Mem usage: U=815MB / R=1196MB / M=8180MB]. 
[2025-11-15 23:15:37.365] INFO  org.alter.game.task.AutoSaveTask - Auto-save completed: 3 player(s) saved 
[2025-11-15 23:15:42.168] INFO  org.alter.game.service.GameService - [Cycle time: 2ms] [Entities: 3p / 178n] [Map: 269c / 5r / 0i] [Queues: 0p / 0n / 0w] [Mem usage: U=818MB / R=1196MB / M=8180MB]. 
[2025-11-15 23:15:48.761] INFO  org.alter.game.service.GameService - [Cycle time: 1ms] [Entities: 3p / 178n] [Map: 269c / 5r / 0i] [Queues: 0p / 0n / 0w] [Mem usage: U=820MB / R=1196MB / M=8180MB]. 
[2025-11-15 23:15:55.375] INFO  org.alter.game.service.GameService - [Cycle time: 1ms] [Entities: 3p / 178n] [Map: 269c / 5r / 0i] [Queues: 0p / 0n / 0w] [Mem usage: U=822MB / R=1196MB / M=8180MB]. 
[2025-11-15 23:16:01.963] INFO  org.alter.game.service.GameService - [Cycle time: 1ms] [Entities: 3p / 178n] [Map: 269c / 5r / 0i] [Queues: 0p / 0n / 0w] [Mem usage: U=824MB / R=1196MB / M=8180MB]. 
[2025-11-15 23:16:08.559] INFO  org.alter.game.service.GameService - [Cycle time: 1ms] [Entities: 3p / 178n] [Map: 269c / 5r / 0i] [Queues: 0p / 0n / 0w] [Mem usage: U=827MB / R=1196MB / M=8180MB]. 
[2025-11-15 23:16:15.165] INFO  org.alter.game.service.GameService - [Cycle time: 1ms] [Entities: 3p / 178n] [Map: 269c / 5r / 0i] [Queues: 0p / 0n / 0w] [Mem usage: U=829MB / R=1196MB / M=8180MB]. 
[2025-11-15 23:16:15.359] INFO  spark.webserver.MatcherFilter - The requested route [/world_list.ws] has not been mapped in Spark 
[2025-11-15 23:16:21.760] INFO  org.alter.game.service.GameService - [Cycle time: 1ms] [Entities: 3p / 178n] [Map: 269c / 5r / 0i] [Queues: 0p / 0n / 0w] [Mem usage: U=831MB / R=1196MB / M=8180MB]. 
[2025-11-15 23:16:28.372] INFO  org.alter.game.service.GameService - [Cycle time: 1ms] [Entities: 3p / 178n] [Map: 269c / 5r / 0i] [Queues: 0p / 0n / 0w] [Mem usage: U=833MB / R=1196MB / M=8180MB]. 
[2025-11-15 23:16:34.963] INFO  org.alter.game.service.GameService - [Cycle time: 1ms] [Entities: 3p / 178n] [Map: 269c / 5r / 0i] [Queues: 0p / 0n / 0w] [Mem usage: U=835MB / R=1196MB / M=8180MB]. 
[2025-11-15 23:16:37.379] INFO  org.alter.game.task.AutoSaveTask - Auto-save completed: 3 player(s) saved 
[2025-11-15 23:16:41.565] INFO  org.alter.game.service.GameService - [Cycle time: 2ms] [Entities: 3p / 178n] [Map: 269c / 5r / 0i] [Queues: 0p / 0n / 0w] [Mem usage: U=838MB / R=1196MB / M=8180MB]. 
[2025-11-15 23:16:48.173] INFO  org.alter.game.service.GameService - [Cycle time: 2ms] [Entities: 3p / 178n] [Map: 269c / 5r / 0i] [Queues: 0p / 0n / 0w] [Mem usage: U=840MB / R=1196MB / M=8180MB]. 
[2025-11-15 23:16:54.772] INFO  org.alter.game.service.GameService - [Cycle time: 2ms] [Entities: 3p / 178n] [Map: 269c / 5r / 0i] [Queues: 0p / 0n / 0w] [Mem usage: U=843MB / R=1196MB / M=8180MB]. 
[2025-11-15 23:17:01.367] INFO  org.alter.game.service.GameService - [Cycle time: 2ms] [Entities: 3p / 178n] [Map: 269c / 5r / 0i] [Queues: 0p / 0n / 0w] [Mem usage: U=845MB / R=1196MB / M=8180MB]. 
[2025-11-15 23:17:07.968] INFO  org.alter.game.service.GameService - [Cycle time: 2ms] [Entities: 3p / 178n] [Map: 269c / 5r / 0i] [Queues: 0p / 0n / 0w] [Mem usage: U=848MB / R=1196MB / M=8180MB]. 
[2025-11-15 23:17:14.564] INFO  org.alter.game.service.GameService - [Cycle time: 2ms] [Entities: 3p / 178n] [Map: 269c / 5r / 0i] [Queues: 0p / 0n / 0w] [Mem usage: U=850MB / R=1196MB / M=8180MB]. 
[2025-11-15 23:17:21.168] INFO  org.alter.game.service.GameService - [Cycle time: 2ms] [Entities: 3p / 178n] [Map: 269c / 5r / 0i] [Queues: 0p / 0n / 0w] [Mem usage: U=852MB / R=1196MB / M=8180MB]. 
[2025-11-15 23:17:22.993] INFO  spark.webserver.MatcherFilter - The requested route [/world_list.ws] has not been mapped in Spark 
[2025-11-15 23:17:23.020] INFO  spark.webserver.MatcherFilter - The requested route [/jav_config.ws] has not been mapped in Spark 
[2025-11-15 23:17:23.836] INFO  spark.webserver.MatcherFilter - The requested route [/world_list.ws] has not been mapped in Spark 
[2025-11-15 23:17:23.874] INFO  spark.webserver.MatcherFilter - The requested route [/jav_config.ws] has not been mapped in Spark 
[2025-11-15 23:17:27.774] INFO  org.alter.game.service.GameService - [Cycle time: 2ms] [Entities: 3p / 178n] [Map: 269c / 5r / 0i] [Queues: 0p / 0n / 0w] [Mem usage: U=861MB / R=1196MB / M=8180MB]. 
[2025-11-15 23:17:28.973] INFO  o.a.game.service.login.LoginWorker - User '{}' login denied with code {}. DragonM Duplicate 
[2025-11-15 23:17:29.567] INFO  o.a.game.service.login.LoginWorker - User '{}' login denied with code {}. Pnda Duplicate 
[2025-11-15 23:17:34.362] INFO  org.alter.game.service.GameService - [Cycle time: 2ms] [Entities: 3p / 178n] [Map: 269c / 5r / 0i] [Queues: 0p / 0n / 0w] [Mem usage: U=867MB / R=1196MB / M=8180MB]. 
[2025-11-15 23:17:37.370] INFO  org.alter.game.task.AutoSaveTask - Auto-save completed: 3 player(s) saved 
[2025-11-15 23:17:42.200] INFO  org.alter.game.Server - Preparing Alter... 
[2025-11-15 23:17:42.205] INFO  org.alter.game.Server - Alter loaded up in 219ms. 
[2025-11-15 23:17:42.218] INFO  org.alter.game.Server - Loaded properties for Alter. 
[2025-11-15 23:17:42.653] INFO  org.alter.game.saving.PlayerDetails - Total Player Details Saved: 3 
[2025-11-15 23:17:42.657] INFO  org.alter.game.saving.PlayerSaving - Player Save Format : JSON 
[2025-11-15 23:17:42.675] WARN  d.o.c.u.c.DecompressionContext - BZIP2 Compression found - replace to improve read performance. 
[2025-11-15 23:17:42.974] INFO  d.o.c.f.definition.DefinitionDecoder - 14162 NPCDecoder definitions loaded in 201ms 
[2025-11-15 23:17:43.693] INFO  d.o.c.f.definition.DefinitionDecoder - 56080 ObjectDecoder definitions loaded in 714ms 
[2025-11-15 23:17:44.002] INFO  d.o.c.f.definition.DefinitionDecoder - 30644 ItemDecoder definitions loaded in 298ms 
[2025-11-15 23:17:44.074] INFO  d.o.c.f.definition.DefinitionDecoder - 17252 VarBitDecoder definitions loaded in 63ms 
[2025-11-15 23:17:44.084] INFO  d.o.c.f.definition.DefinitionDecoder - 4660 VarDecoder definitions loaded in 7ms 
[2025-11-15 23:17:44.217] INFO  d.o.c.f.definition.DefinitionDecoder - 12025 SequenceDecoder definitions loaded in 132ms 
[2025-11-15 23:17:44.283] INFO  d.o.c.f.definition.DefinitionDecoder - 5714 EnumDecoder definitions loaded in 64ms 
[2025-11-15 23:17:44.286] INFO  d.o.c.f.definition.DefinitionDecoder - 79 HealthBarDecoder definitions loaded in 2ms 
[2025-11-15 23:17:44.290] INFO  d.o.c.f.definition.DefinitionDecoder - 78 HitSplatDecoder definitions loaded in 3ms 
[2025-11-15 23:17:44.335] INFO  d.o.c.f.definition.DefinitionDecoder - 5822 StructDecoder definitions loaded in 43ms 
[2025-11-15 23:17:44.342] INFO  d.o.c.f.definition.DefinitionDecoder - 86 DBTableDecoder definitions loaded in 6ms 
[2025-11-15 23:17:44.377] INFO  d.o.c.f.definition.DefinitionDecoder - 4235 DBRowDecoder definitions loaded in 34ms 
[2025-11-15 23:17:44.379] INFO  org.alter.game.Server - Loaded filestore from path data\cache in 1721ms. 
[2025-11-15 23:17:44.860] INFO  org.alter.game.model.World - Initiated service 'XteaKeyService' in 376ms. 
[2025-11-15 23:17:45.190] INFO  org.alter.game.model.World - Initiated service 'ItemMetadataService' in 326ms. 
[2025-11-15 23:17:45.222] INFO  org.alter.game.model.World - Initiated service 'NpcMetadataService' in 31ms. 
[2025-11-15 23:17:45.253] INFO  org.alter.game.model.World - Initiated service 'ObjectMetadataService' in 27ms. 
[2025-11-15 23:17:45.256] INFO  org.alter.game.model.World - Initiated service 'DumpEntityIdService' in 0ms. 
[2025-11-15 23:17:45.596] INFO  org.alter.game.model.World - Initiated service 'RsaService' in 337ms. 
[2025-11-15 23:17:45.612] INFO  org.alter.game.model.World - Initiated service 'GameService' in 4ms. 
[2025-11-15 23:17:45.614] INFO  org.alter.game.model.World - Initiated service 'LoginService' in 0ms. 
[2025-11-15 23:17:45.624] INFO  o.a.p.service.restapi.RestApiService - REST API Service starting on port 8080 with server IP 192.168.0.13, hostname oldschool.runescape.com 
[2025-11-15 23:17:45.658] INFO  org.eclipse.jetty.util.log - Logging initialized @4270ms 
[2025-11-15 23:17:45.692] INFO  spark.webserver.JettySparkServer - == Spark has ignited ... 
[2025-11-15 23:17:45.693] INFO  spark.webserver.JettySparkServer - >> Listening on 0.0.0.0:8080 
[2025-11-15 23:17:45.694] INFO  org.eclipse.jetty.server.Server - jetty-9.3.2.v20150730 
[2025-11-15 23:17:45.776] INFO  o.e.jetty.server.ServerConnector - Started ServerConnector@388c8ed1{HTTP/1.1,[http/1.1]}{0.0.0.0:8080} 
[2025-11-15 23:17:45.777] INFO  org.eclipse.jetty.server.Server - Started @4390ms 
[2025-11-15 23:17:45.779] INFO  o.a.p.service.restapi.RestApiService - REST API Service initialized - bootstrap.json endpoint available at http://192.168.0.13:8080/bootstrap.json 
[2025-11-15 23:17:45.779] INFO  org.alter.game.model.World - Initiated service 'RestApiService' in 163ms. 
[2025-11-15 23:17:45.784] INFO  org.alter.game.model.World - Loaded 9 game services. 
[2025-11-15 23:17:46.225] INFO  spark.webserver.MatcherFilter - The requested route [/world_list.ws] has not been mapped in Spark 
[2025-11-15 23:17:47.977] INFO  o.a.g.rsprot.CacheJs5GroupProvider - Loaded 107953 JS5 responses 
[2025-11-15 23:17:47.997] DEBUG net.rsprot.compression.HuffmanCodec - Loaded 256 Huffman codewords and 512 node lookup tree. 
[2025-11-15 23:17:48.017] WARN  n.rsprot.protocol.common.RSProtFlags - Unknown network logging option: false, expected values: [off, trace, debug, info, warn, error] 
[2025-11-15 23:17:48.018] DEBUG n.rsprot.protocol.common.RSProtFlags - -Dnet.rsprot.protocol.internal.development: true 
[2025-11-15 23:17:48.018] DEBUG n.rsprot.protocol.common.RSProtFlags - -Dnet.rsprot.protocol.internal.inventoryObjCheck: true 
[2025-11-15 23:17:48.018] DEBUG n.rsprot.protocol.common.RSProtFlags - -Dnet.rsprot.protocol.internal.extendedInfoInputVerification: true 
[2025-11-15 23:17:48.018] DEBUG n.rsprot.protocol.common.RSProtFlags - -Dnet.rsprot.protocol.internal.clientscriptVerification: true 
[2025-11-15 23:17:48.018] DEBUG n.rsprot.protocol.common.RSProtFlags - -Dnet.rsprot.protocol.internal.networkLogging: false 
[2025-11-15 23:17:48.018] DEBUG n.rsprot.protocol.common.RSProtFlags - -Dnet.rsprot.protocol.internal.js5Logging: off 
[2025-11-15 23:17:48.018] DEBUG n.rsprot.protocol.common.RSProtFlags - -Dnet.rsprot.protocol.internal.npcPlayerAvatarTracking: true 
[2025-11-15 23:17:48.018] DEBUG n.rsprot.protocol.common.RSProtFlags - -Dnet.rsprot.protocol.internal.filterMissingPacketsInClient: true 
[2025-11-15 23:17:48.018] DEBUG n.rsprot.protocol.common.RSProtFlags - -Dnet.rsprot.protocol.internal.npcAvatarMaxId: 16383 
[2025-11-15 23:17:48.018] DEBUG n.rsprot.protocol.common.RSProtFlags - -Dnet.rsprot.protocol.internal.spotanimListCapacity: 256 
[2025-11-15 23:17:48.018] DEBUG n.rsprot.protocol.common.RSProtFlags - -Dnet.rsprot.protocol.internal.captureChat: false 
[2025-11-15 23:17:48.018] DEBUG n.rsprot.protocol.common.RSProtFlags - -Dnet.rsprot.protocol.internal.captureSay: false 
[2025-11-15 23:17:48.285] INFO  org.alter.rscm.RSCM - RSCM Loaded 
[2025-11-15 23:17:48.289] INFO  org.alter.game.Server - Loaded 4 privilege levels in 2ms. 
[2025-11-15 23:17:51.116] INFO  org.alter.game.Server - Loaded 8 single doors and 4 double doors. 
[2025-11-15 23:17:51.118] INFO  o.a.p.c.objects.gates.GateService - Loaded 1 gate. 
[2025-11-15 23:17:51.124] INFO  org.alter.game.Server - Loaded 7 chest thieving definitions. 
[2025-11-15 23:17:51.128] INFO  org.alter.game.Server - Loaded 13 pickpocket definitions. 
[2025-11-15 23:17:51.133] INFO  org.alter.game.Server - Loaded 11 stall thieving definitions. 
[2025-11-15 23:17:51.218] INFO  org.alter.game.Server - Loaded 173 plugins in 2927ms. 
[2025-11-15 23:17:51.223] INFO  org.alter.game.Server - Alter loaded up in 9017ms. 
[2025-11-15 23:17:51.414] DEBUG n.r.p.api.bootstrap.BootstrapBuilder - Using event loop group: NioEventLoopGroup (bossThreads: 1, childThreads: 22) 
[2025-11-15 23:17:51.425] DEBUG n.r.p.api.bootstrap.BootstrapBuilder - Using byte buffer allocator: PooledByteBufAllocator(directByDefault: true) 
[2025-11-15 23:17:51.425] DEBUG n.r.p.api.bootstrap.BootstrapBuilder - Auto read: disabled 
[2025-11-15 23:17:51.426] DEBUG n.r.p.api.bootstrap.BootstrapBuilder - Socket receive buffer size: 65,536 
[2025-11-15 23:17:51.427] DEBUG n.r.p.api.bootstrap.BootstrapBuilder - Socket send buffer size: 65,536 
[2025-11-15 23:17:51.428] DEBUG n.r.p.api.bootstrap.BootstrapBuilder - Write buffer watermarks: 524,288/2,097,152 
[2025-11-15 23:17:51.428] DEBUG n.r.p.api.bootstrap.BootstrapBuilder - Nagle's algorithm (TCP no delay): disabled 
[2025-11-15 23:17:51.492] INFO  n.rsprot.protocol.api.NetworkService - Started in: 260.431400ms 
[2025-11-15 23:17:51.492] INFO  n.rsprot.protocol.api.NetworkService - Bound to ports: 43594 
[2025-11-15 23:17:51.492] INFO  n.rsprot.protocol.api.NetworkService - Revision: 228 
[2025-11-15 23:17:51.493] INFO  n.rsprot.protocol.api.NetworkService - Supported client types: Desktop 
[2025-11-15 23:17:51.493] INFO  org.alter.game.Server - Now listening for incoming connections on port 43594... 
[2025-11-15 23:17:57.227] INFO  org.alter.game.service.GameService - [Cycle time: 12ms] [Entities: 0p / 178n] [Map: 77c / 2r / 0i] [Queues: 0p / 0n / 0w] [Mem usage: U=487MB / R=1140MB / M=8180MB]. 
[2025-11-15 23:18:02.796] INFO  spark.webserver.MatcherFilter - The requested route [/world_list.ws] has not been mapped in Spark 
[2025-11-15 23:18:02.854] INFO  spark.webserver.MatcherFilter - The requested route [/jav_config.ws] has not been mapped in Spark 
[2025-11-15 23:18:03.551] DEBUG net.rsprot.crypto.rsa.Rsa - Native JNA-GMP support: false 
[2025-11-15 23:18:03.827] INFO  org.alter.game.service.GameService - [Cycle time: 3ms] [Entities: 0p / 178n] [Map: 77c / 2r / 0i] [Queues: 0p / 0n / 0w] [Mem usage: U=508MB / R=1140MB / M=8180MB]. 
[2025-11-15 23:18:08.054] DEBUG net.rsprot.buffer.bitbuffer.BitBuf - -Dnet.rsprot.buffer.bitbufferErrorChecking: true 
[2025-11-15 23:18:10.439] INFO  org.alter.game.service.GameService - [Cycle time: 11ms] [Entities: 1p / 178n] [Map: 269c / 5r / 0i] [Queues: 0p / 0n / 0w] [Mem usage: U=522MB / R=1140MB / M=8180MB]. 
[2025-11-15 23:18:15.861] INFO  spark.webserver.MatcherFilter - The requested route [/world_list.ws] has not been mapped in Spark 
[2025-11-15 23:18:15.900] INFO  spark.webserver.MatcherFilter - The requested route [/jav_config.ws] has not been mapped in Spark 
[2025-11-15 23:18:17.038] INFO  org.alter.game.service.GameService - [Cycle time: 8ms] [Entities: 1p / 178n] [Map: 397c / 7r / 0i] [Queues: 0p / 0n / 0w] [Mem usage: U=538MB / R=1140MB / M=8180MB]. 
[2025-11-15 23:18:17.403] INFO  spark.webserver.MatcherFilter - The requested route [/world_list.ws] has not been mapped in Spark 
[2025-11-15 23:18:17.439] INFO  spark.webserver.MatcherFilter - The requested route [/jav_config.ws] has not been mapped in Spark 
[2025-11-15 23:18:23.637] INFO  org.alter.game.service.GameService - [Cycle time: 6ms] [Entities: 3p / 178n] [Map: 525c / 9r / 0i] [Queues: 0p / 0n / 0w] [Mem usage: U=556MB / R=1140MB / M=8180MB]. 
[2025-11-15 23:18:29.033] WARN  o.a.game.model.interf.InterfaceSet - Interface 860 is not visible and cannot be closed. 
[2025-11-15 23:18:30.227] INFO  org.alter.game.service.GameService - [Cycle time: 4ms] [Entities: 3p / 178n] [Map: 525c / 9r / 0i] [Queues: 0p / 0n / 0w] [Mem usage: U=559MB / R=1140MB / M=8180MB]. 
[2025-11-15 23:18:36.840] INFO  org.alter.game.service.GameService - [Cycle time: 4ms] [Entities: 3p / 178n] [Map: 525c / 9r / 0i] [Queues: 0p / 0n / 0w] [Mem usage: U=562MB / R=1140MB / M=8180MB]. 
[2025-11-15 23:18:43.431] INFO  org.alter.game.service.GameService - [Cycle time: 2ms] [Entities: 3p / 178n] [Map: 525c / 9r / 0i] [Queues: 0p / 0n / 0w] [Mem usage: U=564MB / R=1140MB / M=8180MB]. 
[2025-11-15 23:18:50.028] INFO  org.alter.game.service.GameService - [Cycle time: 2ms] [Entities: 3p / 178n] [Map: 525c / 9r / 0i] [Queues: 0p / 0n / 0w] [Mem usage: U=566MB / R=1140MB / M=8180MB]. 
[2025-11-15 23:18:50.660] INFO  org.alter.game.task.AutoSaveTask - Auto-save completed: 3 player(s) saved 
[2025-11-15 23:18:56.626] INFO  org.alter.game.service.GameService - [Cycle time: 5ms] [Entities: 3p / 178n] [Map: 589c / 10r / 0i] [Queues: 0p / 0n / 0w] [Mem usage: U=571MB / R=1140MB / M=8180MB]. 
[2025-11-15 23:19:03.237] INFO  org.alter.game.service.GameService - [Cycle time: 2ms] [Entities: 3p / 178n] [Map: 589c / 10r / 0i] [Queues: 0p / 0n / 0w] [Mem usage: U=574MB / R=1140MB / M=8180MB]. 
[2025-11-15 23:19:05.226] INFO  spark.webserver.MatcherFilter - The requested route [/world_list.ws] has not been mapped in Spark 
[2025-11-15 23:19:05.264] INFO  spark.webserver.MatcherFilter - The requested route [/jav_config.ws] has not been mapped in Spark 
[2025-11-15 23:19:09.836] INFO  o.a.game.service.login.LoginWorker - User '{}' login denied with code {}. DragonM Duplicate 
[2025-11-15 23:19:09.839] INFO  org.alter.game.service.GameService - [Cycle time: 3ms] [Entities: 3p / 178n] [Map: 589c / 10r / 0i] [Queues: 0p / 0n / 0w] [Mem usage: U=582MB / R=1140MB / M=8180MB]. 
[2025-11-15 23:19:16.429] INFO  org.alter.game.service.GameService - [Cycle time: 2ms] [Entities: 3p / 178n] [Map: 589c / 10r / 0i] [Queues: 0p / 0n / 0w] [Mem usage: U=584MB / R=1140MB / M=8180MB]. 
[2025-11-15 23:19:23.027] INFO  org.alter.game.service.GameService - [Cycle time: 3ms] [Entities: 3p / 178n] [Map: 653c / 11r / 0i] [Queues: 0p / 0n / 0w] [Mem usage: U=588MB / R=1140MB / M=8180MB]. 
[2025-11-15 23:19:24.559] INFO  spark.webserver.MatcherFilter - The requested route [/world_list.ws] has not been mapped in Spark 
[2025-11-15 23:19:24.584] INFO  spark.webserver.MatcherFilter - The requested route [/jav_config.ws] has not been mapped in Spark 
[2025-11-15 23:19:24.832] WARN  o.a.game.model.interf.InterfaceSet - Interface 860 is not visible and cannot be closed. 
[2025-11-15 23:19:29.033] INFO  o.a.game.service.login.LoginWorker - User '{}' login denied with code {}. DragonM Duplicate 
[2025-11-15 23:19:29.633] INFO  org.alter.game.service.GameService - [Cycle time: 2ms] [Entities: 3p / 178n] [Map: 653c / 11r / 0i] [Queues: 0p / 0n / 0w] [Mem usage: U=594MB / R=1140MB / M=8180MB]. 
[2025-11-15 23:19:36.230] INFO  org.alter.game.service.GameService - [Cycle time: 2ms] [Entities: 3p / 178n] [Map: 653c / 11r / 0i] [Queues: 0p / 0n / 0w] [Mem usage: U=596MB / R=1140MB / M=8180MB]. 
[2025-11-15 23:19:37.806] INFO  spark.webserver.MatcherFilter - The requested route [/world_list.ws] has not been mapped in Spark 
[2025-11-15 23:19:37.845] INFO  spark.webserver.MatcherFilter - The requested route [/jav_config.ws] has not been mapped in Spark 
[2025-11-15 23:19:42.237] INFO  o.a.game.service.login.LoginWorker - User '{}' login denied with code {}. DragonM Duplicate 
[2025-11-15 23:19:42.836] INFO  org.alter.game.service.GameService - [Cycle time: 2ms] [Entities: 3p / 178n] [Map: 731c / 13r / 0i] [Queues: 0p / 0n / 0w] [Mem usage: U=605MB / R=1140MB / M=8180MB]. 
[2025-11-15 23:19:44.253] INFO  spark.webserver.MatcherFilter - The requested route [/world_list.ws] has not been mapped in Spark 
[2025-11-15 23:19:44.282] INFO  spark.webserver.MatcherFilter - The requested route [/jav_config.ws] has not been mapped in Spark 
[2025-11-15 23:19:49.433] INFO  o.a.game.service.login.LoginWorker - User '{}' login denied with code {}. DragonM Duplicate 
[2025-11-15 23:19:49.436] INFO  org.alter.game.service.GameService - [Cycle time: 1ms] [Entities: 3p / 178n] [Map: 731c / 13r / 0i] [Queues: 0p / 0n / 0w] [Mem usage: U=613MB / R=1140MB / M=8180MB]. 
[2025-11-15 23:19:50.639] INFO  org.alter.game.task.AutoSaveTask - Auto-save completed: 3 player(s) saved 
[2025-11-15 23:19:53.171] INFO  spark.webserver.MatcherFilter - The requested route [/world_list.ws] has not been mapped in Spark 
[2025-11-15 23:19:53.203] INFO  spark.webserver.MatcherFilter - The requested route [/jav_config.ws] has not been mapped in Spark 
[2025-11-15 23:19:56.033] INFO  org.alter.game.service.GameService - [Cycle time: 3ms] [Entities: 3p / 178n] [Map: 859c / 15r / 0i] [Queues: 0p / 0n / 0w] [Mem usage: U=622MB / R=1140MB / M=8180MB]. 
[2025-11-15 23:19:58.436] INFO  o.a.game.service.login.LoginWorker - User '{}' login denied with code {}. DragonM Duplicate 
[2025-11-15 23:20:02.638] INFO  org.alter.game.service.GameService - [Cycle time: 2ms] [Entities: 3p / 178n] [Map: 859c / 15r / 0i] [Queues: 0p / 0n / 0w] [Mem usage: U=626MB / R=1140MB / M=8180MB]. 
[2025-11-15 23:20:09.240] INFO  org.alter.game.service.GameService - [Cycle time: 2ms] [Entities: 3p / 178n] [Map: 859c / 15r / 0i] [Queues: 0p / 0n / 0w] [Mem usage: U=628MB / R=1140MB / M=8180MB]. 
[2025-11-15 23:20:15.831] INFO  org.alter.game.service.GameService - [Cycle time: 2ms] [Entities: 3p / 178n] [Map: 987c / 17r / 0i] [Queues: 0p / 0n / 0w] [Mem usage: U=634MB / R=1140MB / M=8180MB]. 
[2025-11-15 23:20:22.436] INFO  org.alter.game.service.GameService - [Cycle time: 2ms] [Entities: 3p / 178n] [Map: 987c / 17r / 0i] [Queues: 0p / 0n / 0w] [Mem usage: U=636MB / R=1140MB / M=8180MB]. 
[2025-11-15 23:20:29.041] INFO  org.alter.game.service.GameService - [Cycle time: 2ms] [Entities: 3p / 178n] [Map: 1115c / 19r / 0i] [Queues: 0p / 0n / 0w] [Mem usage: U=642MB / R=1140MB / M=8180MB]. 
[2025-11-15 23:20:35.637] INFO  org.alter.game.service.GameService - [Cycle time: 2ms] [Entities: 3p / 178n] [Map: 1243c / 21r / 0i] [Queues: 0p / 0n / 0w] [Mem usage: U=648MB / R=1140MB / M=8180MB]. 
[2025-11-15 23:20:42.227] INFO  org.alter.game.service.GameService - [Cycle time: 2ms] [Entities: 3p / 178n] [Map: 1243c / 21r / 0i] [Queues: 0p / 0n / 0w] [Mem usage: U=650MB / R=1140MB / M=8180MB]. 
[2025-11-15 23:20:48.839] INFO  org.alter.game.service.GameService - [Cycle time: 2ms] [Entities: 3p / 178n] [Map: 1243c / 21r / 0i] [Queues: 0p / 0n / 0w] [Mem usage: U=653MB / R=1140MB / M=8180MB]. 
[2025-11-15 23:20:50.634] INFO  org.alter.game.task.AutoSaveTask - Auto-save completed: 3 player(s) saved 
[2025-11-15 23:20:55.430] INFO  org.alter.game.service.GameService - [Cycle time: 2ms] [Entities: 3p / 178n] [Map: 1243c / 21r / 0i] [Queues: 0p / 0n / 0w] [Mem usage: U=655MB / R=1140MB / M=8180MB]. 
[2025-11-15 23:21:02.038] INFO  org.alter.game.service.GameService - [Cycle time: 2ms] [Entities: 3p / 178n] [Map: 1371c / 23r / 0i] [Queues: 0p / 0n / 0w] [Mem usage: U=660MB / R=1140MB / M=8180MB]. 
[2025-11-15 23:21:08.626] INFO  org.alter.game.service.GameService - [Cycle time: 1ms] [Entities: 3p / 178n] [Map: 1371c / 23r / 0i] [Queues: 0p / 0n / 0w] [Mem usage: U=663MB / R=1140MB / M=8180MB]. 
[2025-11-15 23:21:13.482] INFO  spark.webserver.MatcherFilter - The requested route [/world_list.ws] has not been mapped in Spark 
[2025-11-15 23:21:13.519] INFO  spark.webserver.MatcherFilter - The requested route [/jav_config.ws] has not been mapped in Spark 
[2025-11-15 23:21:15.238] INFO  org.alter.game.service.GameService - [Cycle time: 2ms] [Entities: 3p / 178n] [Map: 1371c / 23r / 0i] [Queues: 0p / 0n / 0w] [Mem usage: U=668MB / R=1140MB / M=8180MB]. 
[2025-11-15 23:21:18.232] INFO  o.a.game.service.login.LoginWorker - User '{}' login denied with code {}. DragonM Duplicate 
[2025-11-15 23:21:21.829] INFO  org.alter.game.service.GameService - [Cycle time: 3ms] [Entities: 3p / 178n] [Map: 1371c / 23r / 0i] [Queues: 0p / 0n / 0w] [Mem usage: U=673MB / R=1140MB / M=8180MB]. 
[2025-11-15 23:21:23.901] INFO  spark.webserver.MatcherFilter - The requested route [/world_list.ws] has not been mapped in Spark 
[2025-11-15 23:21:23.953] INFO  spark.webserver.MatcherFilter - The requested route [/jav_config.ws] has not been mapped in Spark 
[2025-11-15 23:21:28.439] INFO  org.alter.game.service.GameService - [Cycle time: 2ms] [Entities: 3p / 178n] [Map: 1371c / 23r / 0i] [Queues: 0p / 0n / 0w] [Mem usage: U=680MB / R=1140MB / M=8180MB]. 
[2025-11-15 23:21:29.035] INFO  o.a.game.service.login.LoginWorker - User '{}' login denied with code {}. DragonM Duplicate 
[2025-11-15 23:21:35.038] INFO  org.alter.game.service.GameService - [Cycle time: 1ms] [Entities: 3p / 178n] [Map: 1371c / 23r / 0i] [Queues: 0p / 0n / 0w] [Mem usage: U=682MB / R=1140MB / M=8180MB]. 
[2025-11-15 23:21:41.639] INFO  org.alter.game.service.GameService - [Cycle time: 2ms] [Entities: 3p / 178n] [Map: 1499c / 25r / 0i] [Queues: 0p / 0n / 0w] [Mem usage: U=689MB / R=1140MB / M=8180MB]. 
[2025-11-15 23:21:48.237] INFO  org.alter.game.service.GameService - [Cycle time: 2ms] [Entities: 3p / 178n] [Map: 1499c / 25r / 0i] [Queues: 0p / 0n / 0w] [Mem usage: U=691MB / R=1140MB / M=8180MB]. 
[2025-11-15 23:21:50.651] INFO  org.alter.game.task.AutoSaveTask - Auto-save completed: 3 player(s) saved 
[2025-11-15 23:21:53.750] INFO  spark.webserver.MatcherFilter - The requested route [/world_list.ws] has not been mapped in Spark 
[2025-11-15 23:21:53.777] INFO  spark.webserver.MatcherFilter - The requested route [/jav_config.ws] has not been mapped in Spark 
[2025-11-15 23:21:54.843] INFO  org.alter.game.service.GameService - [Cycle time: 4ms] [Entities: 3p / 178n] [Map: 1627c / 27r / 0i] [Queues: 0p / 0n / 0w] [Mem usage: U=700MB / R=1140MB / M=8180MB]. 
[2025-11-15 23:21:58.427] INFO  o.a.game.service.login.LoginWorker - User '{}' login denied with code {}. DragonM Duplicate 
[2025-11-15 23:22:01.432] INFO  org.alter.game.service.GameService - [Cycle time: 1ms] [Entities: 3p / 178n] [Map: 1627c / 27r / 0i] [Queues: 0p / 0n / 0w] [Mem usage: U=703MB / R=1140MB / M=8180MB]. 
[2025-11-15 23:22:05.151] INFO  spark.webserver.MatcherFilter - The requested route [/world_list.ws] has not been mapped in Spark 
[2025-11-15 23:22:05.204] INFO  spark.webserver.MatcherFilter - The requested route [/jav_config.ws] has not been mapped in Spark 
[2025-11-15 23:22:08.036] INFO  org.alter.game.service.GameService - [Cycle time: 3ms] [Entities: 3p / 178n] [Map: 1627c / 27r / 0i] [Queues: 0p / 0n / 0w] [Mem usage: U=706MB / R=1140MB / M=8180MB]. 
[2025-11-15 23:22:14.638] INFO  org.alter.game.service.GameService - [Cycle time: 4ms] [Entities: 4p / 178n] [Map: 1627c / 27r / 0i] [Queues: 0p / 0n / 0w] [Mem usage: U=711MB / R=1140MB / M=8180MB]. 
[2025-11-15 23:22:21.234] INFO  org.alter.game.service.GameService - [Cycle time: 2ms] [Entities: 4p / 178n] [Map: 1627c / 27r / 0i] [Queues: 0p / 0n / 0w] [Mem usage: U=714MB / R=1140MB / M=8180MB]. 
[2025-11-15 23:22:24.418] INFO  org.alter.game.Server - Preparing Alter... 
[2025-11-15 23:22:24.424] INFO  org.alter.game.Server - Alter loaded up in 178ms. 
[2025-11-15 23:22:24.434] INFO  org.alter.game.Server - Loaded properties for Alter. 
[2025-11-15 23:22:24.849] INFO  org.alter.game.saving.PlayerDetails - Total Player Details Saved: 4 
[2025-11-15 23:22:24.853] INFO  org.alter.game.saving.PlayerSaving - Player Save Format : JSON 
[2025-11-15 23:22:24.870] WARN  d.o.c.u.c.DecompressionContext - BZIP2 Compression found - replace to improve read performance. 
[2025-11-15 23:22:25.165] INFO  d.o.c.f.definition.DefinitionDecoder - 14162 NPCDecoder definitions loaded in 201ms 
[2025-11-15 23:22:25.812] INFO  d.o.c.f.definition.DefinitionDecoder - 56080 ObjectDecoder definitions loaded in 642ms 
[2025-11-15 23:22:26.107] INFO  d.o.c.f.definition.DefinitionDecoder - 30644 ItemDecoder definitions loaded in 285ms 
[2025-11-15 23:22:26.170] INFO  d.o.c.f.definition.DefinitionDecoder - 17252 VarBitDecoder definitions loaded in 59ms 
[2025-11-15 23:22:26.179] INFO  d.o.c.f.definition.DefinitionDecoder - 4660 VarDecoder definitions loaded in 7ms 
[2025-11-15 23:22:26.300] INFO  d.o.c.f.definition.DefinitionDecoder - 12025 SequenceDecoder definitions loaded in 120ms 
[2025-11-15 23:22:26.351] INFO  d.o.c.f.definition.DefinitionDecoder - 5714 EnumDecoder definitions loaded in 49ms 
[2025-11-15 23:22:26.354] INFO  d.o.c.f.definition.DefinitionDecoder - 79 HealthBarDecoder definitions loaded in 2ms 
[2025-11-15 23:22:26.356] INFO  d.o.c.f.definition.DefinitionDecoder - 78 HitSplatDecoder definitions loaded in 2ms 
[2025-11-15 23:22:26.399] INFO  d.o.c.f.definition.DefinitionDecoder - 5822 StructDecoder definitions loaded in 42ms 
[2025-11-15 23:22:26.407] INFO  d.o.c.f.definition.DefinitionDecoder - 86 DBTableDecoder definitions loaded in 6ms 
[2025-11-15 23:22:26.436] INFO  d.o.c.f.definition.DefinitionDecoder - 4235 DBRowDecoder definitions loaded in 28ms 
[2025-11-15 23:22:26.437] INFO  org.alter.game.Server - Loaded filestore from path data\cache in 1583ms. 
[2025-11-15 23:22:26.903] INFO  org.alter.game.model.World - Initiated service 'XteaKeyService' in 365ms. 
[2025-11-15 23:22:27.245] INFO  org.alter.game.model.World - Initiated service 'ItemMetadataService' in 340ms. 
[2025-11-15 23:22:27.272] INFO  org.alter.game.model.World - Initiated service 'NpcMetadataService' in 26ms. 
[2025-11-15 23:22:27.299] INFO  org.alter.game.model.World - Initiated service 'ObjectMetadataService' in 24ms. 
[2025-11-15 23:22:27.302] INFO  org.alter.game.model.World - Initiated service 'DumpEntityIdService' in 0ms. 
[2025-11-15 23:22:27.612] INFO  org.alter.game.model.World - Initiated service 'RsaService' in 309ms. 
[2025-11-15 23:22:27.626] INFO  org.alter.game.model.World - Initiated service 'GameService' in 3ms. 
[2025-11-15 23:22:27.628] INFO  org.alter.game.model.World - Initiated service 'LoginService' in 0ms. 
[2025-11-15 23:22:27.636] INFO  o.a.p.service.restapi.RestApiService - REST API Service starting on port 8080 with server IP 192.168.0.13, hostname oldschool.runescape.com 
[2025-11-15 23:22:27.661] INFO  org.eclipse.jetty.util.log - Logging initialized @3938ms 
[2025-11-15 23:22:27.691] INFO  spark.webserver.JettySparkServer - == Spark has ignited ... 
[2025-11-15 23:22:27.692] INFO  spark.webserver.JettySparkServer - >> Listening on 0.0.0.0:8080 
[2025-11-15 23:22:27.694] INFO  org.eclipse.jetty.server.Server - jetty-9.3.2.v20150730 
[2025-11-15 23:22:27.764] INFO  o.e.jetty.server.ServerConnector - Started ServerConnector@49141273{HTTP/1.1,[http/1.1]}{0.0.0.0:8080} 
[2025-11-15 23:22:27.764] INFO  org.eclipse.jetty.server.Server - Started @4043ms 
[2025-11-15 23:22:27.766] INFO  o.a.p.service.restapi.RestApiService - REST API Service initialized - bootstrap.json endpoint available at http://192.168.0.13:8080/bootstrap.json 
[2025-11-15 23:22:27.766] INFO  org.alter.game.model.World - Initiated service 'RestApiService' in 136ms. 
[2025-11-15 23:22:27.770] INFO  org.alter.game.model.World - Loaded 9 game services. 
[2025-11-15 23:22:29.971] INFO  o.a.g.rsprot.CacheJs5GroupProvider - Loaded 107953 JS5 responses 
[2025-11-15 23:22:29.991] DEBUG net.rsprot.compression.HuffmanCodec - Loaded 256 Huffman codewords and 512 node lookup tree. 
[2025-11-15 23:22:30.011] WARN  n.rsprot.protocol.common.RSProtFlags - Unknown network logging option: false, expected values: [off, trace, debug, info, warn, error] 
[2025-11-15 23:22:30.011] DEBUG n.rsprot.protocol.common.RSProtFlags - -Dnet.rsprot.protocol.internal.development: true 
[2025-11-15 23:22:30.011] DEBUG n.rsprot.protocol.common.RSProtFlags - -Dnet.rsprot.protocol.internal.inventoryObjCheck: true 
[2025-11-15 23:22:30.011] DEBUG n.rsprot.protocol.common.RSProtFlags - -Dnet.rsprot.protocol.internal.extendedInfoInputVerification: true 
[2025-11-15 23:22:30.011] DEBUG n.rsprot.protocol.common.RSProtFlags - -Dnet.rsprot.protocol.internal.clientscriptVerification: true 
[2025-11-15 23:22:30.011] DEBUG n.rsprot.protocol.common.RSProtFlags - -Dnet.rsprot.protocol.internal.networkLogging: false 
[2025-11-15 23:22:30.011] DEBUG n.rsprot.protocol.common.RSProtFlags - -Dnet.rsprot.protocol.internal.js5Logging: off 
[2025-11-15 23:22:30.011] DEBUG n.rsprot.protocol.common.RSProtFlags - -Dnet.rsprot.protocol.internal.npcPlayerAvatarTracking: true 
[2025-11-15 23:22:30.012] DEBUG n.rsprot.protocol.common.RSProtFlags - -Dnet.rsprot.protocol.internal.filterMissingPacketsInClient: true 
[2025-11-15 23:22:30.012] DEBUG n.rsprot.protocol.common.RSProtFlags - -Dnet.rsprot.protocol.internal.npcAvatarMaxId: 16383 
[2025-11-15 23:22:30.012] DEBUG n.rsprot.protocol.common.RSProtFlags - -Dnet.rsprot.protocol.internal.spotanimListCapacity: 256 
[2025-11-15 23:22:30.012] DEBUG n.rsprot.protocol.common.RSProtFlags - -Dnet.rsprot.protocol.internal.captureChat: false 
[2025-11-15 23:22:30.012] DEBUG n.rsprot.protocol.common.RSProtFlags - -Dnet.rsprot.protocol.internal.captureSay: false 
[2025-11-15 23:22:30.281] INFO  org.alter.rscm.RSCM - RSCM Loaded 
[2025-11-15 23:22:30.286] INFO  org.alter.game.Server - Loaded 4 privilege levels in 1ms. 
[2025-11-15 23:22:32.981] INFO  org.alter.game.Server - Loaded 8 single doors and 4 double doors. 
[2025-11-15 23:22:32.984] INFO  o.a.p.c.objects.gates.GateService - Loaded 1 gate. 
[2025-11-15 23:22:32.990] INFO  org.alter.game.Server - Loaded 7 chest thieving definitions. 
[2025-11-15 23:22:32.996] INFO  org.alter.game.Server - Loaded 13 pickpocket definitions. 
[2025-11-15 23:22:33.000] INFO  org.alter.game.Server - Loaded 11 stall thieving definitions. 
[2025-11-15 23:22:33.087] INFO  org.alter.game.Server - Loaded 174 plugins in 2800ms. 
[2025-11-15 23:22:33.094] INFO  org.alter.game.Server - Alter loaded up in 8669ms. 
[2025-11-15 23:22:33.182] DEBUG n.r.p.api.bootstrap.BootstrapBuilder - Using event loop group: NioEventLoopGroup (bossThreads: 1, childThreads: 22) 
[2025-11-15 23:22:33.190] DEBUG n.r.p.api.bootstrap.BootstrapBuilder - Using byte buffer allocator: PooledByteBufAllocator(directByDefault: true) 
[2025-11-15 23:22:33.191] DEBUG n.r.p.api.bootstrap.BootstrapBuilder - Auto read: disabled 
[2025-11-15 23:22:33.191] DEBUG n.r.p.api.bootstrap.BootstrapBuilder - Socket receive buffer size: 65,536 
[2025-11-15 23:22:33.191] DEBUG n.r.p.api.bootstrap.BootstrapBuilder - Socket send buffer size: 65,536 
[2025-11-15 23:22:33.192] DEBUG n.r.p.api.bootstrap.BootstrapBuilder - Write buffer watermarks: 524,288/2,097,152 
[2025-11-15 23:22:33.193] DEBUG n.r.p.api.bootstrap.BootstrapBuilder - Nagle's algorithm (TCP no delay): disabled 
[2025-11-15 23:22:33.279] INFO  n.rsprot.protocol.api.NetworkService - Started in: 177.771700ms 
[2025-11-15 23:22:33.279] INFO  n.rsprot.protocol.api.NetworkService - Bound to ports: 43594 
[2025-11-15 23:22:33.279] INFO  n.rsprot.protocol.api.NetworkService - Revision: 228 
[2025-11-15 23:22:33.280] INFO  n.rsprot.protocol.api.NetworkService - Supported client types: Desktop 
[2025-11-15 23:22:33.280] INFO  org.alter.game.Server - Now listening for incoming connections on port 43594... 
[2025-11-15 23:22:39.105] INFO  org.alter.game.service.GameService - [Cycle time: 5ms] [Entities: 0p / 190n] [Map: 77c / 2r / 0i] [Queues: 0p / 0n / 0w] [Mem usage: U=474MB / R=1576MB / M=8180MB]. 
[2025-11-15 23:22:45.710] INFO  org.alter.game.service.GameService - [Cycle time: 3ms] [Entities: 0p / 190n] [Map: 77c / 2r / 0i] [Queues: 0p / 0n / 0w] [Mem usage: U=477MB / R=1576MB / M=8180MB]. 
[2025-11-15 23:22:52.309] INFO  org.alter.game.service.GameService - [Cycle time: 2ms] [Entities: 0p / 190n] [Map: 77c / 2r / 0i] [Queues: 0p / 0n / 0w] [Mem usage: U=479MB / R=1576MB / M=8180MB]. 
[2025-11-15 23:22:55.526] INFO  spark.webserver.MatcherFilter - The requested route [/world_list.ws] has not been mapped in Spark 
[2025-11-15 23:22:55.580] INFO  spark.webserver.MatcherFilter - The requested route [/jav_config.ws] has not been mapped in Spark 
[2025-11-15 23:22:55.711] DEBUG net.rsprot.crypto.rsa.Rsa - Native JNA-GMP support: false 
[2025-11-15 23:22:58.910] INFO  org.alter.game.service.GameService - [Cycle time: 2ms] [Entities: 0p / 190n] [Map: 77c / 2r / 0i] [Queues: 0p / 0n / 0w] [Mem usage: U=498MB / R=1576MB / M=8180MB]. 
[2025-11-15 23:23:00.131] DEBUG net.rsprot.buffer.bitbuffer.BitBuf - -Dnet.rsprot.buffer.bitbufferErrorChecking: true 
[2025-11-15 23:23:01.116] INFO  spark.webserver.MatcherFilter - The requested route [/world_list.ws] has not been mapped in Spark 
[2025-11-15 23:23:01.153] INFO  spark.webserver.MatcherFilter - The requested route [/jav_config.ws] has not been mapped in Spark 
[2025-11-15 23:23:05.531] INFO  org.alter.game.service.GameService - [Cycle time: 16ms] [Entities: 1p / 190n] [Map: 269c / 5r / 0i] [Queues: 0p / 0n / 0w] [Mem usage: U=513MB / R=1576MB / M=8180MB]. 
[2025-11-15 23:23:10.112] INFO  spark.webserver.MatcherFilter - The requested route [/world_list.ws] has not been mapped in Spark 
[2025-11-15 23:23:10.147] INFO  spark.webserver.MatcherFilter - The requested route [/jav_config.ws] has not been mapped in Spark 
[2025-11-15 23:23:12.112] INFO  org.alter.game.service.GameService - [Cycle time: 8ms] [Entities: 2p / 190n] [Map: 525c / 9r / 0i] [Queues: 0p / 0n / 0w] [Mem usage: U=533MB / R=1576MB / M=8180MB]. 
[2025-11-15 23:23:14.184] INFO  o.a.game.service.login.LoginWorker - User '{}' login denied with code {}. DragonM# INVALID_CREDENTIALS 
[2025-11-15 23:23:18.704] INFO  org.alter.game.service.GameService - [Cycle time: 3ms] [Entities: 2p / 190n] [Map: 525c / 9r / 0i] [Queues: 0p / 0n / 0w] [Mem usage: U=476MB / R=1576MB / M=8180MB]. 
[2025-11-15 23:23:25.299] INFO  org.alter.game.service.GameService - [Cycle time: 2ms] [Entities: 2p / 190n] [Map: 667c / 13r / 0i] [Queues: 0p / 0n / 0w] [Mem usage: U=490MB / R=1576MB / M=8180MB]. 
[2025-11-15 23:23:27.910] INFO  spark.webserver.MatcherFilter - The requested route [/world_list.ws] has not been mapped in Spark 
[2025-11-15 23:23:27.946] INFO  spark.webserver.MatcherFilter - The requested route [/jav_config.ws] has not been mapped in Spark 
[2025-11-15 23:23:31.903] INFO  org.alter.game.service.GameService - [Cycle time: 2ms] [Entities: 2p / 190n] [Map: 667c / 13r / 0i] [Queues: 0p / 0n / 0w] [Mem usage: U=508MB / R=1576MB / M=8180MB]. 
[2025-11-15 23:23:32.522] INFO  org.alter.game.task.AutoSaveTask - Auto-save completed: 3 player(s) saved 
[2025-11-15 23:23:38.505] INFO  org.alter.game.service.GameService - [Cycle time: 4ms] [Entities: 3p / 190n] [Map: 669c / 13r / 0i] [Queues: 0p / 0n / 0w] [Mem usage: U=513MB / R=1576MB / M=8180MB]. 
[2025-11-15 23:23:45.111] INFO  org.alter.game.service.GameService - [Cycle time: 2ms] [Entities: 3p / 190n] [Map: 669c / 13r / 0i] [Queues: 0p / 0n / 0w] [Mem usage: U=516MB / R=1576MB / M=8180MB]. 
[2025-11-15 23:23:51.698] INFO  org.alter.game.service.GameService - [Cycle time: 2ms] [Entities: 3p / 190n] [Map: 669c / 13r / 0i] [Queues: 0p / 0n / 0w] [Mem usage: U=518MB / R=1576MB / M=8180MB]. 
[2025-11-15 23:23:56.382] INFO  spark.webserver.MatcherFilter - The requested route [/world_list.ws] has not been mapped in Spark 
[2025-11-15 23:23:58.299] INFO  org.alter.game.service.GameService - [Cycle time: 2ms] [Entities: 3p / 190n] [Map: 733c / 14r / 0i] [Queues: 0p / 0n / 0w] [Mem usage: U=526MB / R=1576MB / M=8180MB]. 
[2025-11-15 23:24:04.908] INFO  org.alter.game.service.GameService - [Cycle time: 4ms] [Entities: 3p / 190n] [Map: 733c / 14r / 0i] [Queues: 0p / 0n / 0w] [Mem usage: U=528MB / R=1576MB / M=8180MB]. 
[2025-11-15 23:24:11.510] INFO  org.alter.game.service.GameService - [Cycle time: 3ms] [Entities: 3p / 190n] [Map: 733c / 14r / 0i] [Queues: 0p / 0n / 0w] [Mem usage: U=530MB / R=1576MB / M=8180MB]. 
[2025-11-15 23:24:18.097] INFO  org.alter.game.service.GameService - [Cycle time: 2ms] [Entities: 3p / 190n] [Map: 733c / 14r / 0i] [Queues: 0p / 0n / 0w] [Mem usage: U=532MB / R=1576MB / M=8180MB]. 
[2025-11-15 23:24:24.697] INFO  org.alter.game.service.GameService - [Cycle time: 2ms] [Entities: 3p / 190n] [Map: 733c / 14r / 0i] [Queues: 0p / 0n / 0w] [Mem usage: U=536MB / R=1576MB / M=8180MB]. 
[2025-11-15 23:24:31.300] INFO  org.alter.game.service.GameService - [Cycle time: 1ms] [Entities: 3p / 190n] [Map: 733c / 14r / 0i] [Queues: 0p / 0n / 0w] [Mem usage: U=538MB / R=1576MB / M=8180MB]. 
[2025-11-15 23:24:32.504] INFO  org.alter.game.task.AutoSaveTask - Auto-save completed: 3 player(s) saved 
[2025-11-15 23:24:37.907] INFO  org.alter.game.service.GameService - [Cycle time: 3ms] [Entities: 3p / 190n] [Map: 733c / 14r / 0i] [Queues: 0p / 0n / 0w] [Mem usage: U=540MB / R=1576MB / M=8180MB]. 
[2025-11-15 23:24:44.503] INFO  org.alter.game.service.GameService - [Cycle time: 2ms] [Entities: 3p / 190n] [Map: 733c / 14r / 0i] [Queues: 0p / 0n / 0w] [Mem usage: U=542MB / R=1576MB / M=8180MB]. 
[2025-11-15 23:24:51.107] INFO  org.alter.game.service.GameService - [Cycle time: 2ms] [Entities: 3p / 190n] [Map: 733c / 14r / 0i] [Queues: 0p / 0n / 0w] [Mem usage: U=546MB / R=1576MB / M=8180MB]. 
[2025-11-15 23:24:57.707] INFO  org.alter.game.service.GameService - [Cycle time: 1ms] [Entities: 3p / 190n] [Map: 733c / 14r / 0i] [Queues: 0p / 0n / 0w] [Mem usage: U=548MB / R=1576MB / M=8180MB]. 
[2025-11-15 23:25:04.310] INFO  org.alter.game.service.GameService - [Cycle time: 2ms] [Entities: 3p / 190n] [Map: 733c / 14r / 0i] [Queues: 0p / 0n / 0w] [Mem usage: U=550MB / R=1576MB / M=8180MB]. 
[2025-11-15 23:25:10.903] INFO  org.alter.game.service.GameService - [Cycle time: 2ms] [Entities: 3p / 190n] [Map: 733c / 14r / 0i] [Queues: 0p / 0n / 0w] [Mem usage: U=552MB / R=1576MB / M=8180MB]. 
[2025-11-15 23:25:17.502] INFO  org.alter.game.service.GameService - [Cycle time: 2ms] [Entities: 3p / 190n] [Map: 733c / 14r / 0i] [Queues: 0p / 0n / 0w] [Mem usage: U=554MB / R=1576MB / M=8180MB]. 
[2025-11-15 23:25:24.111] INFO  org.alter.game.service.GameService - [Cycle time: 2ms] [Entities: 3p / 190n] [Map: 733c / 14r / 0i] [Queues: 0p / 0n / 0w] [Mem usage: U=558MB / R=1576MB / M=8180MB]. 
[2025-11-15 23:25:30.697] INFO  org.alter.game.service.GameService - [Cycle time: 1ms] [Entities: 3p / 190n] [Map: 733c / 14r / 0i] [Queues: 0p / 0n / 0w] [Mem usage: U=560MB / R=1576MB / M=8180MB]. 
[2025-11-15 23:25:32.515] INFO  org.alter.game.task.AutoSaveTask - Auto-save completed: 3 player(s) saved 
[2025-11-15 23:25:37.302] INFO  org.alter.game.service.GameService - [Cycle time: 2ms] [Entities: 3p / 190n] [Map: 733c / 14r / 0i] [Queues: 0p / 0n / 0w] [Mem usage: U=562MB / R=1576MB / M=8180MB]. 
[2025-11-15 23:25:43.912] INFO  org.alter.game.service.GameService - [Cycle time: 1ms] [Entities: 2p / 190n] [Map: 733c / 14r / 0i] [Queues: 0p / 0n / 0w] [Mem usage: U=564MB / R=1576MB / M=8180MB]. 
[2025-11-15 23:25:50.512] INFO  org.alter.game.service.GameService - [Cycle time: 3ms] [Entities: 2p / 190n] [Map: 733c / 14r / 0i] [Queues: 0p / 0n / 0w] [Mem usage: U=566MB / R=1576MB / M=8180MB]. 
[2025-11-15 23:25:57.103] INFO  org.alter.game.service.GameService - [Cycle time: 2ms] [Entities: 2p / 190n] [Map: 733c / 14r / 0i] [Queues: 0p / 0n / 0w] [Mem usage: U=570MB / R=1576MB / M=8180MB]. 
[2025-11-15 23:26:03.702] INFO  org.alter.game.service.GameService - [Cycle time: 1ms] [Entities: 2p / 190n] [Map: 733c / 14r / 0i] [Queues: 0p / 0n / 0w] [Mem usage: U=572MB / R=1576MB / M=8180MB]. 
[2025-11-15 23:26:10.304] INFO  org.alter.game.service.GameService - [Cycle time: 1ms] [Entities: 2p / 190n] [Map: 733c / 14r / 0i] [Queues: 0p / 0n / 0w] [Mem usage: U=574MB / R=1576MB / M=8180MB]. 
[2025-11-15 23:26:15.379] INFO  spark.webserver.MatcherFilter - The requested route [/world_list.ws] has not been mapped in Spark 
[2025-11-15 23:26:16.905] INFO  org.alter.game.service.GameService - [Cycle time: 1ms] [Entities: 2p / 190n] [Map: 733c / 14r / 0i] [Queues: 0p / 0n / 0w] [Mem usage: U=578MB / R=1576MB / M=8180MB]. 
[2025-11-15 23:26:23.504] INFO  org.alter.game.service.GameService - [Cycle time: 1ms] [Entities: 2p / 190n] [Map: 733c / 14r / 0i] [Queues: 0p / 0n / 0w] [Mem usage: U=582MB / R=1576MB / M=8180MB]. 
[2025-11-15 23:26:30.111] INFO  org.alter.game.service.GameService - [Cycle time: 1ms] [Entities: 2p / 190n] [Map: 733c / 14r / 0i] [Queues: 0p / 0n / 0w] [Mem usage: U=584MB / R=1576MB / M=8180MB]. 
[2025-11-15 23:26:32.501] INFO  org.alter.game.task.AutoSaveTask - Auto-save completed: 2 player(s) saved 
[2025-11-15 23:26:36.703] INFO  org.alter.game.service.GameService - [Cycle time: 2ms] [Entities: 2p / 190n] [Map: 733c / 14r / 0i] [Queues: 0p / 0n / 0w] [Mem usage: U=586MB / R=1576MB / M=8180MB]. 
[2025-11-15 23:26:43.299] INFO  org.alter.game.service.GameService - [Cycle time: 1ms] [Entities: 2p / 190n] [Map: 733c / 14r / 0i] [Queues: 0p / 0n / 0w] [Mem usage: U=588MB / R=1576MB / M=8180MB]. 
[2025-11-15 23:26:49.905] INFO  org.alter.game.service.GameService - [Cycle time: 1ms] [Entities: 2p / 190n] [Map: 733c / 14r / 0i] [Queues: 0p / 0n / 0w] [Mem usage: U=590MB / R=1576MB / M=8180MB]. 
[2025-11-15 23:26:56.502] INFO  org.alter.game.service.GameService - [Cycle time: 2ms] [Entities: 2p / 190n] [Map: 860c / 16r / 0i] [Queues: 0p / 0n / 0w] [Mem usage: U=596MB / R=1576MB / M=8180MB]. 
[2025-11-15 23:27:03.100] INFO  org.alter.game.service.GameService - [Cycle time: 1ms] [Entities: 2p / 190n] [Map: 860c / 16r / 0i] [Queues: 0p / 0n / 0w] [Mem usage: U=598MB / R=1576MB / M=8180MB]. 
[2025-11-15 23:27:09.701] INFO  org.alter.game.service.GameService - [Cycle time: 1ms] [Entities: 2p / 190n] [Map: 860c / 16r / 0i] [Queues: 0p / 0n / 0w] [Mem usage: U=600MB / R=1576MB / M=8180MB]. 
[2025-11-15 23:27:16.309] INFO  org.alter.game.service.GameService - [Cycle time: 1ms] [Entities: 2p / 190n] [Map: 860c / 16r / 0i] [Queues: 0p / 0n / 0w] [Mem usage: U=604MB / R=1576MB / M=8180MB]. 
[2025-11-15 23:27:22.903] INFO  org.alter.game.service.GameService - [Cycle time: 1ms] [Entities: 2p / 190n] [Map: 860c / 16r / 0i] [Queues: 0p / 0n / 0w] [Mem usage: U=606MB / R=1576MB / M=8180MB]. 
[2025-11-15 23:27:29.497] INFO  org.alter.game.service.GameService - [Cycle time: 1ms] [Entities: 2p / 190n] [Map: 860c / 16r / 0i] [Queues: 0p / 0n / 0w] [Mem usage: U=608MB / R=1576MB / M=8180MB]. 
[2025-11-15 23:27:32.501] INFO  org.alter.game.task.AutoSaveTask - Auto-save completed: 2 player(s) saved 
[2025-11-15 23:27:36.099] INFO  org.alter.game.service.GameService - [Cycle time: 1ms] [Entities: 2p / 190n] [Map: 860c / 16r / 0i] [Queues: 0p / 0n / 0w] [Mem usage: U=610MB / R=1576MB / M=8180MB]. 
[2025-11-15 23:27:42.705] INFO  org.alter.game.service.GameService - [Cycle time: 2ms] [Entities: 2p / 190n] [Map: 1052c / 19r / 0i] [Queues: 0p / 0n / 0w] [Mem usage: U=618MB / R=1576MB / M=8180MB]. 
[2025-11-15 23:27:49.304] INFO  org.alter.game.service.GameService - [Cycle time: 1ms] [Entities: 2p / 190n] [Map: 1052c / 19r / 0i] [Queues: 0p / 0n / 0w] [Mem usage: U=620MB / R=1576MB / M=8180MB]. 
[2025-11-15 23:27:55.897] INFO  org.alter.game.service.GameService - [Cycle time: 1ms] [Entities: 2p / 190n] [Map: 1052c / 19r / 0i] [Queues: 0p / 0n / 0w] [Mem usage: U=622MB / R=1576MB / M=8180MB]. 
[2025-11-15 23:28:02.505] INFO  org.alter.game.service.GameService - [Cycle time: 1ms] [Entities: 2p / 190n] [Map: 1052c / 19r / 0i] [Queues: 0p / 0n / 0w] [Mem usage: U=626MB / R=1576MB / M=8180MB]. 
[2025-11-15 23:28:09.104] INFO  org.alter.game.service.GameService - [Cycle time: 1ms] [Entities: 2p / 190n] [Map: 1052c / 19r / 0i] [Queues: 0p / 0n / 0w] [Mem usage: U=628MB / R=1576MB / M=8180MB]. 
[2025-11-15 23:28:15.697] INFO  org.alter.game.service.GameService - [Cycle time: 2ms] [Entities: 2p / 190n] [Map: 1052c / 19r / 0i] [Queues: 0p / 0n / 0w] [Mem usage: U=630MB / R=1576MB / M=8180MB]. 
[2025-11-15 23:28:22.301] INFO  org.alter.game.service.GameService - [Cycle time: 3ms] [Entities: 2p / 190n] [Map: 1308c / 23r / 0i] [Queues: 0p / 0n / 0w] [Mem usage: U=640MB / R=1576MB / M=8180MB]. 
[2025-11-15 23:28:28.907] INFO  org.alter.game.service.GameService - [Cycle time: 2ms] [Entities: 2p / 190n] [Map: 1308c / 23r / 0i] [Queues: 0p / 0n / 0w] [Mem usage: U=642MB / R=1576MB / M=8180MB]. 
[2025-11-15 23:28:32.503] INFO  org.alter.game.task.AutoSaveTask - Auto-save completed: 2 player(s) saved 
[2025-11-15 23:28:35.500] INFO  org.alter.game.service.GameService - [Cycle time: 2ms] [Entities: 2p / 190n] [Map: 1308c / 23r / 0i] [Queues: 0p / 0n / 0w] [Mem usage: U=644MB / R=1576MB / M=8180MB]. 
[2025-11-15 23:28:42.101] INFO  org.alter.game.service.GameService - [Cycle time: 1ms] [Entities: 2p / 190n] [Map: 1308c / 23r / 0i] [Queues: 0p / 0n / 0w] [Mem usage: U=646MB / R=1576MB / M=8180MB]. 
[2025-11-15 23:28:48.709] INFO  org.alter.game.service.GameService - [Cycle time: 1ms] [Entities: 2p / 190n] [Map: 1308c / 23r / 0i] [Queues: 0p / 0n / 0w] [Mem usage: U=648MB / R=1576MB / M=8180MB]. 
[2025-11-15 23:28:55.302] INFO  org.alter.game.service.GameService - [Cycle time: 1ms] [Entities: 2p / 190n] [Map: 1308c / 23r / 0i] [Queues: 0p / 0n / 0w] [Mem usage: U=650MB / R=1576MB / M=8180MB]. 
[2025-11-15 23:29:01.904] INFO  org.alter.game.service.GameService - [Cycle time: 1ms] [Entities: 2p / 190n] [Map: 1308c / 23r / 0i] [Queues: 0p / 0n / 0w] [Mem usage: U=652MB / R=1576MB / M=8180MB]. 
[2025-11-15 23:29:08.501] INFO  org.alter.game.service.GameService - [Cycle time: 4ms] [Entities: 2p / 190n] [Map: 1308c / 23r / 0i] [Queues: 0p / 0n / 0w] [Mem usage: U=654MB / R=1576MB / M=8180MB]. 
[2025-11-15 23:29:15.110] INFO  org.alter.game.service.GameService - [Cycle time: 1ms] [Entities: 2p / 190n] [Map: 1308c / 23r / 0i] [Queues: 0p / 0n / 0w] [Mem usage: U=656MB / R=1576MB / M=8180MB]. 
[2025-11-15 23:29:21.704] INFO  org.alter.game.service.GameService - [Cycle time: 1ms] [Entities: 2p / 190n] [Map: 1308c / 23r / 0i] [Queues: 0p / 0n / 0w] [Mem usage: U=658MB / R=1576MB / M=8180MB]. 
[2025-11-15 23:29:28.312] INFO  org.alter.game.service.GameService - [Cycle time: 1ms] [Entities: 2p / 190n] [Map: 1308c / 23r / 0i] [Queues: 0p / 0n / 0w] [Mem usage: U=660MB / R=1576MB / M=8180MB]. 
[2025-11-15 23:29:32.511] INFO  org.alter.game.task.AutoSaveTask - Auto-save completed: 2 player(s) saved 
[2025-11-15 23:29:34.903] INFO  org.alter.game.service.GameService - [Cycle time: 1ms] [Entities: 2p / 190n] [Map: 1308c / 23r / 0i] [Queues: 0p / 0n / 0w] [Mem usage: U=662MB / R=1576MB / M=8180MB]. 
[2025-11-15 23:29:41.510] INFO  org.alter.game.service.GameService - [Cycle time: 1ms] [Entities: 2p / 190n] [Map: 1308c / 23r / 0i] [Queues: 0p / 0n / 0w] [Mem usage: U=664MB / R=1576MB / M=8180MB]. 
[2025-11-15 23:29:48.097] INFO  org.alter.game.service.GameService - [Cycle time: 1ms] [Entities: 2p / 190n] [Map: 1308c / 23r / 0i] [Queues: 0p / 0n / 0w] [Mem usage: U=667MB / R=1576MB / M=8180MB]. 
[2025-11-15 23:29:54.700] INFO  org.alter.game.service.GameService - [Cycle time: 1ms] [Entities: 2p / 190n] [Map: 1308c / 23r / 0i] [Queues: 0p / 0n / 0w] [Mem usage: U=669MB / R=1576MB / M=8180MB]. 
[2025-11-15 23:30:01.310] INFO  org.alter.game.service.GameService - [Cycle time: 1ms] [Entities: 2p / 190n] [Map: 1308c / 23r / 0i] [Queues: 0p / 0n / 0w] [Mem usage: U=672MB / R=1576MB / M=8180MB]. 
[2025-11-15 23:30:07.904] INFO  org.alter.game.service.GameService - [Cycle time: 1ms] [Entities: 2p / 190n] [Map: 1308c / 23r / 0i] [Queues: 0p / 0n / 0w] [Mem usage: U=674MB / R=1576MB / M=8180MB]. 
[2025-11-15 23:30:14.496] INFO  org.alter.game.service.GameService - [Cycle time: 1ms] [Entities: 2p / 190n] [Map: 1308c / 23r / 0i] [Queues: 0p / 0n / 0w] [Mem usage: U=676MB / R=1576MB / M=8180MB]. 
[2025-11-15 23:30:21.099] INFO  org.alter.game.service.GameService - [Cycle time: 1ms] [Entities: 2p / 190n] [Map: 1308c / 23r / 0i] [Queues: 0p / 0n / 0w] [Mem usage: U=678MB / R=1576MB / M=8180MB]. 
[2025-11-15 23:30:27.702] INFO  org.alter.game.service.GameService - [Cycle time: 2ms] [Entities: 2p / 190n] [Map: 1308c / 23r / 0i] [Queues: 0p / 0n / 0w] [Mem usage: U=680MB / R=1576MB / M=8180MB]. 
[2025-11-15 23:30:32.510] INFO  org.alter.game.task.AutoSaveTask - Auto-save completed: 2 player(s) saved 
[2025-11-15 23:30:34.296] INFO  org.alter.game.service.GameService - [Cycle time: 1ms] [Entities: 2p / 190n] [Map: 1308c / 23r / 0i] [Queues: 0p / 0n / 0w] [Mem usage: U=682MB / R=1576MB / M=8180MB]. 
[2025-11-15 23:30:40.905] INFO  org.alter.game.service.GameService - [Cycle time: 1ms] [Entities: 2p / 190n] [Map: 1308c / 23r / 0i] [Queues: 0p / 0n / 0w] [Mem usage: U=684MB / R=1576MB / M=8180MB]. 
[2025-11-15 23:30:47.507] INFO  org.alter.game.service.GameService - [Cycle time: 1ms] [Entities: 2p / 190n] [Map: 1308c / 23r / 0i] [Queues: 0p / 0n / 0w] [Mem usage: U=686MB / R=1576MB / M=8180MB]. 
[2025-11-15 23:30:54.109] INFO  org.alter.game.service.GameService - [Cycle time: 1ms] [Entities: 2p / 190n] [Map: 1308c / 23r / 0i] [Queues: 0p / 0n / 0w] [Mem usage: U=688MB / R=1576MB / M=8180MB]. 
[2025-11-15 23:31:00.698] INFO  org.alter.game.service.GameService - [Cycle time: 1ms] [Entities: 2p / 190n] [Map: 1308c / 23r / 0i] [Queues: 0p / 0n / 0w] [Mem usage: U=690MB / R=1576MB / M=8180MB]. 
[2025-11-15 23:31:07.306] INFO  org.alter.game.service.GameService - [Cycle time: 1ms] [Entities: 2p / 190n] [Map: 1308c / 23r / 0i] [Queues: 0p / 0n / 0w] [Mem usage: U=692MB / R=1576MB / M=8180MB]. 
[2025-11-15 23:31:13.911] INFO  org.alter.game.service.GameService - [Cycle time: 1ms] [Entities: 2p / 190n] [Map: 1308c / 23r / 0i] [Queues: 0p / 0n / 0w] [Mem usage: U=694MB / R=1576MB / M=8180MB]. 
[2025-11-15 23:31:20.510] INFO  org.alter.game.service.GameService - [Cycle time: 1ms] [Entities: 2p / 190n] [Map: 1308c / 23r / 0i] [Queues: 0p / 0n / 0w] [Mem usage: U=696MB / R=1576MB / M=8180MB]. 
[2025-11-15 23:31:27.097] INFO  org.alter.game.service.GameService - [Cycle time: 1ms] [Entities: 2p / 190n] [Map: 1308c / 23r / 0i] [Queues: 0p / 0n / 0w] [Mem usage: U=698MB / R=1576MB / M=8180MB]. 
[2025-11-15 23:31:33.405] INFO  org.alter.game.Server - Preparing Alter... 
[2025-11-15 23:31:33.411] INFO  org.alter.game.Server - Alter loaded up in 178ms. 
[2025-11-15 23:31:33.421] INFO  org.alter.game.Server - Loaded properties for Alter. 
[2025-11-15 23:31:33.835] INFO  org.alter.game.saving.PlayerDetails - Total Player Details Saved: 4 
[2025-11-15 23:31:33.841] INFO  org.alter.game.saving.PlayerSaving - Player Save Format : JSON 
[2025-11-15 23:31:33.863] WARN  d.o.c.u.c.DecompressionContext - BZIP2 Compression found - replace to improve read performance. 
[2025-11-15 23:31:34.163] INFO  d.o.c.f.definition.DefinitionDecoder - 14162 NPCDecoder definitions loaded in 200ms 
[2025-11-15 23:31:34.836] INFO  d.o.c.f.definition.DefinitionDecoder - 56080 ObjectDecoder definitions loaded in 668ms 
[2025-11-15 23:31:35.159] INFO  d.o.c.f.definition.DefinitionDecoder - 30644 ItemDecoder definitions loaded in 313ms 
[2025-11-15 23:31:35.230] INFO  d.o.c.f.definition.DefinitionDecoder - 17252 VarBitDecoder definitions loaded in 63ms 
[2025-11-15 23:31:35.239] INFO  d.o.c.f.definition.DefinitionDecoder - 4660 VarDecoder definitions loaded in 7ms 
[2025-11-15 23:31:35.367] INFO  d.o.c.f.definition.DefinitionDecoder - 12025 SequenceDecoder definitions loaded in 126ms 
[2025-11-15 23:31:35.439] INFO  d.o.c.f.definition.DefinitionDecoder - 5714 EnumDecoder definitions loaded in 70ms 
[2025-11-15 23:31:35.444] INFO  d.o.c.f.definition.DefinitionDecoder - 79 HealthBarDecoder definitions loaded in 2ms 
[2025-11-15 23:31:35.452] INFO  d.o.c.f.definition.DefinitionDecoder - 78 HitSplatDecoder definitions loaded in 6ms 
[2025-11-15 23:31:35.523] INFO  d.o.c.f.definition.DefinitionDecoder - 5822 StructDecoder definitions loaded in 69ms 
[2025-11-15 23:31:35.539] INFO  d.o.c.f.definition.DefinitionDecoder - 86 DBTableDecoder definitions loaded in 10ms 
[2025-11-15 23:31:35.595] INFO  d.o.c.f.definition.DefinitionDecoder - 4235 DBRowDecoder definitions loaded in 53ms 
[2025-11-15 23:31:35.597] INFO  org.alter.game.Server - Loaded filestore from path data\cache in 1754ms. 
[2025-11-15 23:31:36.182] INFO  org.alter.game.model.World - Initiated service 'XteaKeyService' in 430ms. 
[2025-11-15 23:31:36.512] INFO  org.alter.game.model.World - Initiated service 'ItemMetadataService' in 328ms. 
[2025-11-15 23:31:36.550] INFO  org.alter.game.model.World - Initiated service 'NpcMetadataService' in 34ms. 
[2025-11-15 23:31:36.580] INFO  org.alter.game.model.World - Initiated service 'ObjectMetadataService' in 27ms. 
[2025-11-15 23:31:36.582] INFO  org.alter.game.model.World - Initiated service 'DumpEntityIdService' in 0ms. 
[2025-11-15 23:31:36.889] INFO  org.alter.game.model.World - Initiated service 'RsaService' in 303ms. 
[2025-11-15 23:31:36.904] INFO  org.alter.game.service.GameService - Auto-save configured: saving player positions every 50 cycles (~30s) 
[2025-11-15 23:31:36.904] INFO  org.alter.game.model.World - Initiated service 'GameService' in 4ms. 
[2025-11-15 23:31:36.905] INFO  org.alter.game.model.World - Initiated service 'LoginService' in 0ms. 
[2025-11-15 23:31:36.913] INFO  o.a.p.service.restapi.RestApiService - REST API Service starting on port 8080 with server IP 192.168.0.13, hostname oldschool.runescape.com 
[2025-11-15 23:31:36.942] INFO  org.eclipse.jetty.util.log - Logging initialized @4239ms 
[2025-11-15 23:31:36.971] INFO  spark.webserver.JettySparkServer - == Spark has ignited ... 
[2025-11-15 23:31:36.971] INFO  spark.webserver.JettySparkServer - >> Listening on 0.0.0.0:8080 
[2025-11-15 23:31:36.973] INFO  org.eclipse.jetty.server.Server - jetty-9.3.2.v20150730 
[2025-11-15 23:31:37.051] INFO  o.e.jetty.server.ServerConnector - Started ServerConnector@7e42f198{HTTP/1.1,[http/1.1]}{0.0.0.0:8080} 
[2025-11-15 23:31:37.051] INFO  org.eclipse.jetty.server.Server - Started @4350ms 
[2025-11-15 23:31:37.054] INFO  o.a.p.service.restapi.RestApiService - REST API Service initialized - bootstrap.json endpoint available at http://192.168.0.13:8080/bootstrap.json 
[2025-11-15 23:31:37.054] INFO  org.alter.game.model.World - Initiated service 'RestApiService' in 148ms. 
[2025-11-15 23:31:37.057] INFO  org.alter.game.model.World - Loaded 9 game services. 
[2025-11-15 23:31:39.179] INFO  o.a.g.rsprot.CacheJs5GroupProvider - Loaded 107953 JS5 responses 
[2025-11-15 23:31:39.201] DEBUG net.rsprot.compression.HuffmanCodec - Loaded 256 Huffman codewords and 512 node lookup tree. 
[2025-11-15 23:31:39.222] WARN  n.rsprot.protocol.common.RSProtFlags - Unknown network logging option: false, expected values: [off, trace, debug, info, warn, error] 
[2025-11-15 23:31:39.223] DEBUG n.rsprot.protocol.common.RSProtFlags - -Dnet.rsprot.protocol.internal.development: true 
[2025-11-15 23:31:39.223] DEBUG n.rsprot.protocol.common.RSProtFlags - -Dnet.rsprot.protocol.internal.inventoryObjCheck: true 
[2025-11-15 23:31:39.224] DEBUG n.rsprot.protocol.common.RSProtFlags - -Dnet.rsprot.protocol.internal.extendedInfoInputVerification: true 
[2025-11-15 23:31:39.224] DEBUG n.rsprot.protocol.common.RSProtFlags - -Dnet.rsprot.protocol.internal.clientscriptVerification: true 
[2025-11-15 23:31:39.224] DEBUG n.rsprot.protocol.common.RSProtFlags - -Dnet.rsprot.protocol.internal.networkLogging: false 
[2025-11-15 23:31:39.224] DEBUG n.rsprot.protocol.common.RSProtFlags - -Dnet.rsprot.protocol.internal.js5Logging: off 
[2025-11-15 23:31:39.224] DEBUG n.rsprot.protocol.common.RSProtFlags - -Dnet.rsprot.protocol.internal.npcPlayerAvatarTracking: true 
[2025-11-15 23:31:39.224] DEBUG n.rsprot.protocol.common.RSProtFlags - -Dnet.rsprot.protocol.internal.filterMissingPacketsInClient: true 
[2025-11-15 23:31:39.224] DEBUG n.rsprot.protocol.common.RSProtFlags - -Dnet.rsprot.protocol.internal.npcAvatarMaxId: 16383 
[2025-11-15 23:31:39.224] DEBUG n.rsprot.protocol.common.RSProtFlags - -Dnet.rsprot.protocol.internal.spotanimListCapacity: 256 
[2025-11-15 23:31:39.224] DEBUG n.rsprot.protocol.common.RSProtFlags - -Dnet.rsprot.protocol.internal.captureChat: false 
[2025-11-15 23:31:39.224] DEBUG n.rsprot.protocol.common.RSProtFlags - -Dnet.rsprot.protocol.internal.captureSay: false 
[2025-11-15 23:31:39.477] INFO  org.alter.rscm.RSCM - RSCM Loaded 
[2025-11-15 23:31:39.481] INFO  org.alter.game.Server - Loaded 4 privilege levels in 1ms. 
[2025-11-15 23:31:42.562] INFO  org.alter.game.Server - Loaded 8 single doors and 4 double doors. 
[2025-11-15 23:31:42.564] INFO  o.a.p.c.objects.gates.GateService - Loaded 1 gate. 
[2025-11-15 23:31:42.570] INFO  org.alter.game.Server - Loaded 7 chest thieving definitions. 
[2025-11-15 23:31:42.575] INFO  org.alter.game.Server - Loaded 13 pickpocket definitions. 
[2025-11-15 23:31:42.579] INFO  org.alter.game.Server - Loaded 11 stall thieving definitions. 
[2025-11-15 23:31:42.660] INFO  org.alter.game.Server - Loaded 172 plugins in 3178ms. 
[2025-11-15 23:31:42.666] INFO  org.alter.game.Server - Alter loaded up in 9254ms. 
[2025-11-15 23:31:42.760] DEBUG n.r.p.api.bootstrap.BootstrapBuilder - Using event loop group: NioEventLoopGroup (bossThreads: 1, childThreads: 22) 
[2025-11-15 23:31:42.771] DEBUG n.r.p.api.bootstrap.BootstrapBuilder - Using byte buffer allocator: PooledByteBufAllocator(directByDefault: true) 
[2025-11-15 23:31:42.772] DEBUG n.r.p.api.bootstrap.BootstrapBuilder - Auto read: disabled 
[2025-11-15 23:31:42.773] DEBUG n.r.p.api.bootstrap.BootstrapBuilder - Socket receive buffer size: 65,536 
[2025-11-15 23:31:42.773] DEBUG n.r.p.api.bootstrap.BootstrapBuilder - Socket send buffer size: 65,536 
[2025-11-15 23:31:42.774] DEBUG n.r.p.api.bootstrap.BootstrapBuilder - Write buffer watermarks: 524,288/2,097,152 
[2025-11-15 23:31:42.775] DEBUG n.r.p.api.bootstrap.BootstrapBuilder - Nagle's algorithm (TCP no delay): disabled 
[2025-11-15 23:31:42.846] INFO  n.rsprot.protocol.api.NetworkService - Started in: 166.958ms 
[2025-11-15 23:31:42.847] INFO  n.rsprot.protocol.api.NetworkService - Bound to ports: 43594 
[2025-11-15 23:31:42.847] INFO  n.rsprot.protocol.api.NetworkService - Revision: 228 
[2025-11-15 23:31:42.848] INFO  n.rsprot.protocol.api.NetworkService - Supported client types: Desktop 
[2025-11-15 23:31:42.849] INFO  org.alter.game.Server - Now listening for incoming connections on port 43594... 
[2025-11-15 23:31:48.681] INFO  org.alter.game.service.GameService - [Cycle time: 5ms] [Entities: 0p / 193n] [Map: 77c / 2r / 0i] [Queues: 0p / 0n / 0w] [Mem usage: U=791MB / R=1128MB / M=8180MB]. 
[2025-11-15 23:31:55.277] INFO  org.alter.game.service.GameService - [Cycle time: 3ms] [Entities: 0p / 193n] [Map: 77c / 2r / 0i] [Queues: 0p / 0n / 0w] [Mem usage: U=794MB / R=1128MB / M=8180MB]. 
[2025-11-15 23:32:01.883] INFO  org.alter.game.service.GameService - [Cycle time: 3ms] [Entities: 0p / 193n] [Map: 77c / 2r / 0i] [Queues: 0p / 0n / 0w] [Mem usage: U=796MB / R=1128MB / M=8180MB]. 
[2025-11-15 23:32:08.476] INFO  org.alter.game.service.GameService - [Cycle time: 1ms] [Entities: 0p / 193n] [Map: 77c / 2r / 0i] [Queues: 0p / 0n / 0w] [Mem usage: U=800MB / R=1128MB / M=8180MB]. 
[2025-11-15 23:32:15.073] INFO  org.alter.game.service.GameService - [Cycle time: 1ms] [Entities: 0p / 193n] [Map: 77c / 2r / 0i] [Queues: 0p / 0n / 0w] [Mem usage: U=803MB / R=1128MB / M=8180MB]. 
[2025-11-15 23:32:21.682] INFO  org.alter.game.service.GameService - [Cycle time: 1ms] [Entities: 0p / 193n] [Map: 77c / 2r / 0i] [Queues: 0p / 0n / 0w] [Mem usage: U=804MB / R=1128MB / M=8180MB]. 
[2025-11-15 23:32:28.278] INFO  org.alter.game.service.GameService - [Cycle time: 1ms] [Entities: 0p / 193n] [Map: 77c / 2r / 0i] [Queues: 0p / 0n / 0w] [Mem usage: U=807MB / R=1128MB / M=8180MB]. 
[2025-11-15 23:32:34.263] INFO  spark.webserver.MatcherFilter - The requested route [/world_list.ws] has not been mapped in Spark 
[2025-11-15 23:32:34.335] INFO  spark.webserver.MatcherFilter - The requested route [/jav_config.ws] has not been mapped in Spark 
[2025-11-15 23:32:34.874] INFO  org.alter.game.service.GameService - [Cycle time: 0ms] [Entities: 0p / 193n] [Map: 77c / 2r / 0i] [Queues: 0p / 0n / 0w] [Mem usage: U=823MB / R=1128MB / M=8180MB]. 
[2025-11-15 23:32:35.523] DEBUG net.rsprot.crypto.rsa.Rsa - Native JNA-GMP support: false 
[2025-11-15 23:32:39.612] WARN  o.a.g.s.impl.DetailSerialisation - Failed to load tile position for player DragonM: List element cannot be cast to int. Falling back to home location. 
[2025-11-15 23:32:39.613] WARN  o.a.g.s.impl.DetailSerialisation - Player DragonM position not found in save file (tile data: null), spawning at home location 
[2025-11-15 23:32:39.698] DEBUG net.rsprot.buffer.bitbuffer.BitBuf - -Dnet.rsprot.buffer.bitbufferErrorChecking: true 
[2025-11-15 23:32:41.478] INFO  org.alter.game.service.GameService - [Cycle time: 10ms] [Entities: 1p / 193n] [Map: 269c / 5r / 0i] [Queues: 0p / 0n / 0w] [Mem usage: U=843MB / R=1128MB / M=8180MB]. 
[2025-11-15 23:32:42.079] ERROR org.alter.game.saving.PlayerSaving - Failed to serialize details for player DragonM 
java.lang.ClassCastException: List element cannot be cast to int
	at org.bson.Document.constructValuesList(Document.java:402)
	at org.bson.Document.getList(Document.java:369)
	at org.alter.game.saving.PlayerSaving.savePlayer(PlayerSaving.kt:56)
	at org.alter.game.task.AutoSaveTask.performAutoSave$lambda$4(AutoSaveTask.kt:64)
	at org.alter.game.model.PawnList.forEach(PawnList.kt:35)
	at org.alter.game.task.AutoSaveTask.performAutoSave(AutoSaveTask.kt:55)
	at org.alter.game.task.AutoSaveTask.execute(AutoSaveTask.kt:40)
	at org.alter.game.service.GameService.cycle(GameService.kt:192)
	at java.base/java.util.concurrent.Executors$RunnableAdapter.call(Executors.java:539)
	at java.base/java.util.concurrent.FutureTask.runAndReset(FutureTask.java:305)
	at java.base/java.util.concurrent.ScheduledThreadPoolExecutor$ScheduledFutureTask.run(ScheduledThreadPoolExecutor.java:305)
	at java.base/java.util.concurrent.ThreadPoolExecutor.runWorker(ThreadPoolExecutor.java:1136)
	at java.base/java.util.concurrent.ThreadPoolExecutor$Worker.run(ThreadPoolExecutor.java:635)
	at java.base/java.lang.Thread.run(Thread.java:840)
[2025-11-15 23:32:42.081] ERROR org.alter.game.saving.PlayerSaving - Failed to save player DragonM: List element cannot be cast to int 
java.lang.ClassCastException: List element cannot be cast to int
	at org.bson.Document.constructValuesList(Document.java:402)
	at org.bson.Document.getList(Document.java:369)
	at org.alter.game.saving.PlayerSaving.savePlayer(PlayerSaving.kt:56)
	at org.alter.game.task.AutoSaveTask.performAutoSave$lambda$4(AutoSaveTask.kt:64)
	at org.alter.game.model.PawnList.forEach(PawnList.kt:35)
	at org.alter.game.task.AutoSaveTask.performAutoSave(AutoSaveTask.kt:55)
	at org.alter.game.task.AutoSaveTask.execute(AutoSaveTask.kt:40)
	at org.alter.game.service.GameService.cycle(GameService.kt:192)
	at java.base/java.util.concurrent.Executors$RunnableAdapter.call(Executors.java:539)
	at java.base/java.util.concurrent.FutureTask.runAndReset(FutureTask.java:305)
	at java.base/java.util.concurrent.ScheduledThreadPoolExecutor$ScheduledFutureTask.run(ScheduledThreadPoolExecutor.java:305)
	at java.base/java.util.concurrent.ThreadPoolExecutor.runWorker(ThreadPoolExecutor.java:1136)
	at java.base/java.util.concurrent.ThreadPoolExecutor$Worker.run(ThreadPoolExecutor.java:635)
	at java.base/java.lang.Thread.run(Thread.java:840)
[2025-11-15 23:32:42.082] ERROR org.alter.game.task.AutoSaveTask - Failed to auto-save player 'DragonM': List element cannot be cast to int 
java.lang.ClassCastException: List element cannot be cast to int
	at org.bson.Document.constructValuesList(Document.java:402)
	at org.bson.Document.getList(Document.java:369)
	at org.alter.game.saving.PlayerSaving.savePlayer(PlayerSaving.kt:56)
	at org.alter.game.task.AutoSaveTask.performAutoSave$lambda$4(AutoSaveTask.kt:64)
	at org.alter.game.model.PawnList.forEach(PawnList.kt:35)
	at org.alter.game.task.AutoSaveTask.performAutoSave(AutoSaveTask.kt:55)
	at org.alter.game.task.AutoSaveTask.execute(AutoSaveTask.kt:40)
	at org.alter.game.service.GameService.cycle(GameService.kt:192)
	at java.base/java.util.concurrent.Executors$RunnableAdapter.call(Executors.java:539)
	at java.base/java.util.concurrent.FutureTask.runAndReset(FutureTask.java:305)
	at java.base/java.util.concurrent.ScheduledThreadPoolExecutor$ScheduledFutureTask.run(ScheduledThreadPoolExecutor.java:305)
	at java.base/java.util.concurrent.ThreadPoolExecutor.runWorker(ThreadPoolExecutor.java:1136)
	at java.base/java.util.concurrent.ThreadPoolExecutor$Worker.run(ThreadPoolExecutor.java:635)
	at java.base/java.lang.Thread.run(Thread.java:840)
[2025-11-15 23:32:42.082] WARN  org.alter.game.task.AutoSaveTask - Auto-save attempted but no players were saved (1 players online) 
[2025-11-15 23:32:48.084] INFO  org.alter.game.service.GameService - [Cycle time: 3ms] [Entities: 1p / 193n] [Map: 269c / 5r / 0i] [Queues: 0p / 0n / 0w] [Mem usage: U=846MB / R=1128MB / M=8180MB]. 
[2025-11-15 23:32:54.675] INFO  org.alter.game.service.GameService - [Cycle time: 4ms] [Entities: 1p / 193n] [Map: 269c / 5r / 0i] [Queues: 0p / 0n / 0w] [Mem usage: U=850MB / R=1128MB / M=8180MB]. 
[2025-11-15 23:33:00.646] INFO  spark.webserver.MatcherFilter - The requested route [/world_list.ws] has not been mapped in Spark 
[2025-11-15 23:33:00.680] INFO  spark.webserver.MatcherFilter - The requested route [/jav_config.ws] has not been mapped in Spark 
[2025-11-15 23:33:01.279] INFO  org.alter.game.service.GameService - [Cycle time: 1ms] [Entities: 1p / 193n] [Map: 269c / 5r / 0i] [Queues: 0p / 0n / 0w] [Mem usage: U=856MB / R=1128MB / M=8180MB]. 
[2025-11-15 23:33:04.697] WARN  o.a.g.s.impl.DetailSerialisation - Failed to load tile position for player SpideyM: List element cannot be cast to int. Falling back to home location. 
[2025-11-15 23:33:04.698] WARN  o.a.g.s.impl.DetailSerialisation - Player SpideyM position not found in save file (tile data: null), spawning at home location 
[2025-11-15 23:33:07.876] INFO  org.alter.game.service.GameService - [Cycle time: 11ms] [Entities: 2p / 193n] [Map: 269c / 5r / 0i] [Queues: 0p / 0n / 0w] [Mem usage: U=485MB / R=1128MB / M=8180MB]. 
[2025-11-15 23:33:12.074] ERROR org.alter.game.saving.PlayerSaving - Failed to serialize details for player DragonM 
java.lang.ClassCastException: List element cannot be cast to int
	at org.bson.Document.constructValuesList(Document.java:402)
	at org.bson.Document.getList(Document.java:369)
	at org.alter.game.saving.PlayerSaving.savePlayer(PlayerSaving.kt:56)
	at org.alter.game.task.AutoSaveTask.performAutoSave$lambda$4(AutoSaveTask.kt:64)
	at org.alter.game.model.PawnList.forEach(PawnList.kt:35)
	at org.alter.game.task.AutoSaveTask.performAutoSave(AutoSaveTask.kt:55)
	at org.alter.game.task.AutoSaveTask.execute(AutoSaveTask.kt:40)
	at org.alter.game.service.GameService.cycle(GameService.kt:192)
	at java.base/java.util.concurrent.Executors$RunnableAdapter.call(Executors.java:539)
	at java.base/java.util.concurrent.FutureTask.runAndReset(FutureTask.java:305)
	at java.base/java.util.concurrent.ScheduledThreadPoolExecutor$ScheduledFutureTask.run(ScheduledThreadPoolExecutor.java:305)
	at java.base/java.util.concurrent.ThreadPoolExecutor.runWorker(ThreadPoolExecutor.java:1136)
	at java.base/java.util.concurrent.ThreadPoolExecutor$Worker.run(ThreadPoolExecutor.java:635)
	at java.base/java.lang.Thread.run(Thread.java:840)
[2025-11-15 23:33:12.075] ERROR org.alter.game.saving.PlayerSaving - Failed to save player DragonM: List element cannot be cast to int 
java.lang.ClassCastException: List element cannot be cast to int
	at org.bson.Document.constructValuesList(Document.java:402)
	at org.bson.Document.getList(Document.java:369)
	at org.alter.game.saving.PlayerSaving.savePlayer(PlayerSaving.kt:56)
	at org.alter.game.task.AutoSaveTask.performAutoSave$lambda$4(AutoSaveTask.kt:64)
	at org.alter.game.model.PawnList.forEach(PawnList.kt:35)
	at org.alter.game.task.AutoSaveTask.performAutoSave(AutoSaveTask.kt:55)
	at org.alter.game.task.AutoSaveTask.execute(AutoSaveTask.kt:40)
	at org.alter.game.service.GameService.cycle(GameService.kt:192)
	at java.base/java.util.concurrent.Executors$RunnableAdapter.call(Executors.java:539)
	at java.base/java.util.concurrent.FutureTask.runAndReset(FutureTask.java:305)
	at java.base/java.util.concurrent.ScheduledThreadPoolExecutor$ScheduledFutureTask.run(ScheduledThreadPoolExecutor.java:305)
	at java.base/java.util.concurrent.ThreadPoolExecutor.runWorker(ThreadPoolExecutor.java:1136)
	at java.base/java.util.concurrent.ThreadPoolExecutor$Worker.run(ThreadPoolExecutor.java:635)
	at java.base/java.lang.Thread.run(Thread.java:840)
[2025-11-15 23:33:12.075] ERROR org.alter.game.task.AutoSaveTask - Failed to auto-save player 'DragonM': List element cannot be cast to int 
java.lang.ClassCastException: List element cannot be cast to int
	at org.bson.Document.constructValuesList(Document.java:402)
	at org.bson.Document.getList(Document.java:369)
	at org.alter.game.saving.PlayerSaving.savePlayer(PlayerSaving.kt:56)
	at org.alter.game.task.AutoSaveTask.performAutoSave$lambda$4(AutoSaveTask.kt:64)
	at org.alter.game.model.PawnList.forEach(PawnList.kt:35)
	at org.alter.game.task.AutoSaveTask.performAutoSave(AutoSaveTask.kt:55)
	at org.alter.game.task.AutoSaveTask.execute(AutoSaveTask.kt:40)
	at org.alter.game.service.GameService.cycle(GameService.kt:192)
	at java.base/java.util.concurrent.Executors$RunnableAdapter.call(Executors.java:539)
	at java.base/java.util.concurrent.FutureTask.runAndReset(FutureTask.java:305)
	at java.base/java.util.concurrent.ScheduledThreadPoolExecutor$ScheduledFutureTask.run(ScheduledThreadPoolExecutor.java:305)
	at java.base/java.util.concurrent.ThreadPoolExecutor.runWorker(ThreadPoolExecutor.java:1136)
	at java.base/java.util.concurrent.ThreadPoolExecutor$Worker.run(ThreadPoolExecutor.java:635)
	at java.base/java.lang.Thread.run(Thread.java:840)
[2025-11-15 23:33:12.075] ERROR org.alter.game.saving.PlayerSaving - Failed to serialize details for player SpideyM 
java.lang.ClassCastException: List element cannot be cast to int
	at org.bson.Document.constructValuesList(Document.java:402)
	at org.bson.Document.getList(Document.java:369)
	at org.alter.game.saving.PlayerSaving.savePlayer(PlayerSaving.kt:56)
	at org.alter.game.task.AutoSaveTask.performAutoSave$lambda$4(AutoSaveTask.kt:64)
	at org.alter.game.model.PawnList.forEach(PawnList.kt:35)
	at org.alter.game.task.AutoSaveTask.performAutoSave(AutoSaveTask.kt:55)
	at org.alter.game.task.AutoSaveTask.execute(AutoSaveTask.kt:40)
	at org.alter.game.service.GameService.cycle(GameService.kt:192)
	at java.base/java.util.concurrent.Executors$RunnableAdapter.call(Executors.java:539)
	at java.base/java.util.concurrent.FutureTask.runAndReset(FutureTask.java:305)
	at java.base/java.util.concurrent.ScheduledThreadPoolExecutor$ScheduledFutureTask.run(ScheduledThreadPoolExecutor.java:305)
	at java.base/java.util.concurrent.ThreadPoolExecutor.runWorker(ThreadPoolExecutor.java:1136)
	at java.base/java.util.concurrent.ThreadPoolExecutor$Worker.run(ThreadPoolExecutor.java:635)
	at java.base/java.lang.Thread.run(Thread.java:840)
[2025-11-15 23:33:12.075] ERROR org.alter.game.saving.PlayerSaving - Failed to save player SpideyM: List element cannot be cast to int 
java.lang.ClassCastException: List element cannot be cast to int
	at org.bson.Document.constructValuesList(Document.java:402)
	at org.bson.Document.getList(Document.java:369)
	at org.alter.game.saving.PlayerSaving.savePlayer(PlayerSaving.kt:56)
	at org.alter.game.task.AutoSaveTask.performAutoSave$lambda$4(AutoSaveTask.kt:64)
	at org.alter.game.model.PawnList.forEach(PawnList.kt:35)
	at org.alter.game.task.AutoSaveTask.performAutoSave(AutoSaveTask.kt:55)
	at org.alter.game.task.AutoSaveTask.execute(AutoSaveTask.kt:40)
	at org.alter.game.service.GameService.cycle(GameService.kt:192)
	at java.base/java.util.concurrent.Executors$RunnableAdapter.call(Executors.java:539)
	at java.base/java.util.concurrent.FutureTask.runAndReset(FutureTask.java:305)
	at java.base/java.util.concurrent.ScheduledThreadPoolExecutor$ScheduledFutureTask.run(ScheduledThreadPoolExecutor.java:305)
	at java.base/java.util.concurrent.ThreadPoolExecutor.runWorker(ThreadPoolExecutor.java:1136)
	at java.base/java.util.concurrent.ThreadPoolExecutor$Worker.run(ThreadPoolExecutor.java:635)
	at java.base/java.lang.Thread.run(Thread.java:840)
[2025-11-15 23:33:12.075] ERROR org.alter.game.task.AutoSaveTask - Failed to auto-save player 'SpideyM': List element cannot be cast to int 
java.lang.ClassCastException: List element cannot be cast to int
	at org.bson.Document.constructValuesList(Document.java:402)
	at org.bson.Document.getList(Document.java:369)
	at org.alter.game.saving.PlayerSaving.savePlayer(PlayerSaving.kt:56)
	at org.alter.game.task.AutoSaveTask.performAutoSave$lambda$4(AutoSaveTask.kt:64)
	at org.alter.game.model.PawnList.forEach(PawnList.kt:35)
	at org.alter.game.task.AutoSaveTask.performAutoSave(AutoSaveTask.kt:55)
	at org.alter.game.task.AutoSaveTask.execute(AutoSaveTask.kt:40)
	at org.alter.game.service.GameService.cycle(GameService.kt:192)
	at java.base/java.util.concurrent.Executors$RunnableAdapter.call(Executors.java:539)
	at java.base/java.util.concurrent.FutureTask.runAndReset(FutureTask.java:305)
	at java.base/java.util.concurrent.ScheduledThreadPoolExecutor$ScheduledFutureTask.run(ScheduledThreadPoolExecutor.java:305)
	at java.base/java.util.concurrent.ThreadPoolExecutor.runWorker(ThreadPoolExecutor.java:1136)
	at java.base/java.util.concurrent.ThreadPoolExecutor$Worker.run(ThreadPoolExecutor.java:635)
	at java.base/java.lang.Thread.run(Thread.java:840)
[2025-11-15 23:33:12.075] WARN  org.alter.game.task.AutoSaveTask - Auto-save attempted but no players were saved (2 players online) 
[2025-11-15 23:33:14.474] INFO  org.alter.game.service.GameService - [Cycle time: 3ms] [Entities: 2p / 193n] [Map: 397c / 7r / 0i] [Queues: 0p / 0n / 0w] [Mem usage: U=496MB / R=1128MB / M=8180MB]. 
[2025-11-15 23:33:21.073] INFO  org.alter.game.service.GameService - [Cycle time: 3ms] [Entities: 2p / 193n] [Map: 397c / 7r / 0i] [Queues: 0p / 0n / 0w] [Mem usage: U=498MB / R=1128MB / M=8180MB]. 
[2025-11-15 23:33:27.674] INFO  org.alter.game.service.GameService - [Cycle time: 1ms] [Entities: 2p / 193n] [Map: 397c / 7r / 0i] [Queues: 0p / 0n / 0w] [Mem usage: U=500MB / R=1128MB / M=8180MB]. 
[2025-11-15 23:33:34.285] INFO  org.alter.game.service.GameService - [Cycle time: 4ms] [Entities: 2p / 193n] [Map: 653c / 11r / 0i] [Queues: 0p / 0n / 0w] [Mem usage: U=513MB / R=1128MB / M=8180MB]. 
[2025-11-15 23:33:40.883] INFO  org.alter.game.service.GameService - [Cycle time: 2ms] [Entities: 2p / 193n] [Map: 653c / 11r / 0i] [Queues: 0p / 0n / 0w] [Mem usage: U=515MB / R=1128MB / M=8180MB]. 
[2025-11-15 23:33:42.078] ERROR org.alter.game.saving.PlayerSaving - Failed to serialize details for player DragonM 
java.lang.ClassCastException: List element cannot be cast to int
	at org.bson.Document.constructValuesList(Document.java:402)
	at org.bson.Document.getList(Document.java:369)
	at org.alter.game.saving.PlayerSaving.savePlayer(PlayerSaving.kt:56)
	at org.alter.game.task.AutoSaveTask.performAutoSave$lambda$4(AutoSaveTask.kt:64)
	at org.alter.game.model.PawnList.forEach(PawnList.kt:35)
	at org.alter.game.task.AutoSaveTask.performAutoSave(AutoSaveTask.kt:55)
	at org.alter.game.task.AutoSaveTask.execute(AutoSaveTask.kt:40)
	at org.alter.game.service.GameService.cycle(GameService.kt:192)
	at java.base/java.util.concurrent.Executors$RunnableAdapter.call(Executors.java:539)
	at java.base/java.util.concurrent.FutureTask.runAndReset(FutureTask.java:305)
	at java.base/java.util.concurrent.ScheduledThreadPoolExecutor$ScheduledFutureTask.run(ScheduledThreadPoolExecutor.java:305)
	at java.base/java.util.concurrent.ThreadPoolExecutor.runWorker(ThreadPoolExecutor.java:1136)
	at java.base/java.util.concurrent.ThreadPoolExecutor$Worker.run(ThreadPoolExecutor.java:635)
	at java.base/java.lang.Thread.run(Thread.java:840)
[2025-11-15 23:33:42.079] ERROR org.alter.game.saving.PlayerSaving - Failed to save player DragonM: List element cannot be cast to int 
java.lang.ClassCastException: List element cannot be cast to int
	at org.bson.Document.constructValuesList(Document.java:402)
	at org.bson.Document.getList(Document.java:369)
	at org.alter.game.saving.PlayerSaving.savePlayer(PlayerSaving.kt:56)
	at org.alter.game.task.AutoSaveTask.performAutoSave$lambda$4(AutoSaveTask.kt:64)
	at org.alter.game.model.PawnList.forEach(PawnList.kt:35)
	at org.alter.game.task.AutoSaveTask.performAutoSave(AutoSaveTask.kt:55)
	at org.alter.game.task.AutoSaveTask.execute(AutoSaveTask.kt:40)
	at org.alter.game.service.GameService.cycle(GameService.kt:192)
	at java.base/java.util.concurrent.Executors$RunnableAdapter.call(Executors.java:539)
	at java.base/java.util.concurrent.FutureTask.runAndReset(FutureTask.java:305)
	at java.base/java.util.concurrent.ScheduledThreadPoolExecutor$ScheduledFutureTask.run(ScheduledThreadPoolExecutor.java:305)
	at java.base/java.util.concurrent.ThreadPoolExecutor.runWorker(ThreadPoolExecutor.java:1136)
	at java.base/java.util.concurrent.ThreadPoolExecutor$Worker.run(ThreadPoolExecutor.java:635)
	at java.base/java.lang.Thread.run(Thread.java:840)
[2025-11-15 23:33:42.079] ERROR org.alter.game.task.AutoSaveTask - Failed to auto-save player 'DragonM': List element cannot be cast to int 
java.lang.ClassCastException: List element cannot be cast to int
	at org.bson.Document.constructValuesList(Document.java:402)
	at org.bson.Document.getList(Document.java:369)
	at org.alter.game.saving.PlayerSaving.savePlayer(PlayerSaving.kt:56)
	at org.alter.game.task.AutoSaveTask.performAutoSave$lambda$4(AutoSaveTask.kt:64)
	at org.alter.game.model.PawnList.forEach(PawnList.kt:35)
	at org.alter.game.task.AutoSaveTask.performAutoSave(AutoSaveTask.kt:55)
	at org.alter.game.task.AutoSaveTask.execute(AutoSaveTask.kt:40)
	at org.alter.game.service.GameService.cycle(GameService.kt:192)
	at java.base/java.util.concurrent.Executors$RunnableAdapter.call(Executors.java:539)
	at java.base/java.util.concurrent.FutureTask.runAndReset(FutureTask.java:305)
	at java.base/java.util.concurrent.ScheduledThreadPoolExecutor$ScheduledFutureTask.run(ScheduledThreadPoolExecutor.java:305)
	at java.base/java.util.concurrent.ThreadPoolExecutor.runWorker(ThreadPoolExecutor.java:1136)
	at java.base/java.util.concurrent.ThreadPoolExecutor$Worker.run(ThreadPoolExecutor.java:635)
	at java.base/java.lang.Thread.run(Thread.java:840)
[2025-11-15 23:33:42.079] ERROR org.alter.game.saving.PlayerSaving - Failed to serialize details for player SpideyM 
java.lang.ClassCastException: List element cannot be cast to int
	at org.bson.Document.constructValuesList(Document.java:402)
	at org.bson.Document.getList(Document.java:369)
	at org.alter.game.saving.PlayerSaving.savePlayer(PlayerSaving.kt:56)
	at org.alter.game.task.AutoSaveTask.performAutoSave$lambda$4(AutoSaveTask.kt:64)
	at org.alter.game.model.PawnList.forEach(PawnList.kt:35)
	at org.alter.game.task.AutoSaveTask.performAutoSave(AutoSaveTask.kt:55)
	at org.alter.game.task.AutoSaveTask.execute(AutoSaveTask.kt:40)
	at org.alter.game.service.GameService.cycle(GameService.kt:192)
	at java.base/java.util.concurrent.Executors$RunnableAdapter.call(Executors.java:539)
	at java.base/java.util.concurrent.FutureTask.runAndReset(FutureTask.java:305)
	at java.base/java.util.concurrent.ScheduledThreadPoolExecutor$ScheduledFutureTask.run(ScheduledThreadPoolExecutor.java:305)
	at java.base/java.util.concurrent.ThreadPoolExecutor.runWorker(ThreadPoolExecutor.java:1136)
	at java.base/java.util.concurrent.ThreadPoolExecutor$Worker.run(ThreadPoolExecutor.java:635)
	at java.base/java.lang.Thread.run(Thread.java:840)
[2025-11-15 23:33:42.079] ERROR org.alter.game.saving.PlayerSaving - Failed to save player SpideyM: List element cannot be cast to int 
java.lang.ClassCastException: List element cannot be cast to int
	at org.bson.Document.constructValuesList(Document.java:402)
	at org.bson.Document.getList(Document.java:369)
	at org.alter.game.saving.PlayerSaving.savePlayer(PlayerSaving.kt:56)
	at org.alter.game.task.AutoSaveTask.performAutoSave$lambda$4(AutoSaveTask.kt:64)
	at org.alter.game.model.PawnList.forEach(PawnList.kt:35)
	at org.alter.game.task.AutoSaveTask.performAutoSave(AutoSaveTask.kt:55)
	at org.alter.game.task.AutoSaveTask.execute(AutoSaveTask.kt:40)
	at org.alter.game.service.GameService.cycle(GameService.kt:192)
	at java.base/java.util.concurrent.Executors$RunnableAdapter.call(Executors.java:539)
	at java.base/java.util.concurrent.FutureTask.runAndReset(FutureTask.java:305)
	at java.base/java.util.concurrent.ScheduledThreadPoolExecutor$ScheduledFutureTask.run(ScheduledThreadPoolExecutor.java:305)
	at java.base/java.util.concurrent.ThreadPoolExecutor.runWorker(ThreadPoolExecutor.java:1136)
	at java.base/java.util.concurrent.ThreadPoolExecutor$Worker.run(ThreadPoolExecutor.java:635)
	at java.base/java.lang.Thread.run(Thread.java:840)
[2025-11-15 23:33:42.080] ERROR org.alter.game.task.AutoSaveTask - Failed to auto-save player 'SpideyM': List element cannot be cast to int 
java.lang.ClassCastException: List element cannot be cast to int
	at org.bson.Document.constructValuesList(Document.java:402)
	at org.bson.Document.getList(Document.java:369)
	at org.alter.game.saving.PlayerSaving.savePlayer(PlayerSaving.kt:56)
	at org.alter.game.task.AutoSaveTask.performAutoSave$lambda$4(AutoSaveTask.kt:64)
	at org.alter.game.model.PawnList.forEach(PawnList.kt:35)
	at org.alter.game.task.AutoSaveTask.performAutoSave(AutoSaveTask.kt:55)
	at org.alter.game.task.AutoSaveTask.execute(AutoSaveTask.kt:40)
	at org.alter.game.service.GameService.cycle(GameService.kt:192)
	at java.base/java.util.concurrent.Executors$RunnableAdapter.call(Executors.java:539)
	at java.base/java.util.concurrent.FutureTask.runAndReset(FutureTask.java:305)
	at java.base/java.util.concurrent.ScheduledThreadPoolExecutor$ScheduledFutureTask.run(ScheduledThreadPoolExecutor.java:305)
	at java.base/java.util.concurrent.ThreadPoolExecutor.runWorker(ThreadPoolExecutor.java:1136)
	at java.base/java.util.concurrent.ThreadPoolExecutor$Worker.run(ThreadPoolExecutor.java:635)
	at java.base/java.lang.Thread.run(Thread.java:840)
[2025-11-15 23:33:42.080] WARN  org.alter.game.task.AutoSaveTask - Auto-save attempted but no players were saved (2 players online) 
[2025-11-15 23:33:47.477] INFO  org.alter.game.service.GameService - [Cycle time: 3ms] [Entities: 2p / 193n] [Map: 717c / 12r / 0i] [Queues: 0p / 0n / 0w] [Mem usage: U=520MB / R=1128MB / M=8180MB]. 
[2025-11-15 23:33:54.076] INFO  org.alter.game.service.GameService - [Cycle time: 2ms] [Entities: 2p / 193n] [Map: 973c / 16r / 0i] [Queues: 0p / 0n / 0w] [Mem usage: U=529MB / R=1128MB / M=8180MB]. 
[2025-11-15 23:34:00.684] INFO  org.alter.game.service.GameService - [Cycle time: 1ms] [Entities: 2p / 193n] [Map: 973c / 16r / 0i] [Queues: 0p / 0n / 0w] [Mem usage: U=533MB / R=1128MB / M=8180MB]. 
[2025-11-15 23:34:07.271] INFO  org.alter.game.service.GameService - [Cycle time: 2ms] [Entities: 2p / 193n] [Map: 1171c / 19r / 0i] [Queues: 0p / 0n / 0w] [Mem usage: U=541MB / R=1128MB / M=8180MB]. 
[2025-11-15 23:34:12.079] ERROR org.alter.game.saving.PlayerSaving - Failed to serialize details for player DragonM 
java.lang.ClassCastException: List element cannot be cast to int
	at org.bson.Document.constructValuesList(Document.java:402)
	at org.bson.Document.getList(Document.java:369)
	at org.alter.game.saving.PlayerSaving.savePlayer(PlayerSaving.kt:56)
	at org.alter.game.task.AutoSaveTask.performAutoSave$lambda$4(AutoSaveTask.kt:64)
	at org.alter.game.model.PawnList.forEach(PawnList.kt:35)
	at org.alter.game.task.AutoSaveTask.performAutoSave(AutoSaveTask.kt:55)
	at org.alter.game.task.AutoSaveTask.execute(AutoSaveTask.kt:40)
	at org.alter.game.service.GameService.cycle(GameService.kt:192)
	at java.base/java.util.concurrent.Executors$RunnableAdapter.call(Executors.java:539)
	at java.base/java.util.concurrent.FutureTask.runAndReset(FutureTask.java:305)
	at java.base/java.util.concurrent.ScheduledThreadPoolExecutor$ScheduledFutureTask.run(ScheduledThreadPoolExecutor.java:305)
	at java.base/java.util.concurrent.ThreadPoolExecutor.runWorker(ThreadPoolExecutor.java:1136)
	at java.base/java.util.concurrent.ThreadPoolExecutor$Worker.run(ThreadPoolExecutor.java:635)
	at java.base/java.lang.Thread.run(Thread.java:840)
[2025-11-15 23:34:12.080] ERROR org.alter.game.saving.PlayerSaving - Failed to save player DragonM: List element cannot be cast to int 
java.lang.ClassCastException: List element cannot be cast to int
	at org.bson.Document.constructValuesList(Document.java:402)
	at org.bson.Document.getList(Document.java:369)
	at org.alter.game.saving.PlayerSaving.savePlayer(PlayerSaving.kt:56)
	at org.alter.game.task.AutoSaveTask.performAutoSave$lambda$4(AutoSaveTask.kt:64)
	at org.alter.game.model.PawnList.forEach(PawnList.kt:35)
	at org.alter.game.task.AutoSaveTask.performAutoSave(AutoSaveTask.kt:55)
	at org.alter.game.task.AutoSaveTask.execute(AutoSaveTask.kt:40)
	at org.alter.game.service.GameService.cycle(GameService.kt:192)
	at java.base/java.util.concurrent.Executors$RunnableAdapter.call(Executors.java:539)
	at java.base/java.util.concurrent.FutureTask.runAndReset(FutureTask.java:305)
	at java.base/java.util.concurrent.ScheduledThreadPoolExecutor$ScheduledFutureTask.run(ScheduledThreadPoolExecutor.java:305)
	at java.base/java.util.concurrent.ThreadPoolExecutor.runWorker(ThreadPoolExecutor.java:1136)
	at java.base/java.util.concurrent.ThreadPoolExecutor$Worker.run(ThreadPoolExecutor.java:635)
	at java.base/java.lang.Thread.run(Thread.java:840)
[2025-11-15 23:34:12.080] ERROR org.alter.game.task.AutoSaveTask - Failed to auto-save player 'DragonM': List element cannot be cast to int 
java.lang.ClassCastException: List element cannot be cast to int
	at org.bson.Document.constructValuesList(Document.java:402)
	at org.bson.Document.getList(Document.java:369)
	at org.alter.game.saving.PlayerSaving.savePlayer(PlayerSaving.kt:56)
	at org.alter.game.task.AutoSaveTask.performAutoSave$lambda$4(AutoSaveTask.kt:64)
	at org.alter.game.model.PawnList.forEach(PawnList.kt:35)
	at org.alter.game.task.AutoSaveTask.performAutoSave(AutoSaveTask.kt:55)
	at org.alter.game.task.AutoSaveTask.execute(AutoSaveTask.kt:40)
	at org.alter.game.service.GameService.cycle(GameService.kt:192)
	at java.base/java.util.concurrent.Executors$RunnableAdapter.call(Executors.java:539)
	at java.base/java.util.concurrent.FutureTask.runAndReset(FutureTask.java:305)
	at java.base/java.util.concurrent.ScheduledThreadPoolExecutor$ScheduledFutureTask.run(ScheduledThreadPoolExecutor.java:305)
	at java.base/java.util.concurrent.ThreadPoolExecutor.runWorker(ThreadPoolExecutor.java:1136)
	at java.base/java.util.concurrent.ThreadPoolExecutor$Worker.run(ThreadPoolExecutor.java:635)
	at java.base/java.lang.Thread.run(Thread.java:840)
[2025-11-15 23:34:12.080] ERROR org.alter.game.saving.PlayerSaving - Failed to serialize details for player SpideyM 
java.lang.ClassCastException: List element cannot be cast to int
	at org.bson.Document.constructValuesList(Document.java:402)
	at org.bson.Document.getList(Document.java:369)
	at org.alter.game.saving.PlayerSaving.savePlayer(PlayerSaving.kt:56)
	at org.alter.game.task.AutoSaveTask.performAutoSave$lambda$4(AutoSaveTask.kt:64)
	at org.alter.game.model.PawnList.forEach(PawnList.kt:35)
	at org.alter.game.task.AutoSaveTask.performAutoSave(AutoSaveTask.kt:55)
	at org.alter.game.task.AutoSaveTask.execute(AutoSaveTask.kt:40)
	at org.alter.game.service.GameService.cycle(GameService.kt:192)
	at java.base/java.util.concurrent.Executors$RunnableAdapter.call(Executors.java:539)
	at java.base/java.util.concurrent.FutureTask.runAndReset(FutureTask.java:305)
	at java.base/java.util.concurrent.ScheduledThreadPoolExecutor$ScheduledFutureTask.run(ScheduledThreadPoolExecutor.java:305)
	at java.base/java.util.concurrent.ThreadPoolExecutor.runWorker(ThreadPoolExecutor.java:1136)
	at java.base/java.util.concurrent.ThreadPoolExecutor$Worker.run(ThreadPoolExecutor.java:635)
	at java.base/java.lang.Thread.run(Thread.java:840)
[2025-11-15 23:34:12.080] ERROR org.alter.game.saving.PlayerSaving - Failed to save player SpideyM: List element cannot be cast to int 
java.lang.ClassCastException: List element cannot be cast to int
	at org.bson.Document.constructValuesList(Document.java:402)
	at org.bson.Document.getList(Document.java:369)
	at org.alter.game.saving.PlayerSaving.savePlayer(PlayerSaving.kt:56)
	at org.alter.game.task.AutoSaveTask.performAutoSave$lambda$4(AutoSaveTask.kt:64)
	at org.alter.game.model.PawnList.forEach(PawnList.kt:35)
	at org.alter.game.task.AutoSaveTask.performAutoSave(AutoSaveTask.kt:55)
	at org.alter.game.task.AutoSaveTask.execute(AutoSaveTask.kt:40)
	at org.alter.game.service.GameService.cycle(GameService.kt:192)
	at java.base/java.util.concurrent.Executors$RunnableAdapter.call(Executors.java:539)
	at java.base/java.util.concurrent.FutureTask.runAndReset(FutureTask.java:305)
	at java.base/java.util.concurrent.ScheduledThreadPoolExecutor$ScheduledFutureTask.run(ScheduledThreadPoolExecutor.java:305)
	at java.base/java.util.concurrent.ThreadPoolExecutor.runWorker(ThreadPoolExecutor.java:1136)
	at java.base/java.util.concurrent.ThreadPoolExecutor$Worker.run(ThreadPoolExecutor.java:635)
	at java.base/java.lang.Thread.run(Thread.java:840)
[2025-11-15 23:34:12.080] ERROR org.alter.game.task.AutoSaveTask - Failed to auto-save player 'SpideyM': List element cannot be cast to int 
java.lang.ClassCastException: List element cannot be cast to int
	at org.bson.Document.constructValuesList(Document.java:402)
	at org.bson.Document.getList(Document.java:369)
	at org.alter.game.saving.PlayerSaving.savePlayer(PlayerSaving.kt:56)
	at org.alter.game.task.AutoSaveTask.performAutoSave$lambda$4(AutoSaveTask.kt:64)
	at org.alter.game.model.PawnList.forEach(PawnList.kt:35)
	at org.alter.game.task.AutoSaveTask.performAutoSave(AutoSaveTask.kt:55)
	at org.alter.game.task.AutoSaveTask.execute(AutoSaveTask.kt:40)
	at org.alter.game.service.GameService.cycle(GameService.kt:192)
	at java.base/java.util.concurrent.Executors$RunnableAdapter.call(Executors.java:539)
	at java.base/java.util.concurrent.FutureTask.runAndReset(FutureTask.java:305)
	at java.base/java.util.concurrent.ScheduledThreadPoolExecutor$ScheduledFutureTask.run(ScheduledThreadPoolExecutor.java:305)
	at java.base/java.util.concurrent.ThreadPoolExecutor.runWorker(ThreadPoolExecutor.java:1136)
	at java.base/java.util.concurrent.ThreadPoolExecutor$Worker.run(ThreadPoolExecutor.java:635)
	at java.base/java.lang.Thread.run(Thread.java:840)
[2025-11-15 23:34:12.081] WARN  org.alter.game.task.AutoSaveTask - Auto-save attempted but no players were saved (2 players online) 
[2025-11-15 23:34:13.874] INFO  org.alter.game.service.GameService - [Cycle time: 2ms] [Entities: 2p / 193n] [Map: 1171c / 19r / 0i] [Queues: 0p / 0n / 0w] [Mem usage: U=544MB / R=1128MB / M=8180MB]. 
[2025-11-15 23:34:16.657] INFO  spark.webserver.MatcherFilter - The requested route [/world_list.ws] has not been mapped in Spark 
[2025-11-15 23:34:16.694] INFO  spark.webserver.MatcherFilter - The requested route [/jav_config.ws] has not been mapped in Spark 
[2025-11-15 23:34:20.475] INFO  org.alter.game.service.GameService - [Cycle time: 4ms] [Entities: 2p / 193n] [Map: 1427c / 23r / 0i] [Queues: 0p / 0n / 0w] [Mem usage: U=562MB / R=1128MB / M=8180MB]. 
[2025-11-15 23:34:20.709] WARN  o.a.g.s.impl.DetailSerialisation - Failed to load tile position for player Pnda: List element cannot be cast to int. Falling back to home location. 
[2025-11-15 23:34:20.709] WARN  o.a.g.s.impl.DetailSerialisation - Player Pnda position not found in save file (tile data: null), spawning at home location 
[2025-11-15 23:34:27.083] INFO  org.alter.game.service.GameService - [Cycle time: 2ms] [Entities: 3p / 193n] [Map: 1427c / 23r / 0i] [Queues: 0p / 0n / 0w] [Mem usage: U=566MB / R=1128MB / M=8180MB]. 
[2025-11-15 23:34:33.675] INFO  org.alter.game.service.GameService - [Cycle time: 3ms] [Entities: 3p / 193n] [Map: 1619c / 26r / 0i] [Queues: 0p / 0n / 0w] [Mem usage: U=576MB / R=1128MB / M=8180MB]. 
[2025-11-15 23:34:40.275] INFO  org.alter.game.service.GameService - [Cycle time: 2ms] [Entities: 3p / 193n] [Map: 1683c / 27r / 0i] [Queues: 0p / 0n / 0w] [Mem usage: U=581MB / R=1128MB / M=8180MB]. 
[2025-11-15 23:34:42.070] ERROR org.alter.game.saving.PlayerSaving - Failed to serialize details for player DragonM 
java.lang.ClassCastException: List element cannot be cast to int
	at org.bson.Document.constructValuesList(Document.java:402)
	at org.bson.Document.getList(Document.java:369)
	at org.alter.game.saving.PlayerSaving.savePlayer(PlayerSaving.kt:56)
	at org.alter.game.task.AutoSaveTask.performAutoSave$lambda$4(AutoSaveTask.kt:64)
	at org.alter.game.model.PawnList.forEach(PawnList.kt:35)
	at org.alter.game.task.AutoSaveTask.performAutoSave(AutoSaveTask.kt:55)
	at org.alter.game.task.AutoSaveTask.execute(AutoSaveTask.kt:40)
	at org.alter.game.service.GameService.cycle(GameService.kt:192)
	at java.base/java.util.concurrent.Executors$RunnableAdapter.call(Executors.java:539)
	at java.base/java.util.concurrent.FutureTask.runAndReset(FutureTask.java:305)
	at java.base/java.util.concurrent.ScheduledThreadPoolExecutor$ScheduledFutureTask.run(ScheduledThreadPoolExecutor.java:305)
	at java.base/java.util.concurrent.ThreadPoolExecutor.runWorker(ThreadPoolExecutor.java:1136)
	at java.base/java.util.concurrent.ThreadPoolExecutor$Worker.run(ThreadPoolExecutor.java:635)
	at java.base/java.lang.Thread.run(Thread.java:840)
[2025-11-15 23:34:42.071] ERROR org.alter.game.saving.PlayerSaving - Failed to save player DragonM: List element cannot be cast to int 
java.lang.ClassCastException: List element cannot be cast to int
	at org.bson.Document.constructValuesList(Document.java:402)
	at org.bson.Document.getList(Document.java:369)
	at org.alter.game.saving.PlayerSaving.savePlayer(PlayerSaving.kt:56)
	at org.alter.game.task.AutoSaveTask.performAutoSave$lambda$4(AutoSaveTask.kt:64)
	at org.alter.game.model.PawnList.forEach(PawnList.kt:35)
	at org.alter.game.task.AutoSaveTask.performAutoSave(AutoSaveTask.kt:55)
	at org.alter.game.task.AutoSaveTask.execute(AutoSaveTask.kt:40)
	at org.alter.game.service.GameService.cycle(GameService.kt:192)
	at java.base/java.util.concurrent.Executors$RunnableAdapter.call(Executors.java:539)
	at java.base/java.util.concurrent.FutureTask.runAndReset(FutureTask.java:305)
	at java.base/java.util.concurrent.ScheduledThreadPoolExecutor$ScheduledFutureTask.run(ScheduledThreadPoolExecutor.java:305)
	at java.base/java.util.concurrent.ThreadPoolExecutor.runWorker(ThreadPoolExecutor.java:1136)
	at java.base/java.util.concurrent.ThreadPoolExecutor$Worker.run(ThreadPoolExecutor.java:635)
	at java.base/java.lang.Thread.run(Thread.java:840)
[2025-11-15 23:34:42.071] ERROR org.alter.game.task.AutoSaveTask - Failed to auto-save player 'DragonM': List element cannot be cast to int 
java.lang.ClassCastException: List element cannot be cast to int
	at org.bson.Document.constructValuesList(Document.java:402)
	at org.bson.Document.getList(Document.java:369)
	at org.alter.game.saving.PlayerSaving.savePlayer(PlayerSaving.kt:56)
	at org.alter.game.task.AutoSaveTask.performAutoSave$lambda$4(AutoSaveTask.kt:64)
	at org.alter.game.model.PawnList.forEach(PawnList.kt:35)
	at org.alter.game.task.AutoSaveTask.performAutoSave(AutoSaveTask.kt:55)
	at org.alter.game.task.AutoSaveTask.execute(AutoSaveTask.kt:40)
	at org.alter.game.service.GameService.cycle(GameService.kt:192)
	at java.base/java.util.concurrent.Executors$RunnableAdapter.call(Executors.java:539)
	at java.base/java.util.concurrent.FutureTask.runAndReset(FutureTask.java:305)
	at java.base/java.util.concurrent.ScheduledThreadPoolExecutor$ScheduledFutureTask.run(ScheduledThreadPoolExecutor.java:305)
	at java.base/java.util.concurrent.ThreadPoolExecutor.runWorker(ThreadPoolExecutor.java:1136)
	at java.base/java.util.concurrent.ThreadPoolExecutor$Worker.run(ThreadPoolExecutor.java:635)
	at java.base/java.lang.Thread.run(Thread.java:840)
[2025-11-15 23:34:42.071] ERROR org.alter.game.saving.PlayerSaving - Failed to serialize details for player SpideyM 
java.lang.ClassCastException: List element cannot be cast to int
	at org.bson.Document.constructValuesList(Document.java:402)
	at org.bson.Document.getList(Document.java:369)
	at org.alter.game.saving.PlayerSaving.savePlayer(PlayerSaving.kt:56)
	at org.alter.game.task.AutoSaveTask.performAutoSave$lambda$4(AutoSaveTask.kt:64)
	at org.alter.game.model.PawnList.forEach(PawnList.kt:35)
	at org.alter.game.task.AutoSaveTask.performAutoSave(AutoSaveTask.kt:55)
	at org.alter.game.task.AutoSaveTask.execute(AutoSaveTask.kt:40)
	at org.alter.game.service.GameService.cycle(GameService.kt:192)
	at java.base/java.util.concurrent.Executors$RunnableAdapter.call(Executors.java:539)
	at java.base/java.util.concurrent.FutureTask.runAndReset(FutureTask.java:305)
	at java.base/java.util.concurrent.ScheduledThreadPoolExecutor$ScheduledFutureTask.run(ScheduledThreadPoolExecutor.java:305)
	at java.base/java.util.concurrent.ThreadPoolExecutor.runWorker(ThreadPoolExecutor.java:1136)
	at java.base/java.util.concurrent.ThreadPoolExecutor$Worker.run(ThreadPoolExecutor.java:635)
	at java.base/java.lang.Thread.run(Thread.java:840)
[2025-11-15 23:34:42.071] ERROR org.alter.game.saving.PlayerSaving - Failed to save player SpideyM: List element cannot be cast to int 
java.lang.ClassCastException: List element cannot be cast to int
	at org.bson.Document.constructValuesList(Document.java:402)
	at org.bson.Document.getList(Document.java:369)
	at org.alter.game.saving.PlayerSaving.savePlayer(PlayerSaving.kt:56)
	at org.alter.game.task.AutoSaveTask.performAutoSave$lambda$4(AutoSaveTask.kt:64)
	at org.alter.game.model.PawnList.forEach(PawnList.kt:35)
	at org.alter.game.task.AutoSaveTask.performAutoSave(AutoSaveTask.kt:55)
	at org.alter.game.task.AutoSaveTask.execute(AutoSaveTask.kt:40)
	at org.alter.game.service.GameService.cycle(GameService.kt:192)
	at java.base/java.util.concurrent.Executors$RunnableAdapter.call(Executors.java:539)
	at java.base/java.util.concurrent.FutureTask.runAndReset(FutureTask.java:305)
	at java.base/java.util.concurrent.ScheduledThreadPoolExecutor$ScheduledFutureTask.run(ScheduledThreadPoolExecutor.java:305)
	at java.base/java.util.concurrent.ThreadPoolExecutor.runWorker(ThreadPoolExecutor.java:1136)
	at java.base/java.util.concurrent.ThreadPoolExecutor$Worker.run(ThreadPoolExecutor.java:635)
	at java.base/java.lang.Thread.run(Thread.java:840)
[2025-11-15 23:34:42.071] ERROR org.alter.game.task.AutoSaveTask - Failed to auto-save player 'SpideyM': List element cannot be cast to int 
java.lang.ClassCastException: List element cannot be cast to int
	at org.bson.Document.constructValuesList(Document.java:402)
	at org.bson.Document.getList(Document.java:369)
	at org.alter.game.saving.PlayerSaving.savePlayer(PlayerSaving.kt:56)
	at org.alter.game.task.AutoSaveTask.performAutoSave$lambda$4(AutoSaveTask.kt:64)
	at org.alter.game.model.PawnList.forEach(PawnList.kt:35)
	at org.alter.game.task.AutoSaveTask.performAutoSave(AutoSaveTask.kt:55)
	at org.alter.game.task.AutoSaveTask.execute(AutoSaveTask.kt:40)
	at org.alter.game.service.GameService.cycle(GameService.kt:192)
	at java.base/java.util.concurrent.Executors$RunnableAdapter.call(Executors.java:539)
	at java.base/java.util.concurrent.FutureTask.runAndReset(FutureTask.java:305)
	at java.base/java.util.concurrent.ScheduledThreadPoolExecutor$ScheduledFutureTask.run(ScheduledThreadPoolExecutor.java:305)
	at java.base/java.util.concurrent.ThreadPoolExecutor.runWorker(ThreadPoolExecutor.java:1136)
	at java.base/java.util.concurrent.ThreadPoolExecutor$Worker.run(ThreadPoolExecutor.java:635)
	at java.base/java.lang.Thread.run(Thread.java:840)
[2025-11-15 23:34:42.071] ERROR org.alter.game.saving.PlayerSaving - Failed to serialize details for player Pnda 
java.lang.ClassCastException: List element cannot be cast to int
	at org.bson.Document.constructValuesList(Document.java:402)
	at org.bson.Document.getList(Document.java:369)
	at org.alter.game.saving.PlayerSaving.savePlayer(PlayerSaving.kt:56)
	at org.alter.game.task.AutoSaveTask.performAutoSave$lambda$4(AutoSaveTask.kt:64)
	at org.alter.game.model.PawnList.forEach(PawnList.kt:35)
	at org.alter.game.task.AutoSaveTask.performAutoSave(AutoSaveTask.kt:55)
	at org.alter.game.task.AutoSaveTask.execute(AutoSaveTask.kt:40)
	at org.alter.game.service.GameService.cycle(GameService.kt:192)
	at java.base/java.util.concurrent.Executors$RunnableAdapter.call(Executors.java:539)
	at java.base/java.util.concurrent.FutureTask.runAndReset(FutureTask.java:305)
	at java.base/java.util.concurrent.ScheduledThreadPoolExecutor$ScheduledFutureTask.run(ScheduledThreadPoolExecutor.java:305)
	at java.base/java.util.concurrent.ThreadPoolExecutor.runWorker(ThreadPoolExecutor.java:1136)
	at java.base/java.util.concurrent.ThreadPoolExecutor$Worker.run(ThreadPoolExecutor.java:635)
	at java.base/java.lang.Thread.run(Thread.java:840)
[2025-11-15 23:34:42.071] ERROR org.alter.game.saving.PlayerSaving - Failed to save player Pnda: List element cannot be cast to int 
java.lang.ClassCastException: List element cannot be cast to int
	at org.bson.Document.constructValuesList(Document.java:402)
	at org.bson.Document.getList(Document.java:369)
	at org.alter.game.saving.PlayerSaving.savePlayer(PlayerSaving.kt:56)
	at org.alter.game.task.AutoSaveTask.performAutoSave$lambda$4(AutoSaveTask.kt:64)
	at org.alter.game.model.PawnList.forEach(PawnList.kt:35)
	at org.alter.game.task.AutoSaveTask.performAutoSave(AutoSaveTask.kt:55)
	at org.alter.game.task.AutoSaveTask.execute(AutoSaveTask.kt:40)
	at org.alter.game.service.GameService.cycle(GameService.kt:192)
	at java.base/java.util.concurrent.Executors$RunnableAdapter.call(Executors.java:539)
	at java.base/java.util.concurrent.FutureTask.runAndReset(FutureTask.java:305)
	at java.base/java.util.concurrent.ScheduledThreadPoolExecutor$ScheduledFutureTask.run(ScheduledThreadPoolExecutor.java:305)
	at java.base/java.util.concurrent.ThreadPoolExecutor.runWorker(ThreadPoolExecutor.java:1136)
	at java.base/java.util.concurrent.ThreadPoolExecutor$Worker.run(ThreadPoolExecutor.java:635)
	at java.base/java.lang.Thread.run(Thread.java:840)
[2025-11-15 23:34:42.071] ERROR org.alter.game.task.AutoSaveTask - Failed to auto-save player 'Pnda': List element cannot be cast to int 
java.lang.ClassCastException: List element cannot be cast to int
	at org.bson.Document.constructValuesList(Document.java:402)
	at org.bson.Document.getList(Document.java:369)
	at org.alter.game.saving.PlayerSaving.savePlayer(PlayerSaving.kt:56)
	at org.alter.game.task.AutoSaveTask.performAutoSave$lambda$4(AutoSaveTask.kt:64)
	at org.alter.game.model.PawnList.forEach(PawnList.kt:35)
	at org.alter.game.task.AutoSaveTask.performAutoSave(AutoSaveTask.kt:55)
	at org.alter.game.task.AutoSaveTask.execute(AutoSaveTask.kt:40)
	at org.alter.game.service.GameService.cycle(GameService.kt:192)
	at java.base/java.util.concurrent.Executors$RunnableAdapter.call(Executors.java:539)
	at java.base/java.util.concurrent.FutureTask.runAndReset(FutureTask.java:305)
	at java.base/java.util.concurrent.ScheduledThreadPoolExecutor$ScheduledFutureTask.run(ScheduledThreadPoolExecutor.java:305)
	at java.base/java.util.concurrent.ThreadPoolExecutor.runWorker(ThreadPoolExecutor.java:1136)
	at java.base/java.util.concurrent.ThreadPoolExecutor$Worker.run(ThreadPoolExecutor.java:635)
	at java.base/java.lang.Thread.run(Thread.java:840)
[2025-11-15 23:34:42.071] WARN  org.alter.game.task.AutoSaveTask - Auto-save attempted but no players were saved (3 players online) 
[2025-11-15 23:34:46.878] INFO  org.alter.game.service.GameService - [Cycle time: 2ms] [Entities: 3p / 193n] [Map: 1683c / 27r / 0i] [Queues: 0p / 0n / 0w] [Mem usage: U=584MB / R=1128MB / M=8180MB]. 
[2025-11-15 23:34:53.483] INFO  org.alter.game.service.GameService - [Cycle time: 1ms] [Entities: 3p / 193n] [Map: 1683c / 27r / 0i] [Queues: 0p / 0n / 0w] [Mem usage: U=586MB / R=1128MB / M=8180MB]. 
[2025-11-15 23:35:00.071] INFO  org.alter.game.service.GameService - [Cycle time: 1ms] [Entities: 3p / 193n] [Map: 1683c / 27r / 0i] [Queues: 0p / 0n / 0w] [Mem usage: U=588MB / R=1128MB / M=8180MB]. 
[2025-11-15 23:35:06.680] INFO  org.alter.game.service.GameService - [Cycle time: 2ms] [Entities: 3p / 193n] [Map: 1683c / 27r / 0i] [Queues: 0p / 0n / 0w] [Mem usage: U=591MB / R=1128MB / M=8180MB]. 
[2025-11-15 23:35:12.079] ERROR org.alter.game.saving.PlayerSaving - Failed to serialize details for player DragonM 
java.lang.ClassCastException: List element cannot be cast to int
	at org.bson.Document.constructValuesList(Document.java:402)
	at org.bson.Document.getList(Document.java:369)
	at org.alter.game.saving.PlayerSaving.savePlayer(PlayerSaving.kt:56)
	at org.alter.game.task.AutoSaveTask.performAutoSave$lambda$4(AutoSaveTask.kt:64)
	at org.alter.game.model.PawnList.forEach(PawnList.kt:35)
	at org.alter.game.task.AutoSaveTask.performAutoSave(AutoSaveTask.kt:55)
	at org.alter.game.task.AutoSaveTask.execute(AutoSaveTask.kt:40)
	at org.alter.game.service.GameService.cycle(GameService.kt:192)
	at java.base/java.util.concurrent.Executors$RunnableAdapter.call(Executors.java:539)
	at java.base/java.util.concurrent.FutureTask.runAndReset(FutureTask.java:305)
	at java.base/java.util.concurrent.ScheduledThreadPoolExecutor$ScheduledFutureTask.run(ScheduledThreadPoolExecutor.java:305)
	at java.base/java.util.concurrent.ThreadPoolExecutor.runWorker(ThreadPoolExecutor.java:1136)
	at java.base/java.util.concurrent.ThreadPoolExecutor$Worker.run(ThreadPoolExecutor.java:635)
	at java.base/java.lang.Thread.run(Thread.java:840)
[2025-11-15 23:35:12.080] ERROR org.alter.game.saving.PlayerSaving - Failed to save player DragonM: List element cannot be cast to int 
java.lang.ClassCastException: List element cannot be cast to int
	at org.bson.Document.constructValuesList(Document.java:402)
	at org.bson.Document.getList(Document.java:369)
	at org.alter.game.saving.PlayerSaving.savePlayer(PlayerSaving.kt:56)
	at org.alter.game.task.AutoSaveTask.performAutoSave$lambda$4(AutoSaveTask.kt:64)
	at org.alter.game.model.PawnList.forEach(PawnList.kt:35)
	at org.alter.game.task.AutoSaveTask.performAutoSave(AutoSaveTask.kt:55)
	at org.alter.game.task.AutoSaveTask.execute(AutoSaveTask.kt:40)
	at org.alter.game.service.GameService.cycle(GameService.kt:192)
	at java.base/java.util.concurrent.Executors$RunnableAdapter.call(Executors.java:539)
	at java.base/java.util.concurrent.FutureTask.runAndReset(FutureTask.java:305)
	at java.base/java.util.concurrent.ScheduledThreadPoolExecutor$ScheduledFutureTask.run(ScheduledThreadPoolExecutor.java:305)
	at java.base/java.util.concurrent.ThreadPoolExecutor.runWorker(ThreadPoolExecutor.java:1136)
	at java.base/java.util.concurrent.ThreadPoolExecutor$Worker.run(ThreadPoolExecutor.java:635)
	at java.base/java.lang.Thread.run(Thread.java:840)
[2025-11-15 23:35:12.080] ERROR org.alter.game.task.AutoSaveTask - Failed to auto-save player 'DragonM': List element cannot be cast to int 
java.lang.ClassCastException: List element cannot be cast to int
	at org.bson.Document.constructValuesList(Document.java:402)
	at org.bson.Document.getList(Document.java:369)
	at org.alter.game.saving.PlayerSaving.savePlayer(PlayerSaving.kt:56)
	at org.alter.game.task.AutoSaveTask.performAutoSave$lambda$4(AutoSaveTask.kt:64)
	at org.alter.game.model.PawnList.forEach(PawnList.kt:35)
	at org.alter.game.task.AutoSaveTask.performAutoSave(AutoSaveTask.kt:55)
	at org.alter.game.task.AutoSaveTask.execute(AutoSaveTask.kt:40)
	at org.alter.game.service.GameService.cycle(GameService.kt:192)
	at java.base/java.util.concurrent.Executors$RunnableAdapter.call(Executors.java:539)
	at java.base/java.util.concurrent.FutureTask.runAndReset(FutureTask.java:305)
	at java.base/java.util.concurrent.ScheduledThreadPoolExecutor$ScheduledFutureTask.run(ScheduledThreadPoolExecutor.java:305)
	at java.base/java.util.concurrent.ThreadPoolExecutor.runWorker(ThreadPoolExecutor.java:1136)
	at java.base/java.util.concurrent.ThreadPoolExecutor$Worker.run(ThreadPoolExecutor.java:635)
	at java.base/java.lang.Thread.run(Thread.java:840)
[2025-11-15 23:35:12.080] ERROR org.alter.game.saving.PlayerSaving - Failed to serialize details for player SpideyM 
java.lang.ClassCastException: List element cannot be cast to int
	at org.bson.Document.constructValuesList(Document.java:402)
	at org.bson.Document.getList(Document.java:369)
	at org.alter.game.saving.PlayerSaving.savePlayer(PlayerSaving.kt:56)
	at org.alter.game.task.AutoSaveTask.performAutoSave$lambda$4(AutoSaveTask.kt:64)
	at org.alter.game.model.PawnList.forEach(PawnList.kt:35)
	at org.alter.game.task.AutoSaveTask.performAutoSave(AutoSaveTask.kt:55)
	at org.alter.game.task.AutoSaveTask.execute(AutoSaveTask.kt:40)
	at org.alter.game.service.GameService.cycle(GameService.kt:192)
	at java.base/java.util.concurrent.Executors$RunnableAdapter.call(Executors.java:539)
	at java.base/java.util.concurrent.FutureTask.runAndReset(FutureTask.java:305)
	at java.base/java.util.concurrent.ScheduledThreadPoolExecutor$ScheduledFutureTask.run(ScheduledThreadPoolExecutor.java:305)
	at java.base/java.util.concurrent.ThreadPoolExecutor.runWorker(ThreadPoolExecutor.java:1136)
	at java.base/java.util.concurrent.ThreadPoolExecutor$Worker.run(ThreadPoolExecutor.java:635)
	at java.base/java.lang.Thread.run(Thread.java:840)
[2025-11-15 23:35:12.080] ERROR org.alter.game.saving.PlayerSaving - Failed to save player SpideyM: List element cannot be cast to int 
java.lang.ClassCastException: List element cannot be cast to int
	at org.bson.Document.constructValuesList(Document.java:402)
	at org.bson.Document.getList(Document.java:369)
	at org.alter.game.saving.PlayerSaving.savePlayer(PlayerSaving.kt:56)
	at org.alter.game.task.AutoSaveTask.performAutoSave$lambda$4(AutoSaveTask.kt:64)
	at org.alter.game.model.PawnList.forEach(PawnList.kt:35)
	at org.alter.game.task.AutoSaveTask.performAutoSave(AutoSaveTask.kt:55)
	at org.alter.game.task.AutoSaveTask.execute(AutoSaveTask.kt:40)
	at org.alter.game.service.GameService.cycle(GameService.kt:192)
	at java.base/java.util.concurrent.Executors$RunnableAdapter.call(Executors.java:539)
	at java.base/java.util.concurrent.FutureTask.runAndReset(FutureTask.java:305)
	at java.base/java.util.concurrent.ScheduledThreadPoolExecutor$ScheduledFutureTask.run(ScheduledThreadPoolExecutor.java:305)
	at java.base/java.util.concurrent.ThreadPoolExecutor.runWorker(ThreadPoolExecutor.java:1136)
	at java.base/java.util.concurrent.ThreadPoolExecutor$Worker.run(ThreadPoolExecutor.java:635)
	at java.base/java.lang.Thread.run(Thread.java:840)
[2025-11-15 23:35:12.080] ERROR org.alter.game.task.AutoSaveTask - Failed to auto-save player 'SpideyM': List element cannot be cast to int 
java.lang.ClassCastException: List element cannot be cast to int
	at org.bson.Document.constructValuesList(Document.java:402)
	at org.bson.Document.getList(Document.java:369)
	at org.alter.game.saving.PlayerSaving.savePlayer(PlayerSaving.kt:56)
	at org.alter.game.task.AutoSaveTask.performAutoSave$lambda$4(AutoSaveTask.kt:64)
	at org.alter.game.model.PawnList.forEach(PawnList.kt:35)
	at org.alter.game.task.AutoSaveTask.performAutoSave(AutoSaveTask.kt:55)
	at org.alter.game.task.AutoSaveTask.execute(AutoSaveTask.kt:40)
	at org.alter.game.service.GameService.cycle(GameService.kt:192)
	at java.base/java.util.concurrent.Executors$RunnableAdapter.call(Executors.java:539)
	at java.base/java.util.concurrent.FutureTask.runAndReset(FutureTask.java:305)
	at java.base/java.util.concurrent.ScheduledThreadPoolExecutor$ScheduledFutureTask.run(ScheduledThreadPoolExecutor.java:305)
	at java.base/java.util.concurrent.ThreadPoolExecutor.runWorker(ThreadPoolExecutor.java:1136)
	at java.base/java.util.concurrent.ThreadPoolExecutor$Worker.run(ThreadPoolExecutor.java:635)
	at java.base/java.lang.Thread.run(Thread.java:840)
[2025-11-15 23:35:12.081] ERROR org.alter.game.saving.PlayerSaving - Failed to serialize details for player Pnda 
java.lang.ClassCastException: List element cannot be cast to int
	at org.bson.Document.constructValuesList(Document.java:402)
	at org.bson.Document.getList(Document.java:369)
	at org.alter.game.saving.PlayerSaving.savePlayer(PlayerSaving.kt:56)
	at org.alter.game.task.AutoSaveTask.performAutoSave$lambda$4(AutoSaveTask.kt:64)
	at org.alter.game.model.PawnList.forEach(PawnList.kt:35)
	at org.alter.game.task.AutoSaveTask.performAutoSave(AutoSaveTask.kt:55)
	at org.alter.game.task.AutoSaveTask.execute(AutoSaveTask.kt:40)
	at org.alter.game.service.GameService.cycle(GameService.kt:192)
	at java.base/java.util.concurrent.Executors$RunnableAdapter.call(Executors.java:539)
	at java.base/java.util.concurrent.FutureTask.runAndReset(FutureTask.java:305)
	at java.base/java.util.concurrent.ScheduledThreadPoolExecutor$ScheduledFutureTask.run(ScheduledThreadPoolExecutor.java:305)
	at java.base/java.util.concurrent.ThreadPoolExecutor.runWorker(ThreadPoolExecutor.java:1136)
	at java.base/java.util.concurrent.ThreadPoolExecutor$Worker.run(ThreadPoolExecutor.java:635)
	at java.base/java.lang.Thread.run(Thread.java:840)
[2025-11-15 23:35:12.081] ERROR org.alter.game.saving.PlayerSaving - Failed to save player Pnda: List element cannot be cast to int 
java.lang.ClassCastException: List element cannot be cast to int
	at org.bson.Document.constructValuesList(Document.java:402)
	at org.bson.Document.getList(Document.java:369)
	at org.alter.game.saving.PlayerSaving.savePlayer(PlayerSaving.kt:56)
	at org.alter.game.task.AutoSaveTask.performAutoSave$lambda$4(AutoSaveTask.kt:64)
	at org.alter.game.model.PawnList.forEach(PawnList.kt:35)
	at org.alter.game.task.AutoSaveTask.performAutoSave(AutoSaveTask.kt:55)
	at org.alter.game.task.AutoSaveTask.execute(AutoSaveTask.kt:40)
	at org.alter.game.service.GameService.cycle(GameService.kt:192)
	at java.base/java.util.concurrent.Executors$RunnableAdapter.call(Executors.java:539)
	at java.base/java.util.concurrent.FutureTask.runAndReset(FutureTask.java:305)
	at java.base/java.util.concurrent.ScheduledThreadPoolExecutor$ScheduledFutureTask.run(ScheduledThreadPoolExecutor.java:305)
	at java.base/java.util.concurrent.ThreadPoolExecutor.runWorker(ThreadPoolExecutor.java:1136)
	at java.base/java.util.concurrent.ThreadPoolExecutor$Worker.run(ThreadPoolExecutor.java:635)
	at java.base/java.lang.Thread.run(Thread.java:840)
[2025-11-15 23:35:12.081] ERROR org.alter.game.task.AutoSaveTask - Failed to auto-save player 'Pnda': List element cannot be cast to int 
java.lang.ClassCastException: List element cannot be cast to int
	at org.bson.Document.constructValuesList(Document.java:402)
	at org.bson.Document.getList(Document.java:369)
	at org.alter.game.saving.PlayerSaving.savePlayer(PlayerSaving.kt:56)
	at org.alter.game.task.AutoSaveTask.performAutoSave$lambda$4(AutoSaveTask.kt:64)
	at org.alter.game.model.PawnList.forEach(PawnList.kt:35)
	at org.alter.game.task.AutoSaveTask.performAutoSave(AutoSaveTask.kt:55)
	at org.alter.game.task.AutoSaveTask.execute(AutoSaveTask.kt:40)
	at org.alter.game.service.GameService.cycle(GameService.kt:192)
	at java.base/java.util.concurrent.Executors$RunnableAdapter.call(Executors.java:539)
	at java.base/java.util.concurrent.FutureTask.runAndReset(FutureTask.java:305)
	at java.base/java.util.concurrent.ScheduledThreadPoolExecutor$ScheduledFutureTask.run(ScheduledThreadPoolExecutor.java:305)
	at java.base/java.util.concurrent.ThreadPoolExecutor.runWorker(ThreadPoolExecutor.java:1136)
	at java.base/java.util.concurrent.ThreadPoolExecutor$Worker.run(ThreadPoolExecutor.java:635)
	at java.base/java.lang.Thread.run(Thread.java:840)
[2025-11-15 23:35:12.081] WARN  org.alter.game.task.AutoSaveTask - Auto-save attempted but no players were saved (3 players online) 
[2025-11-15 23:35:13.277] INFO  org.alter.game.service.GameService - [Cycle time: 1ms] [Entities: 3p / 193n] [Map: 1683c / 27r / 0i] [Queues: 0p / 0n / 0w] [Mem usage: U=594MB / R=1128MB / M=8180MB]. 
[2025-11-15 23:35:19.879] INFO  org.alter.game.service.GameService - [Cycle time: 1ms] [Entities: 3p / 193n] [Map: 1683c / 27r / 0i] [Queues: 0p / 0n / 0w] [Mem usage: U=597MB / R=1128MB / M=8180MB]. 
[2025-11-15 23:35:26.471] INFO  org.alter.game.service.GameService - [Cycle time: 1ms] [Entities: 3p / 193n] [Map: 1683c / 27r / 0i] [Queues: 0p / 0n / 0w] [Mem usage: U=599MB / R=1128MB / M=8180MB]. 
[2025-11-15 23:35:33.081] INFO  org.alter.game.service.GameService - [Cycle time: 1ms] [Entities: 3p / 193n] [Map: 1683c / 27r / 0i] [Queues: 0p / 0n / 0w] [Mem usage: U=602MB / R=1128MB / M=8180MB]. 
[2025-11-15 23:35:39.672] INFO  org.alter.game.service.GameService - [Cycle time: 1ms] [Entities: 3p / 193n] [Map: 1683c / 27r / 0i] [Queues: 0p / 0n / 0w] [Mem usage: U=604MB / R=1128MB / M=8180MB]. 
[2025-11-15 23:35:42.074] ERROR org.alter.game.saving.PlayerSaving - Failed to serialize details for player DragonM 
java.lang.ClassCastException: List element cannot be cast to int
	at org.bson.Document.constructValuesList(Document.java:402)
	at org.bson.Document.getList(Document.java:369)
	at org.alter.game.saving.PlayerSaving.savePlayer(PlayerSaving.kt:56)
	at org.alter.game.task.AutoSaveTask.performAutoSave$lambda$4(AutoSaveTask.kt:64)
	at org.alter.game.model.PawnList.forEach(PawnList.kt:35)
	at org.alter.game.task.AutoSaveTask.performAutoSave(AutoSaveTask.kt:55)
	at org.alter.game.task.AutoSaveTask.execute(AutoSaveTask.kt:40)
	at org.alter.game.service.GameService.cycle(GameService.kt:192)
	at java.base/java.util.concurrent.Executors$RunnableAdapter.call(Executors.java:539)
	at java.base/java.util.concurrent.FutureTask.runAndReset(FutureTask.java:305)
	at java.base/java.util.concurrent.ScheduledThreadPoolExecutor$ScheduledFutureTask.run(ScheduledThreadPoolExecutor.java:305)
	at java.base/java.util.concurrent.ThreadPoolExecutor.runWorker(ThreadPoolExecutor.java:1136)
	at java.base/java.util.concurrent.ThreadPoolExecutor$Worker.run(ThreadPoolExecutor.java:635)
	at java.base/java.lang.Thread.run(Thread.java:840)
[2025-11-15 23:35:42.074] ERROR org.alter.game.saving.PlayerSaving - Failed to save player DragonM: List element cannot be cast to int 
java.lang.ClassCastException: List element cannot be cast to int
	at org.bson.Document.constructValuesList(Document.java:402)
	at org.bson.Document.getList(Document.java:369)
	at org.alter.game.saving.PlayerSaving.savePlayer(PlayerSaving.kt:56)
	at org.alter.game.task.AutoSaveTask.performAutoSave$lambda$4(AutoSaveTask.kt:64)
	at org.alter.game.model.PawnList.forEach(PawnList.kt:35)
	at org.alter.game.task.AutoSaveTask.performAutoSave(AutoSaveTask.kt:55)
	at org.alter.game.task.AutoSaveTask.execute(AutoSaveTask.kt:40)
	at org.alter.game.service.GameService.cycle(GameService.kt:192)
	at java.base/java.util.concurrent.Executors$RunnableAdapter.call(Executors.java:539)
	at java.base/java.util.concurrent.FutureTask.runAndReset(FutureTask.java:305)
	at java.base/java.util.concurrent.ScheduledThreadPoolExecutor$ScheduledFutureTask.run(ScheduledThreadPoolExecutor.java:305)
	at java.base/java.util.concurrent.ThreadPoolExecutor.runWorker(ThreadPoolExecutor.java:1136)
	at java.base/java.util.concurrent.ThreadPoolExecutor$Worker.run(ThreadPoolExecutor.java:635)
	at java.base/java.lang.Thread.run(Thread.java:840)
[2025-11-15 23:35:42.074] ERROR org.alter.game.task.AutoSaveTask - Failed to auto-save player 'DragonM': List element cannot be cast to int 
java.lang.ClassCastException: List element cannot be cast to int
	at org.bson.Document.constructValuesList(Document.java:402)
	at org.bson.Document.getList(Document.java:369)
	at org.alter.game.saving.PlayerSaving.savePlayer(PlayerSaving.kt:56)
	at org.alter.game.task.AutoSaveTask.performAutoSave$lambda$4(AutoSaveTask.kt:64)
	at org.alter.game.model.PawnList.forEach(PawnList.kt:35)
	at org.alter.game.task.AutoSaveTask.performAutoSave(AutoSaveTask.kt:55)
	at org.alter.game.task.AutoSaveTask.execute(AutoSaveTask.kt:40)
	at org.alter.game.service.GameService.cycle(GameService.kt:192)
	at java.base/java.util.concurrent.Executors$RunnableAdapter.call(Executors.java:539)
	at java.base/java.util.concurrent.FutureTask.runAndReset(FutureTask.java:305)
	at java.base/java.util.concurrent.ScheduledThreadPoolExecutor$ScheduledFutureTask.run(ScheduledThreadPoolExecutor.java:305)
	at java.base/java.util.concurrent.ThreadPoolExecutor.runWorker(ThreadPoolExecutor.java:1136)
	at java.base/java.util.concurrent.ThreadPoolExecutor$Worker.run(ThreadPoolExecutor.java:635)
	at java.base/java.lang.Thread.run(Thread.java:840)
[2025-11-15 23:35:42.074] ERROR org.alter.game.saving.PlayerSaving - Failed to serialize details for player SpideyM 
java.lang.ClassCastException: List element cannot be cast to int
	at org.bson.Document.constructValuesList(Document.java:402)
	at org.bson.Document.getList(Document.java:369)
	at org.alter.game.saving.PlayerSaving.savePlayer(PlayerSaving.kt:56)
	at org.alter.game.task.AutoSaveTask.performAutoSave$lambda$4(AutoSaveTask.kt:64)
	at org.alter.game.model.PawnList.forEach(PawnList.kt:35)
	at org.alter.game.task.AutoSaveTask.performAutoSave(AutoSaveTask.kt:55)
	at org.alter.game.task.AutoSaveTask.execute(AutoSaveTask.kt:40)
	at org.alter.game.service.GameService.cycle(GameService.kt:192)
	at java.base/java.util.concurrent.Executors$RunnableAdapter.call(Executors.java:539)
	at java.base/java.util.concurrent.FutureTask.runAndReset(FutureTask.java:305)
	at java.base/java.util.concurrent.ScheduledThreadPoolExecutor$ScheduledFutureTask.run(ScheduledThreadPoolExecutor.java:305)
	at java.base/java.util.concurrent.ThreadPoolExecutor.runWorker(ThreadPoolExecutor.java:1136)
	at java.base/java.util.concurrent.ThreadPoolExecutor$Worker.run(ThreadPoolExecutor.java:635)
	at java.base/java.lang.Thread.run(Thread.java:840)
[2025-11-15 23:35:42.075] ERROR org.alter.game.saving.PlayerSaving - Failed to save player SpideyM: List element cannot be cast to int 
java.lang.ClassCastException: List element cannot be cast to int
	at org.bson.Document.constructValuesList(Document.java:402)
	at org.bson.Document.getList(Document.java:369)
	at org.alter.game.saving.PlayerSaving.savePlayer(PlayerSaving.kt:56)
	at org.alter.game.task.AutoSaveTask.performAutoSave$lambda$4(AutoSaveTask.kt:64)
	at org.alter.game.model.PawnList.forEach(PawnList.kt:35)
	at org.alter.game.task.AutoSaveTask.performAutoSave(AutoSaveTask.kt:55)
	at org.alter.game.task.AutoSaveTask.execute(AutoSaveTask.kt:40)
	at org.alter.game.service.GameService.cycle(GameService.kt:192)
	at java.base/java.util.concurrent.Executors$RunnableAdapter.call(Executors.java:539)
	at java.base/java.util.concurrent.FutureTask.runAndReset(FutureTask.java:305)
	at java.base/java.util.concurrent.ScheduledThreadPoolExecutor$ScheduledFutureTask.run(ScheduledThreadPoolExecutor.java:305)
	at java.base/java.util.concurrent.ThreadPoolExecutor.runWorker(ThreadPoolExecutor.java:1136)
	at java.base/java.util.concurrent.ThreadPoolExecutor$Worker.run(ThreadPoolExecutor.java:635)
	at java.base/java.lang.Thread.run(Thread.java:840)
[2025-11-15 23:35:42.075] ERROR org.alter.game.task.AutoSaveTask - Failed to auto-save player 'SpideyM': List element cannot be cast to int 
java.lang.ClassCastException: List element cannot be cast to int
	at org.bson.Document.constructValuesList(Document.java:402)
	at org.bson.Document.getList(Document.java:369)
	at org.alter.game.saving.PlayerSaving.savePlayer(PlayerSaving.kt:56)
	at org.alter.game.task.AutoSaveTask.performAutoSave$lambda$4(AutoSaveTask.kt:64)
	at org.alter.game.model.PawnList.forEach(PawnList.kt:35)
	at org.alter.game.task.AutoSaveTask.performAutoSave(AutoSaveTask.kt:55)
	at org.alter.game.task.AutoSaveTask.execute(AutoSaveTask.kt:40)
	at org.alter.game.service.GameService.cycle(GameService.kt:192)
	at java.base/java.util.concurrent.Executors$RunnableAdapter.call(Executors.java:539)
	at java.base/java.util.concurrent.FutureTask.runAndReset(FutureTask.java:305)
	at java.base/java.util.concurrent.ScheduledThreadPoolExecutor$ScheduledFutureTask.run(ScheduledThreadPoolExecutor.java:305)
	at java.base/java.util.concurrent.ThreadPoolExecutor.runWorker(ThreadPoolExecutor.java:1136)
	at java.base/java.util.concurrent.ThreadPoolExecutor$Worker.run(ThreadPoolExecutor.java:635)
	at java.base/java.lang.Thread.run(Thread.java:840)
[2025-11-15 23:35:42.075] ERROR org.alter.game.saving.PlayerSaving - Failed to serialize details for player Pnda 
java.lang.ClassCastException: List element cannot be cast to int
	at org.bson.Document.constructValuesList(Document.java:402)
	at org.bson.Document.getList(Document.java:369)
	at org.alter.game.saving.PlayerSaving.savePlayer(PlayerSaving.kt:56)
	at org.alter.game.task.AutoSaveTask.performAutoSave$lambda$4(AutoSaveTask.kt:64)
	at org.alter.game.model.PawnList.forEach(PawnList.kt:35)
	at org.alter.game.task.AutoSaveTask.performAutoSave(AutoSaveTask.kt:55)
	at org.alter.game.task.AutoSaveTask.execute(AutoSaveTask.kt:40)
	at org.alter.game.service.GameService.cycle(GameService.kt:192)
	at java.base/java.util.concurrent.Executors$RunnableAdapter.call(Executors.java:539)
	at java.base/java.util.concurrent.FutureTask.runAndReset(FutureTask.java:305)
	at java.base/java.util.concurrent.ScheduledThreadPoolExecutor$ScheduledFutureTask.run(ScheduledThreadPoolExecutor.java:305)
	at java.base/java.util.concurrent.ThreadPoolExecutor.runWorker(ThreadPoolExecutor.java:1136)
	at java.base/java.util.concurrent.ThreadPoolExecutor$Worker.run(ThreadPoolExecutor.java:635)
	at java.base/java.lang.Thread.run(Thread.java:840)
[2025-11-15 23:35:42.075] ERROR org.alter.game.saving.PlayerSaving - Failed to save player Pnda: List element cannot be cast to int 
java.lang.ClassCastException: List element cannot be cast to int
	at org.bson.Document.constructValuesList(Document.java:402)
	at org.bson.Document.getList(Document.java:369)
	at org.alter.game.saving.PlayerSaving.savePlayer(PlayerSaving.kt:56)
	at org.alter.game.task.AutoSaveTask.performAutoSave$lambda$4(AutoSaveTask.kt:64)
	at org.alter.game.model.PawnList.forEach(PawnList.kt:35)
	at org.alter.game.task.AutoSaveTask.performAutoSave(AutoSaveTask.kt:55)
	at org.alter.game.task.AutoSaveTask.execute(AutoSaveTask.kt:40)
	at org.alter.game.service.GameService.cycle(GameService.kt:192)
	at java.base/java.util.concurrent.Executors$RunnableAdapter.call(Executors.java:539)
	at java.base/java.util.concurrent.FutureTask.runAndReset(FutureTask.java:305)
	at java.base/java.util.concurrent.ScheduledThreadPoolExecutor$ScheduledFutureTask.run(ScheduledThreadPoolExecutor.java:305)
	at java.base/java.util.concurrent.ThreadPoolExecutor.runWorker(ThreadPoolExecutor.java:1136)
	at java.base/java.util.concurrent.ThreadPoolExecutor$Worker.run(ThreadPoolExecutor.java:635)
	at java.base/java.lang.Thread.run(Thread.java:840)
[2025-11-15 23:35:42.075] ERROR org.alter.game.task.AutoSaveTask - Failed to auto-save player 'Pnda': List element cannot be cast to int 
java.lang.ClassCastException: List element cannot be cast to int
	at org.bson.Document.constructValuesList(Document.java:402)
	at org.bson.Document.getList(Document.java:369)
	at org.alter.game.saving.PlayerSaving.savePlayer(PlayerSaving.kt:56)
	at org.alter.game.task.AutoSaveTask.performAutoSave$lambda$4(AutoSaveTask.kt:64)
	at org.alter.game.model.PawnList.forEach(PawnList.kt:35)
	at org.alter.game.task.AutoSaveTask.performAutoSave(AutoSaveTask.kt:55)
	at org.alter.game.task.AutoSaveTask.execute(AutoSaveTask.kt:40)
	at org.alter.game.service.GameService.cycle(GameService.kt:192)
	at java.base/java.util.concurrent.Executors$RunnableAdapter.call(Executors.java:539)
	at java.base/java.util.concurrent.FutureTask.runAndReset(FutureTask.java:305)
	at java.base/java.util.concurrent.ScheduledThreadPoolExecutor$ScheduledFutureTask.run(ScheduledThreadPoolExecutor.java:305)
	at java.base/java.util.concurrent.ThreadPoolExecutor.runWorker(ThreadPoolExecutor.java:1136)
	at java.base/java.util.concurrent.ThreadPoolExecutor$Worker.run(ThreadPoolExecutor.java:635)
	at java.base/java.lang.Thread.run(Thread.java:840)
[2025-11-15 23:35:42.075] WARN  org.alter.game.task.AutoSaveTask - Auto-save attempted but no players were saved (3 players online) 
[2025-11-15 23:35:46.285] INFO  org.alter.game.service.GameService - [Cycle time: 2ms] [Entities: 3p / 193n] [Map: 1683c / 27r / 0i] [Queues: 0p / 0n / 0w] [Mem usage: U=607MB / R=1128MB / M=8180MB]. 
[2025-11-15 23:35:49.223] INFO  spark.webserver.MatcherFilter - The requested route [/world_list.ws] has not been mapped in Spark 
[2025-11-15 23:35:49.262] INFO  spark.webserver.MatcherFilter - The requested route [/jav_config.ws] has not been mapped in Spark 
[2025-11-15 23:35:52.875] INFO  org.alter.game.service.GameService - [Cycle time: 1ms] [Entities: 3p / 193n] [Map: 1683c / 27r / 0i] [Queues: 0p / 0n / 0w] [Mem usage: U=617MB / R=1128MB / M=8180MB]. 
[2025-11-15 23:35:53.413] WARN  o.a.g.s.impl.DetailSerialisation - Failed to load tile position for player Pnda: List element cannot be cast to int. Falling back to home location. 
[2025-11-15 23:35:53.413] WARN  o.a.g.s.impl.DetailSerialisation - Player Pnda position not found in save file (tile data: null), spawning at home location 
[2025-11-15 23:35:53.480] INFO  o.a.game.service.login.LoginWorker - User '{}' login denied with code {}. Pnda Duplicate 
[2025-11-15 23:35:54.622] INFO  spark.webserver.MatcherFilter - The requested route [/world_list.ws] has not been mapped in Spark 
[2025-11-15 23:35:54.665] INFO  spark.webserver.MatcherFilter - The requested route [/jav_config.ws] has not been mapped in Spark 
[2025-11-15 23:35:59.470] INFO  org.alter.game.service.GameService - [Cycle time: 2ms] [Entities: 3p / 193n] [Map: 1683c / 27r / 0i] [Queues: 0p / 0n / 0w] [Mem usage: U=624MB / R=1128MB / M=8180MB]. 
[2025-11-15 23:35:59.761] WARN  o.a.g.s.impl.DetailSerialisation - Failed to load tile position for player DragonM: List element cannot be cast to int. Falling back to home location. 
[2025-11-15 23:35:59.761] WARN  o.a.g.s.impl.DetailSerialisation - Player DragonM position not found in save file (tile data: null), spawning at home location 
[2025-11-15 23:36:00.069] INFO  o.a.game.service.login.LoginWorker - User '{}' login denied with code {}. DragonM Duplicate 
[2025-11-15 23:36:06.072] INFO  org.alter.game.service.GameService - [Cycle time: 1ms] [Entities: 3p / 193n] [Map: 1683c / 27r / 0i] [Queues: 0p / 0n / 0w] [Mem usage: U=627MB / R=1128MB / M=8180MB]. 
[2025-11-15 23:36:11.032] INFO  spark.webserver.MatcherFilter - The requested route [/world_list.ws] has not been mapped in Spark 
[2025-11-15 23:36:11.058] INFO  spark.webserver.MatcherFilter - The requested route [/jav_config.ws] has not been mapped in Spark 
[2025-11-15 23:36:12.071] ERROR org.alter.game.saving.PlayerSaving - Failed to serialize details for player DragonM 
java.lang.ClassCastException: List element cannot be cast to int
	at org.bson.Document.constructValuesList(Document.java:402)
	at org.bson.Document.getList(Document.java:369)
	at org.alter.game.saving.PlayerSaving.savePlayer(PlayerSaving.kt:56)
	at org.alter.game.task.AutoSaveTask.performAutoSave$lambda$4(AutoSaveTask.kt:64)
	at org.alter.game.model.PawnList.forEach(PawnList.kt:35)
	at org.alter.game.task.AutoSaveTask.performAutoSave(AutoSaveTask.kt:55)
	at org.alter.game.task.AutoSaveTask.execute(AutoSaveTask.kt:40)
	at org.alter.game.service.GameService.cycle(GameService.kt:192)
	at java.base/java.util.concurrent.Executors$RunnableAdapter.call(Executors.java:539)
	at java.base/java.util.concurrent.FutureTask.runAndReset(FutureTask.java:305)
	at java.base/java.util.concurrent.ScheduledThreadPoolExecutor$ScheduledFutureTask.run(ScheduledThreadPoolExecutor.java:305)
	at java.base/java.util.concurrent.ThreadPoolExecutor.runWorker(ThreadPoolExecutor.java:1136)
	at java.base/java.util.concurrent.ThreadPoolExecutor$Worker.run(ThreadPoolExecutor.java:635)
	at java.base/java.lang.Thread.run(Thread.java:840)
[2025-11-15 23:36:12.071] ERROR org.alter.game.saving.PlayerSaving - Failed to save player DragonM: List element cannot be cast to int 
java.lang.ClassCastException: List element cannot be cast to int
	at org.bson.Document.constructValuesList(Document.java:402)
	at org.bson.Document.getList(Document.java:369)
	at org.alter.game.saving.PlayerSaving.savePlayer(PlayerSaving.kt:56)
	at org.alter.game.task.AutoSaveTask.performAutoSave$lambda$4(AutoSaveTask.kt:64)
	at org.alter.game.model.PawnList.forEach(PawnList.kt:35)
	at org.alter.game.task.AutoSaveTask.performAutoSave(AutoSaveTask.kt:55)
	at org.alter.game.task.AutoSaveTask.execute(AutoSaveTask.kt:40)
	at org.alter.game.service.GameService.cycle(GameService.kt:192)
	at java.base/java.util.concurrent.Executors$RunnableAdapter.call(Executors.java:539)
	at java.base/java.util.concurrent.FutureTask.runAndReset(FutureTask.java:305)
	at java.base/java.util.concurrent.ScheduledThreadPoolExecutor$ScheduledFutureTask.run(ScheduledThreadPoolExecutor.java:305)
	at java.base/java.util.concurrent.ThreadPoolExecutor.runWorker(ThreadPoolExecutor.java:1136)
	at java.base/java.util.concurrent.ThreadPoolExecutor$Worker.run(ThreadPoolExecutor.java:635)
	at java.base/java.lang.Thread.run(Thread.java:840)
[2025-11-15 23:36:12.071] ERROR org.alter.game.task.AutoSaveTask - Failed to auto-save player 'DragonM': List element cannot be cast to int 
java.lang.ClassCastException: List element cannot be cast to int
	at org.bson.Document.constructValuesList(Document.java:402)
	at org.bson.Document.getList(Document.java:369)
	at org.alter.game.saving.PlayerSaving.savePlayer(PlayerSaving.kt:56)
	at org.alter.game.task.AutoSaveTask.performAutoSave$lambda$4(AutoSaveTask.kt:64)
	at org.alter.game.model.PawnList.forEach(PawnList.kt:35)
	at org.alter.game.task.AutoSaveTask.performAutoSave(AutoSaveTask.kt:55)
	at org.alter.game.task.AutoSaveTask.execute(AutoSaveTask.kt:40)
	at org.alter.game.service.GameService.cycle(GameService.kt:192)
	at java.base/java.util.concurrent.Executors$RunnableAdapter.call(Executors.java:539)
	at java.base/java.util.concurrent.FutureTask.runAndReset(FutureTask.java:305)
	at java.base/java.util.concurrent.ScheduledThreadPoolExecutor$ScheduledFutureTask.run(ScheduledThreadPoolExecutor.java:305)
	at java.base/java.util.concurrent.ThreadPoolExecutor.runWorker(ThreadPoolExecutor.java:1136)
	at java.base/java.util.concurrent.ThreadPoolExecutor$Worker.run(ThreadPoolExecutor.java:635)
	at java.base/java.lang.Thread.run(Thread.java:840)
[2025-11-15 23:36:12.071] ERROR org.alter.game.saving.PlayerSaving - Failed to serialize details for player SpideyM 
java.lang.ClassCastException: List element cannot be cast to int
	at org.bson.Document.constructValuesList(Document.java:402)
	at org.bson.Document.getList(Document.java:369)
	at org.alter.game.saving.PlayerSaving.savePlayer(PlayerSaving.kt:56)
	at org.alter.game.task.AutoSaveTask.performAutoSave$lambda$4(AutoSaveTask.kt:64)
	at org.alter.game.model.PawnList.forEach(PawnList.kt:35)
	at org.alter.game.task.AutoSaveTask.performAutoSave(AutoSaveTask.kt:55)
	at org.alter.game.task.AutoSaveTask.execute(AutoSaveTask.kt:40)
	at org.alter.game.service.GameService.cycle(GameService.kt:192)
	at java.base/java.util.concurrent.Executors$RunnableAdapter.call(Executors.java:539)
	at java.base/java.util.concurrent.FutureTask.runAndReset(FutureTask.java:305)
	at java.base/java.util.concurrent.ScheduledThreadPoolExecutor$ScheduledFutureTask.run(ScheduledThreadPoolExecutor.java:305)
	at java.base/java.util.concurrent.ThreadPoolExecutor.runWorker(ThreadPoolExecutor.java:1136)
	at java.base/java.util.concurrent.ThreadPoolExecutor$Worker.run(ThreadPoolExecutor.java:635)
	at java.base/java.lang.Thread.run(Thread.java:840)
[2025-11-15 23:36:12.071] ERROR org.alter.game.saving.PlayerSaving - Failed to save player SpideyM: List element cannot be cast to int 
java.lang.ClassCastException: List element cannot be cast to int
	at org.bson.Document.constructValuesList(Document.java:402)
	at org.bson.Document.getList(Document.java:369)
	at org.alter.game.saving.PlayerSaving.savePlayer(PlayerSaving.kt:56)
	at org.alter.game.task.AutoSaveTask.performAutoSave$lambda$4(AutoSaveTask.kt:64)
	at org.alter.game.model.PawnList.forEach(PawnList.kt:35)
	at org.alter.game.task.AutoSaveTask.performAutoSave(AutoSaveTask.kt:55)
	at org.alter.game.task.AutoSaveTask.execute(AutoSaveTask.kt:40)
	at org.alter.game.service.GameService.cycle(GameService.kt:192)
	at java.base/java.util.concurrent.Executors$RunnableAdapter.call(Executors.java:539)
	at java.base/java.util.concurrent.FutureTask.runAndReset(FutureTask.java:305)
	at java.base/java.util.concurrent.ScheduledThreadPoolExecutor$ScheduledFutureTask.run(ScheduledThreadPoolExecutor.java:305)
	at java.base/java.util.concurrent.ThreadPoolExecutor.runWorker(ThreadPoolExecutor.java:1136)
	at java.base/java.util.concurrent.ThreadPoolExecutor$Worker.run(ThreadPoolExecutor.java:635)
	at java.base/java.lang.Thread.run(Thread.java:840)
[2025-11-15 23:36:12.072] ERROR org.alter.game.task.AutoSaveTask - Failed to auto-save player 'SpideyM': List element cannot be cast to int 
java.lang.ClassCastException: List element cannot be cast to int
	at org.bson.Document.constructValuesList(Document.java:402)
	at org.bson.Document.getList(Document.java:369)
	at org.alter.game.saving.PlayerSaving.savePlayer(PlayerSaving.kt:56)
	at org.alter.game.task.AutoSaveTask.performAutoSave$lambda$4(AutoSaveTask.kt:64)
	at org.alter.game.model.PawnList.forEach(PawnList.kt:35)
	at org.alter.game.task.AutoSaveTask.performAutoSave(AutoSaveTask.kt:55)
	at org.alter.game.task.AutoSaveTask.execute(AutoSaveTask.kt:40)
	at org.alter.game.service.GameService.cycle(GameService.kt:192)
	at java.base/java.util.concurrent.Executors$RunnableAdapter.call(Executors.java:539)
	at java.base/java.util.concurrent.FutureTask.runAndReset(FutureTask.java:305)
	at java.base/java.util.concurrent.ScheduledThreadPoolExecutor$ScheduledFutureTask.run(ScheduledThreadPoolExecutor.java:305)
	at java.base/java.util.concurrent.ThreadPoolExecutor.runWorker(ThreadPoolExecutor.java:1136)
	at java.base/java.util.concurrent.ThreadPoolExecutor$Worker.run(ThreadPoolExecutor.java:635)
	at java.base/java.lang.Thread.run(Thread.java:840)
[2025-11-15 23:36:12.072] ERROR org.alter.game.saving.PlayerSaving - Failed to serialize details for player Pnda 
java.lang.ClassCastException: List element cannot be cast to int
	at org.bson.Document.constructValuesList(Document.java:402)
	at org.bson.Document.getList(Document.java:369)
	at org.alter.game.saving.PlayerSaving.savePlayer(PlayerSaving.kt:56)
	at org.alter.game.task.AutoSaveTask.performAutoSave$lambda$4(AutoSaveTask.kt:64)
	at org.alter.game.model.PawnList.forEach(PawnList.kt:35)
	at org.alter.game.task.AutoSaveTask.performAutoSave(AutoSaveTask.kt:55)
	at org.alter.game.task.AutoSaveTask.execute(AutoSaveTask.kt:40)
	at org.alter.game.service.GameService.cycle(GameService.kt:192)
	at java.base/java.util.concurrent.Executors$RunnableAdapter.call(Executors.java:539)
	at java.base/java.util.concurrent.FutureTask.runAndReset(FutureTask.java:305)
	at java.base/java.util.concurrent.ScheduledThreadPoolExecutor$ScheduledFutureTask.run(ScheduledThreadPoolExecutor.java:305)
	at java.base/java.util.concurrent.ThreadPoolExecutor.runWorker(ThreadPoolExecutor.java:1136)
	at java.base/java.util.concurrent.ThreadPoolExecutor$Worker.run(ThreadPoolExecutor.java:635)
	at java.base/java.lang.Thread.run(Thread.java:840)
[2025-11-15 23:36:12.072] ERROR org.alter.game.saving.PlayerSaving - Failed to save player Pnda: List element cannot be cast to int 
java.lang.ClassCastException: List element cannot be cast to int
	at org.bson.Document.constructValuesList(Document.java:402)
	at org.bson.Document.getList(Document.java:369)
	at org.alter.game.saving.PlayerSaving.savePlayer(PlayerSaving.kt:56)
	at org.alter.game.task.AutoSaveTask.performAutoSave$lambda$4(AutoSaveTask.kt:64)
	at org.alter.game.model.PawnList.forEach(PawnList.kt:35)
	at org.alter.game.task.AutoSaveTask.performAutoSave(AutoSaveTask.kt:55)
	at org.alter.game.task.AutoSaveTask.execute(AutoSaveTask.kt:40)
	at org.alter.game.service.GameService.cycle(GameService.kt:192)
	at java.base/java.util.concurrent.Executors$RunnableAdapter.call(Executors.java:539)
	at java.base/java.util.concurrent.FutureTask.runAndReset(FutureTask.java:305)
	at java.base/java.util.concurrent.ScheduledThreadPoolExecutor$ScheduledFutureTask.run(ScheduledThreadPoolExecutor.java:305)
	at java.base/java.util.concurrent.ThreadPoolExecutor.runWorker(ThreadPoolExecutor.java:1136)
	at java.base/java.util.concurrent.ThreadPoolExecutor$Worker.run(ThreadPoolExecutor.java:635)
	at java.base/java.lang.Thread.run(Thread.java:840)
[2025-11-15 23:36:12.072] ERROR org.alter.game.task.AutoSaveTask - Failed to auto-save player 'Pnda': List element cannot be cast to int 
java.lang.ClassCastException: List element cannot be cast to int
	at org.bson.Document.constructValuesList(Document.java:402)
	at org.bson.Document.getList(Document.java:369)
	at org.alter.game.saving.PlayerSaving.savePlayer(PlayerSaving.kt:56)
	at org.alter.game.task.AutoSaveTask.performAutoSave$lambda$4(AutoSaveTask.kt:64)
	at org.alter.game.model.PawnList.forEach(PawnList.kt:35)
	at org.alter.game.task.AutoSaveTask.performAutoSave(AutoSaveTask.kt:55)
	at org.alter.game.task.AutoSaveTask.execute(AutoSaveTask.kt:40)
	at org.alter.game.service.GameService.cycle(GameService.kt:192)
	at java.base/java.util.concurrent.Executors$RunnableAdapter.call(Executors.java:539)
	at java.base/java.util.concurrent.FutureTask.runAndReset(FutureTask.java:305)
	at java.base/java.util.concurrent.ScheduledThreadPoolExecutor$ScheduledFutureTask.run(ScheduledThreadPoolExecutor.java:305)
	at java.base/java.util.concurrent.ThreadPoolExecutor.runWorker(ThreadPoolExecutor.java:1136)
	at java.base/java.util.concurrent.ThreadPoolExecutor$Worker.run(ThreadPoolExecutor.java:635)
	at java.base/java.lang.Thread.run(Thread.java:840)
[2025-11-15 23:36:12.072] WARN  org.alter.game.task.AutoSaveTask - Auto-save attempted but no players were saved (3 players online) 
[2025-11-15 23:36:12.670] INFO  org.alter.game.service.GameService - [Cycle time: 1ms] [Entities: 3p / 193n] [Map: 1683c / 27r / 0i] [Queues: 0p / 0n / 0w] [Mem usage: U=633MB / R=1128MB / M=8180MB]. 
[2025-11-15 23:36:15.396] INFO  spark.webserver.MatcherFilter - The requested route [/world_list.ws] has not been mapped in Spark 
[2025-11-15 23:36:15.904] WARN  o.a.g.s.impl.DetailSerialisation - Failed to load tile position for player DragonM: List element cannot be cast to int. Falling back to home location. 
[2025-11-15 23:36:15.904] WARN  o.a.g.s.impl.DetailSerialisation - Player DragonM position not found in save file (tile data: null), spawning at home location 
[2025-11-15 23:36:16.282] INFO  o.a.game.service.login.LoginWorker - User '{}' login denied with code {}. DragonM Duplicate 
[2025-11-15 23:36:19.275] INFO  org.alter.game.service.GameService - [Cycle time: 2ms] [Entities: 3p / 193n] [Map: 1683c / 27r / 0i] [Queues: 0p / 0n / 0w] [Mem usage: U=636MB / R=1128MB / M=8180MB]. 
[2025-11-15 23:36:25.877] INFO  org.alter.game.service.GameService - [Cycle time: 1ms] [Entities: 3p / 193n] [Map: 1683c / 27r / 0i] [Queues: 0p / 0n / 0w] [Mem usage: U=639MB / R=1128MB / M=8180MB]. 
[2025-11-15 23:36:32.484] INFO  org.alter.game.service.GameService - [Cycle time: 1ms] [Entities: 3p / 193n] [Map: 1683c / 27r / 0i] [Queues: 0p / 0n / 0w] [Mem usage: U=641MB / R=1128MB / M=8180MB]. 
[2025-11-15 23:36:39.076] INFO  org.alter.game.service.GameService - [Cycle time: 1ms] [Entities: 3p / 193n] [Map: 1683c / 27r / 0i] [Queues: 0p / 0n / 0w] [Mem usage: U=644MB / R=1128MB / M=8180MB]. 
[2025-11-15 23:36:42.071] ERROR org.alter.game.saving.PlayerSaving - Failed to serialize details for player DragonM 
java.lang.ClassCastException: List element cannot be cast to int
	at org.bson.Document.constructValuesList(Document.java:402)
	at org.bson.Document.getList(Document.java:369)
	at org.alter.game.saving.PlayerSaving.savePlayer(PlayerSaving.kt:56)
	at org.alter.game.task.AutoSaveTask.performAutoSave$lambda$4(AutoSaveTask.kt:64)
	at org.alter.game.model.PawnList.forEach(PawnList.kt:35)
	at org.alter.game.task.AutoSaveTask.performAutoSave(AutoSaveTask.kt:55)
	at org.alter.game.task.AutoSaveTask.execute(AutoSaveTask.kt:40)
	at org.alter.game.service.GameService.cycle(GameService.kt:192)
	at java.base/java.util.concurrent.Executors$RunnableAdapter.call(Executors.java:539)
	at java.base/java.util.concurrent.FutureTask.runAndReset(FutureTask.java:305)
	at java.base/java.util.concurrent.ScheduledThreadPoolExecutor$ScheduledFutureTask.run(ScheduledThreadPoolExecutor.java:305)
	at java.base/java.util.concurrent.ThreadPoolExecutor.runWorker(ThreadPoolExecutor.java:1136)
	at java.base/java.util.concurrent.ThreadPoolExecutor$Worker.run(ThreadPoolExecutor.java:635)
	at java.base/java.lang.Thread.run(Thread.java:840)
[2025-11-15 23:36:42.072] ERROR org.alter.game.saving.PlayerSaving - Failed to save player DragonM: List element cannot be cast to int 
java.lang.ClassCastException: List element cannot be cast to int
	at org.bson.Document.constructValuesList(Document.java:402)
	at org.bson.Document.getList(Document.java:369)
	at org.alter.game.saving.PlayerSaving.savePlayer(PlayerSaving.kt:56)
	at org.alter.game.task.AutoSaveTask.performAutoSave$lambda$4(AutoSaveTask.kt:64)
	at org.alter.game.model.PawnList.forEach(PawnList.kt:35)
	at org.alter.game.task.AutoSaveTask.performAutoSave(AutoSaveTask.kt:55)
	at org.alter.game.task.AutoSaveTask.execute(AutoSaveTask.kt:40)
	at org.alter.game.service.GameService.cycle(GameService.kt:192)
	at java.base/java.util.concurrent.Executors$RunnableAdapter.call(Executors.java:539)
	at java.base/java.util.concurrent.FutureTask.runAndReset(FutureTask.java:305)
	at java.base/java.util.concurrent.ScheduledThreadPoolExecutor$ScheduledFutureTask.run(ScheduledThreadPoolExecutor.java:305)
	at java.base/java.util.concurrent.ThreadPoolExecutor.runWorker(ThreadPoolExecutor.java:1136)
	at java.base/java.util.concurrent.ThreadPoolExecutor$Worker.run(ThreadPoolExecutor.java:635)
	at java.base/java.lang.Thread.run(Thread.java:840)
[2025-11-15 23:36:42.072] ERROR org.alter.game.task.AutoSaveTask - Failed to auto-save player 'DragonM': List element cannot be cast to int 
java.lang.ClassCastException: List element cannot be cast to int
	at org.bson.Document.constructValuesList(Document.java:402)
	at org.bson.Document.getList(Document.java:369)
	at org.alter.game.saving.PlayerSaving.savePlayer(PlayerSaving.kt:56)
	at org.alter.game.task.AutoSaveTask.performAutoSave$lambda$4(AutoSaveTask.kt:64)
	at org.alter.game.model.PawnList.forEach(PawnList.kt:35)
	at org.alter.game.task.AutoSaveTask.performAutoSave(AutoSaveTask.kt:55)
	at org.alter.game.task.AutoSaveTask.execute(AutoSaveTask.kt:40)
	at org.alter.game.service.GameService.cycle(GameService.kt:192)
	at java.base/java.util.concurrent.Executors$RunnableAdapter.call(Executors.java:539)
	at java.base/java.util.concurrent.FutureTask.runAndReset(FutureTask.java:305)
	at java.base/java.util.concurrent.ScheduledThreadPoolExecutor$ScheduledFutureTask.run(ScheduledThreadPoolExecutor.java:305)
	at java.base/java.util.concurrent.ThreadPoolExecutor.runWorker(ThreadPoolExecutor.java:1136)
	at java.base/java.util.concurrent.ThreadPoolExecutor$Worker.run(ThreadPoolExecutor.java:635)
	at java.base/java.lang.Thread.run(Thread.java:840)
[2025-11-15 23:36:42.072] ERROR org.alter.game.saving.PlayerSaving - Failed to serialize details for player SpideyM 
java.lang.ClassCastException: List element cannot be cast to int
	at org.bson.Document.constructValuesList(Document.java:402)
	at org.bson.Document.getList(Document.java:369)
	at org.alter.game.saving.PlayerSaving.savePlayer(PlayerSaving.kt:56)
	at org.alter.game.task.AutoSaveTask.performAutoSave$lambda$4(AutoSaveTask.kt:64)
	at org.alter.game.model.PawnList.forEach(PawnList.kt:35)
	at org.alter.game.task.AutoSaveTask.performAutoSave(AutoSaveTask.kt:55)
	at org.alter.game.task.AutoSaveTask.execute(AutoSaveTask.kt:40)
	at org.alter.game.service.GameService.cycle(GameService.kt:192)
	at java.base/java.util.concurrent.Executors$RunnableAdapter.call(Executors.java:539)
	at java.base/java.util.concurrent.FutureTask.runAndReset(FutureTask.java:305)
	at java.base/java.util.concurrent.ScheduledThreadPoolExecutor$ScheduledFutureTask.run(ScheduledThreadPoolExecutor.java:305)
	at java.base/java.util.concurrent.ThreadPoolExecutor.runWorker(ThreadPoolExecutor.java:1136)
	at java.base/java.util.concurrent.ThreadPoolExecutor$Worker.run(ThreadPoolExecutor.java:635)
	at java.base/java.lang.Thread.run(Thread.java:840)
[2025-11-15 23:36:42.072] ERROR org.alter.game.saving.PlayerSaving - Failed to save player SpideyM: List element cannot be cast to int 
java.lang.ClassCastException: List element cannot be cast to int
	at org.bson.Document.constructValuesList(Document.java:402)
	at org.bson.Document.getList(Document.java:369)
	at org.alter.game.saving.PlayerSaving.savePlayer(PlayerSaving.kt:56)
	at org.alter.game.task.AutoSaveTask.performAutoSave$lambda$4(AutoSaveTask.kt:64)
	at org.alter.game.model.PawnList.forEach(PawnList.kt:35)
	at org.alter.game.task.AutoSaveTask.performAutoSave(AutoSaveTask.kt:55)
	at org.alter.game.task.AutoSaveTask.execute(AutoSaveTask.kt:40)
	at org.alter.game.service.GameService.cycle(GameService.kt:192)
	at java.base/java.util.concurrent.Executors$RunnableAdapter.call(Executors.java:539)
	at java.base/java.util.concurrent.FutureTask.runAndReset(FutureTask.java:305)
	at java.base/java.util.concurrent.ScheduledThreadPoolExecutor$ScheduledFutureTask.run(ScheduledThreadPoolExecutor.java:305)
	at java.base/java.util.concurrent.ThreadPoolExecutor.runWorker(ThreadPoolExecutor.java:1136)
	at java.base/java.util.concurrent.ThreadPoolExecutor$Worker.run(ThreadPoolExecutor.java:635)
	at java.base/java.lang.Thread.run(Thread.java:840)
[2025-11-15 23:36:42.072] ERROR org.alter.game.task.AutoSaveTask - Failed to auto-save player 'SpideyM': List element cannot be cast to int 
java.lang.ClassCastException: List element cannot be cast to int
	at org.bson.Document.constructValuesList(Document.java:402)
	at org.bson.Document.getList(Document.java:369)
	at org.alter.game.saving.PlayerSaving.savePlayer(PlayerSaving.kt:56)
	at org.alter.game.task.AutoSaveTask.performAutoSave$lambda$4(AutoSaveTask.kt:64)
	at org.alter.game.model.PawnList.forEach(PawnList.kt:35)
	at org.alter.game.task.AutoSaveTask.performAutoSave(AutoSaveTask.kt:55)
	at org.alter.game.task.AutoSaveTask.execute(AutoSaveTask.kt:40)
	at org.alter.game.service.GameService.cycle(GameService.kt:192)
	at java.base/java.util.concurrent.Executors$RunnableAdapter.call(Executors.java:539)
	at java.base/java.util.concurrent.FutureTask.runAndReset(FutureTask.java:305)
	at java.base/java.util.concurrent.ScheduledThreadPoolExecutor$ScheduledFutureTask.run(ScheduledThreadPoolExecutor.java:305)
	at java.base/java.util.concurrent.ThreadPoolExecutor.runWorker(ThreadPoolExecutor.java:1136)
	at java.base/java.util.concurrent.ThreadPoolExecutor$Worker.run(ThreadPoolExecutor.java:635)
	at java.base/java.lang.Thread.run(Thread.java:840)
[2025-11-15 23:36:42.072] ERROR org.alter.game.saving.PlayerSaving - Failed to serialize details for player Pnda 
java.lang.ClassCastException: List element cannot be cast to int
	at org.bson.Document.constructValuesList(Document.java:402)
	at org.bson.Document.getList(Document.java:369)
	at org.alter.game.saving.PlayerSaving.savePlayer(PlayerSaving.kt:56)
	at org.alter.game.task.AutoSaveTask.performAutoSave$lambda$4(AutoSaveTask.kt:64)
	at org.alter.game.model.PawnList.forEach(PawnList.kt:35)
	at org.alter.game.task.AutoSaveTask.performAutoSave(AutoSaveTask.kt:55)
	at org.alter.game.task.AutoSaveTask.execute(AutoSaveTask.kt:40)
	at org.alter.game.service.GameService.cycle(GameService.kt:192)
	at java.base/java.util.concurrent.Executors$RunnableAdapter.call(Executors.java:539)
	at java.base/java.util.concurrent.FutureTask.runAndReset(FutureTask.java:305)
	at java.base/java.util.concurrent.ScheduledThreadPoolExecutor$ScheduledFutureTask.run(ScheduledThreadPoolExecutor.java:305)
	at java.base/java.util.concurrent.ThreadPoolExecutor.runWorker(ThreadPoolExecutor.java:1136)
	at java.base/java.util.concurrent.ThreadPoolExecutor$Worker.run(ThreadPoolExecutor.java:635)
	at java.base/java.lang.Thread.run(Thread.java:840)
[2025-11-15 23:36:42.072] ERROR org.alter.game.saving.PlayerSaving - Failed to save player Pnda: List element cannot be cast to int 
java.lang.ClassCastException: List element cannot be cast to int
	at org.bson.Document.constructValuesList(Document.java:402)
	at org.bson.Document.getList(Document.java:369)
	at org.alter.game.saving.PlayerSaving.savePlayer(PlayerSaving.kt:56)
	at org.alter.game.task.AutoSaveTask.performAutoSave$lambda$4(AutoSaveTask.kt:64)
	at org.alter.game.model.PawnList.forEach(PawnList.kt:35)
	at org.alter.game.task.AutoSaveTask.performAutoSave(AutoSaveTask.kt:55)
	at org.alter.game.task.AutoSaveTask.execute(AutoSaveTask.kt:40)
	at org.alter.game.service.GameService.cycle(GameService.kt:192)
	at java.base/java.util.concurrent.Executors$RunnableAdapter.call(Executors.java:539)
	at java.base/java.util.concurrent.FutureTask.runAndReset(FutureTask.java:305)
	at java.base/java.util.concurrent.ScheduledThreadPoolExecutor$ScheduledFutureTask.run(ScheduledThreadPoolExecutor.java:305)
	at java.base/java.util.concurrent.ThreadPoolExecutor.runWorker(ThreadPoolExecutor.java:1136)
	at java.base/java.util.concurrent.ThreadPoolExecutor$Worker.run(ThreadPoolExecutor.java:635)
	at java.base/java.lang.Thread.run(Thread.java:840)
[2025-11-15 23:36:42.072] ERROR org.alter.game.task.AutoSaveTask - Failed to auto-save player 'Pnda': List element cannot be cast to int 
java.lang.ClassCastException: List element cannot be cast to int
	at org.bson.Document.constructValuesList(Document.java:402)
	at org.bson.Document.getList(Document.java:369)
	at org.alter.game.saving.PlayerSaving.savePlayer(PlayerSaving.kt:56)
	at org.alter.game.task.AutoSaveTask.performAutoSave$lambda$4(AutoSaveTask.kt:64)
	at org.alter.game.model.PawnList.forEach(PawnList.kt:35)
	at org.alter.game.task.AutoSaveTask.performAutoSave(AutoSaveTask.kt:55)
	at org.alter.game.task.AutoSaveTask.execute(AutoSaveTask.kt:40)
	at org.alter.game.service.GameService.cycle(GameService.kt:192)
	at java.base/java.util.concurrent.Executors$RunnableAdapter.call(Executors.java:539)
	at java.base/java.util.concurrent.FutureTask.runAndReset(FutureTask.java:305)
	at java.base/java.util.concurrent.ScheduledThreadPoolExecutor$ScheduledFutureTask.run(ScheduledThreadPoolExecutor.java:305)
	at java.base/java.util.concurrent.ThreadPoolExecutor.runWorker(ThreadPoolExecutor.java:1136)
	at java.base/java.util.concurrent.ThreadPoolExecutor$Worker.run(ThreadPoolExecutor.java:635)
	at java.base/java.lang.Thread.run(Thread.java:840)
[2025-11-15 23:36:42.072] WARN  org.alter.game.task.AutoSaveTask - Auto-save attempted but no players were saved (3 players online) 
[2025-11-15 23:36:45.675] INFO  org.alter.game.service.GameService - [Cycle time: 2ms] [Entities: 3p / 193n] [Map: 1683c / 27r / 0i] [Queues: 0p / 0n / 0w] [Mem usage: U=647MB / R=1128MB / M=8180MB]. 
[2025-11-15 23:36:51.325] INFO  spark.webserver.MatcherFilter - The requested route [/world_list.ws] has not been mapped in Spark 
[2025-11-15 23:36:51.361] INFO  spark.webserver.MatcherFilter - The requested route [/jav_config.ws] has not been mapped in Spark 
[2025-11-15 23:36:52.276] INFO  org.alter.game.service.GameService - [Cycle time: 2ms] [Entities: 3p / 193n] [Map: 1683c / 27r / 0i] [Queues: 0p / 0n / 0w] [Mem usage: U=651MB / R=1128MB / M=8180MB]. 
[2025-11-15 23:36:55.725] WARN  o.a.g.s.impl.DetailSerialisation - Failed to load tile position for player Pnda: List element cannot be cast to int. Falling back to home location. 
[2025-11-15 23:36:55.726] WARN  o.a.g.s.impl.DetailSerialisation - Player Pnda position not found in save file (tile data: null), spawning at home location 
[2025-11-15 23:36:55.883] INFO  o.a.game.service.login.LoginWorker - User '{}' login denied with code {}. Pnda Duplicate 
[2025-11-15 23:36:58.874] INFO  org.alter.game.service.GameService - [Cycle time: 1ms] [Entities: 3p / 193n] [Map: 1683c / 27r / 0i] [Queues: 0p / 0n / 0w] [Mem usage: U=656MB / R=1128MB / M=8180MB]. 
[2025-11-15 23:37:00.984] INFO  spark.webserver.MatcherFilter - The requested route [/world_list.ws] has not been mapped in Spark 
[2025-11-15 23:37:01.018] INFO  spark.webserver.MatcherFilter - The requested route [/jav_config.ws] has not been mapped in Spark 
[2025-11-15 23:37:05.478] INFO  org.alter.game.service.GameService - [Cycle time: 1ms] [Entities: 3p / 193n] [Map: 1683c / 27r / 0i] [Queues: 0p / 0n / 0w] [Mem usage: U=663MB / R=1128MB / M=8180MB]. 
[2025-11-15 23:37:05.791] WARN  o.a.g.s.impl.DetailSerialisation - Failed to load tile position for player DragonM: List element cannot be cast to int. Falling back to home location. 
[2025-11-15 23:37:05.792] WARN  o.a.g.s.impl.DetailSerialisation - Player DragonM position not found in save file (tile data: null), spawning at home location 
[2025-11-15 23:37:06.078] INFO  o.a.game.service.login.LoginWorker - User '{}' login denied with code {}. DragonM Duplicate 
[2025-11-15 23:37:12.084] ERROR org.alter.game.saving.PlayerSaving - Failed to serialize details for player DragonM 
java.lang.ClassCastException: List element cannot be cast to int
	at org.bson.Document.constructValuesList(Document.java:402)
	at org.bson.Document.getList(Document.java:369)
	at org.alter.game.saving.PlayerSaving.savePlayer(PlayerSaving.kt:56)
	at org.alter.game.task.AutoSaveTask.performAutoSave$lambda$4(AutoSaveTask.kt:64)
	at org.alter.game.model.PawnList.forEach(PawnList.kt:35)
	at org.alter.game.task.AutoSaveTask.performAutoSave(AutoSaveTask.kt:55)
	at org.alter.game.task.AutoSaveTask.execute(AutoSaveTask.kt:40)
	at org.alter.game.service.GameService.cycle(GameService.kt:192)
	at java.base/java.util.concurrent.Executors$RunnableAdapter.call(Executors.java:539)
	at java.base/java.util.concurrent.FutureTask.runAndReset(FutureTask.java:305)
	at java.base/java.util.concurrent.ScheduledThreadPoolExecutor$ScheduledFutureTask.run(ScheduledThreadPoolExecutor.java:305)
	at java.base/java.util.concurrent.ThreadPoolExecutor.runWorker(ThreadPoolExecutor.java:1136)
	at java.base/java.util.concurrent.ThreadPoolExecutor$Worker.run(ThreadPoolExecutor.java:635)
	at java.base/java.lang.Thread.run(Thread.java:840)
[2025-11-15 23:37:12.084] ERROR org.alter.game.saving.PlayerSaving - Failed to save player DragonM: List element cannot be cast to int 
java.lang.ClassCastException: List element cannot be cast to int
	at org.bson.Document.constructValuesList(Document.java:402)
	at org.bson.Document.getList(Document.java:369)
	at org.alter.game.saving.PlayerSaving.savePlayer(PlayerSaving.kt:56)
	at org.alter.game.task.AutoSaveTask.performAutoSave$lambda$4(AutoSaveTask.kt:64)
	at org.alter.game.model.PawnList.forEach(PawnList.kt:35)
	at org.alter.game.task.AutoSaveTask.performAutoSave(AutoSaveTask.kt:55)
	at org.alter.game.task.AutoSaveTask.execute(AutoSaveTask.kt:40)
	at org.alter.game.service.GameService.cycle(GameService.kt:192)
	at java.base/java.util.concurrent.Executors$RunnableAdapter.call(Executors.java:539)
	at java.base/java.util.concurrent.FutureTask.runAndReset(FutureTask.java:305)
	at java.base/java.util.concurrent.ScheduledThreadPoolExecutor$ScheduledFutureTask.run(ScheduledThreadPoolExecutor.java:305)
	at java.base/java.util.concurrent.ThreadPoolExecutor.runWorker(ThreadPoolExecutor.java:1136)
	at java.base/java.util.concurrent.ThreadPoolExecutor$Worker.run(ThreadPoolExecutor.java:635)
	at java.base/java.lang.Thread.run(Thread.java:840)
[2025-11-15 23:37:12.084] ERROR org.alter.game.task.AutoSaveTask - Failed to auto-save player 'DragonM': List element cannot be cast to int 
java.lang.ClassCastException: List element cannot be cast to int
	at org.bson.Document.constructValuesList(Document.java:402)
	at org.bson.Document.getList(Document.java:369)
	at org.alter.game.saving.PlayerSaving.savePlayer(PlayerSaving.kt:56)
	at org.alter.game.task.AutoSaveTask.performAutoSave$lambda$4(AutoSaveTask.kt:64)
	at org.alter.game.model.PawnList.forEach(PawnList.kt:35)
	at org.alter.game.task.AutoSaveTask.performAutoSave(AutoSaveTask.kt:55)
	at org.alter.game.task.AutoSaveTask.execute(AutoSaveTask.kt:40)
	at org.alter.game.service.GameService.cycle(GameService.kt:192)
	at java.base/java.util.concurrent.Executors$RunnableAdapter.call(Executors.java:539)
	at java.base/java.util.concurrent.FutureTask.runAndReset(FutureTask.java:305)
	at java.base/java.util.concurrent.ScheduledThreadPoolExecutor$ScheduledFutureTask.run(ScheduledThreadPoolExecutor.java:305)
	at java.base/java.util.concurrent.ThreadPoolExecutor.runWorker(ThreadPoolExecutor.java:1136)
	at java.base/java.util.concurrent.ThreadPoolExecutor$Worker.run(ThreadPoolExecutor.java:635)
	at java.base/java.lang.Thread.run(Thread.java:840)
[2025-11-15 23:37:12.084] ERROR org.alter.game.saving.PlayerSaving - Failed to serialize details for player SpideyM 
java.lang.ClassCastException: List element cannot be cast to int
	at org.bson.Document.constructValuesList(Document.java:402)
	at org.bson.Document.getList(Document.java:369)
	at org.alter.game.saving.PlayerSaving.savePlayer(PlayerSaving.kt:56)
	at org.alter.game.task.AutoSaveTask.performAutoSave$lambda$4(AutoSaveTask.kt:64)
	at org.alter.game.model.PawnList.forEach(PawnList.kt:35)
	at org.alter.game.task.AutoSaveTask.performAutoSave(AutoSaveTask.kt:55)
	at org.alter.game.task.AutoSaveTask.execute(AutoSaveTask.kt:40)
	at org.alter.game.service.GameService.cycle(GameService.kt:192)
	at java.base/java.util.concurrent.Executors$RunnableAdapter.call(Executors.java:539)
	at java.base/java.util.concurrent.FutureTask.runAndReset(FutureTask.java:305)
	at java.base/java.util.concurrent.ScheduledThreadPoolExecutor$ScheduledFutureTask.run(ScheduledThreadPoolExecutor.java:305)
	at java.base/java.util.concurrent.ThreadPoolExecutor.runWorker(ThreadPoolExecutor.java:1136)
	at java.base/java.util.concurrent.ThreadPoolExecutor$Worker.run(ThreadPoolExecutor.java:635)
	at java.base/java.lang.Thread.run(Thread.java:840)
[2025-11-15 23:37:12.084] ERROR org.alter.game.saving.PlayerSaving - Failed to save player SpideyM: List element cannot be cast to int 
java.lang.ClassCastException: List element cannot be cast to int
	at org.bson.Document.constructValuesList(Document.java:402)
	at org.bson.Document.getList(Document.java:369)
	at org.alter.game.saving.PlayerSaving.savePlayer(PlayerSaving.kt:56)
	at org.alter.game.task.AutoSaveTask.performAutoSave$lambda$4(AutoSaveTask.kt:64)
	at org.alter.game.model.PawnList.forEach(PawnList.kt:35)
	at org.alter.game.task.AutoSaveTask.performAutoSave(AutoSaveTask.kt:55)
	at org.alter.game.task.AutoSaveTask.execute(AutoSaveTask.kt:40)
	at org.alter.game.service.GameService.cycle(GameService.kt:192)
	at java.base/java.util.concurrent.Executors$RunnableAdapter.call(Executors.java:539)
	at java.base/java.util.concurrent.FutureTask.runAndReset(FutureTask.java:305)
	at java.base/java.util.concurrent.ScheduledThreadPoolExecutor$ScheduledFutureTask.run(ScheduledThreadPoolExecutor.java:305)
	at java.base/java.util.concurrent.ThreadPoolExecutor.runWorker(ThreadPoolExecutor.java:1136)
	at java.base/java.util.concurrent.ThreadPoolExecutor$Worker.run(ThreadPoolExecutor.java:635)
	at java.base/java.lang.Thread.run(Thread.java:840)
[2025-11-15 23:37:12.084] ERROR org.alter.game.task.AutoSaveTask - Failed to auto-save player 'SpideyM': List element cannot be cast to int 
java.lang.ClassCastException: List element cannot be cast to int
	at org.bson.Document.constructValuesList(Document.java:402)
	at org.bson.Document.getList(Document.java:369)
	at org.alter.game.saving.PlayerSaving.savePlayer(PlayerSaving.kt:56)
	at org.alter.game.task.AutoSaveTask.performAutoSave$lambda$4(AutoSaveTask.kt:64)
	at org.alter.game.model.PawnList.forEach(PawnList.kt:35)
	at org.alter.game.task.AutoSaveTask.performAutoSave(AutoSaveTask.kt:55)
	at org.alter.game.task.AutoSaveTask.execute(AutoSaveTask.kt:40)
	at org.alter.game.service.GameService.cycle(GameService.kt:192)
	at java.base/java.util.concurrent.Executors$RunnableAdapter.call(Executors.java:539)
	at java.base/java.util.concurrent.FutureTask.runAndReset(FutureTask.java:305)
	at java.base/java.util.concurrent.ScheduledThreadPoolExecutor$ScheduledFutureTask.run(ScheduledThreadPoolExecutor.java:305)
	at java.base/java.util.concurrent.ThreadPoolExecutor.runWorker(ThreadPoolExecutor.java:1136)
	at java.base/java.util.concurrent.ThreadPoolExecutor$Worker.run(ThreadPoolExecutor.java:635)
	at java.base/java.lang.Thread.run(Thread.java:840)
[2025-11-15 23:37:12.084] ERROR org.alter.game.saving.PlayerSaving - Failed to serialize details for player Pnda 
java.lang.ClassCastException: List element cannot be cast to int
	at org.bson.Document.constructValuesList(Document.java:402)
	at org.bson.Document.getList(Document.java:369)
	at org.alter.game.saving.PlayerSaving.savePlayer(PlayerSaving.kt:56)
	at org.alter.game.task.AutoSaveTask.performAutoSave$lambda$4(AutoSaveTask.kt:64)
	at org.alter.game.model.PawnList.forEach(PawnList.kt:35)
	at org.alter.game.task.AutoSaveTask.performAutoSave(AutoSaveTask.kt:55)
	at org.alter.game.task.AutoSaveTask.execute(AutoSaveTask.kt:40)
	at org.alter.game.service.GameService.cycle(GameService.kt:192)
	at java.base/java.util.concurrent.Executors$RunnableAdapter.call(Executors.java:539)
	at java.base/java.util.concurrent.FutureTask.runAndReset(FutureTask.java:305)
	at java.base/java.util.concurrent.ScheduledThreadPoolExecutor$ScheduledFutureTask.run(ScheduledThreadPoolExecutor.java:305)
	at java.base/java.util.concurrent.ThreadPoolExecutor.runWorker(ThreadPoolExecutor.java:1136)
	at java.base/java.util.concurrent.ThreadPoolExecutor$Worker.run(ThreadPoolExecutor.java:635)
	at java.base/java.lang.Thread.run(Thread.java:840)
[2025-11-15 23:37:12.085] ERROR org.alter.game.saving.PlayerSaving - Failed to save player Pnda: List element cannot be cast to int 
java.lang.ClassCastException: List element cannot be cast to int
	at org.bson.Document.constructValuesList(Document.java:402)
	at org.bson.Document.getList(Document.java:369)
	at org.alter.game.saving.PlayerSaving.savePlayer(PlayerSaving.kt:56)
	at org.alter.game.task.AutoSaveTask.performAutoSave$lambda$4(AutoSaveTask.kt:64)
	at org.alter.game.model.PawnList.forEach(PawnList.kt:35)
	at org.alter.game.task.AutoSaveTask.performAutoSave(AutoSaveTask.kt:55)
	at org.alter.game.task.AutoSaveTask.execute(AutoSaveTask.kt:40)
	at org.alter.game.service.GameService.cycle(GameService.kt:192)
	at java.base/java.util.concurrent.Executors$RunnableAdapter.call(Executors.java:539)
	at java.base/java.util.concurrent.FutureTask.runAndReset(FutureTask.java:305)
	at java.base/java.util.concurrent.ScheduledThreadPoolExecutor$ScheduledFutureTask.run(ScheduledThreadPoolExecutor.java:305)
	at java.base/java.util.concurrent.ThreadPoolExecutor.runWorker(ThreadPoolExecutor.java:1136)
	at java.base/java.util.concurrent.ThreadPoolExecutor$Worker.run(ThreadPoolExecutor.java:635)
	at java.base/java.lang.Thread.run(Thread.java:840)
[2025-11-15 23:37:12.085] ERROR org.alter.game.task.AutoSaveTask - Failed to auto-save player 'Pnda': List element cannot be cast to int 
java.lang.ClassCastException: List element cannot be cast to int
	at org.bson.Document.constructValuesList(Document.java:402)
	at org.bson.Document.getList(Document.java:369)
	at org.alter.game.saving.PlayerSaving.savePlayer(PlayerSaving.kt:56)
	at org.alter.game.task.AutoSaveTask.performAutoSave$lambda$4(AutoSaveTask.kt:64)
	at org.alter.game.model.PawnList.forEach(PawnList.kt:35)
	at org.alter.game.task.AutoSaveTask.performAutoSave(AutoSaveTask.kt:55)
	at org.alter.game.task.AutoSaveTask.execute(AutoSaveTask.kt:40)
	at org.alter.game.service.GameService.cycle(GameService.kt:192)
	at java.base/java.util.concurrent.Executors$RunnableAdapter.call(Executors.java:539)
	at java.base/java.util.concurrent.FutureTask.runAndReset(FutureTask.java:305)
	at java.base/java.util.concurrent.ScheduledThreadPoolExecutor$ScheduledFutureTask.run(ScheduledThreadPoolExecutor.java:305)
	at java.base/java.util.concurrent.ThreadPoolExecutor.runWorker(ThreadPoolExecutor.java:1136)
	at java.base/java.util.concurrent.ThreadPoolExecutor$Worker.run(ThreadPoolExecutor.java:635)
	at java.base/java.lang.Thread.run(Thread.java:840)
[2025-11-15 23:37:12.085] WARN  org.alter.game.task.AutoSaveTask - Auto-save attempted but no players were saved (3 players online) 
[2025-11-15 23:37:12.085] INFO  org.alter.game.service.GameService - [Cycle time: 2ms] [Entities: 3p / 193n] [Map: 1683c / 27r / 0i] [Queues: 0p / 0n / 0w] [Mem usage: U=666MB / R=1128MB / M=8180MB]. 
[2025-11-15 23:37:18.681] INFO  org.alter.game.service.GameService - [Cycle time: 2ms] [Entities: 3p / 193n] [Map: 1683c / 27r / 0i] [Queues: 0p / 0n / 0w] [Mem usage: U=668MB / R=1128MB / M=8180MB]. 
[2025-11-15 23:37:25.270] INFO  org.alter.game.service.GameService - [Cycle time: 1ms] [Entities: 3p / 193n] [Map: 1683c / 27r / 0i] [Queues: 0p / 0n / 0w] [Mem usage: U=671MB / R=1128MB / M=8180MB]. 
[2025-11-15 23:37:31.872] INFO  org.alter.game.service.GameService - [Cycle time: 1ms] [Entities: 3p / 193n] [Map: 1683c / 27r / 0i] [Queues: 0p / 0n / 0w] [Mem usage: U=674MB / R=1128MB / M=8180MB]. 
[2025-11-15 23:37:38.483] INFO  org.alter.game.service.GameService - [Cycle time: 1ms] [Entities: 3p / 193n] [Map: 1683c / 27r / 0i] [Queues: 0p / 0n / 0w] [Mem usage: U=676MB / R=1128MB / M=8180MB]. 
[2025-11-15 23:37:42.087] ERROR org.alter.game.saving.PlayerSaving - Failed to serialize details for player DragonM 
java.lang.ClassCastException: List element cannot be cast to int
	at org.bson.Document.constructValuesList(Document.java:402)
	at org.bson.Document.getList(Document.java:369)
	at org.alter.game.saving.PlayerSaving.savePlayer(PlayerSaving.kt:56)
	at org.alter.game.task.AutoSaveTask.performAutoSave$lambda$4(AutoSaveTask.kt:64)
	at org.alter.game.model.PawnList.forEach(PawnList.kt:35)
	at org.alter.game.task.AutoSaveTask.performAutoSave(AutoSaveTask.kt:55)
	at org.alter.game.task.AutoSaveTask.execute(AutoSaveTask.kt:40)
	at org.alter.game.service.GameService.cycle(GameService.kt:192)
	at java.base/java.util.concurrent.Executors$RunnableAdapter.call(Executors.java:539)
	at java.base/java.util.concurrent.FutureTask.runAndReset(FutureTask.java:305)
	at java.base/java.util.concurrent.ScheduledThreadPoolExecutor$ScheduledFutureTask.run(ScheduledThreadPoolExecutor.java:305)
	at java.base/java.util.concurrent.ThreadPoolExecutor.runWorker(ThreadPoolExecutor.java:1136)
	at java.base/java.util.concurrent.ThreadPoolExecutor$Worker.run(ThreadPoolExecutor.java:635)
	at java.base/java.lang.Thread.run(Thread.java:840)
[2025-11-15 23:37:42.088] ERROR org.alter.game.saving.PlayerSaving - Failed to save player DragonM: List element cannot be cast to int 
java.lang.ClassCastException: List element cannot be cast to int
	at org.bson.Document.constructValuesList(Document.java:402)
	at org.bson.Document.getList(Document.java:369)
	at org.alter.game.saving.PlayerSaving.savePlayer(PlayerSaving.kt:56)
	at org.alter.game.task.AutoSaveTask.performAutoSave$lambda$4(AutoSaveTask.kt:64)
	at org.alter.game.model.PawnList.forEach(PawnList.kt:35)
	at org.alter.game.task.AutoSaveTask.performAutoSave(AutoSaveTask.kt:55)
	at org.alter.game.task.AutoSaveTask.execute(AutoSaveTask.kt:40)
	at org.alter.game.service.GameService.cycle(GameService.kt:192)
	at java.base/java.util.concurrent.Executors$RunnableAdapter.call(Executors.java:539)
	at java.base/java.util.concurrent.FutureTask.runAndReset(FutureTask.java:305)
	at java.base/java.util.concurrent.ScheduledThreadPoolExecutor$ScheduledFutureTask.run(ScheduledThreadPoolExecutor.java:305)
	at java.base/java.util.concurrent.ThreadPoolExecutor.runWorker(ThreadPoolExecutor.java:1136)
	at java.base/java.util.concurrent.ThreadPoolExecutor$Worker.run(ThreadPoolExecutor.java:635)
	at java.base/java.lang.Thread.run(Thread.java:840)
[2025-11-15 23:37:42.088] ERROR org.alter.game.task.AutoSaveTask - Failed to auto-save player 'DragonM': List element cannot be cast to int 
java.lang.ClassCastException: List element cannot be cast to int
	at org.bson.Document.constructValuesList(Document.java:402)
	at org.bson.Document.getList(Document.java:369)
	at org.alter.game.saving.PlayerSaving.savePlayer(PlayerSaving.kt:56)
	at org.alter.game.task.AutoSaveTask.performAutoSave$lambda$4(AutoSaveTask.kt:64)
	at org.alter.game.model.PawnList.forEach(PawnList.kt:35)
	at org.alter.game.task.AutoSaveTask.performAutoSave(AutoSaveTask.kt:55)
	at org.alter.game.task.AutoSaveTask.execute(AutoSaveTask.kt:40)
	at org.alter.game.service.GameService.cycle(GameService.kt:192)
	at java.base/java.util.concurrent.Executors$RunnableAdapter.call(Executors.java:539)
	at java.base/java.util.concurrent.FutureTask.runAndReset(FutureTask.java:305)
	at java.base/java.util.concurrent.ScheduledThreadPoolExecutor$ScheduledFutureTask.run(ScheduledThreadPoolExecutor.java:305)
	at java.base/java.util.concurrent.ThreadPoolExecutor.runWorker(ThreadPoolExecutor.java:1136)
	at java.base/java.util.concurrent.ThreadPoolExecutor$Worker.run(ThreadPoolExecutor.java:635)
	at java.base/java.lang.Thread.run(Thread.java:840)
[2025-11-15 23:37:42.088] ERROR org.alter.game.saving.PlayerSaving - Failed to serialize details for player SpideyM 
java.lang.ClassCastException: List element cannot be cast to int
	at org.bson.Document.constructValuesList(Document.java:402)
	at org.bson.Document.getList(Document.java:369)
	at org.alter.game.saving.PlayerSaving.savePlayer(PlayerSaving.kt:56)
	at org.alter.game.task.AutoSaveTask.performAutoSave$lambda$4(AutoSaveTask.kt:64)
	at org.alter.game.model.PawnList.forEach(PawnList.kt:35)
	at org.alter.game.task.AutoSaveTask.performAutoSave(AutoSaveTask.kt:55)
	at org.alter.game.task.AutoSaveTask.execute(AutoSaveTask.kt:40)
	at org.alter.game.service.GameService.cycle(GameService.kt:192)
	at java.base/java.util.concurrent.Executors$RunnableAdapter.call(Executors.java:539)
	at java.base/java.util.concurrent.FutureTask.runAndReset(FutureTask.java:305)
	at java.base/java.util.concurrent.ScheduledThreadPoolExecutor$ScheduledFutureTask.run(ScheduledThreadPoolExecutor.java:305)
	at java.base/java.util.concurrent.ThreadPoolExecutor.runWorker(ThreadPoolExecutor.java:1136)
	at java.base/java.util.concurrent.ThreadPoolExecutor$Worker.run(ThreadPoolExecutor.java:635)
	at java.base/java.lang.Thread.run(Thread.java:840)
[2025-11-15 23:37:42.088] ERROR org.alter.game.saving.PlayerSaving - Failed to save player SpideyM: List element cannot be cast to int 
java.lang.ClassCastException: List element cannot be cast to int
	at org.bson.Document.constructValuesList(Document.java:402)
	at org.bson.Document.getList(Document.java:369)
	at org.alter.game.saving.PlayerSaving.savePlayer(PlayerSaving.kt:56)
	at org.alter.game.task.AutoSaveTask.performAutoSave$lambda$4(AutoSaveTask.kt:64)
	at org.alter.game.model.PawnList.forEach(PawnList.kt:35)
	at org.alter.game.task.AutoSaveTask.performAutoSave(AutoSaveTask.kt:55)
	at org.alter.game.task.AutoSaveTask.execute(AutoSaveTask.kt:40)
	at org.alter.game.service.GameService.cycle(GameService.kt:192)
	at java.base/java.util.concurrent.Executors$RunnableAdapter.call(Executors.java:539)
	at java.base/java.util.concurrent.FutureTask.runAndReset(FutureTask.java:305)
	at java.base/java.util.concurrent.ScheduledThreadPoolExecutor$ScheduledFutureTask.run(ScheduledThreadPoolExecutor.java:305)
	at java.base/java.util.concurrent.ThreadPoolExecutor.runWorker(ThreadPoolExecutor.java:1136)
	at java.base/java.util.concurrent.ThreadPoolExecutor$Worker.run(ThreadPoolExecutor.java:635)
	at java.base/java.lang.Thread.run(Thread.java:840)
[2025-11-15 23:37:42.088] ERROR org.alter.game.task.AutoSaveTask - Failed to auto-save player 'SpideyM': List element cannot be cast to int 
java.lang.ClassCastException: List element cannot be cast to int
	at org.bson.Document.constructValuesList(Document.java:402)
	at org.bson.Document.getList(Document.java:369)
	at org.alter.game.saving.PlayerSaving.savePlayer(PlayerSaving.kt:56)
	at org.alter.game.task.AutoSaveTask.performAutoSave$lambda$4(AutoSaveTask.kt:64)
	at org.alter.game.model.PawnList.forEach(PawnList.kt:35)
	at org.alter.game.task.AutoSaveTask.performAutoSave(AutoSaveTask.kt:55)
	at org.alter.game.task.AutoSaveTask.execute(AutoSaveTask.kt:40)
	at org.alter.game.service.GameService.cycle(GameService.kt:192)
	at java.base/java.util.concurrent.Executors$RunnableAdapter.call(Executors.java:539)
	at java.base/java.util.concurrent.FutureTask.runAndReset(FutureTask.java:305)
	at java.base/java.util.concurrent.ScheduledThreadPoolExecutor$ScheduledFutureTask.run(ScheduledThreadPoolExecutor.java:305)
	at java.base/java.util.concurrent.ThreadPoolExecutor.runWorker(ThreadPoolExecutor.java:1136)
	at java.base/java.util.concurrent.ThreadPoolExecutor$Worker.run(ThreadPoolExecutor.java:635)
	at java.base/java.lang.Thread.run(Thread.java:840)
[2025-11-15 23:37:42.088] ERROR org.alter.game.saving.PlayerSaving - Failed to serialize details for player Pnda 
java.lang.ClassCastException: List element cannot be cast to int
	at org.bson.Document.constructValuesList(Document.java:402)
	at org.bson.Document.getList(Document.java:369)
	at org.alter.game.saving.PlayerSaving.savePlayer(PlayerSaving.kt:56)
	at org.alter.game.task.AutoSaveTask.performAutoSave$lambda$4(AutoSaveTask.kt:64)
	at org.alter.game.model.PawnList.forEach(PawnList.kt:35)
	at org.alter.game.task.AutoSaveTask.performAutoSave(AutoSaveTask.kt:55)
	at org.alter.game.task.AutoSaveTask.execute(AutoSaveTask.kt:40)
	at org.alter.game.service.GameService.cycle(GameService.kt:192)
	at java.base/java.util.concurrent.Executors$RunnableAdapter.call(Executors.java:539)
	at java.base/java.util.concurrent.FutureTask.runAndReset(FutureTask.java:305)
	at java.base/java.util.concurrent.ScheduledThreadPoolExecutor$ScheduledFutureTask.run(ScheduledThreadPoolExecutor.java:305)
	at java.base/java.util.concurrent.ThreadPoolExecutor.runWorker(ThreadPoolExecutor.java:1136)
	at java.base/java.util.concurrent.ThreadPoolExecutor$Worker.run(ThreadPoolExecutor.java:635)
	at java.base/java.lang.Thread.run(Thread.java:840)
[2025-11-15 23:37:42.089] ERROR org.alter.game.saving.PlayerSaving - Failed to save player Pnda: List element cannot be cast to int 
java.lang.ClassCastException: List element cannot be cast to int
	at org.bson.Document.constructValuesList(Document.java:402)
	at org.bson.Document.getList(Document.java:369)
	at org.alter.game.saving.PlayerSaving.savePlayer(PlayerSaving.kt:56)
	at org.alter.game.task.AutoSaveTask.performAutoSave$lambda$4(AutoSaveTask.kt:64)
	at org.alter.game.model.PawnList.forEach(PawnList.kt:35)
	at org.alter.game.task.AutoSaveTask.performAutoSave(AutoSaveTask.kt:55)
	at org.alter.game.task.AutoSaveTask.execute(AutoSaveTask.kt:40)
	at org.alter.game.service.GameService.cycle(GameService.kt:192)
	at java.base/java.util.concurrent.Executors$RunnableAdapter.call(Executors.java:539)
	at java.base/java.util.concurrent.FutureTask.runAndReset(FutureTask.java:305)
	at java.base/java.util.concurrent.ScheduledThreadPoolExecutor$ScheduledFutureTask.run(ScheduledThreadPoolExecutor.java:305)
	at java.base/java.util.concurrent.ThreadPoolExecutor.runWorker(ThreadPoolExecutor.java:1136)
	at java.base/java.util.concurrent.ThreadPoolExecutor$Worker.run(ThreadPoolExecutor.java:635)
	at java.base/java.lang.Thread.run(Thread.java:840)
[2025-11-15 23:37:42.090] ERROR org.alter.game.task.AutoSaveTask - Failed to auto-save player 'Pnda': List element cannot be cast to int 
java.lang.ClassCastException: List element cannot be cast to int
	at org.bson.Document.constructValuesList(Document.java:402)
	at org.bson.Document.getList(Document.java:369)
	at org.alter.game.saving.PlayerSaving.savePlayer(PlayerSaving.kt:56)
	at org.alter.game.task.AutoSaveTask.performAutoSave$lambda$4(AutoSaveTask.kt:64)
	at org.alter.game.model.PawnList.forEach(PawnList.kt:35)
	at org.alter.game.task.AutoSaveTask.performAutoSave(AutoSaveTask.kt:55)
	at org.alter.game.task.AutoSaveTask.execute(AutoSaveTask.kt:40)
	at org.alter.game.service.GameService.cycle(GameService.kt:192)
	at java.base/java.util.concurrent.Executors$RunnableAdapter.call(Executors.java:539)
	at java.base/java.util.concurrent.FutureTask.runAndReset(FutureTask.java:305)
	at java.base/java.util.concurrent.ScheduledThreadPoolExecutor$ScheduledFutureTask.run(ScheduledThreadPoolExecutor.java:305)
	at java.base/java.util.concurrent.ThreadPoolExecutor.runWorker(ThreadPoolExecutor.java:1136)
	at java.base/java.util.concurrent.ThreadPoolExecutor$Worker.run(ThreadPoolExecutor.java:635)
	at java.base/java.lang.Thread.run(Thread.java:840)
[2025-11-15 23:37:42.090] WARN  org.alter.game.task.AutoSaveTask - Auto-save attempted but no players were saved (3 players online) 
[2025-11-15 23:37:43.657] INFO  spark.webserver.MatcherFilter - The requested route [/world_list.ws] has not been mapped in Spark 
[2025-11-15 23:37:43.695] INFO  spark.webserver.MatcherFilter - The requested route [/jav_config.ws] has not been mapped in Spark 
[2025-11-15 23:37:45.082] INFO  org.alter.game.service.GameService - [Cycle time: 2ms] [Entities: 3p / 193n] [Map: 1683c / 27r / 0i] [Queues: 0p / 0n / 0w] [Mem usage: U=682MB / R=1128MB / M=8180MB]. 
[2025-11-15 23:37:47.784] WARN  o.a.g.s.impl.DetailSerialisation - Failed to load tile position for player DragonM: List element cannot be cast to int. Falling back to home location. 
[2025-11-15 23:37:47.784] WARN  o.a.g.s.impl.DetailSerialisation - Player DragonM position not found in save file (tile data: null), spawning at home location 
[2025-11-15 23:37:48.078] INFO  o.a.game.service.login.LoginWorker - User '{}' login denied with code {}. DragonM Duplicate 
[2025-11-15 23:37:51.678] INFO  org.alter.game.service.GameService - [Cycle time: 1ms] [Entities: 3p / 193n] [Map: 1683c / 27r / 0i] [Queues: 0p / 0n / 0w] [Mem usage: U=686MB / R=1128MB / M=8180MB]. 
[2025-11-15 23:37:56.204] INFO  spark.webserver.MatcherFilter - The requested route [/world_list.ws] has not been mapped in Spark 
[2025-11-15 23:37:56.240] INFO  spark.webserver.MatcherFilter - The requested route [/jav_config.ws] has not been mapped in Spark 
[2025-11-15 23:37:58.276] INFO  org.alter.game.service.GameService - [Cycle time: 1ms] [Entities: 3p / 193n] [Map: 1683c / 27r / 0i] [Queues: 0p / 0n / 0w] [Mem usage: U=690MB / R=1128MB / M=8180MB]. 
[2025-11-15 23:38:00.229] WARN  o.a.g.s.impl.DetailSerialisation - Failed to load tile position for player DragonM: List element cannot be cast to int. Falling back to home location. 
[2025-11-15 23:38:00.230] WARN  o.a.g.s.impl.DetailSerialisation - Player DragonM position not found in save file (tile data: null), spawning at home location 
[2025-11-15 23:38:00.256] INFO  spark.webserver.MatcherFilter - The requested route [/world_list.ws] has not been mapped in Spark 
[2025-11-15 23:38:00.293] INFO  spark.webserver.MatcherFilter - The requested route [/jav_config.ws] has not been mapped in Spark 
[2025-11-15 23:38:00.681] INFO  o.a.game.service.login.LoginWorker - User '{}' login denied with code {}. DragonM Duplicate 
[2025-11-15 23:38:04.880] INFO  org.alter.game.service.GameService - [Cycle time: 1ms] [Entities: 3p / 193n] [Map: 1683c / 27r / 0i] [Queues: 0p / 0n / 0w] [Mem usage: U=699MB / R=1128MB / M=8180MB]. 
[2025-11-15 23:38:05.482] WARN  o.a.g.s.impl.DetailSerialisation - Failed to load tile position for player SpideyM: List element cannot be cast to int. Falling back to home location. 
[2025-11-15 23:38:05.483] WARN  o.a.g.s.impl.DetailSerialisation - Player SpideyM position not found in save file (tile data: null), spawning at home location 
[2025-11-15 23:38:06.074] INFO  o.a.game.service.login.LoginWorker - User '{}' login denied with code {}. SpideyM Duplicate 
[2025-11-15 23:38:08.295] INFO  spark.webserver.MatcherFilter - The requested route [/world_list.ws] has not been mapped in Spark 
[2025-11-15 23:38:08.333] INFO  spark.webserver.MatcherFilter - The requested route [/jav_config.ws] has not been mapped in Spark 
[2025-11-15 23:38:11.480] INFO  org.alter.game.service.GameService - [Cycle time: 1ms] [Entities: 3p / 193n] [Map: 1683c / 27r / 0i] [Queues: 0p / 0n / 0w] [Mem usage: U=705MB / R=1128MB / M=8180MB]. 
[2025-11-15 23:38:12.079] ERROR org.alter.game.saving.PlayerSaving - Failed to serialize details for player DragonM 
java.lang.ClassCastException: List element cannot be cast to int
	at org.bson.Document.constructValuesList(Document.java:402)
	at org.bson.Document.getList(Document.java:369)
	at org.alter.game.saving.PlayerSaving.savePlayer(PlayerSaving.kt:56)
	at org.alter.game.task.AutoSaveTask.performAutoSave$lambda$4(AutoSaveTask.kt:64)
	at org.alter.game.model.PawnList.forEach(PawnList.kt:35)
	at org.alter.game.task.AutoSaveTask.performAutoSave(AutoSaveTask.kt:55)
	at org.alter.game.task.AutoSaveTask.execute(AutoSaveTask.kt:40)
	at org.alter.game.service.GameService.cycle(GameService.kt:192)
	at java.base/java.util.concurrent.Executors$RunnableAdapter.call(Executors.java:539)
	at java.base/java.util.concurrent.FutureTask.runAndReset(FutureTask.java:305)
	at java.base/java.util.concurrent.ScheduledThreadPoolExecutor$ScheduledFutureTask.run(ScheduledThreadPoolExecutor.java:305)
	at java.base/java.util.concurrent.ThreadPoolExecutor.runWorker(ThreadPoolExecutor.java:1136)
	at java.base/java.util.concurrent.ThreadPoolExecutor$Worker.run(ThreadPoolExecutor.java:635)
	at java.base/java.lang.Thread.run(Thread.java:840)
[2025-11-15 23:38:12.079] ERROR org.alter.game.saving.PlayerSaving - Failed to save player DragonM: List element cannot be cast to int 
java.lang.ClassCastException: List element cannot be cast to int
	at org.bson.Document.constructValuesList(Document.java:402)
	at org.bson.Document.getList(Document.java:369)
	at org.alter.game.saving.PlayerSaving.savePlayer(PlayerSaving.kt:56)
	at org.alter.game.task.AutoSaveTask.performAutoSave$lambda$4(AutoSaveTask.kt:64)
	at org.alter.game.model.PawnList.forEach(PawnList.kt:35)
	at org.alter.game.task.AutoSaveTask.performAutoSave(AutoSaveTask.kt:55)
	at org.alter.game.task.AutoSaveTask.execute(AutoSaveTask.kt:40)
	at org.alter.game.service.GameService.cycle(GameService.kt:192)
	at java.base/java.util.concurrent.Executors$RunnableAdapter.call(Executors.java:539)
	at java.base/java.util.concurrent.FutureTask.runAndReset(FutureTask.java:305)
	at java.base/java.util.concurrent.ScheduledThreadPoolExecutor$ScheduledFutureTask.run(ScheduledThreadPoolExecutor.java:305)
	at java.base/java.util.concurrent.ThreadPoolExecutor.runWorker(ThreadPoolExecutor.java:1136)
	at java.base/java.util.concurrent.ThreadPoolExecutor$Worker.run(ThreadPoolExecutor.java:635)
	at java.base/java.lang.Thread.run(Thread.java:840)
[2025-11-15 23:38:12.079] ERROR org.alter.game.task.AutoSaveTask - Failed to auto-save player 'DragonM': List element cannot be cast to int 
java.lang.ClassCastException: List element cannot be cast to int
	at org.bson.Document.constructValuesList(Document.java:402)
	at org.bson.Document.getList(Document.java:369)
	at org.alter.game.saving.PlayerSaving.savePlayer(PlayerSaving.kt:56)
	at org.alter.game.task.AutoSaveTask.performAutoSave$lambda$4(AutoSaveTask.kt:64)
	at org.alter.game.model.PawnList.forEach(PawnList.kt:35)
	at org.alter.game.task.AutoSaveTask.performAutoSave(AutoSaveTask.kt:55)
	at org.alter.game.task.AutoSaveTask.execute(AutoSaveTask.kt:40)
	at org.alter.game.service.GameService.cycle(GameService.kt:192)
	at java.base/java.util.concurrent.Executors$RunnableAdapter.call(Executors.java:539)
	at java.base/java.util.concurrent.FutureTask.runAndReset(FutureTask.java:305)
	at java.base/java.util.concurrent.ScheduledThreadPoolExecutor$ScheduledFutureTask.run(ScheduledThreadPoolExecutor.java:305)
	at java.base/java.util.concurrent.ThreadPoolExecutor.runWorker(ThreadPoolExecutor.java:1136)
	at java.base/java.util.concurrent.ThreadPoolExecutor$Worker.run(ThreadPoolExecutor.java:635)
	at java.base/java.lang.Thread.run(Thread.java:840)
[2025-11-15 23:38:12.079] ERROR org.alter.game.saving.PlayerSaving - Failed to serialize details for player SpideyM 
java.lang.ClassCastException: List element cannot be cast to int
	at org.bson.Document.constructValuesList(Document.java:402)
	at org.bson.Document.getList(Document.java:369)
	at org.alter.game.saving.PlayerSaving.savePlayer(PlayerSaving.kt:56)
	at org.alter.game.task.AutoSaveTask.performAutoSave$lambda$4(AutoSaveTask.kt:64)
	at org.alter.game.model.PawnList.forEach(PawnList.kt:35)
	at org.alter.game.task.AutoSaveTask.performAutoSave(AutoSaveTask.kt:55)
	at org.alter.game.task.AutoSaveTask.execute(AutoSaveTask.kt:40)
	at org.alter.game.service.GameService.cycle(GameService.kt:192)
	at java.base/java.util.concurrent.Executors$RunnableAdapter.call(Executors.java:539)
	at java.base/java.util.concurrent.FutureTask.runAndReset(FutureTask.java:305)
	at java.base/java.util.concurrent.ScheduledThreadPoolExecutor$ScheduledFutureTask.run(ScheduledThreadPoolExecutor.java:305)
	at java.base/java.util.concurrent.ThreadPoolExecutor.runWorker(ThreadPoolExecutor.java:1136)
	at java.base/java.util.concurrent.ThreadPoolExecutor$Worker.run(ThreadPoolExecutor.java:635)
	at java.base/java.lang.Thread.run(Thread.java:840)
[2025-11-15 23:38:12.080] ERROR org.alter.game.saving.PlayerSaving - Failed to save player SpideyM: List element cannot be cast to int 
java.lang.ClassCastException: List element cannot be cast to int
	at org.bson.Document.constructValuesList(Document.java:402)
	at org.bson.Document.getList(Document.java:369)
	at org.alter.game.saving.PlayerSaving.savePlayer(PlayerSaving.kt:56)
	at org.alter.game.task.AutoSaveTask.performAutoSave$lambda$4(AutoSaveTask.kt:64)
	at org.alter.game.model.PawnList.forEach(PawnList.kt:35)
	at org.alter.game.task.AutoSaveTask.performAutoSave(AutoSaveTask.kt:55)
	at org.alter.game.task.AutoSaveTask.execute(AutoSaveTask.kt:40)
	at org.alter.game.service.GameService.cycle(GameService.kt:192)
	at java.base/java.util.concurrent.Executors$RunnableAdapter.call(Executors.java:539)
	at java.base/java.util.concurrent.FutureTask.runAndReset(FutureTask.java:305)
	at java.base/java.util.concurrent.ScheduledThreadPoolExecutor$ScheduledFutureTask.run(ScheduledThreadPoolExecutor.java:305)
	at java.base/java.util.concurrent.ThreadPoolExecutor.runWorker(ThreadPoolExecutor.java:1136)
	at java.base/java.util.concurrent.ThreadPoolExecutor$Worker.run(ThreadPoolExecutor.java:635)
	at java.base/java.lang.Thread.run(Thread.java:840)
[2025-11-15 23:38:12.080] ERROR org.alter.game.task.AutoSaveTask - Failed to auto-save player 'SpideyM': List element cannot be cast to int 
java.lang.ClassCastException: List element cannot be cast to int
	at org.bson.Document.constructValuesList(Document.java:402)
	at org.bson.Document.getList(Document.java:369)
	at org.alter.game.saving.PlayerSaving.savePlayer(PlayerSaving.kt:56)
	at org.alter.game.task.AutoSaveTask.performAutoSave$lambda$4(AutoSaveTask.kt:64)
	at org.alter.game.model.PawnList.forEach(PawnList.kt:35)
	at org.alter.game.task.AutoSaveTask.performAutoSave(AutoSaveTask.kt:55)
	at org.alter.game.task.AutoSaveTask.execute(AutoSaveTask.kt:40)
	at org.alter.game.service.GameService.cycle(GameService.kt:192)
	at java.base/java.util.concurrent.Executors$RunnableAdapter.call(Executors.java:539)
	at java.base/java.util.concurrent.FutureTask.runAndReset(FutureTask.java:305)
	at java.base/java.util.concurrent.ScheduledThreadPoolExecutor$ScheduledFutureTask.run(ScheduledThreadPoolExecutor.java:305)
	at java.base/java.util.concurrent.ThreadPoolExecutor.runWorker(ThreadPoolExecutor.java:1136)
	at java.base/java.util.concurrent.ThreadPoolExecutor$Worker.run(ThreadPoolExecutor.java:635)
	at java.base/java.lang.Thread.run(Thread.java:840)
[2025-11-15 23:38:12.080] ERROR org.alter.game.saving.PlayerSaving - Failed to serialize details for player Pnda 
java.lang.ClassCastException: List element cannot be cast to int
	at org.bson.Document.constructValuesList(Document.java:402)
	at org.bson.Document.getList(Document.java:369)
	at org.alter.game.saving.PlayerSaving.savePlayer(PlayerSaving.kt:56)
	at org.alter.game.task.AutoSaveTask.performAutoSave$lambda$4(AutoSaveTask.kt:64)
	at org.alter.game.model.PawnList.forEach(PawnList.kt:35)
	at org.alter.game.task.AutoSaveTask.performAutoSave(AutoSaveTask.kt:55)
	at org.alter.game.task.AutoSaveTask.execute(AutoSaveTask.kt:40)
	at org.alter.game.service.GameService.cycle(GameService.kt:192)
	at java.base/java.util.concurrent.Executors$RunnableAdapter.call(Executors.java:539)
	at java.base/java.util.concurrent.FutureTask.runAndReset(FutureTask.java:305)
	at java.base/java.util.concurrent.ScheduledThreadPoolExecutor$ScheduledFutureTask.run(ScheduledThreadPoolExecutor.java:305)
	at java.base/java.util.concurrent.ThreadPoolExecutor.runWorker(ThreadPoolExecutor.java:1136)
	at java.base/java.util.concurrent.ThreadPoolExecutor$Worker.run(ThreadPoolExecutor.java:635)
	at java.base/java.lang.Thread.run(Thread.java:840)
[2025-11-15 23:38:12.080] ERROR org.alter.game.saving.PlayerSaving - Failed to save player Pnda: List element cannot be cast to int 
java.lang.ClassCastException: List element cannot be cast to int
	at org.bson.Document.constructValuesList(Document.java:402)
	at org.bson.Document.getList(Document.java:369)
	at org.alter.game.saving.PlayerSaving.savePlayer(PlayerSaving.kt:56)
	at org.alter.game.task.AutoSaveTask.performAutoSave$lambda$4(AutoSaveTask.kt:64)
	at org.alter.game.model.PawnList.forEach(PawnList.kt:35)
	at org.alter.game.task.AutoSaveTask.performAutoSave(AutoSaveTask.kt:55)
	at org.alter.game.task.AutoSaveTask.execute(AutoSaveTask.kt:40)
	at org.alter.game.service.GameService.cycle(GameService.kt:192)
	at java.base/java.util.concurrent.Executors$RunnableAdapter.call(Executors.java:539)
	at java.base/java.util.concurrent.FutureTask.runAndReset(FutureTask.java:305)
	at java.base/java.util.concurrent.ScheduledThreadPoolExecutor$ScheduledFutureTask.run(ScheduledThreadPoolExecutor.java:305)
	at java.base/java.util.concurrent.ThreadPoolExecutor.runWorker(ThreadPoolExecutor.java:1136)
	at java.base/java.util.concurrent.ThreadPoolExecutor$Worker.run(ThreadPoolExecutor.java:635)
	at java.base/java.lang.Thread.run(Thread.java:840)
[2025-11-15 23:38:12.080] ERROR org.alter.game.task.AutoSaveTask - Failed to auto-save player 'Pnda': List element cannot be cast to int 
java.lang.ClassCastException: List element cannot be cast to int
	at org.bson.Document.constructValuesList(Document.java:402)
	at org.bson.Document.getList(Document.java:369)
	at org.alter.game.saving.PlayerSaving.savePlayer(PlayerSaving.kt:56)
	at org.alter.game.task.AutoSaveTask.performAutoSave$lambda$4(AutoSaveTask.kt:64)
	at org.alter.game.model.PawnList.forEach(PawnList.kt:35)
	at org.alter.game.task.AutoSaveTask.performAutoSave(AutoSaveTask.kt:55)
	at org.alter.game.task.AutoSaveTask.execute(AutoSaveTask.kt:40)
	at org.alter.game.service.GameService.cycle(GameService.kt:192)
	at java.base/java.util.concurrent.Executors$RunnableAdapter.call(Executors.java:539)
	at java.base/java.util.concurrent.FutureTask.runAndReset(FutureTask.java:305)
	at java.base/java.util.concurrent.ScheduledThreadPoolExecutor$ScheduledFutureTask.run(ScheduledThreadPoolExecutor.java:305)
	at java.base/java.util.concurrent.ThreadPoolExecutor.runWorker(ThreadPoolExecutor.java:1136)
	at java.base/java.util.concurrent.ThreadPoolExecutor$Worker.run(ThreadPoolExecutor.java:635)
	at java.base/java.lang.Thread.run(Thread.java:840)
[2025-11-15 23:38:12.080] WARN  org.alter.game.task.AutoSaveTask - Auto-save attempted but no players were saved (3 players online) 
[2025-11-15 23:38:13.071] WARN  o.a.g.s.impl.DetailSerialisation - Failed to load tile position for player SpideyM: List element cannot be cast to int. Falling back to home location. 
[2025-11-15 23:38:13.071] WARN  o.a.g.s.impl.DetailSerialisation - Player SpideyM position not found in save file (tile data: null), spawning at home location 
[2025-11-15 23:38:13.271] INFO  o.a.game.service.login.LoginWorker - User '{}' login denied with code {}. SpideyM Duplicate 
[2025-11-15 23:38:16.077] INFO  spark.webserver.MatcherFilter - The requested route [/world_list.ws] has not been mapped in Spark 
[2025-11-15 23:38:16.113] INFO  spark.webserver.MatcherFilter - The requested route [/jav_config.ws] has not been mapped in Spark 
[2025-11-15 23:38:18.077] INFO  org.alter.game.service.GameService - [Cycle time: 2ms] [Entities: 3p / 193n] [Map: 1683c / 27r / 0i] [Queues: 0p / 0n / 0w] [Mem usage: U=711MB / R=1128MB / M=8180MB]. 
[2025-11-15 23:38:21.072] WARN  o.a.g.s.impl.DetailSerialisation - Failed to load tile position for player SpideyM: List element cannot be cast to int. Falling back to home location. 
[2025-11-15 23:38:21.073] WARN  o.a.g.s.impl.DetailSerialisation - Player SpideyM position not found in save file (tile data: null), spawning at home location 
[2025-11-15 23:38:21.682] INFO  o.a.game.service.login.LoginWorker - User '{}' login denied with code {}. SpideyM Duplicate 
[2025-11-15 23:38:24.408] INFO  spark.webserver.MatcherFilter - The requested route [/world_list.ws] has not been mapped in Spark 
[2025-11-15 23:38:24.673] INFO  org.alter.game.service.GameService - [Cycle time: 1ms] [Entities: 3p / 193n] [Map: 1683c / 27r / 0i] [Queues: 0p / 0n / 0w] [Mem usage: U=716MB / R=1128MB / M=8180MB]. 
[2025-11-15 23:38:31.276] INFO  org.alter.game.service.GameService - [Cycle time: 1ms] [Entities: 3p / 193n] [Map: 1683c / 27r / 0i] [Queues: 0p / 0n / 0w] [Mem usage: U=719MB / R=1128MB / M=8180MB]. 
[2025-11-15 23:38:37.881] INFO  org.alter.game.service.GameService - [Cycle time: 1ms] [Entities: 3p / 193n] [Map: 1683c / 27r / 0i] [Queues: 0p / 0n / 0w] [Mem usage: U=722MB / R=1128MB / M=8180MB]. 
[2025-11-15 23:38:42.076] ERROR org.alter.game.saving.PlayerSaving - Failed to serialize details for player DragonM 
java.lang.ClassCastException: List element cannot be cast to int
	at org.bson.Document.constructValuesList(Document.java:402)
	at org.bson.Document.getList(Document.java:369)
	at org.alter.game.saving.PlayerSaving.savePlayer(PlayerSaving.kt:56)
	at org.alter.game.task.AutoSaveTask.performAutoSave$lambda$4(AutoSaveTask.kt:64)
	at org.alter.game.model.PawnList.forEach(PawnList.kt:35)
	at org.alter.game.task.AutoSaveTask.performAutoSave(AutoSaveTask.kt:55)
	at org.alter.game.task.AutoSaveTask.execute(AutoSaveTask.kt:40)
	at org.alter.game.service.GameService.cycle(GameService.kt:192)
	at java.base/java.util.concurrent.Executors$RunnableAdapter.call(Executors.java:539)
	at java.base/java.util.concurrent.FutureTask.runAndReset(FutureTask.java:305)
	at java.base/java.util.concurrent.ScheduledThreadPoolExecutor$ScheduledFutureTask.run(ScheduledThreadPoolExecutor.java:305)
	at java.base/java.util.concurrent.ThreadPoolExecutor.runWorker(ThreadPoolExecutor.java:1136)
	at java.base/java.util.concurrent.ThreadPoolExecutor$Worker.run(ThreadPoolExecutor.java:635)
	at java.base/java.lang.Thread.run(Thread.java:840)
[2025-11-15 23:38:42.076] ERROR org.alter.game.saving.PlayerSaving - Failed to save player DragonM: List element cannot be cast to int 
java.lang.ClassCastException: List element cannot be cast to int
	at org.bson.Document.constructValuesList(Document.java:402)
	at org.bson.Document.getList(Document.java:369)
	at org.alter.game.saving.PlayerSaving.savePlayer(PlayerSaving.kt:56)
	at org.alter.game.task.AutoSaveTask.performAutoSave$lambda$4(AutoSaveTask.kt:64)
	at org.alter.game.model.PawnList.forEach(PawnList.kt:35)
	at org.alter.game.task.AutoSaveTask.performAutoSave(AutoSaveTask.kt:55)
	at org.alter.game.task.AutoSaveTask.execute(AutoSaveTask.kt:40)
	at org.alter.game.service.GameService.cycle(GameService.kt:192)
	at java.base/java.util.concurrent.Executors$RunnableAdapter.call(Executors.java:539)
	at java.base/java.util.concurrent.FutureTask.runAndReset(FutureTask.java:305)
	at java.base/java.util.concurrent.ScheduledThreadPoolExecutor$ScheduledFutureTask.run(ScheduledThreadPoolExecutor.java:305)
	at java.base/java.util.concurrent.ThreadPoolExecutor.runWorker(ThreadPoolExecutor.java:1136)
	at java.base/java.util.concurrent.ThreadPoolExecutor$Worker.run(ThreadPoolExecutor.java:635)
	at java.base/java.lang.Thread.run(Thread.java:840)
[2025-11-15 23:38:42.076] ERROR org.alter.game.task.AutoSaveTask - Failed to auto-save player 'DragonM': List element cannot be cast to int 
java.lang.ClassCastException: List element cannot be cast to int
	at org.bson.Document.constructValuesList(Document.java:402)
	at org.bson.Document.getList(Document.java:369)
	at org.alter.game.saving.PlayerSaving.savePlayer(PlayerSaving.kt:56)
	at org.alter.game.task.AutoSaveTask.performAutoSave$lambda$4(AutoSaveTask.kt:64)
	at org.alter.game.model.PawnList.forEach(PawnList.kt:35)
	at org.alter.game.task.AutoSaveTask.performAutoSave(AutoSaveTask.kt:55)
	at org.alter.game.task.AutoSaveTask.execute(AutoSaveTask.kt:40)
	at org.alter.game.service.GameService.cycle(GameService.kt:192)
	at java.base/java.util.concurrent.Executors$RunnableAdapter.call(Executors.java:539)
	at java.base/java.util.concurrent.FutureTask.runAndReset(FutureTask.java:305)
	at java.base/java.util.concurrent.ScheduledThreadPoolExecutor$ScheduledFutureTask.run(ScheduledThreadPoolExecutor.java:305)
	at java.base/java.util.concurrent.ThreadPoolExecutor.runWorker(ThreadPoolExecutor.java:1136)
	at java.base/java.util.concurrent.ThreadPoolExecutor$Worker.run(ThreadPoolExecutor.java:635)
	at java.base/java.lang.Thread.run(Thread.java:840)
[2025-11-15 23:38:42.076] ERROR org.alter.game.saving.PlayerSaving - Failed to serialize details for player SpideyM 
java.lang.ClassCastException: List element cannot be cast to int
	at org.bson.Document.constructValuesList(Document.java:402)
	at org.bson.Document.getList(Document.java:369)
	at org.alter.game.saving.PlayerSaving.savePlayer(PlayerSaving.kt:56)
	at org.alter.game.task.AutoSaveTask.performAutoSave$lambda$4(AutoSaveTask.kt:64)
	at org.alter.game.model.PawnList.forEach(PawnList.kt:35)
	at org.alter.game.task.AutoSaveTask.performAutoSave(AutoSaveTask.kt:55)
	at org.alter.game.task.AutoSaveTask.execute(AutoSaveTask.kt:40)
	at org.alter.game.service.GameService.cycle(GameService.kt:192)
	at java.base/java.util.concurrent.Executors$RunnableAdapter.call(Executors.java:539)
	at java.base/java.util.concurrent.FutureTask.runAndReset(FutureTask.java:305)
	at java.base/java.util.concurrent.ScheduledThreadPoolExecutor$ScheduledFutureTask.run(ScheduledThreadPoolExecutor.java:305)
	at java.base/java.util.concurrent.ThreadPoolExecutor.runWorker(ThreadPoolExecutor.java:1136)
	at java.base/java.util.concurrent.ThreadPoolExecutor$Worker.run(ThreadPoolExecutor.java:635)
	at java.base/java.lang.Thread.run(Thread.java:840)
[2025-11-15 23:38:42.076] ERROR org.alter.game.saving.PlayerSaving - Failed to save player SpideyM: List element cannot be cast to int 
java.lang.ClassCastException: List element cannot be cast to int
	at org.bson.Document.constructValuesList(Document.java:402)
	at org.bson.Document.getList(Document.java:369)
	at org.alter.game.saving.PlayerSaving.savePlayer(PlayerSaving.kt:56)
	at org.alter.game.task.AutoSaveTask.performAutoSave$lambda$4(AutoSaveTask.kt:64)
	at org.alter.game.model.PawnList.forEach(PawnList.kt:35)
	at org.alter.game.task.AutoSaveTask.performAutoSave(AutoSaveTask.kt:55)
	at org.alter.game.task.AutoSaveTask.execute(AutoSaveTask.kt:40)
	at org.alter.game.service.GameService.cycle(GameService.kt:192)
	at java.base/java.util.concurrent.Executors$RunnableAdapter.call(Executors.java:539)
	at java.base/java.util.concurrent.FutureTask.runAndReset(FutureTask.java:305)
	at java.base/java.util.concurrent.ScheduledThreadPoolExecutor$ScheduledFutureTask.run(ScheduledThreadPoolExecutor.java:305)
	at java.base/java.util.concurrent.ThreadPoolExecutor.runWorker(ThreadPoolExecutor.java:1136)
	at java.base/java.util.concurrent.ThreadPoolExecutor$Worker.run(ThreadPoolExecutor.java:635)
	at java.base/java.lang.Thread.run(Thread.java:840)
[2025-11-15 23:38:42.076] ERROR org.alter.game.task.AutoSaveTask - Failed to auto-save player 'SpideyM': List element cannot be cast to int 
java.lang.ClassCastException: List element cannot be cast to int
	at org.bson.Document.constructValuesList(Document.java:402)
	at org.bson.Document.getList(Document.java:369)
	at org.alter.game.saving.PlayerSaving.savePlayer(PlayerSaving.kt:56)
	at org.alter.game.task.AutoSaveTask.performAutoSave$lambda$4(AutoSaveTask.kt:64)
	at org.alter.game.model.PawnList.forEach(PawnList.kt:35)
	at org.alter.game.task.AutoSaveTask.performAutoSave(AutoSaveTask.kt:55)
	at org.alter.game.task.AutoSaveTask.execute(AutoSaveTask.kt:40)
	at org.alter.game.service.GameService.cycle(GameService.kt:192)
	at java.base/java.util.concurrent.Executors$RunnableAdapter.call(Executors.java:539)
	at java.base/java.util.concurrent.FutureTask.runAndReset(FutureTask.java:305)
	at java.base/java.util.concurrent.ScheduledThreadPoolExecutor$ScheduledFutureTask.run(ScheduledThreadPoolExecutor.java:305)
	at java.base/java.util.concurrent.ThreadPoolExecutor.runWorker(ThreadPoolExecutor.java:1136)
	at java.base/java.util.concurrent.ThreadPoolExecutor$Worker.run(ThreadPoolExecutor.java:635)
	at java.base/java.lang.Thread.run(Thread.java:840)
[2025-11-15 23:38:42.076] ERROR org.alter.game.saving.PlayerSaving - Failed to serialize details for player Pnda 
java.lang.ClassCastException: List element cannot be cast to int
	at org.bson.Document.constructValuesList(Document.java:402)
	at org.bson.Document.getList(Document.java:369)
	at org.alter.game.saving.PlayerSaving.savePlayer(PlayerSaving.kt:56)
	at org.alter.game.task.AutoSaveTask.performAutoSave$lambda$4(AutoSaveTask.kt:64)
	at org.alter.game.model.PawnList.forEach(PawnList.kt:35)
	at org.alter.game.task.AutoSaveTask.performAutoSave(AutoSaveTask.kt:55)
	at org.alter.game.task.AutoSaveTask.execute(AutoSaveTask.kt:40)
	at org.alter.game.service.GameService.cycle(GameService.kt:192)
	at java.base/java.util.concurrent.Executors$RunnableAdapter.call(Executors.java:539)
	at java.base/java.util.concurrent.FutureTask.runAndReset(FutureTask.java:305)
	at java.base/java.util.concurrent.ScheduledThreadPoolExecutor$ScheduledFutureTask.run(ScheduledThreadPoolExecutor.java:305)
	at java.base/java.util.concurrent.ThreadPoolExecutor.runWorker(ThreadPoolExecutor.java:1136)
	at java.base/java.util.concurrent.ThreadPoolExecutor$Worker.run(ThreadPoolExecutor.java:635)
	at java.base/java.lang.Thread.run(Thread.java:840)
[2025-11-15 23:38:42.076] ERROR org.alter.game.saving.PlayerSaving - Failed to save player Pnda: List element cannot be cast to int 
java.lang.ClassCastException: List element cannot be cast to int
	at org.bson.Document.constructValuesList(Document.java:402)
	at org.bson.Document.getList(Document.java:369)
	at org.alter.game.saving.PlayerSaving.savePlayer(PlayerSaving.kt:56)
	at org.alter.game.task.AutoSaveTask.performAutoSave$lambda$4(AutoSaveTask.kt:64)
	at org.alter.game.model.PawnList.forEach(PawnList.kt:35)
	at org.alter.game.task.AutoSaveTask.performAutoSave(AutoSaveTask.kt:55)
	at org.alter.game.task.AutoSaveTask.execute(AutoSaveTask.kt:40)
	at org.alter.game.service.GameService.cycle(GameService.kt:192)
	at java.base/java.util.concurrent.Executors$RunnableAdapter.call(Executors.java:539)
	at java.base/java.util.concurrent.FutureTask.runAndReset(FutureTask.java:305)
	at java.base/java.util.concurrent.ScheduledThreadPoolExecutor$ScheduledFutureTask.run(ScheduledThreadPoolExecutor.java:305)
	at java.base/java.util.concurrent.ThreadPoolExecutor.runWorker(ThreadPoolExecutor.java:1136)
	at java.base/java.util.concurrent.ThreadPoolExecutor$Worker.run(ThreadPoolExecutor.java:635)
	at java.base/java.lang.Thread.run(Thread.java:840)
[2025-11-15 23:38:42.077] ERROR org.alter.game.task.AutoSaveTask - Failed to auto-save player 'Pnda': List element cannot be cast to int 
java.lang.ClassCastException: List element cannot be cast to int
	at org.bson.Document.constructValuesList(Document.java:402)
	at org.bson.Document.getList(Document.java:369)
	at org.alter.game.saving.PlayerSaving.savePlayer(PlayerSaving.kt:56)
	at org.alter.game.task.AutoSaveTask.performAutoSave$lambda$4(AutoSaveTask.kt:64)
	at org.alter.game.model.PawnList.forEach(PawnList.kt:35)
	at org.alter.game.task.AutoSaveTask.performAutoSave(AutoSaveTask.kt:55)
	at org.alter.game.task.AutoSaveTask.execute(AutoSaveTask.kt:40)
	at org.alter.game.service.GameService.cycle(GameService.kt:192)
	at java.base/java.util.concurrent.Executors$RunnableAdapter.call(Executors.java:539)
	at java.base/java.util.concurrent.FutureTask.runAndReset(FutureTask.java:305)
	at java.base/java.util.concurrent.ScheduledThreadPoolExecutor$ScheduledFutureTask.run(ScheduledThreadPoolExecutor.java:305)
	at java.base/java.util.concurrent.ThreadPoolExecutor.runWorker(ThreadPoolExecutor.java:1136)
	at java.base/java.util.concurrent.ThreadPoolExecutor$Worker.run(ThreadPoolExecutor.java:635)
	at java.base/java.lang.Thread.run(Thread.java:840)
[2025-11-15 23:38:42.077] WARN  org.alter.game.task.AutoSaveTask - Auto-save attempted but no players were saved (3 players online) 
[2025-11-15 23:38:42.735] INFO  spark.webserver.MatcherFilter - The requested route [/world_list.ws] has not been mapped in Spark 
[2025-11-15 23:38:42.772] INFO  spark.webserver.MatcherFilter - The requested route [/jav_config.ws] has not been mapped in Spark 
[2025-11-15 23:38:44.470] INFO  org.alter.game.service.GameService - [Cycle time: 1ms] [Entities: 3p / 193n] [Map: 1683c / 27r / 0i] [Queues: 0p / 0n / 0w] [Mem usage: U=725MB / R=1128MB / M=8180MB]. 
[2025-11-15 23:38:47.235] WARN  o.a.g.s.impl.DetailSerialisation - Failed to load tile position for player SpideyM: List element cannot be cast to int. Falling back to home location. 
[2025-11-15 23:38:47.235] WARN  o.a.g.s.impl.DetailSerialisation - Player SpideyM position not found in save file (tile data: null), spawning at home location 
[2025-11-15 23:38:47.471] INFO  o.a.game.service.login.LoginWorker - User '{}' login denied with code {}. SpideyM Duplicate 
[2025-11-15 23:38:48.420] INFO  spark.webserver.MatcherFilter - The requested route [/world_list.ws] has not been mapped in Spark 
[2025-11-15 23:38:51.080] INFO  org.alter.game.service.GameService - [Cycle time: 1ms] [Entities: 3p / 193n] [Map: 1683c / 27r / 0i] [Queues: 0p / 0n / 0w] [Mem usage: U=731MB / R=1128MB / M=8180MB]. 
[2025-11-15 23:38:51.752] INFO  spark.webserver.MatcherFilter - The requested route [/jav_config.ws] has not been mapped in Spark 
[2025-11-15 23:38:56.340] WARN  o.a.g.s.impl.DetailSerialisation - Failed to load tile position for player SpideyM: List element cannot be cast to int. Falling back to home location. 
[2025-11-15 23:38:56.341] WARN  o.a.g.s.impl.DetailSerialisation - Player SpideyM position not found in save file (tile data: null), spawning at home location 
[2025-11-15 23:38:56.475] INFO  o.a.game.service.login.LoginWorker - User '{}' login denied with code {}. SpideyM Duplicate 
[2025-11-15 23:38:57.682] INFO  org.alter.game.service.GameService - [Cycle time: 2ms] [Entities: 3p / 193n] [Map: 1683c / 27r / 0i] [Queues: 0p / 0n / 0w] [Mem usage: U=738MB / R=1128MB / M=8180MB]. 
[2025-11-15 23:39:02.995] INFO  spark.webserver.MatcherFilter - The requested route [/world_list.ws] has not been mapped in Spark 
[2025-11-15 23:39:03.044] INFO  spark.webserver.MatcherFilter - The requested route [/jav_config.ws] has not been mapped in Spark 
[2025-11-15 23:39:04.283] INFO  org.alter.game.service.GameService - [Cycle time: 1ms] [Entities: 3p / 193n] [Map: 1683c / 27r / 0i] [Queues: 0p / 0n / 0w] [Mem usage: U=742MB / R=1128MB / M=8180MB]. 
[2025-11-15 23:39:08.672] WARN  o.a.g.s.impl.DetailSerialisation - Failed to load tile position for player SpideyM: List element cannot be cast to int. Falling back to home location. 
[2025-11-15 23:39:08.672] WARN  o.a.g.s.impl.DetailSerialisation - Player SpideyM position not found in save file (tile data: null), spawning at home location 
[2025-11-15 23:39:09.079] INFO  o.a.game.service.login.LoginWorker - User '{}' login denied with code {}. SpideyM Duplicate 
[2025-11-15 23:39:10.878] INFO  org.alter.game.service.GameService - [Cycle time: 1ms] [Entities: 3p / 193n] [Map: 1683c / 27r / 0i] [Queues: 0p / 0n / 0w] [Mem usage: U=747MB / R=1128MB / M=8180MB]. 
[2025-11-15 23:39:12.071] ERROR org.alter.game.saving.PlayerSaving - Failed to serialize details for player DragonM 
java.lang.ClassCastException: List element cannot be cast to int
	at org.bson.Document.constructValuesList(Document.java:402)
	at org.bson.Document.getList(Document.java:369)
	at org.alter.game.saving.PlayerSaving.savePlayer(PlayerSaving.kt:56)
	at org.alter.game.task.AutoSaveTask.performAutoSave$lambda$4(AutoSaveTask.kt:64)
	at org.alter.game.model.PawnList.forEach(PawnList.kt:35)
	at org.alter.game.task.AutoSaveTask.performAutoSave(AutoSaveTask.kt:55)
	at org.alter.game.task.AutoSaveTask.execute(AutoSaveTask.kt:40)
	at org.alter.game.service.GameService.cycle(GameService.kt:192)
	at java.base/java.util.concurrent.Executors$RunnableAdapter.call(Executors.java:539)
	at java.base/java.util.concurrent.FutureTask.runAndReset(FutureTask.java:305)
	at java.base/java.util.concurrent.ScheduledThreadPoolExecutor$ScheduledFutureTask.run(ScheduledThreadPoolExecutor.java:305)
	at java.base/java.util.concurrent.ThreadPoolExecutor.runWorker(ThreadPoolExecutor.java:1136)
	at java.base/java.util.concurrent.ThreadPoolExecutor$Worker.run(ThreadPoolExecutor.java:635)
	at java.base/java.lang.Thread.run(Thread.java:840)
[2025-11-15 23:39:12.071] ERROR org.alter.game.saving.PlayerSaving - Failed to save player DragonM: List element cannot be cast to int 
java.lang.ClassCastException: List element cannot be cast to int
	at org.bson.Document.constructValuesList(Document.java:402)
	at org.bson.Document.getList(Document.java:369)
	at org.alter.game.saving.PlayerSaving.savePlayer(PlayerSaving.kt:56)
	at org.alter.game.task.AutoSaveTask.performAutoSave$lambda$4(AutoSaveTask.kt:64)
	at org.alter.game.model.PawnList.forEach(PawnList.kt:35)
	at org.alter.game.task.AutoSaveTask.performAutoSave(AutoSaveTask.kt:55)
	at org.alter.game.task.AutoSaveTask.execute(AutoSaveTask.kt:40)
	at org.alter.game.service.GameService.cycle(GameService.kt:192)
	at java.base/java.util.concurrent.Executors$RunnableAdapter.call(Executors.java:539)
	at java.base/java.util.concurrent.FutureTask.runAndReset(FutureTask.java:305)
	at java.base/java.util.concurrent.ScheduledThreadPoolExecutor$ScheduledFutureTask.run(ScheduledThreadPoolExecutor.java:305)
	at java.base/java.util.concurrent.ThreadPoolExecutor.runWorker(ThreadPoolExecutor.java:1136)
	at java.base/java.util.concurrent.ThreadPoolExecutor$Worker.run(ThreadPoolExecutor.java:635)
	at java.base/java.lang.Thread.run(Thread.java:840)
[2025-11-15 23:39:12.071] ERROR org.alter.game.task.AutoSaveTask - Failed to auto-save player 'DragonM': List element cannot be cast to int 
java.lang.ClassCastException: List element cannot be cast to int
	at org.bson.Document.constructValuesList(Document.java:402)
	at org.bson.Document.getList(Document.java:369)
	at org.alter.game.saving.PlayerSaving.savePlayer(PlayerSaving.kt:56)
	at org.alter.game.task.AutoSaveTask.performAutoSave$lambda$4(AutoSaveTask.kt:64)
	at org.alter.game.model.PawnList.forEach(PawnList.kt:35)
	at org.alter.game.task.AutoSaveTask.performAutoSave(AutoSaveTask.kt:55)
	at org.alter.game.task.AutoSaveTask.execute(AutoSaveTask.kt:40)
	at org.alter.game.service.GameService.cycle(GameService.kt:192)
	at java.base/java.util.concurrent.Executors$RunnableAdapter.call(Executors.java:539)
	at java.base/java.util.concurrent.FutureTask.runAndReset(FutureTask.java:305)
	at java.base/java.util.concurrent.ScheduledThreadPoolExecutor$ScheduledFutureTask.run(ScheduledThreadPoolExecutor.java:305)
	at java.base/java.util.concurrent.ThreadPoolExecutor.runWorker(ThreadPoolExecutor.java:1136)
	at java.base/java.util.concurrent.ThreadPoolExecutor$Worker.run(ThreadPoolExecutor.java:635)
	at java.base/java.lang.Thread.run(Thread.java:840)
[2025-11-15 23:39:12.071] ERROR org.alter.game.saving.PlayerSaving - Failed to serialize details for player SpideyM 
java.lang.ClassCastException: List element cannot be cast to int
	at org.bson.Document.constructValuesList(Document.java:402)
	at org.bson.Document.getList(Document.java:369)
	at org.alter.game.saving.PlayerSaving.savePlayer(PlayerSaving.kt:56)
	at org.alter.game.task.AutoSaveTask.performAutoSave$lambda$4(AutoSaveTask.kt:64)
	at org.alter.game.model.PawnList.forEach(PawnList.kt:35)
	at org.alter.game.task.AutoSaveTask.performAutoSave(AutoSaveTask.kt:55)
	at org.alter.game.task.AutoSaveTask.execute(AutoSaveTask.kt:40)
	at org.alter.game.service.GameService.cycle(GameService.kt:192)
	at java.base/java.util.concurrent.Executors$RunnableAdapter.call(Executors.java:539)
	at java.base/java.util.concurrent.FutureTask.runAndReset(FutureTask.java:305)
	at java.base/java.util.concurrent.ScheduledThreadPoolExecutor$ScheduledFutureTask.run(ScheduledThreadPoolExecutor.java:305)
	at java.base/java.util.concurrent.ThreadPoolExecutor.runWorker(ThreadPoolExecutor.java:1136)
	at java.base/java.util.concurrent.ThreadPoolExecutor$Worker.run(ThreadPoolExecutor.java:635)
	at java.base/java.lang.Thread.run(Thread.java:840)
[2025-11-15 23:39:12.072] ERROR org.alter.game.saving.PlayerSaving - Failed to save player SpideyM: List element cannot be cast to int 
java.lang.ClassCastException: List element cannot be cast to int
	at org.bson.Document.constructValuesList(Document.java:402)
	at org.bson.Document.getList(Document.java:369)
	at org.alter.game.saving.PlayerSaving.savePlayer(PlayerSaving.kt:56)
	at org.alter.game.task.AutoSaveTask.performAutoSave$lambda$4(AutoSaveTask.kt:64)
	at org.alter.game.model.PawnList.forEach(PawnList.kt:35)
	at org.alter.game.task.AutoSaveTask.performAutoSave(AutoSaveTask.kt:55)
	at org.alter.game.task.AutoSaveTask.execute(AutoSaveTask.kt:40)
	at org.alter.game.service.GameService.cycle(GameService.kt:192)
	at java.base/java.util.concurrent.Executors$RunnableAdapter.call(Executors.java:539)
	at java.base/java.util.concurrent.FutureTask.runAndReset(FutureTask.java:305)
	at java.base/java.util.concurrent.ScheduledThreadPoolExecutor$ScheduledFutureTask.run(ScheduledThreadPoolExecutor.java:305)
	at java.base/java.util.concurrent.ThreadPoolExecutor.runWorker(ThreadPoolExecutor.java:1136)
	at java.base/java.util.concurrent.ThreadPoolExecutor$Worker.run(ThreadPoolExecutor.java:635)
	at java.base/java.lang.Thread.run(Thread.java:840)
[2025-11-15 23:39:12.072] ERROR org.alter.game.task.AutoSaveTask - Failed to auto-save player 'SpideyM': List element cannot be cast to int 
java.lang.ClassCastException: List element cannot be cast to int
	at org.bson.Document.constructValuesList(Document.java:402)
	at org.bson.Document.getList(Document.java:369)
	at org.alter.game.saving.PlayerSaving.savePlayer(PlayerSaving.kt:56)
	at org.alter.game.task.AutoSaveTask.performAutoSave$lambda$4(AutoSaveTask.kt:64)
	at org.alter.game.model.PawnList.forEach(PawnList.kt:35)
	at org.alter.game.task.AutoSaveTask.performAutoSave(AutoSaveTask.kt:55)
	at org.alter.game.task.AutoSaveTask.execute(AutoSaveTask.kt:40)
	at org.alter.game.service.GameService.cycle(GameService.kt:192)
	at java.base/java.util.concurrent.Executors$RunnableAdapter.call(Executors.java:539)
	at java.base/java.util.concurrent.FutureTask.runAndReset(FutureTask.java:305)
	at java.base/java.util.concurrent.ScheduledThreadPoolExecutor$ScheduledFutureTask.run(ScheduledThreadPoolExecutor.java:305)
	at java.base/java.util.concurrent.ThreadPoolExecutor.runWorker(ThreadPoolExecutor.java:1136)
	at java.base/java.util.concurrent.ThreadPoolExecutor$Worker.run(ThreadPoolExecutor.java:635)
	at java.base/java.lang.Thread.run(Thread.java:840)
[2025-11-15 23:39:12.072] ERROR org.alter.game.saving.PlayerSaving - Failed to serialize details for player Pnda 
java.lang.ClassCastException: List element cannot be cast to int
	at org.bson.Document.constructValuesList(Document.java:402)
	at org.bson.Document.getList(Document.java:369)
	at org.alter.game.saving.PlayerSaving.savePlayer(PlayerSaving.kt:56)
	at org.alter.game.task.AutoSaveTask.performAutoSave$lambda$4(AutoSaveTask.kt:64)
	at org.alter.game.model.PawnList.forEach(PawnList.kt:35)
	at org.alter.game.task.AutoSaveTask.performAutoSave(AutoSaveTask.kt:55)
	at org.alter.game.task.AutoSaveTask.execute(AutoSaveTask.kt:40)
	at org.alter.game.service.GameService.cycle(GameService.kt:192)
	at java.base/java.util.concurrent.Executors$RunnableAdapter.call(Executors.java:539)
	at java.base/java.util.concurrent.FutureTask.runAndReset(FutureTask.java:305)
	at java.base/java.util.concurrent.ScheduledThreadPoolExecutor$ScheduledFutureTask.run(ScheduledThreadPoolExecutor.java:305)
	at java.base/java.util.concurrent.ThreadPoolExecutor.runWorker(ThreadPoolExecutor.java:1136)
	at java.base/java.util.concurrent.ThreadPoolExecutor$Worker.run(ThreadPoolExecutor.java:635)
	at java.base/java.lang.Thread.run(Thread.java:840)
[2025-11-15 23:39:12.072] ERROR org.alter.game.saving.PlayerSaving - Failed to save player Pnda: List element cannot be cast to int 
java.lang.ClassCastException: List element cannot be cast to int
	at org.bson.Document.constructValuesList(Document.java:402)
	at org.bson.Document.getList(Document.java:369)
	at org.alter.game.saving.PlayerSaving.savePlayer(PlayerSaving.kt:56)
	at org.alter.game.task.AutoSaveTask.performAutoSave$lambda$4(AutoSaveTask.kt:64)
	at org.alter.game.model.PawnList.forEach(PawnList.kt:35)
	at org.alter.game.task.AutoSaveTask.performAutoSave(AutoSaveTask.kt:55)
	at org.alter.game.task.AutoSaveTask.execute(AutoSaveTask.kt:40)
	at org.alter.game.service.GameService.cycle(GameService.kt:192)
	at java.base/java.util.concurrent.Executors$RunnableAdapter.call(Executors.java:539)
	at java.base/java.util.concurrent.FutureTask.runAndReset(FutureTask.java:305)
	at java.base/java.util.concurrent.ScheduledThreadPoolExecutor$ScheduledFutureTask.run(ScheduledThreadPoolExecutor.java:305)
	at java.base/java.util.concurrent.ThreadPoolExecutor.runWorker(ThreadPoolExecutor.java:1136)
	at java.base/java.util.concurrent.ThreadPoolExecutor$Worker.run(ThreadPoolExecutor.java:635)
	at java.base/java.lang.Thread.run(Thread.java:840)
[2025-11-15 23:39:12.072] ERROR org.alter.game.task.AutoSaveTask - Failed to auto-save player 'Pnda': List element cannot be cast to int 
java.lang.ClassCastException: List element cannot be cast to int
	at org.bson.Document.constructValuesList(Document.java:402)
	at org.bson.Document.getList(Document.java:369)
	at org.alter.game.saving.PlayerSaving.savePlayer(PlayerSaving.kt:56)
	at org.alter.game.task.AutoSaveTask.performAutoSave$lambda$4(AutoSaveTask.kt:64)
	at org.alter.game.model.PawnList.forEach(PawnList.kt:35)
	at org.alter.game.task.AutoSaveTask.performAutoSave(AutoSaveTask.kt:55)
	at org.alter.game.task.AutoSaveTask.execute(AutoSaveTask.kt:40)
	at org.alter.game.service.GameService.cycle(GameService.kt:192)
	at java.base/java.util.concurrent.Executors$RunnableAdapter.call(Executors.java:539)
	at java.base/java.util.concurrent.FutureTask.runAndReset(FutureTask.java:305)
	at java.base/java.util.concurrent.ScheduledThreadPoolExecutor$ScheduledFutureTask.run(ScheduledThreadPoolExecutor.java:305)
	at java.base/java.util.concurrent.ThreadPoolExecutor.runWorker(ThreadPoolExecutor.java:1136)
	at java.base/java.util.concurrent.ThreadPoolExecutor$Worker.run(ThreadPoolExecutor.java:635)
	at java.base/java.lang.Thread.run(Thread.java:840)
[2025-11-15 23:39:12.072] WARN  org.alter.game.task.AutoSaveTask - Auto-save attempted but no players were saved (3 players online) 
[2025-11-15 23:39:17.470] INFO  org.alter.game.service.GameService - [Cycle time: 1ms] [Entities: 3p / 193n] [Map: 1683c / 27r / 0i] [Queues: 0p / 0n / 0w] [Mem usage: U=750MB / R=1128MB / M=8180MB]. 
[2025-11-15 23:39:24.084] INFO  org.alter.game.service.GameService - [Cycle time: 1ms] [Entities: 3p / 193n] [Map: 1683c / 27r / 0i] [Queues: 0p / 0n / 0w] [Mem usage: U=754MB / R=1128MB / M=8180MB]. 
[2025-11-15 23:39:30.677] INFO  org.alter.game.service.GameService - [Cycle time: 1ms] [Entities: 3p / 193n] [Map: 1683c / 27r / 0i] [Queues: 0p / 0n / 0w] [Mem usage: U=756MB / R=1128MB / M=8180MB]. 
[2025-11-15 23:39:37.281] INFO  org.alter.game.service.GameService - [Cycle time: 1ms] [Entities: 3p / 193n] [Map: 1683c / 27r / 0i] [Queues: 0p / 0n / 0w] [Mem usage: U=759MB / R=1128MB / M=8180MB]. 
[2025-11-15 23:39:42.070] ERROR org.alter.game.saving.PlayerSaving - Failed to serialize details for player DragonM 
java.lang.ClassCastException: List element cannot be cast to int
	at org.bson.Document.constructValuesList(Document.java:402)
	at org.bson.Document.getList(Document.java:369)
	at org.alter.game.saving.PlayerSaving.savePlayer(PlayerSaving.kt:56)
	at org.alter.game.task.AutoSaveTask.performAutoSave$lambda$4(AutoSaveTask.kt:64)
	at org.alter.game.model.PawnList.forEach(PawnList.kt:35)
	at org.alter.game.task.AutoSaveTask.performAutoSave(AutoSaveTask.kt:55)
	at org.alter.game.task.AutoSaveTask.execute(AutoSaveTask.kt:40)
	at org.alter.game.service.GameService.cycle(GameService.kt:192)
	at java.base/java.util.concurrent.Executors$RunnableAdapter.call(Executors.java:539)
	at java.base/java.util.concurrent.FutureTask.runAndReset(FutureTask.java:305)
	at java.base/java.util.concurrent.ScheduledThreadPoolExecutor$ScheduledFutureTask.run(ScheduledThreadPoolExecutor.java:305)
	at java.base/java.util.concurrent.ThreadPoolExecutor.runWorker(ThreadPoolExecutor.java:1136)
	at java.base/java.util.concurrent.ThreadPoolExecutor$Worker.run(ThreadPoolExecutor.java:635)
	at java.base/java.lang.Thread.run(Thread.java:840)
[2025-11-15 23:39:42.070] ERROR org.alter.game.saving.PlayerSaving - Failed to save player DragonM: List element cannot be cast to int 
java.lang.ClassCastException: List element cannot be cast to int
	at org.bson.Document.constructValuesList(Document.java:402)
	at org.bson.Document.getList(Document.java:369)
	at org.alter.game.saving.PlayerSaving.savePlayer(PlayerSaving.kt:56)
	at org.alter.game.task.AutoSaveTask.performAutoSave$lambda$4(AutoSaveTask.kt:64)
	at org.alter.game.model.PawnList.forEach(PawnList.kt:35)
	at org.alter.game.task.AutoSaveTask.performAutoSave(AutoSaveTask.kt:55)
	at org.alter.game.task.AutoSaveTask.execute(AutoSaveTask.kt:40)
	at org.alter.game.service.GameService.cycle(GameService.kt:192)
	at java.base/java.util.concurrent.Executors$RunnableAdapter.call(Executors.java:539)
	at java.base/java.util.concurrent.FutureTask.runAndReset(FutureTask.java:305)
	at java.base/java.util.concurrent.ScheduledThreadPoolExecutor$ScheduledFutureTask.run(ScheduledThreadPoolExecutor.java:305)
	at java.base/java.util.concurrent.ThreadPoolExecutor.runWorker(ThreadPoolExecutor.java:1136)
	at java.base/java.util.concurrent.ThreadPoolExecutor$Worker.run(ThreadPoolExecutor.java:635)
	at java.base/java.lang.Thread.run(Thread.java:840)
[2025-11-15 23:39:42.070] ERROR org.alter.game.task.AutoSaveTask - Failed to auto-save player 'DragonM': List element cannot be cast to int 
java.lang.ClassCastException: List element cannot be cast to int
	at org.bson.Document.constructValuesList(Document.java:402)
	at org.bson.Document.getList(Document.java:369)
	at org.alter.game.saving.PlayerSaving.savePlayer(PlayerSaving.kt:56)
	at org.alter.game.task.AutoSaveTask.performAutoSave$lambda$4(AutoSaveTask.kt:64)
	at org.alter.game.model.PawnList.forEach(PawnList.kt:35)
	at org.alter.game.task.AutoSaveTask.performAutoSave(AutoSaveTask.kt:55)
	at org.alter.game.task.AutoSaveTask.execute(AutoSaveTask.kt:40)
	at org.alter.game.service.GameService.cycle(GameService.kt:192)
	at java.base/java.util.concurrent.Executors$RunnableAdapter.call(Executors.java:539)
	at java.base/java.util.concurrent.FutureTask.runAndReset(FutureTask.java:305)
	at java.base/java.util.concurrent.ScheduledThreadPoolExecutor$ScheduledFutureTask.run(ScheduledThreadPoolExecutor.java:305)
	at java.base/java.util.concurrent.ThreadPoolExecutor.runWorker(ThreadPoolExecutor.java:1136)
	at java.base/java.util.concurrent.ThreadPoolExecutor$Worker.run(ThreadPoolExecutor.java:635)
	at java.base/java.lang.Thread.run(Thread.java:840)
[2025-11-15 23:39:42.071] ERROR org.alter.game.saving.PlayerSaving - Failed to serialize details for player SpideyM 
java.lang.ClassCastException: List element cannot be cast to int
	at org.bson.Document.constructValuesList(Document.java:402)
	at org.bson.Document.getList(Document.java:369)
	at org.alter.game.saving.PlayerSaving.savePlayer(PlayerSaving.kt:56)
	at org.alter.game.task.AutoSaveTask.performAutoSave$lambda$4(AutoSaveTask.kt:64)
	at org.alter.game.model.PawnList.forEach(PawnList.kt:35)
	at org.alter.game.task.AutoSaveTask.performAutoSave(AutoSaveTask.kt:55)
	at org.alter.game.task.AutoSaveTask.execute(AutoSaveTask.kt:40)
	at org.alter.game.service.GameService.cycle(GameService.kt:192)
	at java.base/java.util.concurrent.Executors$RunnableAdapter.call(Executors.java:539)
	at java.base/java.util.concurrent.FutureTask.runAndReset(FutureTask.java:305)
	at java.base/java.util.concurrent.ScheduledThreadPoolExecutor$ScheduledFutureTask.run(ScheduledThreadPoolExecutor.java:305)
	at java.base/java.util.concurrent.ThreadPoolExecutor.runWorker(ThreadPoolExecutor.java:1136)
	at java.base/java.util.concurrent.ThreadPoolExecutor$Worker.run(ThreadPoolExecutor.java:635)
	at java.base/java.lang.Thread.run(Thread.java:840)
[2025-11-15 23:39:42.071] ERROR org.alter.game.saving.PlayerSaving - Failed to save player SpideyM: List element cannot be cast to int 
java.lang.ClassCastException: List element cannot be cast to int
	at org.bson.Document.constructValuesList(Document.java:402)
	at org.bson.Document.getList(Document.java:369)
	at org.alter.game.saving.PlayerSaving.savePlayer(PlayerSaving.kt:56)
	at org.alter.game.task.AutoSaveTask.performAutoSave$lambda$4(AutoSaveTask.kt:64)
	at org.alter.game.model.PawnList.forEach(PawnList.kt:35)
	at org.alter.game.task.AutoSaveTask.performAutoSave(AutoSaveTask.kt:55)
	at org.alter.game.task.AutoSaveTask.execute(AutoSaveTask.kt:40)
	at org.alter.game.service.GameService.cycle(GameService.kt:192)
	at java.base/java.util.concurrent.Executors$RunnableAdapter.call(Executors.java:539)
	at java.base/java.util.concurrent.FutureTask.runAndReset(FutureTask.java:305)
	at java.base/java.util.concurrent.ScheduledThreadPoolExecutor$ScheduledFutureTask.run(ScheduledThreadPoolExecutor.java:305)
	at java.base/java.util.concurrent.ThreadPoolExecutor.runWorker(ThreadPoolExecutor.java:1136)
	at java.base/java.util.concurrent.ThreadPoolExecutor$Worker.run(ThreadPoolExecutor.java:635)
	at java.base/java.lang.Thread.run(Thread.java:840)
[2025-11-15 23:39:42.071] ERROR org.alter.game.task.AutoSaveTask - Failed to auto-save player 'SpideyM': List element cannot be cast to int 
java.lang.ClassCastException: List element cannot be cast to int
	at org.bson.Document.constructValuesList(Document.java:402)
	at org.bson.Document.getList(Document.java:369)
	at org.alter.game.saving.PlayerSaving.savePlayer(PlayerSaving.kt:56)
	at org.alter.game.task.AutoSaveTask.performAutoSave$lambda$4(AutoSaveTask.kt:64)
	at org.alter.game.model.PawnList.forEach(PawnList.kt:35)
	at org.alter.game.task.AutoSaveTask.performAutoSave(AutoSaveTask.kt:55)
	at org.alter.game.task.AutoSaveTask.execute(AutoSaveTask.kt:40)
	at org.alter.game.service.GameService.cycle(GameService.kt:192)
	at java.base/java.util.concurrent.Executors$RunnableAdapter.call(Executors.java:539)
	at java.base/java.util.concurrent.FutureTask.runAndReset(FutureTask.java:305)
	at java.base/java.util.concurrent.ScheduledThreadPoolExecutor$ScheduledFutureTask.run(ScheduledThreadPoolExecutor.java:305)
	at java.base/java.util.concurrent.ThreadPoolExecutor.runWorker(ThreadPoolExecutor.java:1136)
	at java.base/java.util.concurrent.ThreadPoolExecutor$Worker.run(ThreadPoolExecutor.java:635)
	at java.base/java.lang.Thread.run(Thread.java:840)
[2025-11-15 23:39:42.071] ERROR org.alter.game.saving.PlayerSaving - Failed to serialize details for player Pnda 
java.lang.ClassCastException: List element cannot be cast to int
	at org.bson.Document.constructValuesList(Document.java:402)
	at org.bson.Document.getList(Document.java:369)
	at org.alter.game.saving.PlayerSaving.savePlayer(PlayerSaving.kt:56)
	at org.alter.game.task.AutoSaveTask.performAutoSave$lambda$4(AutoSaveTask.kt:64)
	at org.alter.game.model.PawnList.forEach(PawnList.kt:35)
	at org.alter.game.task.AutoSaveTask.performAutoSave(AutoSaveTask.kt:55)
	at org.alter.game.task.AutoSaveTask.execute(AutoSaveTask.kt:40)
	at org.alter.game.service.GameService.cycle(GameService.kt:192)
	at java.base/java.util.concurrent.Executors$RunnableAdapter.call(Executors.java:539)
	at java.base/java.util.concurrent.FutureTask.runAndReset(FutureTask.java:305)
	at java.base/java.util.concurrent.ScheduledThreadPoolExecutor$ScheduledFutureTask.run(ScheduledThreadPoolExecutor.java:305)
	at java.base/java.util.concurrent.ThreadPoolExecutor.runWorker(ThreadPoolExecutor.java:1136)
	at java.base/java.util.concurrent.ThreadPoolExecutor$Worker.run(ThreadPoolExecutor.java:635)
	at java.base/java.lang.Thread.run(Thread.java:840)
[2025-11-15 23:39:42.071] ERROR org.alter.game.saving.PlayerSaving - Failed to save player Pnda: List element cannot be cast to int 
java.lang.ClassCastException: List element cannot be cast to int
	at org.bson.Document.constructValuesList(Document.java:402)
	at org.bson.Document.getList(Document.java:369)
	at org.alter.game.saving.PlayerSaving.savePlayer(PlayerSaving.kt:56)
	at org.alter.game.task.AutoSaveTask.performAutoSave$lambda$4(AutoSaveTask.kt:64)
	at org.alter.game.model.PawnList.forEach(PawnList.kt:35)
	at org.alter.game.task.AutoSaveTask.performAutoSave(AutoSaveTask.kt:55)
	at org.alter.game.task.AutoSaveTask.execute(AutoSaveTask.kt:40)
	at org.alter.game.service.GameService.cycle(GameService.kt:192)
	at java.base/java.util.concurrent.Executors$RunnableAdapter.call(Executors.java:539)
	at java.base/java.util.concurrent.FutureTask.runAndReset(FutureTask.java:305)
	at java.base/java.util.concurrent.ScheduledThreadPoolExecutor$ScheduledFutureTask.run(ScheduledThreadPoolExecutor.java:305)
	at java.base/java.util.concurrent.ThreadPoolExecutor.runWorker(ThreadPoolExecutor.java:1136)
	at java.base/java.util.concurrent.ThreadPoolExecutor$Worker.run(ThreadPoolExecutor.java:635)
	at java.base/java.lang.Thread.run(Thread.java:840)
[2025-11-15 23:39:42.071] ERROR org.alter.game.task.AutoSaveTask - Failed to auto-save player 'Pnda': List element cannot be cast to int 
java.lang.ClassCastException: List element cannot be cast to int
	at org.bson.Document.constructValuesList(Document.java:402)
	at org.bson.Document.getList(Document.java:369)
	at org.alter.game.saving.PlayerSaving.savePlayer(PlayerSaving.kt:56)
	at org.alter.game.task.AutoSaveTask.performAutoSave$lambda$4(AutoSaveTask.kt:64)
	at org.alter.game.model.PawnList.forEach(PawnList.kt:35)
	at org.alter.game.task.AutoSaveTask.performAutoSave(AutoSaveTask.kt:55)
	at org.alter.game.task.AutoSaveTask.execute(AutoSaveTask.kt:40)
	at org.alter.game.service.GameService.cycle(GameService.kt:192)
	at java.base/java.util.concurrent.Executors$RunnableAdapter.call(Executors.java:539)
	at java.base/java.util.concurrent.FutureTask.runAndReset(FutureTask.java:305)
	at java.base/java.util.concurrent.ScheduledThreadPoolExecutor$ScheduledFutureTask.run(ScheduledThreadPoolExecutor.java:305)
	at java.base/java.util.concurrent.ThreadPoolExecutor.runWorker(ThreadPoolExecutor.java:1136)
	at java.base/java.util.concurrent.ThreadPoolExecutor$Worker.run(ThreadPoolExecutor.java:635)
	at java.base/java.lang.Thread.run(Thread.java:840)
[2025-11-15 23:39:42.071] WARN  org.alter.game.task.AutoSaveTask - Auto-save attempted but no players were saved (3 players online) 
[2025-11-15 23:39:43.875] INFO  org.alter.game.service.GameService - [Cycle time: 1ms] [Entities: 3p / 193n] [Map: 1683c / 27r / 0i] [Queues: 0p / 0n / 0w] [Mem usage: U=762MB / R=1128MB / M=8180MB]. 
[2025-11-15 23:39:50.477] INFO  org.alter.game.service.GameService - [Cycle time: 1ms] [Entities: 3p / 193n] [Map: 1683c / 27r / 0i] [Queues: 0p / 0n / 0w] [Mem usage: U=765MB / R=1128MB / M=8180MB]. 
[2025-11-15 23:39:57.079] INFO  org.alter.game.service.GameService - [Cycle time: 1ms] [Entities: 3p / 193n] [Map: 1683c / 27r / 0i] [Queues: 0p / 0n / 0w] [Mem usage: U=767MB / R=1128MB / M=8180MB]. 
[2025-11-15 23:40:03.682] INFO  org.alter.game.service.GameService - [Cycle time: 1ms] [Entities: 3p / 193n] [Map: 1683c / 27r / 0i] [Queues: 0p / 0n / 0w] [Mem usage: U=770MB / R=1128MB / M=8180MB]. 
[2025-11-15 23:40:10.274] INFO  org.alter.game.service.GameService - [Cycle time: 1ms] [Entities: 3p / 193n] [Map: 1683c / 27r / 0i] [Queues: 0p / 0n / 0w] [Mem usage: U=774MB / R=1128MB / M=8180MB]. 
[2025-11-15 23:40:12.072] ERROR org.alter.game.saving.PlayerSaving - Failed to serialize details for player DragonM 
java.lang.ClassCastException: List element cannot be cast to int
	at org.bson.Document.constructValuesList(Document.java:402)
	at org.bson.Document.getList(Document.java:369)
	at org.alter.game.saving.PlayerSaving.savePlayer(PlayerSaving.kt:56)
	at org.alter.game.task.AutoSaveTask.performAutoSave$lambda$4(AutoSaveTask.kt:64)
	at org.alter.game.model.PawnList.forEach(PawnList.kt:35)
	at org.alter.game.task.AutoSaveTask.performAutoSave(AutoSaveTask.kt:55)
	at org.alter.game.task.AutoSaveTask.execute(AutoSaveTask.kt:40)
	at org.alter.game.service.GameService.cycle(GameService.kt:192)
	at java.base/java.util.concurrent.Executors$RunnableAdapter.call(Executors.java:539)
	at java.base/java.util.concurrent.FutureTask.runAndReset(FutureTask.java:305)
	at java.base/java.util.concurrent.ScheduledThreadPoolExecutor$ScheduledFutureTask.run(ScheduledThreadPoolExecutor.java:305)
	at java.base/java.util.concurrent.ThreadPoolExecutor.runWorker(ThreadPoolExecutor.java:1136)
	at java.base/java.util.concurrent.ThreadPoolExecutor$Worker.run(ThreadPoolExecutor.java:635)
	at java.base/java.lang.Thread.run(Thread.java:840)
[2025-11-15 23:40:12.073] ERROR org.alter.game.saving.PlayerSaving - Failed to save player DragonM: List element cannot be cast to int 
java.lang.ClassCastException: List element cannot be cast to int
	at org.bson.Document.constructValuesList(Document.java:402)
	at org.bson.Document.getList(Document.java:369)
	at org.alter.game.saving.PlayerSaving.savePlayer(PlayerSaving.kt:56)
	at org.alter.game.task.AutoSaveTask.performAutoSave$lambda$4(AutoSaveTask.kt:64)
	at org.alter.game.model.PawnList.forEach(PawnList.kt:35)
	at org.alter.game.task.AutoSaveTask.performAutoSave(AutoSaveTask.kt:55)
	at org.alter.game.task.AutoSaveTask.execute(AutoSaveTask.kt:40)
	at org.alter.game.service.GameService.cycle(GameService.kt:192)
	at java.base/java.util.concurrent.Executors$RunnableAdapter.call(Executors.java:539)
	at java.base/java.util.concurrent.FutureTask.runAndReset(FutureTask.java:305)
	at java.base/java.util.concurrent.ScheduledThreadPoolExecutor$ScheduledFutureTask.run(ScheduledThreadPoolExecutor.java:305)
	at java.base/java.util.concurrent.ThreadPoolExecutor.runWorker(ThreadPoolExecutor.java:1136)
	at java.base/java.util.concurrent.ThreadPoolExecutor$Worker.run(ThreadPoolExecutor.java:635)
	at java.base/java.lang.Thread.run(Thread.java:840)
[2025-11-15 23:40:12.073] ERROR org.alter.game.task.AutoSaveTask - Failed to auto-save player 'DragonM': List element cannot be cast to int 
java.lang.ClassCastException: List element cannot be cast to int
	at org.bson.Document.constructValuesList(Document.java:402)
	at org.bson.Document.getList(Document.java:369)
	at org.alter.game.saving.PlayerSaving.savePlayer(PlayerSaving.kt:56)
	at org.alter.game.task.AutoSaveTask.performAutoSave$lambda$4(AutoSaveTask.kt:64)
	at org.alter.game.model.PawnList.forEach(PawnList.kt:35)
	at org.alter.game.task.AutoSaveTask.performAutoSave(AutoSaveTask.kt:55)
	at org.alter.game.task.AutoSaveTask.execute(AutoSaveTask.kt:40)
	at org.alter.game.service.GameService.cycle(GameService.kt:192)
	at java.base/java.util.concurrent.Executors$RunnableAdapter.call(Executors.java:539)
	at java.base/java.util.concurrent.FutureTask.runAndReset(FutureTask.java:305)
	at java.base/java.util.concurrent.ScheduledThreadPoolExecutor$ScheduledFutureTask.run(ScheduledThreadPoolExecutor.java:305)
	at java.base/java.util.concurrent.ThreadPoolExecutor.runWorker(ThreadPoolExecutor.java:1136)
	at java.base/java.util.concurrent.ThreadPoolExecutor$Worker.run(ThreadPoolExecutor.java:635)
	at java.base/java.lang.Thread.run(Thread.java:840)
[2025-11-15 23:40:12.073] ERROR org.alter.game.saving.PlayerSaving - Failed to serialize details for player SpideyM 
java.lang.ClassCastException: List element cannot be cast to int
	at org.bson.Document.constructValuesList(Document.java:402)
	at org.bson.Document.getList(Document.java:369)
	at org.alter.game.saving.PlayerSaving.savePlayer(PlayerSaving.kt:56)
	at org.alter.game.task.AutoSaveTask.performAutoSave$lambda$4(AutoSaveTask.kt:64)
	at org.alter.game.model.PawnList.forEach(PawnList.kt:35)
	at org.alter.game.task.AutoSaveTask.performAutoSave(AutoSaveTask.kt:55)
	at org.alter.game.task.AutoSaveTask.execute(AutoSaveTask.kt:40)
	at org.alter.game.service.GameService.cycle(GameService.kt:192)
	at java.base/java.util.concurrent.Executors$RunnableAdapter.call(Executors.java:539)
	at java.base/java.util.concurrent.FutureTask.runAndReset(FutureTask.java:305)
	at java.base/java.util.concurrent.ScheduledThreadPoolExecutor$ScheduledFutureTask.run(ScheduledThreadPoolExecutor.java:305)
	at java.base/java.util.concurrent.ThreadPoolExecutor.runWorker(ThreadPoolExecutor.java:1136)
	at java.base/java.util.concurrent.ThreadPoolExecutor$Worker.run(ThreadPoolExecutor.java:635)
	at java.base/java.lang.Thread.run(Thread.java:840)
[2025-11-15 23:40:12.073] ERROR org.alter.game.saving.PlayerSaving - Failed to save player SpideyM: List element cannot be cast to int 
java.lang.ClassCastException: List element cannot be cast to int
	at org.bson.Document.constructValuesList(Document.java:402)
	at org.bson.Document.getList(Document.java:369)
	at org.alter.game.saving.PlayerSaving.savePlayer(PlayerSaving.kt:56)
	at org.alter.game.task.AutoSaveTask.performAutoSave$lambda$4(AutoSaveTask.kt:64)
	at org.alter.game.model.PawnList.forEach(PawnList.kt:35)
	at org.alter.game.task.AutoSaveTask.performAutoSave(AutoSaveTask.kt:55)
	at org.alter.game.task.AutoSaveTask.execute(AutoSaveTask.kt:40)
	at org.alter.game.service.GameService.cycle(GameService.kt:192)
	at java.base/java.util.concurrent.Executors$RunnableAdapter.call(Executors.java:539)
	at java.base/java.util.concurrent.FutureTask.runAndReset(FutureTask.java:305)
	at java.base/java.util.concurrent.ScheduledThreadPoolExecutor$ScheduledFutureTask.run(ScheduledThreadPoolExecutor.java:305)
	at java.base/java.util.concurrent.ThreadPoolExecutor.runWorker(ThreadPoolExecutor.java:1136)
	at java.base/java.util.concurrent.ThreadPoolExecutor$Worker.run(ThreadPoolExecutor.java:635)
	at java.base/java.lang.Thread.run(Thread.java:840)
[2025-11-15 23:40:12.073] ERROR org.alter.game.task.AutoSaveTask - Failed to auto-save player 'SpideyM': List element cannot be cast to int 
java.lang.ClassCastException: List element cannot be cast to int
	at org.bson.Document.constructValuesList(Document.java:402)
	at org.bson.Document.getList(Document.java:369)
	at org.alter.game.saving.PlayerSaving.savePlayer(PlayerSaving.kt:56)
	at org.alter.game.task.AutoSaveTask.performAutoSave$lambda$4(AutoSaveTask.kt:64)
	at org.alter.game.model.PawnList.forEach(PawnList.kt:35)
	at org.alter.game.task.AutoSaveTask.performAutoSave(AutoSaveTask.kt:55)
	at org.alter.game.task.AutoSaveTask.execute(AutoSaveTask.kt:40)
	at org.alter.game.service.GameService.cycle(GameService.kt:192)
	at java.base/java.util.concurrent.Executors$RunnableAdapter.call(Executors.java:539)
	at java.base/java.util.concurrent.FutureTask.runAndReset(FutureTask.java:305)
	at java.base/java.util.concurrent.ScheduledThreadPoolExecutor$ScheduledFutureTask.run(ScheduledThreadPoolExecutor.java:305)
	at java.base/java.util.concurrent.ThreadPoolExecutor.runWorker(ThreadPoolExecutor.java:1136)
	at java.base/java.util.concurrent.ThreadPoolExecutor$Worker.run(ThreadPoolExecutor.java:635)
	at java.base/java.lang.Thread.run(Thread.java:840)
[2025-11-15 23:40:12.073] ERROR org.alter.game.saving.PlayerSaving - Failed to serialize details for player Pnda 
java.lang.ClassCastException: List element cannot be cast to int
	at org.bson.Document.constructValuesList(Document.java:402)
	at org.bson.Document.getList(Document.java:369)
	at org.alter.game.saving.PlayerSaving.savePlayer(PlayerSaving.kt:56)
	at org.alter.game.task.AutoSaveTask.performAutoSave$lambda$4(AutoSaveTask.kt:64)
	at org.alter.game.model.PawnList.forEach(PawnList.kt:35)
	at org.alter.game.task.AutoSaveTask.performAutoSave(AutoSaveTask.kt:55)
	at org.alter.game.task.AutoSaveTask.execute(AutoSaveTask.kt:40)
	at org.alter.game.service.GameService.cycle(GameService.kt:192)
	at java.base/java.util.concurrent.Executors$RunnableAdapter.call(Executors.java:539)
	at java.base/java.util.concurrent.FutureTask.runAndReset(FutureTask.java:305)
	at java.base/java.util.concurrent.ScheduledThreadPoolExecutor$ScheduledFutureTask.run(ScheduledThreadPoolExecutor.java:305)
	at java.base/java.util.concurrent.ThreadPoolExecutor.runWorker(ThreadPoolExecutor.java:1136)
	at java.base/java.util.concurrent.ThreadPoolExecutor$Worker.run(ThreadPoolExecutor.java:635)
	at java.base/java.lang.Thread.run(Thread.java:840)
[2025-11-15 23:40:12.073] ERROR org.alter.game.saving.PlayerSaving - Failed to save player Pnda: List element cannot be cast to int 
java.lang.ClassCastException: List element cannot be cast to int
	at org.bson.Document.constructValuesList(Document.java:402)
	at org.bson.Document.getList(Document.java:369)
	at org.alter.game.saving.PlayerSaving.savePlayer(PlayerSaving.kt:56)
	at org.alter.game.task.AutoSaveTask.performAutoSave$lambda$4(AutoSaveTask.kt:64)
	at org.alter.game.model.PawnList.forEach(PawnList.kt:35)
	at org.alter.game.task.AutoSaveTask.performAutoSave(AutoSaveTask.kt:55)
	at org.alter.game.task.AutoSaveTask.execute(AutoSaveTask.kt:40)
	at org.alter.game.service.GameService.cycle(GameService.kt:192)
	at java.base/java.util.concurrent.Executors$RunnableAdapter.call(Executors.java:539)
	at java.base/java.util.concurrent.FutureTask.runAndReset(FutureTask.java:305)
	at java.base/java.util.concurrent.ScheduledThreadPoolExecutor$ScheduledFutureTask.run(ScheduledThreadPoolExecutor.java:305)
	at java.base/java.util.concurrent.ThreadPoolExecutor.runWorker(ThreadPoolExecutor.java:1136)
	at java.base/java.util.concurrent.ThreadPoolExecutor$Worker.run(ThreadPoolExecutor.java:635)
	at java.base/java.lang.Thread.run(Thread.java:840)
[2025-11-15 23:40:12.073] ERROR org.alter.game.task.AutoSaveTask - Failed to auto-save player 'Pnda': List element cannot be cast to int 
java.lang.ClassCastException: List element cannot be cast to int
	at org.bson.Document.constructValuesList(Document.java:402)
	at org.bson.Document.getList(Document.java:369)
	at org.alter.game.saving.PlayerSaving.savePlayer(PlayerSaving.kt:56)
	at org.alter.game.task.AutoSaveTask.performAutoSave$lambda$4(AutoSaveTask.kt:64)
	at org.alter.game.model.PawnList.forEach(PawnList.kt:35)
	at org.alter.game.task.AutoSaveTask.performAutoSave(AutoSaveTask.kt:55)
	at org.alter.game.task.AutoSaveTask.execute(AutoSaveTask.kt:40)
	at org.alter.game.service.GameService.cycle(GameService.kt:192)
	at java.base/java.util.concurrent.Executors$RunnableAdapter.call(Executors.java:539)
	at java.base/java.util.concurrent.FutureTask.runAndReset(FutureTask.java:305)
	at java.base/java.util.concurrent.ScheduledThreadPoolExecutor$ScheduledFutureTask.run(ScheduledThreadPoolExecutor.java:305)
	at java.base/java.util.concurrent.ThreadPoolExecutor.runWorker(ThreadPoolExecutor.java:1136)
	at java.base/java.util.concurrent.ThreadPoolExecutor$Worker.run(ThreadPoolExecutor.java:635)
	at java.base/java.lang.Thread.run(Thread.java:840)
[2025-11-15 23:40:12.074] WARN  org.alter.game.task.AutoSaveTask - Auto-save attempted but no players were saved (3 players online) 
[2025-11-15 23:40:16.880] INFO  org.alter.game.service.GameService - [Cycle time: 1ms] [Entities: 3p / 193n] [Map: 1683c / 27r / 0i] [Queues: 0p / 0n / 0w] [Mem usage: U=776MB / R=1128MB / M=8180MB]. 
[2025-11-15 23:40:23.474] INFO  org.alter.game.service.GameService - [Cycle time: 1ms] [Entities: 3p / 193n] [Map: 1683c / 27r / 0i] [Queues: 0p / 0n / 0w] [Mem usage: U=779MB / R=1128MB / M=8180MB]. 
[2025-11-15 23:40:30.070] INFO  org.alter.game.service.GameService - [Cycle time: 1ms] [Entities: 3p / 193n] [Map: 1683c / 27r / 0i] [Queues: 0p / 0n / 0w] [Mem usage: U=782MB / R=1128MB / M=8180MB]. 
[2025-11-15 23:40:36.683] INFO  org.alter.game.service.GameService - [Cycle time: 1ms] [Entities: 3p / 193n] [Map: 1683c / 27r / 0i] [Queues: 0p / 0n / 0w] [Mem usage: U=784MB / R=1128MB / M=8180MB]. 
[2025-11-15 23:40:42.075] ERROR org.alter.game.saving.PlayerSaving - Failed to serialize details for player DragonM 
java.lang.ClassCastException: List element cannot be cast to int
	at org.bson.Document.constructValuesList(Document.java:402)
	at org.bson.Document.getList(Document.java:369)
	at org.alter.game.saving.PlayerSaving.savePlayer(PlayerSaving.kt:56)
	at org.alter.game.task.AutoSaveTask.performAutoSave$lambda$4(AutoSaveTask.kt:64)
	at org.alter.game.model.PawnList.forEach(PawnList.kt:35)
	at org.alter.game.task.AutoSaveTask.performAutoSave(AutoSaveTask.kt:55)
	at org.alter.game.task.AutoSaveTask.execute(AutoSaveTask.kt:40)
	at org.alter.game.service.GameService.cycle(GameService.kt:192)
	at java.base/java.util.concurrent.Executors$RunnableAdapter.call(Executors.java:539)
	at java.base/java.util.concurrent.FutureTask.runAndReset(FutureTask.java:305)
	at java.base/java.util.concurrent.ScheduledThreadPoolExecutor$ScheduledFutureTask.run(ScheduledThreadPoolExecutor.java:305)
	at java.base/java.util.concurrent.ThreadPoolExecutor.runWorker(ThreadPoolExecutor.java:1136)
	at java.base/java.util.concurrent.ThreadPoolExecutor$Worker.run(ThreadPoolExecutor.java:635)
	at java.base/java.lang.Thread.run(Thread.java:840)
[2025-11-15 23:40:42.075] ERROR org.alter.game.saving.PlayerSaving - Failed to save player DragonM: List element cannot be cast to int 
java.lang.ClassCastException: List element cannot be cast to int
	at org.bson.Document.constructValuesList(Document.java:402)
	at org.bson.Document.getList(Document.java:369)
	at org.alter.game.saving.PlayerSaving.savePlayer(PlayerSaving.kt:56)
	at org.alter.game.task.AutoSaveTask.performAutoSave$lambda$4(AutoSaveTask.kt:64)
	at org.alter.game.model.PawnList.forEach(PawnList.kt:35)
	at org.alter.game.task.AutoSaveTask.performAutoSave(AutoSaveTask.kt:55)
	at org.alter.game.task.AutoSaveTask.execute(AutoSaveTask.kt:40)
	at org.alter.game.service.GameService.cycle(GameService.kt:192)
	at java.base/java.util.concurrent.Executors$RunnableAdapter.call(Executors.java:539)
	at java.base/java.util.concurrent.FutureTask.runAndReset(FutureTask.java:305)
	at java.base/java.util.concurrent.ScheduledThreadPoolExecutor$ScheduledFutureTask.run(ScheduledThreadPoolExecutor.java:305)
	at java.base/java.util.concurrent.ThreadPoolExecutor.runWorker(ThreadPoolExecutor.java:1136)
	at java.base/java.util.concurrent.ThreadPoolExecutor$Worker.run(ThreadPoolExecutor.java:635)
	at java.base/java.lang.Thread.run(Thread.java:840)
[2025-11-15 23:40:42.075] ERROR org.alter.game.task.AutoSaveTask - Failed to auto-save player 'DragonM': List element cannot be cast to int 
java.lang.ClassCastException: List element cannot be cast to int
	at org.bson.Document.constructValuesList(Document.java:402)
	at org.bson.Document.getList(Document.java:369)
	at org.alter.game.saving.PlayerSaving.savePlayer(PlayerSaving.kt:56)
	at org.alter.game.task.AutoSaveTask.performAutoSave$lambda$4(AutoSaveTask.kt:64)
	at org.alter.game.model.PawnList.forEach(PawnList.kt:35)
	at org.alter.game.task.AutoSaveTask.performAutoSave(AutoSaveTask.kt:55)
	at org.alter.game.task.AutoSaveTask.execute(AutoSaveTask.kt:40)
	at org.alter.game.service.GameService.cycle(GameService.kt:192)
	at java.base/java.util.concurrent.Executors$RunnableAdapter.call(Executors.java:539)
	at java.base/java.util.concurrent.FutureTask.runAndReset(FutureTask.java:305)
	at java.base/java.util.concurrent.ScheduledThreadPoolExecutor$ScheduledFutureTask.run(ScheduledThreadPoolExecutor.java:305)
	at java.base/java.util.concurrent.ThreadPoolExecutor.runWorker(ThreadPoolExecutor.java:1136)
	at java.base/java.util.concurrent.ThreadPoolExecutor$Worker.run(ThreadPoolExecutor.java:635)
	at java.base/java.lang.Thread.run(Thread.java:840)
[2025-11-15 23:40:42.075] ERROR org.alter.game.saving.PlayerSaving - Failed to serialize details for player SpideyM 
java.lang.ClassCastException: List element cannot be cast to int
	at org.bson.Document.constructValuesList(Document.java:402)
	at org.bson.Document.getList(Document.java:369)
	at org.alter.game.saving.PlayerSaving.savePlayer(PlayerSaving.kt:56)
	at org.alter.game.task.AutoSaveTask.performAutoSave$lambda$4(AutoSaveTask.kt:64)
	at org.alter.game.model.PawnList.forEach(PawnList.kt:35)
	at org.alter.game.task.AutoSaveTask.performAutoSave(AutoSaveTask.kt:55)
	at org.alter.game.task.AutoSaveTask.execute(AutoSaveTask.kt:40)
	at org.alter.game.service.GameService.cycle(GameService.kt:192)
	at java.base/java.util.concurrent.Executors$RunnableAdapter.call(Executors.java:539)
	at java.base/java.util.concurrent.FutureTask.runAndReset(FutureTask.java:305)
	at java.base/java.util.concurrent.ScheduledThreadPoolExecutor$ScheduledFutureTask.run(ScheduledThreadPoolExecutor.java:305)
	at java.base/java.util.concurrent.ThreadPoolExecutor.runWorker(ThreadPoolExecutor.java:1136)
	at java.base/java.util.concurrent.ThreadPoolExecutor$Worker.run(ThreadPoolExecutor.java:635)
	at java.base/java.lang.Thread.run(Thread.java:840)
[2025-11-15 23:40:42.075] ERROR org.alter.game.saving.PlayerSaving - Failed to save player SpideyM: List element cannot be cast to int 
java.lang.ClassCastException: List element cannot be cast to int
	at org.bson.Document.constructValuesList(Document.java:402)
	at org.bson.Document.getList(Document.java:369)
	at org.alter.game.saving.PlayerSaving.savePlayer(PlayerSaving.kt:56)
	at org.alter.game.task.AutoSaveTask.performAutoSave$lambda$4(AutoSaveTask.kt:64)
	at org.alter.game.model.PawnList.forEach(PawnList.kt:35)
	at org.alter.game.task.AutoSaveTask.performAutoSave(AutoSaveTask.kt:55)
	at org.alter.game.task.AutoSaveTask.execute(AutoSaveTask.kt:40)
	at org.alter.game.service.GameService.cycle(GameService.kt:192)
	at java.base/java.util.concurrent.Executors$RunnableAdapter.call(Executors.java:539)
	at java.base/java.util.concurrent.FutureTask.runAndReset(FutureTask.java:305)
	at java.base/java.util.concurrent.ScheduledThreadPoolExecutor$ScheduledFutureTask.run(ScheduledThreadPoolExecutor.java:305)
	at java.base/java.util.concurrent.ThreadPoolExecutor.runWorker(ThreadPoolExecutor.java:1136)
	at java.base/java.util.concurrent.ThreadPoolExecutor$Worker.run(ThreadPoolExecutor.java:635)
	at java.base/java.lang.Thread.run(Thread.java:840)
[2025-11-15 23:40:42.075] ERROR org.alter.game.task.AutoSaveTask - Failed to auto-save player 'SpideyM': List element cannot be cast to int 
java.lang.ClassCastException: List element cannot be cast to int
	at org.bson.Document.constructValuesList(Document.java:402)
	at org.bson.Document.getList(Document.java:369)
	at org.alter.game.saving.PlayerSaving.savePlayer(PlayerSaving.kt:56)
	at org.alter.game.task.AutoSaveTask.performAutoSave$lambda$4(AutoSaveTask.kt:64)
	at org.alter.game.model.PawnList.forEach(PawnList.kt:35)
	at org.alter.game.task.AutoSaveTask.performAutoSave(AutoSaveTask.kt:55)
	at org.alter.game.task.AutoSaveTask.execute(AutoSaveTask.kt:40)
	at org.alter.game.service.GameService.cycle(GameService.kt:192)
	at java.base/java.util.concurrent.Executors$RunnableAdapter.call(Executors.java:539)
	at java.base/java.util.concurrent.FutureTask.runAndReset(FutureTask.java:305)
	at java.base/java.util.concurrent.ScheduledThreadPoolExecutor$ScheduledFutureTask.run(ScheduledThreadPoolExecutor.java:305)
	at java.base/java.util.concurrent.ThreadPoolExecutor.runWorker(ThreadPoolExecutor.java:1136)
	at java.base/java.util.concurrent.ThreadPoolExecutor$Worker.run(ThreadPoolExecutor.java:635)
	at java.base/java.lang.Thread.run(Thread.java:840)
[2025-11-15 23:40:42.075] ERROR org.alter.game.saving.PlayerSaving - Failed to serialize details for player Pnda 
java.lang.ClassCastException: List element cannot be cast to int
	at org.bson.Document.constructValuesList(Document.java:402)
	at org.bson.Document.getList(Document.java:369)
	at org.alter.game.saving.PlayerSaving.savePlayer(PlayerSaving.kt:56)
	at org.alter.game.task.AutoSaveTask.performAutoSave$lambda$4(AutoSaveTask.kt:64)
	at org.alter.game.model.PawnList.forEach(PawnList.kt:35)
	at org.alter.game.task.AutoSaveTask.performAutoSave(AutoSaveTask.kt:55)
	at org.alter.game.task.AutoSaveTask.execute(AutoSaveTask.kt:40)
	at org.alter.game.service.GameService.cycle(GameService.kt:192)
	at java.base/java.util.concurrent.Executors$RunnableAdapter.call(Executors.java:539)
	at java.base/java.util.concurrent.FutureTask.runAndReset(FutureTask.java:305)
	at java.base/java.util.concurrent.ScheduledThreadPoolExecutor$ScheduledFutureTask.run(ScheduledThreadPoolExecutor.java:305)
	at java.base/java.util.concurrent.ThreadPoolExecutor.runWorker(ThreadPoolExecutor.java:1136)
	at java.base/java.util.concurrent.ThreadPoolExecutor$Worker.run(ThreadPoolExecutor.java:635)
	at java.base/java.lang.Thread.run(Thread.java:840)
[2025-11-15 23:40:42.076] ERROR org.alter.game.saving.PlayerSaving - Failed to save player Pnda: List element cannot be cast to int 
java.lang.ClassCastException: List element cannot be cast to int
	at org.bson.Document.constructValuesList(Document.java:402)
	at org.bson.Document.getList(Document.java:369)
	at org.alter.game.saving.PlayerSaving.savePlayer(PlayerSaving.kt:56)
	at org.alter.game.task.AutoSaveTask.performAutoSave$lambda$4(AutoSaveTask.kt:64)
	at org.alter.game.model.PawnList.forEach(PawnList.kt:35)
	at org.alter.game.task.AutoSaveTask.performAutoSave(AutoSaveTask.kt:55)
	at org.alter.game.task.AutoSaveTask.execute(AutoSaveTask.kt:40)
	at org.alter.game.service.GameService.cycle(GameService.kt:192)
	at java.base/java.util.concurrent.Executors$RunnableAdapter.call(Executors.java:539)
	at java.base/java.util.concurrent.FutureTask.runAndReset(FutureTask.java:305)
	at java.base/java.util.concurrent.ScheduledThreadPoolExecutor$ScheduledFutureTask.run(ScheduledThreadPoolExecutor.java:305)
	at java.base/java.util.concurrent.ThreadPoolExecutor.runWorker(ThreadPoolExecutor.java:1136)
	at java.base/java.util.concurrent.ThreadPoolExecutor$Worker.run(ThreadPoolExecutor.java:635)
	at java.base/java.lang.Thread.run(Thread.java:840)
[2025-11-15 23:40:42.076] ERROR org.alter.game.task.AutoSaveTask - Failed to auto-save player 'Pnda': List element cannot be cast to int 
java.lang.ClassCastException: List element cannot be cast to int
	at org.bson.Document.constructValuesList(Document.java:402)
	at org.bson.Document.getList(Document.java:369)
	at org.alter.game.saving.PlayerSaving.savePlayer(PlayerSaving.kt:56)
	at org.alter.game.task.AutoSaveTask.performAutoSave$lambda$4(AutoSaveTask.kt:64)
	at org.alter.game.model.PawnList.forEach(PawnList.kt:35)
	at org.alter.game.task.AutoSaveTask.performAutoSave(AutoSaveTask.kt:55)
	at org.alter.game.task.AutoSaveTask.execute(AutoSaveTask.kt:40)
	at org.alter.game.service.GameService.cycle(GameService.kt:192)
	at java.base/java.util.concurrent.Executors$RunnableAdapter.call(Executors.java:539)
	at java.base/java.util.concurrent.FutureTask.runAndReset(FutureTask.java:305)
	at java.base/java.util.concurrent.ScheduledThreadPoolExecutor$ScheduledFutureTask.run(ScheduledThreadPoolExecutor.java:305)
	at java.base/java.util.concurrent.ThreadPoolExecutor.runWorker(ThreadPoolExecutor.java:1136)
	at java.base/java.util.concurrent.ThreadPoolExecutor$Worker.run(ThreadPoolExecutor.java:635)
	at java.base/java.lang.Thread.run(Thread.java:840)
[2025-11-15 23:40:42.076] WARN  org.alter.game.task.AutoSaveTask - Auto-save attempted but no players were saved (3 players online) 
[2025-11-15 23:40:43.275] INFO  org.alter.game.service.GameService - [Cycle time: 1ms] [Entities: 3p / 193n] [Map: 1683c / 27r / 0i] [Queues: 0p / 0n / 0w] [Mem usage: U=788MB / R=1128MB / M=8180MB]. 
[2025-11-15 23:40:49.874] INFO  org.alter.game.service.GameService - [Cycle time: 1ms] [Entities: 3p / 193n] [Map: 1683c / 27r / 0i] [Queues: 0p / 0n / 0w] [Mem usage: U=791MB / R=1128MB / M=8180MB]. 
[2025-11-15 23:40:56.478] INFO  org.alter.game.service.GameService - [Cycle time: 1ms] [Entities: 3p / 193n] [Map: 1683c / 27r / 0i] [Queues: 0p / 0n / 0w] [Mem usage: U=793MB / R=1128MB / M=8180MB]. 
[2025-11-15 23:41:03.083] INFO  org.alter.game.service.GameService - [Cycle time: 1ms] [Entities: 3p / 193n] [Map: 1683c / 27r / 0i] [Queues: 0p / 0n / 0w] [Mem usage: U=796MB / R=1128MB / M=8180MB]. 
[2025-11-15 23:41:09.673] INFO  org.alter.game.service.GameService - [Cycle time: 1ms] [Entities: 3p / 193n] [Map: 1683c / 27r / 0i] [Queues: 0p / 0n / 0w] [Mem usage: U=799MB / R=1128MB / M=8180MB]. 
[2025-11-15 23:41:12.084] ERROR org.alter.game.saving.PlayerSaving - Failed to serialize details for player DragonM 
java.lang.ClassCastException: List element cannot be cast to int
	at org.bson.Document.constructValuesList(Document.java:402)
	at org.bson.Document.getList(Document.java:369)
	at org.alter.game.saving.PlayerSaving.savePlayer(PlayerSaving.kt:56)
	at org.alter.game.task.AutoSaveTask.performAutoSave$lambda$4(AutoSaveTask.kt:64)
	at org.alter.game.model.PawnList.forEach(PawnList.kt:35)
	at org.alter.game.task.AutoSaveTask.performAutoSave(AutoSaveTask.kt:55)
	at org.alter.game.task.AutoSaveTask.execute(AutoSaveTask.kt:40)
	at org.alter.game.service.GameService.cycle(GameService.kt:192)
	at java.base/java.util.concurrent.Executors$RunnableAdapter.call(Executors.java:539)
	at java.base/java.util.concurrent.FutureTask.runAndReset(FutureTask.java:305)
	at java.base/java.util.concurrent.ScheduledThreadPoolExecutor$ScheduledFutureTask.run(ScheduledThreadPoolExecutor.java:305)
	at java.base/java.util.concurrent.ThreadPoolExecutor.runWorker(ThreadPoolExecutor.java:1136)
	at java.base/java.util.concurrent.ThreadPoolExecutor$Worker.run(ThreadPoolExecutor.java:635)
	at java.base/java.lang.Thread.run(Thread.java:840)
[2025-11-15 23:41:12.084] ERROR org.alter.game.saving.PlayerSaving - Failed to save player DragonM: List element cannot be cast to int 
java.lang.ClassCastException: List element cannot be cast to int
	at org.bson.Document.constructValuesList(Document.java:402)
	at org.bson.Document.getList(Document.java:369)
	at org.alter.game.saving.PlayerSaving.savePlayer(PlayerSaving.kt:56)
	at org.alter.game.task.AutoSaveTask.performAutoSave$lambda$4(AutoSaveTask.kt:64)
	at org.alter.game.model.PawnList.forEach(PawnList.kt:35)
	at org.alter.game.task.AutoSaveTask.performAutoSave(AutoSaveTask.kt:55)
	at org.alter.game.task.AutoSaveTask.execute(AutoSaveTask.kt:40)
	at org.alter.game.service.GameService.cycle(GameService.kt:192)
	at java.base/java.util.concurrent.Executors$RunnableAdapter.call(Executors.java:539)
	at java.base/java.util.concurrent.FutureTask.runAndReset(FutureTask.java:305)
	at java.base/java.util.concurrent.ScheduledThreadPoolExecutor$ScheduledFutureTask.run(ScheduledThreadPoolExecutor.java:305)
	at java.base/java.util.concurrent.ThreadPoolExecutor.runWorker(ThreadPoolExecutor.java:1136)
	at java.base/java.util.concurrent.ThreadPoolExecutor$Worker.run(ThreadPoolExecutor.java:635)
	at java.base/java.lang.Thread.run(Thread.java:840)
[2025-11-15 23:41:12.084] ERROR org.alter.game.task.AutoSaveTask - Failed to auto-save player 'DragonM': List element cannot be cast to int 
java.lang.ClassCastException: List element cannot be cast to int
	at org.bson.Document.constructValuesList(Document.java:402)
	at org.bson.Document.getList(Document.java:369)
	at org.alter.game.saving.PlayerSaving.savePlayer(PlayerSaving.kt:56)
	at org.alter.game.task.AutoSaveTask.performAutoSave$lambda$4(AutoSaveTask.kt:64)
	at org.alter.game.model.PawnList.forEach(PawnList.kt:35)
	at org.alter.game.task.AutoSaveTask.performAutoSave(AutoSaveTask.kt:55)
	at org.alter.game.task.AutoSaveTask.execute(AutoSaveTask.kt:40)
	at org.alter.game.service.GameService.cycle(GameService.kt:192)
	at java.base/java.util.concurrent.Executors$RunnableAdapter.call(Executors.java:539)
	at java.base/java.util.concurrent.FutureTask.runAndReset(FutureTask.java:305)
	at java.base/java.util.concurrent.ScheduledThreadPoolExecutor$ScheduledFutureTask.run(ScheduledThreadPoolExecutor.java:305)
	at java.base/java.util.concurrent.ThreadPoolExecutor.runWorker(ThreadPoolExecutor.java:1136)
	at java.base/java.util.concurrent.ThreadPoolExecutor$Worker.run(ThreadPoolExecutor.java:635)
	at java.base/java.lang.Thread.run(Thread.java:840)
[2025-11-15 23:41:12.084] ERROR org.alter.game.saving.PlayerSaving - Failed to serialize details for player SpideyM 
java.lang.ClassCastException: List element cannot be cast to int
	at org.bson.Document.constructValuesList(Document.java:402)
	at org.bson.Document.getList(Document.java:369)
	at org.alter.game.saving.PlayerSaving.savePlayer(PlayerSaving.kt:56)
	at org.alter.game.task.AutoSaveTask.performAutoSave$lambda$4(AutoSaveTask.kt:64)
	at org.alter.game.model.PawnList.forEach(PawnList.kt:35)
	at org.alter.game.task.AutoSaveTask.performAutoSave(AutoSaveTask.kt:55)
	at org.alter.game.task.AutoSaveTask.execute(AutoSaveTask.kt:40)
	at org.alter.game.service.GameService.cycle(GameService.kt:192)
	at java.base/java.util.concurrent.Executors$RunnableAdapter.call(Executors.java:539)
	at java.base/java.util.concurrent.FutureTask.runAndReset(FutureTask.java:305)
	at java.base/java.util.concurrent.ScheduledThreadPoolExecutor$ScheduledFutureTask.run(ScheduledThreadPoolExecutor.java:305)
	at java.base/java.util.concurrent.ThreadPoolExecutor.runWorker(ThreadPoolExecutor.java:1136)
	at java.base/java.util.concurrent.ThreadPoolExecutor$Worker.run(ThreadPoolExecutor.java:635)
	at java.base/java.lang.Thread.run(Thread.java:840)
[2025-11-15 23:41:12.084] ERROR org.alter.game.saving.PlayerSaving - Failed to save player SpideyM: List element cannot be cast to int 
java.lang.ClassCastException: List element cannot be cast to int
	at org.bson.Document.constructValuesList(Document.java:402)
	at org.bson.Document.getList(Document.java:369)
	at org.alter.game.saving.PlayerSaving.savePlayer(PlayerSaving.kt:56)
	at org.alter.game.task.AutoSaveTask.performAutoSave$lambda$4(AutoSaveTask.kt:64)
	at org.alter.game.model.PawnList.forEach(PawnList.kt:35)
	at org.alter.game.task.AutoSaveTask.performAutoSave(AutoSaveTask.kt:55)
	at org.alter.game.task.AutoSaveTask.execute(AutoSaveTask.kt:40)
	at org.alter.game.service.GameService.cycle(GameService.kt:192)
	at java.base/java.util.concurrent.Executors$RunnableAdapter.call(Executors.java:539)
	at java.base/java.util.concurrent.FutureTask.runAndReset(FutureTask.java:305)
	at java.base/java.util.concurrent.ScheduledThreadPoolExecutor$ScheduledFutureTask.run(ScheduledThreadPoolExecutor.java:305)
	at java.base/java.util.concurrent.ThreadPoolExecutor.runWorker(ThreadPoolExecutor.java:1136)
	at java.base/java.util.concurrent.ThreadPoolExecutor$Worker.run(ThreadPoolExecutor.java:635)
	at java.base/java.lang.Thread.run(Thread.java:840)
[2025-11-15 23:41:12.084] ERROR org.alter.game.task.AutoSaveTask - Failed to auto-save player 'SpideyM': List element cannot be cast to int 
java.lang.ClassCastException: List element cannot be cast to int
	at org.bson.Document.constructValuesList(Document.java:402)
	at org.bson.Document.getList(Document.java:369)
	at org.alter.game.saving.PlayerSaving.savePlayer(PlayerSaving.kt:56)
	at org.alter.game.task.AutoSaveTask.performAutoSave$lambda$4(AutoSaveTask.kt:64)
	at org.alter.game.model.PawnList.forEach(PawnList.kt:35)
	at org.alter.game.task.AutoSaveTask.performAutoSave(AutoSaveTask.kt:55)
	at org.alter.game.task.AutoSaveTask.execute(AutoSaveTask.kt:40)
	at org.alter.game.service.GameService.cycle(GameService.kt:192)
	at java.base/java.util.concurrent.Executors$RunnableAdapter.call(Executors.java:539)
	at java.base/java.util.concurrent.FutureTask.runAndReset(FutureTask.java:305)
	at java.base/java.util.concurrent.ScheduledThreadPoolExecutor$ScheduledFutureTask.run(ScheduledThreadPoolExecutor.java:305)
	at java.base/java.util.concurrent.ThreadPoolExecutor.runWorker(ThreadPoolExecutor.java:1136)
	at java.base/java.util.concurrent.ThreadPoolExecutor$Worker.run(ThreadPoolExecutor.java:635)
	at java.base/java.lang.Thread.run(Thread.java:840)
[2025-11-15 23:41:12.084] ERROR org.alter.game.saving.PlayerSaving - Failed to serialize details for player Pnda 
java.lang.ClassCastException: List element cannot be cast to int
	at org.bson.Document.constructValuesList(Document.java:402)
	at org.bson.Document.getList(Document.java:369)
	at org.alter.game.saving.PlayerSaving.savePlayer(PlayerSaving.kt:56)
	at org.alter.game.task.AutoSaveTask.performAutoSave$lambda$4(AutoSaveTask.kt:64)
	at org.alter.game.model.PawnList.forEach(PawnList.kt:35)
	at org.alter.game.task.AutoSaveTask.performAutoSave(AutoSaveTask.kt:55)
	at org.alter.game.task.AutoSaveTask.execute(AutoSaveTask.kt:40)
	at org.alter.game.service.GameService.cycle(GameService.kt:192)
	at java.base/java.util.concurrent.Executors$RunnableAdapter.call(Executors.java:539)
	at java.base/java.util.concurrent.FutureTask.runAndReset(FutureTask.java:305)
	at java.base/java.util.concurrent.ScheduledThreadPoolExecutor$ScheduledFutureTask.run(ScheduledThreadPoolExecutor.java:305)
	at java.base/java.util.concurrent.ThreadPoolExecutor.runWorker(ThreadPoolExecutor.java:1136)
	at java.base/java.util.concurrent.ThreadPoolExecutor$Worker.run(ThreadPoolExecutor.java:635)
	at java.base/java.lang.Thread.run(Thread.java:840)
[2025-11-15 23:41:12.084] ERROR org.alter.game.saving.PlayerSaving - Failed to save player Pnda: List element cannot be cast to int 
java.lang.ClassCastException: List element cannot be cast to int
	at org.bson.Document.constructValuesList(Document.java:402)
	at org.bson.Document.getList(Document.java:369)
	at org.alter.game.saving.PlayerSaving.savePlayer(PlayerSaving.kt:56)
	at org.alter.game.task.AutoSaveTask.performAutoSave$lambda$4(AutoSaveTask.kt:64)
	at org.alter.game.model.PawnList.forEach(PawnList.kt:35)
	at org.alter.game.task.AutoSaveTask.performAutoSave(AutoSaveTask.kt:55)
	at org.alter.game.task.AutoSaveTask.execute(AutoSaveTask.kt:40)
	at org.alter.game.service.GameService.cycle(GameService.kt:192)
	at java.base/java.util.concurrent.Executors$RunnableAdapter.call(Executors.java:539)
	at java.base/java.util.concurrent.FutureTask.runAndReset(FutureTask.java:305)
	at java.base/java.util.concurrent.ScheduledThreadPoolExecutor$ScheduledFutureTask.run(ScheduledThreadPoolExecutor.java:305)
	at java.base/java.util.concurrent.ThreadPoolExecutor.runWorker(ThreadPoolExecutor.java:1136)
	at java.base/java.util.concurrent.ThreadPoolExecutor$Worker.run(ThreadPoolExecutor.java:635)
	at java.base/java.lang.Thread.run(Thread.java:840)
[2025-11-15 23:41:12.085] ERROR org.alter.game.task.AutoSaveTask - Failed to auto-save player 'Pnda': List element cannot be cast to int 
java.lang.ClassCastException: List element cannot be cast to int
	at org.bson.Document.constructValuesList(Document.java:402)
	at org.bson.Document.getList(Document.java:369)
	at org.alter.game.saving.PlayerSaving.savePlayer(PlayerSaving.kt:56)
	at org.alter.game.task.AutoSaveTask.performAutoSave$lambda$4(AutoSaveTask.kt:64)
	at org.alter.game.model.PawnList.forEach(PawnList.kt:35)
	at org.alter.game.task.AutoSaveTask.performAutoSave(AutoSaveTask.kt:55)
	at org.alter.game.task.AutoSaveTask.execute(AutoSaveTask.kt:40)
	at org.alter.game.service.GameService.cycle(GameService.kt:192)
	at java.base/java.util.concurrent.Executors$RunnableAdapter.call(Executors.java:539)
	at java.base/java.util.concurrent.FutureTask.runAndReset(FutureTask.java:305)
	at java.base/java.util.concurrent.ScheduledThreadPoolExecutor$ScheduledFutureTask.run(ScheduledThreadPoolExecutor.java:305)
	at java.base/java.util.concurrent.ThreadPoolExecutor.runWorker(ThreadPoolExecutor.java:1136)
	at java.base/java.util.concurrent.ThreadPoolExecutor$Worker.run(ThreadPoolExecutor.java:635)
	at java.base/java.lang.Thread.run(Thread.java:840)
[2025-11-15 23:41:12.085] WARN  org.alter.game.task.AutoSaveTask - Auto-save attempted but no players were saved (3 players online) 
[2025-11-15 23:41:16.275] INFO  org.alter.game.service.GameService - [Cycle time: 1ms] [Entities: 3p / 193n] [Map: 1683c / 27r / 0i] [Queues: 0p / 0n / 0w] [Mem usage: U=802MB / R=1128MB / M=8180MB]. 
[2025-11-15 23:41:22.878] INFO  org.alter.game.service.GameService - [Cycle time: 1ms] [Entities: 3p / 193n] [Map: 1683c / 27r / 0i] [Queues: 0p / 0n / 0w] [Mem usage: U=805MB / R=1128MB / M=8180MB]. 
[2025-11-15 23:41:29.473] INFO  org.alter.game.service.GameService - [Cycle time: 1ms] [Entities: 3p / 193n] [Map: 1683c / 27r / 0i] [Queues: 0p / 0n / 0w] [Mem usage: U=808MB / R=1128MB / M=8180MB]. 
[2025-11-15 23:41:36.077] INFO  org.alter.game.service.GameService - [Cycle time: 1ms] [Entities: 3p / 193n] [Map: 1683c / 27r / 0i] [Queues: 0p / 0n / 0w] [Mem usage: U=810MB / R=1128MB / M=8180MB]. 
[2025-11-15 23:41:42.083] ERROR org.alter.game.saving.PlayerSaving - Failed to serialize details for player DragonM 
java.lang.ClassCastException: List element cannot be cast to int
	at org.bson.Document.constructValuesList(Document.java:402)
	at org.bson.Document.getList(Document.java:369)
	at org.alter.game.saving.PlayerSaving.savePlayer(PlayerSaving.kt:56)
	at org.alter.game.task.AutoSaveTask.performAutoSave$lambda$4(AutoSaveTask.kt:64)
	at org.alter.game.model.PawnList.forEach(PawnList.kt:35)
	at org.alter.game.task.AutoSaveTask.performAutoSave(AutoSaveTask.kt:55)
	at org.alter.game.task.AutoSaveTask.execute(AutoSaveTask.kt:40)
	at org.alter.game.service.GameService.cycle(GameService.kt:192)
	at java.base/java.util.concurrent.Executors$RunnableAdapter.call(Executors.java:539)
	at java.base/java.util.concurrent.FutureTask.runAndReset(FutureTask.java:305)
	at java.base/java.util.concurrent.ScheduledThreadPoolExecutor$ScheduledFutureTask.run(ScheduledThreadPoolExecutor.java:305)
	at java.base/java.util.concurrent.ThreadPoolExecutor.runWorker(ThreadPoolExecutor.java:1136)
	at java.base/java.util.concurrent.ThreadPoolExecutor$Worker.run(ThreadPoolExecutor.java:635)
	at java.base/java.lang.Thread.run(Thread.java:840)
[2025-11-15 23:41:42.083] ERROR org.alter.game.saving.PlayerSaving - Failed to save player DragonM: List element cannot be cast to int 
java.lang.ClassCastException: List element cannot be cast to int
	at org.bson.Document.constructValuesList(Document.java:402)
	at org.bson.Document.getList(Document.java:369)
	at org.alter.game.saving.PlayerSaving.savePlayer(PlayerSaving.kt:56)
	at org.alter.game.task.AutoSaveTask.performAutoSave$lambda$4(AutoSaveTask.kt:64)
	at org.alter.game.model.PawnList.forEach(PawnList.kt:35)
	at org.alter.game.task.AutoSaveTask.performAutoSave(AutoSaveTask.kt:55)
	at org.alter.game.task.AutoSaveTask.execute(AutoSaveTask.kt:40)
	at org.alter.game.service.GameService.cycle(GameService.kt:192)
	at java.base/java.util.concurrent.Executors$RunnableAdapter.call(Executors.java:539)
	at java.base/java.util.concurrent.FutureTask.runAndReset(FutureTask.java:305)
	at java.base/java.util.concurrent.ScheduledThreadPoolExecutor$ScheduledFutureTask.run(ScheduledThreadPoolExecutor.java:305)
	at java.base/java.util.concurrent.ThreadPoolExecutor.runWorker(ThreadPoolExecutor.java:1136)
	at java.base/java.util.concurrent.ThreadPoolExecutor$Worker.run(ThreadPoolExecutor.java:635)
	at java.base/java.lang.Thread.run(Thread.java:840)
[2025-11-15 23:41:42.083] ERROR org.alter.game.task.AutoSaveTask - Failed to auto-save player 'DragonM': List element cannot be cast to int 
java.lang.ClassCastException: List element cannot be cast to int
	at org.bson.Document.constructValuesList(Document.java:402)
	at org.bson.Document.getList(Document.java:369)
	at org.alter.game.saving.PlayerSaving.savePlayer(PlayerSaving.kt:56)
	at org.alter.game.task.AutoSaveTask.performAutoSave$lambda$4(AutoSaveTask.kt:64)
	at org.alter.game.model.PawnList.forEach(PawnList.kt:35)
	at org.alter.game.task.AutoSaveTask.performAutoSave(AutoSaveTask.kt:55)
	at org.alter.game.task.AutoSaveTask.execute(AutoSaveTask.kt:40)
	at org.alter.game.service.GameService.cycle(GameService.kt:192)
	at java.base/java.util.concurrent.Executors$RunnableAdapter.call(Executors.java:539)
	at java.base/java.util.concurrent.FutureTask.runAndReset(FutureTask.java:305)
	at java.base/java.util.concurrent.ScheduledThreadPoolExecutor$ScheduledFutureTask.run(ScheduledThreadPoolExecutor.java:305)
	at java.base/java.util.concurrent.ThreadPoolExecutor.runWorker(ThreadPoolExecutor.java:1136)
	at java.base/java.util.concurrent.ThreadPoolExecutor$Worker.run(ThreadPoolExecutor.java:635)
	at java.base/java.lang.Thread.run(Thread.java:840)
[2025-11-15 23:41:42.083] ERROR org.alter.game.saving.PlayerSaving - Failed to serialize details for player SpideyM 
java.lang.ClassCastException: List element cannot be cast to int
	at org.bson.Document.constructValuesList(Document.java:402)
	at org.bson.Document.getList(Document.java:369)
	at org.alter.game.saving.PlayerSaving.savePlayer(PlayerSaving.kt:56)
	at org.alter.game.task.AutoSaveTask.performAutoSave$lambda$4(AutoSaveTask.kt:64)
	at org.alter.game.model.PawnList.forEach(PawnList.kt:35)
	at org.alter.game.task.AutoSaveTask.performAutoSave(AutoSaveTask.kt:55)
	at org.alter.game.task.AutoSaveTask.execute(AutoSaveTask.kt:40)
	at org.alter.game.service.GameService.cycle(GameService.kt:192)
	at java.base/java.util.concurrent.Executors$RunnableAdapter.call(Executors.java:539)
	at java.base/java.util.concurrent.FutureTask.runAndReset(FutureTask.java:305)
	at java.base/java.util.concurrent.ScheduledThreadPoolExecutor$ScheduledFutureTask.run(ScheduledThreadPoolExecutor.java:305)
	at java.base/java.util.concurrent.ThreadPoolExecutor.runWorker(ThreadPoolExecutor.java:1136)
	at java.base/java.util.concurrent.ThreadPoolExecutor$Worker.run(ThreadPoolExecutor.java:635)
	at java.base/java.lang.Thread.run(Thread.java:840)
[2025-11-15 23:41:42.083] ERROR org.alter.game.saving.PlayerSaving - Failed to save player SpideyM: List element cannot be cast to int 
java.lang.ClassCastException: List element cannot be cast to int
	at org.bson.Document.constructValuesList(Document.java:402)
	at org.bson.Document.getList(Document.java:369)
	at org.alter.game.saving.PlayerSaving.savePlayer(PlayerSaving.kt:56)
	at org.alter.game.task.AutoSaveTask.performAutoSave$lambda$4(AutoSaveTask.kt:64)
	at org.alter.game.model.PawnList.forEach(PawnList.kt:35)
	at org.alter.game.task.AutoSaveTask.performAutoSave(AutoSaveTask.kt:55)
	at org.alter.game.task.AutoSaveTask.execute(AutoSaveTask.kt:40)
	at org.alter.game.service.GameService.cycle(GameService.kt:192)
	at java.base/java.util.concurrent.Executors$RunnableAdapter.call(Executors.java:539)
	at java.base/java.util.concurrent.FutureTask.runAndReset(FutureTask.java:305)
	at java.base/java.util.concurrent.ScheduledThreadPoolExecutor$ScheduledFutureTask.run(ScheduledThreadPoolExecutor.java:305)
	at java.base/java.util.concurrent.ThreadPoolExecutor.runWorker(ThreadPoolExecutor.java:1136)
	at java.base/java.util.concurrent.ThreadPoolExecutor$Worker.run(ThreadPoolExecutor.java:635)
	at java.base/java.lang.Thread.run(Thread.java:840)
[2025-11-15 23:41:42.083] ERROR org.alter.game.task.AutoSaveTask - Failed to auto-save player 'SpideyM': List element cannot be cast to int 
java.lang.ClassCastException: List element cannot be cast to int
	at org.bson.Document.constructValuesList(Document.java:402)
	at org.bson.Document.getList(Document.java:369)
	at org.alter.game.saving.PlayerSaving.savePlayer(PlayerSaving.kt:56)
	at org.alter.game.task.AutoSaveTask.performAutoSave$lambda$4(AutoSaveTask.kt:64)
	at org.alter.game.model.PawnList.forEach(PawnList.kt:35)
	at org.alter.game.task.AutoSaveTask.performAutoSave(AutoSaveTask.kt:55)
	at org.alter.game.task.AutoSaveTask.execute(AutoSaveTask.kt:40)
	at org.alter.game.service.GameService.cycle(GameService.kt:192)
	at java.base/java.util.concurrent.Executors$RunnableAdapter.call(Executors.java:539)
	at java.base/java.util.concurrent.FutureTask.runAndReset(FutureTask.java:305)
	at java.base/java.util.concurrent.ScheduledThreadPoolExecutor$ScheduledFutureTask.run(ScheduledThreadPoolExecutor.java:305)
	at java.base/java.util.concurrent.ThreadPoolExecutor.runWorker(ThreadPoolExecutor.java:1136)
	at java.base/java.util.concurrent.ThreadPoolExecutor$Worker.run(ThreadPoolExecutor.java:635)
	at java.base/java.lang.Thread.run(Thread.java:840)
[2025-11-15 23:41:42.084] ERROR org.alter.game.saving.PlayerSaving - Failed to serialize details for player Pnda 
java.lang.ClassCastException: List element cannot be cast to int
	at org.bson.Document.constructValuesList(Document.java:402)
	at org.bson.Document.getList(Document.java:369)
	at org.alter.game.saving.PlayerSaving.savePlayer(PlayerSaving.kt:56)
	at org.alter.game.task.AutoSaveTask.performAutoSave$lambda$4(AutoSaveTask.kt:64)
	at org.alter.game.model.PawnList.forEach(PawnList.kt:35)
	at org.alter.game.task.AutoSaveTask.performAutoSave(AutoSaveTask.kt:55)
	at org.alter.game.task.AutoSaveTask.execute(AutoSaveTask.kt:40)
	at org.alter.game.service.GameService.cycle(GameService.kt:192)
	at java.base/java.util.concurrent.Executors$RunnableAdapter.call(Executors.java:539)
	at java.base/java.util.concurrent.FutureTask.runAndReset(FutureTask.java:305)
	at java.base/java.util.concurrent.ScheduledThreadPoolExecutor$ScheduledFutureTask.run(ScheduledThreadPoolExecutor.java:305)
	at java.base/java.util.concurrent.ThreadPoolExecutor.runWorker(ThreadPoolExecutor.java:1136)
	at java.base/java.util.concurrent.ThreadPoolExecutor$Worker.run(ThreadPoolExecutor.java:635)
	at java.base/java.lang.Thread.run(Thread.java:840)
[2025-11-15 23:41:42.084] ERROR org.alter.game.saving.PlayerSaving - Failed to save player Pnda: List element cannot be cast to int 
java.lang.ClassCastException: List element cannot be cast to int
	at org.bson.Document.constructValuesList(Document.java:402)
	at org.bson.Document.getList(Document.java:369)
	at org.alter.game.saving.PlayerSaving.savePlayer(PlayerSaving.kt:56)
	at org.alter.game.task.AutoSaveTask.performAutoSave$lambda$4(AutoSaveTask.kt:64)
	at org.alter.game.model.PawnList.forEach(PawnList.kt:35)
	at org.alter.game.task.AutoSaveTask.performAutoSave(AutoSaveTask.kt:55)
	at org.alter.game.task.AutoSaveTask.execute(AutoSaveTask.kt:40)
	at org.alter.game.service.GameService.cycle(GameService.kt:192)
	at java.base/java.util.concurrent.Executors$RunnableAdapter.call(Executors.java:539)
	at java.base/java.util.concurrent.FutureTask.runAndReset(FutureTask.java:305)
	at java.base/java.util.concurrent.ScheduledThreadPoolExecutor$ScheduledFutureTask.run(ScheduledThreadPoolExecutor.java:305)
	at java.base/java.util.concurrent.ThreadPoolExecutor.runWorker(ThreadPoolExecutor.java:1136)
	at java.base/java.util.concurrent.ThreadPoolExecutor$Worker.run(ThreadPoolExecutor.java:635)
	at java.base/java.lang.Thread.run(Thread.java:840)
[2025-11-15 23:41:42.084] ERROR org.alter.game.task.AutoSaveTask - Failed to auto-save player 'Pnda': List element cannot be cast to int 
java.lang.ClassCastException: List element cannot be cast to int
	at org.bson.Document.constructValuesList(Document.java:402)
	at org.bson.Document.getList(Document.java:369)
	at org.alter.game.saving.PlayerSaving.savePlayer(PlayerSaving.kt:56)
	at org.alter.game.task.AutoSaveTask.performAutoSave$lambda$4(AutoSaveTask.kt:64)
	at org.alter.game.model.PawnList.forEach(PawnList.kt:35)
	at org.alter.game.task.AutoSaveTask.performAutoSave(AutoSaveTask.kt:55)
	at org.alter.game.task.AutoSaveTask.execute(AutoSaveTask.kt:40)
	at org.alter.game.service.GameService.cycle(GameService.kt:192)
	at java.base/java.util.concurrent.Executors$RunnableAdapter.call(Executors.java:539)
	at java.base/java.util.concurrent.FutureTask.runAndReset(FutureTask.java:305)
	at java.base/java.util.concurrent.ScheduledThreadPoolExecutor$ScheduledFutureTask.run(ScheduledThreadPoolExecutor.java:305)
	at java.base/java.util.concurrent.ThreadPoolExecutor.runWorker(ThreadPoolExecutor.java:1136)
	at java.base/java.util.concurrent.ThreadPoolExecutor$Worker.run(ThreadPoolExecutor.java:635)
	at java.base/java.lang.Thread.run(Thread.java:840)
[2025-11-15 23:41:42.084] WARN  org.alter.game.task.AutoSaveTask - Auto-save attempted but no players were saved (3 players online) 
[2025-11-15 23:41:42.682] INFO  org.alter.game.service.GameService - [Cycle time: 1ms] [Entities: 3p / 193n] [Map: 1683c / 27r / 0i] [Queues: 0p / 0n / 0w] [Mem usage: U=814MB / R=1128MB / M=8180MB]. 
[2025-11-15 23:41:49.284] INFO  org.alter.game.service.GameService - [Cycle time: 1ms] [Entities: 3p / 193n] [Map: 1683c / 27r / 0i] [Queues: 0p / 0n / 0w] [Mem usage: U=816MB / R=1128MB / M=8180MB]. 
[2025-11-15 23:41:55.884] INFO  org.alter.game.service.GameService - [Cycle time: 1ms] [Entities: 3p / 193n] [Map: 1683c / 27r / 0i] [Queues: 0p / 0n / 0w] [Mem usage: U=819MB / R=1128MB / M=8180MB]. 
[2025-11-15 23:42:02.479] INFO  org.alter.game.service.GameService - [Cycle time: 1ms] [Entities: 3p / 193n] [Map: 1683c / 27r / 0i] [Queues: 0p / 0n / 0w] [Mem usage: U=822MB / R=1128MB / M=8180MB]. 
[2025-11-15 23:42:09.079] INFO  org.alter.game.service.GameService - [Cycle time: 1ms] [Entities: 3p / 193n] [Map: 1683c / 27r / 0i] [Queues: 0p / 0n / 0w] [Mem usage: U=825MB / R=1128MB / M=8180MB]. 
[2025-11-15 23:42:12.071] ERROR org.alter.game.saving.PlayerSaving - Failed to serialize details for player DragonM 
java.lang.ClassCastException: List element cannot be cast to int
	at org.bson.Document.constructValuesList(Document.java:402)
	at org.bson.Document.getList(Document.java:369)
	at org.alter.game.saving.PlayerSaving.savePlayer(PlayerSaving.kt:56)
	at org.alter.game.task.AutoSaveTask.performAutoSave$lambda$4(AutoSaveTask.kt:64)
	at org.alter.game.model.PawnList.forEach(PawnList.kt:35)
	at org.alter.game.task.AutoSaveTask.performAutoSave(AutoSaveTask.kt:55)
	at org.alter.game.task.AutoSaveTask.execute(AutoSaveTask.kt:40)
	at org.alter.game.service.GameService.cycle(GameService.kt:192)
	at java.base/java.util.concurrent.Executors$RunnableAdapter.call(Executors.java:539)
	at java.base/java.util.concurrent.FutureTask.runAndReset(FutureTask.java:305)
	at java.base/java.util.concurrent.ScheduledThreadPoolExecutor$ScheduledFutureTask.run(ScheduledThreadPoolExecutor.java:305)
	at java.base/java.util.concurrent.ThreadPoolExecutor.runWorker(ThreadPoolExecutor.java:1136)
	at java.base/java.util.concurrent.ThreadPoolExecutor$Worker.run(ThreadPoolExecutor.java:635)
	at java.base/java.lang.Thread.run(Thread.java:840)
[2025-11-15 23:42:12.071] ERROR org.alter.game.saving.PlayerSaving - Failed to save player DragonM: List element cannot be cast to int 
java.lang.ClassCastException: List element cannot be cast to int
	at org.bson.Document.constructValuesList(Document.java:402)
	at org.bson.Document.getList(Document.java:369)
	at org.alter.game.saving.PlayerSaving.savePlayer(PlayerSaving.kt:56)
	at org.alter.game.task.AutoSaveTask.performAutoSave$lambda$4(AutoSaveTask.kt:64)
	at org.alter.game.model.PawnList.forEach(PawnList.kt:35)
	at org.alter.game.task.AutoSaveTask.performAutoSave(AutoSaveTask.kt:55)
	at org.alter.game.task.AutoSaveTask.execute(AutoSaveTask.kt:40)
	at org.alter.game.service.GameService.cycle(GameService.kt:192)
	at java.base/java.util.concurrent.Executors$RunnableAdapter.call(Executors.java:539)
	at java.base/java.util.concurrent.FutureTask.runAndReset(FutureTask.java:305)
	at java.base/java.util.concurrent.ScheduledThreadPoolExecutor$ScheduledFutureTask.run(ScheduledThreadPoolExecutor.java:305)
	at java.base/java.util.concurrent.ThreadPoolExecutor.runWorker(ThreadPoolExecutor.java:1136)
	at java.base/java.util.concurrent.ThreadPoolExecutor$Worker.run(ThreadPoolExecutor.java:635)
	at java.base/java.lang.Thread.run(Thread.java:840)
[2025-11-15 23:42:12.071] ERROR org.alter.game.task.AutoSaveTask - Failed to auto-save player 'DragonM': List element cannot be cast to int 
java.lang.ClassCastException: List element cannot be cast to int
	at org.bson.Document.constructValuesList(Document.java:402)
	at org.bson.Document.getList(Document.java:369)
	at org.alter.game.saving.PlayerSaving.savePlayer(PlayerSaving.kt:56)
	at org.alter.game.task.AutoSaveTask.performAutoSave$lambda$4(AutoSaveTask.kt:64)
	at org.alter.game.model.PawnList.forEach(PawnList.kt:35)
	at org.alter.game.task.AutoSaveTask.performAutoSave(AutoSaveTask.kt:55)
	at org.alter.game.task.AutoSaveTask.execute(AutoSaveTask.kt:40)
	at org.alter.game.service.GameService.cycle(GameService.kt:192)
	at java.base/java.util.concurrent.Executors$RunnableAdapter.call(Executors.java:539)
	at java.base/java.util.concurrent.FutureTask.runAndReset(FutureTask.java:305)
	at java.base/java.util.concurrent.ScheduledThreadPoolExecutor$ScheduledFutureTask.run(ScheduledThreadPoolExecutor.java:305)
	at java.base/java.util.concurrent.ThreadPoolExecutor.runWorker(ThreadPoolExecutor.java:1136)
	at java.base/java.util.concurrent.ThreadPoolExecutor$Worker.run(ThreadPoolExecutor.java:635)
	at java.base/java.lang.Thread.run(Thread.java:840)
[2025-11-15 23:42:12.071] ERROR org.alter.game.saving.PlayerSaving - Failed to serialize details for player SpideyM 
java.lang.ClassCastException: List element cannot be cast to int
	at org.bson.Document.constructValuesList(Document.java:402)
	at org.bson.Document.getList(Document.java:369)
	at org.alter.game.saving.PlayerSaving.savePlayer(PlayerSaving.kt:56)
	at org.alter.game.task.AutoSaveTask.performAutoSave$lambda$4(AutoSaveTask.kt:64)
	at org.alter.game.model.PawnList.forEach(PawnList.kt:35)
	at org.alter.game.task.AutoSaveTask.performAutoSave(AutoSaveTask.kt:55)
	at org.alter.game.task.AutoSaveTask.execute(AutoSaveTask.kt:40)
	at org.alter.game.service.GameService.cycle(GameService.kt:192)
	at java.base/java.util.concurrent.Executors$RunnableAdapter.call(Executors.java:539)
	at java.base/java.util.concurrent.FutureTask.runAndReset(FutureTask.java:305)
	at java.base/java.util.concurrent.ScheduledThreadPoolExecutor$ScheduledFutureTask.run(ScheduledThreadPoolExecutor.java:305)
	at java.base/java.util.concurrent.ThreadPoolExecutor.runWorker(ThreadPoolExecutor.java:1136)
	at java.base/java.util.concurrent.ThreadPoolExecutor$Worker.run(ThreadPoolExecutor.java:635)
	at java.base/java.lang.Thread.run(Thread.java:840)
[2025-11-15 23:42:12.071] ERROR org.alter.game.saving.PlayerSaving - Failed to save player SpideyM: List element cannot be cast to int 
java.lang.ClassCastException: List element cannot be cast to int
	at org.bson.Document.constructValuesList(Document.java:402)
	at org.bson.Document.getList(Document.java:369)
	at org.alter.game.saving.PlayerSaving.savePlayer(PlayerSaving.kt:56)
	at org.alter.game.task.AutoSaveTask.performAutoSave$lambda$4(AutoSaveTask.kt:64)
	at org.alter.game.model.PawnList.forEach(PawnList.kt:35)
	at org.alter.game.task.AutoSaveTask.performAutoSave(AutoSaveTask.kt:55)
	at org.alter.game.task.AutoSaveTask.execute(AutoSaveTask.kt:40)
	at org.alter.game.service.GameService.cycle(GameService.kt:192)
	at java.base/java.util.concurrent.Executors$RunnableAdapter.call(Executors.java:539)
	at java.base/java.util.concurrent.FutureTask.runAndReset(FutureTask.java:305)
	at java.base/java.util.concurrent.ScheduledThreadPoolExecutor$ScheduledFutureTask.run(ScheduledThreadPoolExecutor.java:305)
	at java.base/java.util.concurrent.ThreadPoolExecutor.runWorker(ThreadPoolExecutor.java:1136)
	at java.base/java.util.concurrent.ThreadPoolExecutor$Worker.run(ThreadPoolExecutor.java:635)
	at java.base/java.lang.Thread.run(Thread.java:840)
[2025-11-15 23:42:12.071] ERROR org.alter.game.task.AutoSaveTask - Failed to auto-save player 'SpideyM': List element cannot be cast to int 
java.lang.ClassCastException: List element cannot be cast to int
	at org.bson.Document.constructValuesList(Document.java:402)
	at org.bson.Document.getList(Document.java:369)
	at org.alter.game.saving.PlayerSaving.savePlayer(PlayerSaving.kt:56)
	at org.alter.game.task.AutoSaveTask.performAutoSave$lambda$4(AutoSaveTask.kt:64)
	at org.alter.game.model.PawnList.forEach(PawnList.kt:35)
	at org.alter.game.task.AutoSaveTask.performAutoSave(AutoSaveTask.kt:55)
	at org.alter.game.task.AutoSaveTask.execute(AutoSaveTask.kt:40)
	at org.alter.game.service.GameService.cycle(GameService.kt:192)
	at java.base/java.util.concurrent.Executors$RunnableAdapter.call(Executors.java:539)
	at java.base/java.util.concurrent.FutureTask.runAndReset(FutureTask.java:305)
	at java.base/java.util.concurrent.ScheduledThreadPoolExecutor$ScheduledFutureTask.run(ScheduledThreadPoolExecutor.java:305)
	at java.base/java.util.concurrent.ThreadPoolExecutor.runWorker(ThreadPoolExecutor.java:1136)
	at java.base/java.util.concurrent.ThreadPoolExecutor$Worker.run(ThreadPoolExecutor.java:635)
	at java.base/java.lang.Thread.run(Thread.java:840)
[2025-11-15 23:42:12.071] ERROR org.alter.game.saving.PlayerSaving - Failed to serialize details for player Pnda 
java.lang.ClassCastException: List element cannot be cast to int
	at org.bson.Document.constructValuesList(Document.java:402)
	at org.bson.Document.getList(Document.java:369)
	at org.alter.game.saving.PlayerSaving.savePlayer(PlayerSaving.kt:56)
	at org.alter.game.task.AutoSaveTask.performAutoSave$lambda$4(AutoSaveTask.kt:64)
	at org.alter.game.model.PawnList.forEach(PawnList.kt:35)
	at org.alter.game.task.AutoSaveTask.performAutoSave(AutoSaveTask.kt:55)
	at org.alter.game.task.AutoSaveTask.execute(AutoSaveTask.kt:40)
	at org.alter.game.service.GameService.cycle(GameService.kt:192)
	at java.base/java.util.concurrent.Executors$RunnableAdapter.call(Executors.java:539)
	at java.base/java.util.concurrent.FutureTask.runAndReset(FutureTask.java:305)
	at java.base/java.util.concurrent.ScheduledThreadPoolExecutor$ScheduledFutureTask.run(ScheduledThreadPoolExecutor.java:305)
	at java.base/java.util.concurrent.ThreadPoolExecutor.runWorker(ThreadPoolExecutor.java:1136)
	at java.base/java.util.concurrent.ThreadPoolExecutor$Worker.run(ThreadPoolExecutor.java:635)
	at java.base/java.lang.Thread.run(Thread.java:840)
[2025-11-15 23:42:12.071] ERROR org.alter.game.saving.PlayerSaving - Failed to save player Pnda: List element cannot be cast to int 
java.lang.ClassCastException: List element cannot be cast to int
	at org.bson.Document.constructValuesList(Document.java:402)
	at org.bson.Document.getList(Document.java:369)
	at org.alter.game.saving.PlayerSaving.savePlayer(PlayerSaving.kt:56)
	at org.alter.game.task.AutoSaveTask.performAutoSave$lambda$4(AutoSaveTask.kt:64)
	at org.alter.game.model.PawnList.forEach(PawnList.kt:35)
	at org.alter.game.task.AutoSaveTask.performAutoSave(AutoSaveTask.kt:55)
	at org.alter.game.task.AutoSaveTask.execute(AutoSaveTask.kt:40)
	at org.alter.game.service.GameService.cycle(GameService.kt:192)
	at java.base/java.util.concurrent.Executors$RunnableAdapter.call(Executors.java:539)
	at java.base/java.util.concurrent.FutureTask.runAndReset(FutureTask.java:305)
	at java.base/java.util.concurrent.ScheduledThreadPoolExecutor$ScheduledFutureTask.run(ScheduledThreadPoolExecutor.java:305)
	at java.base/java.util.concurrent.ThreadPoolExecutor.runWorker(ThreadPoolExecutor.java:1136)
	at java.base/java.util.concurrent.ThreadPoolExecutor$Worker.run(ThreadPoolExecutor.java:635)
	at java.base/java.lang.Thread.run(Thread.java:840)
[2025-11-15 23:42:12.072] ERROR org.alter.game.task.AutoSaveTask - Failed to auto-save player 'Pnda': List element cannot be cast to int 
java.lang.ClassCastException: List element cannot be cast to int
	at org.bson.Document.constructValuesList(Document.java:402)
	at org.bson.Document.getList(Document.java:369)
	at org.alter.game.saving.PlayerSaving.savePlayer(PlayerSaving.kt:56)
	at org.alter.game.task.AutoSaveTask.performAutoSave$lambda$4(AutoSaveTask.kt:64)
	at org.alter.game.model.PawnList.forEach(PawnList.kt:35)
	at org.alter.game.task.AutoSaveTask.performAutoSave(AutoSaveTask.kt:55)
	at org.alter.game.task.AutoSaveTask.execute(AutoSaveTask.kt:40)
	at org.alter.game.service.GameService.cycle(GameService.kt:192)
	at java.base/java.util.concurrent.Executors$RunnableAdapter.call(Executors.java:539)
	at java.base/java.util.concurrent.FutureTask.runAndReset(FutureTask.java:305)
	at java.base/java.util.concurrent.ScheduledThreadPoolExecutor$ScheduledFutureTask.run(ScheduledThreadPoolExecutor.java:305)
	at java.base/java.util.concurrent.ThreadPoolExecutor.runWorker(ThreadPoolExecutor.java:1136)
	at java.base/java.util.concurrent.ThreadPoolExecutor$Worker.run(ThreadPoolExecutor.java:635)
	at java.base/java.lang.Thread.run(Thread.java:840)
[2025-11-15 23:42:12.072] WARN  org.alter.game.task.AutoSaveTask - Auto-save attempted but no players were saved (3 players online) 
[2025-11-15 23:42:15.674] INFO  org.alter.game.service.GameService - [Cycle time: 1ms] [Entities: 3p / 193n] [Map: 1683c / 27r / 0i] [Queues: 0p / 0n / 0w] [Mem usage: U=828MB / R=1128MB / M=8180MB]. 
[2025-11-15 23:42:23.060] INFO  org.alter.game.Server - Preparing Alter... 
[2025-11-15 23:42:23.065] INFO  org.alter.game.Server - Alter loaded up in 188ms. 
[2025-11-15 23:42:23.075] INFO  org.alter.game.Server - Loaded properties for Alter. 
[2025-11-15 23:42:23.469] INFO  org.alter.game.saving.PlayerDetails - Total Player Details Saved: 4 
[2025-11-15 23:42:23.474] INFO  org.alter.game.saving.PlayerSaving - Player Save Format : JSON 
[2025-11-15 23:42:23.491] WARN  d.o.c.u.c.DecompressionContext - BZIP2 Compression found - replace to improve read performance. 
[2025-11-15 23:42:23.776] INFO  d.o.c.f.definition.DefinitionDecoder - 14162 NPCDecoder definitions loaded in 196ms 
[2025-11-15 23:42:24.474] INFO  d.o.c.f.definition.DefinitionDecoder - 56080 ObjectDecoder definitions loaded in 691ms 
[2025-11-15 23:42:24.772] INFO  d.o.c.f.definition.DefinitionDecoder - 30644 ItemDecoder definitions loaded in 288ms 
[2025-11-15 23:42:24.837] INFO  d.o.c.f.definition.DefinitionDecoder - 17252 VarBitDecoder definitions loaded in 61ms 
[2025-11-15 23:42:24.846] INFO  d.o.c.f.definition.DefinitionDecoder - 4660 VarDecoder definitions loaded in 7ms 
[2025-11-15 23:42:24.971] INFO  d.o.c.f.definition.DefinitionDecoder - 12025 SequenceDecoder definitions loaded in 123ms 
[2025-11-15 23:42:25.021] INFO  d.o.c.f.definition.DefinitionDecoder - 5714 EnumDecoder definitions loaded in 48ms 
[2025-11-15 23:42:25.024] INFO  d.o.c.f.definition.DefinitionDecoder - 79 HealthBarDecoder definitions loaded in 1ms 
[2025-11-15 23:42:25.029] INFO  d.o.c.f.definition.DefinitionDecoder - 78 HitSplatDecoder definitions loaded in 4ms 
[2025-11-15 23:42:25.073] INFO  d.o.c.f.definition.DefinitionDecoder - 5822 StructDecoder definitions loaded in 43ms 
[2025-11-15 23:42:25.079] INFO  d.o.c.f.definition.DefinitionDecoder - 86 DBTableDecoder definitions loaded in 4ms 
[2025-11-15 23:42:25.107] INFO  d.o.c.f.definition.DefinitionDecoder - 4235 DBRowDecoder definitions loaded in 27ms 
[2025-11-15 23:42:25.109] INFO  org.alter.game.Server - Loaded filestore from path data\cache in 1635ms. 
[2025-11-15 23:42:25.583] INFO  org.alter.game.model.World - Initiated service 'XteaKeyService' in 375ms. 
[2025-11-15 23:42:25.915] INFO  org.alter.game.model.World - Initiated service 'ItemMetadataService' in 329ms. 
[2025-11-15 23:42:25.953] INFO  org.alter.game.model.World - Initiated service 'NpcMetadataService' in 36ms. 
[2025-11-15 23:42:25.982] INFO  org.alter.game.model.World - Initiated service 'ObjectMetadataService' in 26ms. 
[2025-11-15 23:42:25.985] INFO  org.alter.game.model.World - Initiated service 'DumpEntityIdService' in 0ms. 
[2025-11-15 23:42:26.318] INFO  org.alter.game.model.World - Initiated service 'RsaService' in 331ms. 
[2025-11-15 23:42:26.336] INFO  org.alter.game.service.GameService - Auto-save configured: saving player positions every 50 cycles (~30s) 
[2025-11-15 23:42:26.337] INFO  org.alter.game.model.World - Initiated service 'GameService' in 5ms. 
[2025-11-15 23:42:26.338] INFO  org.alter.game.model.World - Initiated service 'LoginService' in 0ms. 
[2025-11-15 23:42:26.347] INFO  o.a.p.service.restapi.RestApiService - REST API Service starting on port 8080 with server IP 192.168.0.13, hostname oldschool.runescape.com 
[2025-11-15 23:42:26.379] INFO  org.eclipse.jetty.util.log - Logging initialized @4034ms 
[2025-11-15 23:42:26.414] INFO  spark.webserver.JettySparkServer - == Spark has ignited ... 
[2025-11-15 23:42:26.415] INFO  spark.webserver.JettySparkServer - >> Listening on 0.0.0.0:8080 
[2025-11-15 23:42:26.417] INFO  org.eclipse.jetty.server.Server - jetty-9.3.2.v20150730 
[2025-11-15 23:42:26.502] INFO  o.e.jetty.server.ServerConnector - Started ServerConnector@72e80fec{HTTP/1.1,[http/1.1]}{0.0.0.0:8080} 
[2025-11-15 23:42:26.503] INFO  org.eclipse.jetty.server.Server - Started @4159ms 
[2025-11-15 23:42:26.506] INFO  o.a.p.service.restapi.RestApiService - REST API Service initialized - bootstrap.json endpoint available at http://192.168.0.13:8080/bootstrap.json 
[2025-11-15 23:42:26.506] INFO  org.alter.game.model.World - Initiated service 'RestApiService' in 166ms. 
[2025-11-15 23:42:26.511] INFO  org.alter.game.model.World - Loaded 9 game services. 
[2025-11-15 23:42:28.697] INFO  o.a.g.rsprot.CacheJs5GroupProvider - Loaded 107953 JS5 responses 
[2025-11-15 23:42:28.716] DEBUG net.rsprot.compression.HuffmanCodec - Loaded 256 Huffman codewords and 512 node lookup tree. 
[2025-11-15 23:42:28.735] WARN  n.rsprot.protocol.common.RSProtFlags - Unknown network logging option: false, expected values: [off, trace, debug, info, warn, error] 
[2025-11-15 23:42:28.736] DEBUG n.rsprot.protocol.common.RSProtFlags - -Dnet.rsprot.protocol.internal.development: true 
[2025-11-15 23:42:28.736] DEBUG n.rsprot.protocol.common.RSProtFlags - -Dnet.rsprot.protocol.internal.inventoryObjCheck: true 
[2025-11-15 23:42:28.736] DEBUG n.rsprot.protocol.common.RSProtFlags - -Dnet.rsprot.protocol.internal.extendedInfoInputVerification: true 
[2025-11-15 23:42:28.736] DEBUG n.rsprot.protocol.common.RSProtFlags - -Dnet.rsprot.protocol.internal.clientscriptVerification: true 
[2025-11-15 23:42:28.736] DEBUG n.rsprot.protocol.common.RSProtFlags - -Dnet.rsprot.protocol.internal.networkLogging: false 
[2025-11-15 23:42:28.736] DEBUG n.rsprot.protocol.common.RSProtFlags - -Dnet.rsprot.protocol.internal.js5Logging: off 
[2025-11-15 23:42:28.736] DEBUG n.rsprot.protocol.common.RSProtFlags - -Dnet.rsprot.protocol.internal.npcPlayerAvatarTracking: true 
[2025-11-15 23:42:28.736] DEBUG n.rsprot.protocol.common.RSProtFlags - -Dnet.rsprot.protocol.internal.filterMissingPacketsInClient: true 
[2025-11-15 23:42:28.736] DEBUG n.rsprot.protocol.common.RSProtFlags - -Dnet.rsprot.protocol.internal.npcAvatarMaxId: 16383 
[2025-11-15 23:42:28.736] DEBUG n.rsprot.protocol.common.RSProtFlags - -Dnet.rsprot.protocol.internal.spotanimListCapacity: 256 
[2025-11-15 23:42:28.737] DEBUG n.rsprot.protocol.common.RSProtFlags - -Dnet.rsprot.protocol.internal.captureChat: false 
[2025-11-15 23:42:28.737] DEBUG n.rsprot.protocol.common.RSProtFlags - -Dnet.rsprot.protocol.internal.captureSay: false 
[2025-11-15 23:42:28.988] INFO  org.alter.rscm.RSCM - RSCM Loaded 
[2025-11-15 23:42:28.991] INFO  org.alter.game.Server - Loaded 4 privilege levels in 1ms. 
[2025-11-15 23:42:31.885] INFO  org.alter.game.Server - Loaded 8 single doors and 4 double doors. 
[2025-11-15 23:42:31.888] INFO  o.a.p.c.objects.gates.GateService - Loaded 1 gate. 
[2025-11-15 23:42:31.894] INFO  org.alter.game.Server - Loaded 7 chest thieving definitions. 
[2025-11-15 23:42:31.900] INFO  org.alter.game.Server - Loaded 13 pickpocket definitions. 
[2025-11-15 23:42:31.905] INFO  org.alter.game.Server - Loaded 11 stall thieving definitions. 
[2025-11-15 23:42:32.013] INFO  org.alter.game.Server - Loaded 173 plugins in 3021ms. 
[2025-11-15 23:42:32.019] INFO  org.alter.game.Server - Alter loaded up in 8952ms. 
[2025-11-15 23:42:32.123] DEBUG n.r.p.api.bootstrap.BootstrapBuilder - Using event loop group: NioEventLoopGroup (bossThreads: 1, childThreads: 22) 
[2025-11-15 23:42:32.133] DEBUG n.r.p.api.bootstrap.BootstrapBuilder - Using byte buffer allocator: PooledByteBufAllocator(directByDefault: true) 
[2025-11-15 23:42:32.133] DEBUG n.r.p.api.bootstrap.BootstrapBuilder - Auto read: disabled 
[2025-11-15 23:42:32.134] DEBUG n.r.p.api.bootstrap.BootstrapBuilder - Socket receive buffer size: 65,536 
[2025-11-15 23:42:32.134] DEBUG n.r.p.api.bootstrap.BootstrapBuilder - Socket send buffer size: 65,536 
[2025-11-15 23:42:32.135] DEBUG n.r.p.api.bootstrap.BootstrapBuilder - Write buffer watermarks: 524,288/2,097,152 
[2025-11-15 23:42:32.135] DEBUG n.r.p.api.bootstrap.BootstrapBuilder - Nagle's algorithm (TCP no delay): disabled 
[2025-11-15 23:42:32.190] INFO  n.rsprot.protocol.api.NetworkService - Started in: 163.029400ms 
[2025-11-15 23:42:32.190] INFO  n.rsprot.protocol.api.NetworkService - Bound to ports: 43594 
[2025-11-15 23:42:32.190] INFO  n.rsprot.protocol.api.NetworkService - Revision: 228 
[2025-11-15 23:42:32.191] INFO  n.rsprot.protocol.api.NetworkService - Supported client types: Desktop 
[2025-11-15 23:42:32.191] INFO  org.alter.game.Server - Now listening for incoming connections on port 43594... 
[2025-11-15 23:42:38.030] INFO  org.alter.game.service.GameService - [Cycle time: 5ms] [Entities: 0p / 193n] [Map: 77c / 2r / 0i] [Queues: 0p / 0n / 0w] [Mem usage: U=500MB / R=1616MB / M=8180MB]. 
[2025-11-15 23:42:44.633] INFO  org.alter.game.service.GameService - [Cycle time: 2ms] [Entities: 0p / 193n] [Map: 77c / 2r / 0i] [Queues: 0p / 0n / 0w] [Mem usage: U=502MB / R=1616MB / M=8180MB]. 
[2025-11-15 23:42:51.227] INFO  org.alter.game.service.GameService - [Cycle time: 3ms] [Entities: 0p / 193n] [Map: 77c / 2r / 0i] [Queues: 0p / 0n / 0w] [Mem usage: U=504MB / R=1616MB / M=8180MB]. 
[2025-11-15 23:42:57.822] INFO  org.alter.game.service.GameService - [Cycle time: 1ms] [Entities: 0p / 193n] [Map: 77c / 2r / 0i] [Queues: 0p / 0n / 0w] [Mem usage: U=508MB / R=1616MB / M=8180MB]. 
[2025-11-15 23:43:04.428] INFO  org.alter.game.service.GameService - [Cycle time: 2ms] [Entities: 0p / 193n] [Map: 77c / 2r / 0i] [Queues: 0p / 0n / 0w] [Mem usage: U=510MB / R=1616MB / M=8180MB]. 
[2025-11-15 23:43:11.029] INFO  org.alter.game.service.GameService - [Cycle time: 1ms] [Entities: 0p / 193n] [Map: 77c / 2r / 0i] [Queues: 0p / 0n / 0w] [Mem usage: U=512MB / R=1616MB / M=8180MB]. 
[2025-11-15 23:43:17.623] INFO  org.alter.game.service.GameService - [Cycle time: 1ms] [Entities: 0p / 193n] [Map: 77c / 2r / 0i] [Queues: 0p / 0n / 0w] [Mem usage: U=514MB / R=1616MB / M=8180MB]. 
[2025-11-15 23:43:24.232] INFO  org.alter.game.service.GameService - [Cycle time: 1ms] [Entities: 0p / 193n] [Map: 77c / 2r / 0i] [Queues: 0p / 0n / 0w] [Mem usage: U=516MB / R=1616MB / M=8180MB]. 
[2025-11-15 23:43:29.866] INFO  spark.webserver.MatcherFilter - The requested route [/world_list.ws] has not been mapped in Spark 
[2025-11-15 23:43:29.923] INFO  spark.webserver.MatcherFilter - The requested route [/jav_config.ws] has not been mapped in Spark 
[2025-11-15 23:43:30.474] DEBUG net.rsprot.crypto.rsa.Rsa - Native JNA-GMP support: false 
[2025-11-15 23:43:30.834] INFO  org.alter.game.service.GameService - [Cycle time: 1ms] [Entities: 0p / 193n] [Map: 77c / 2r / 0i] [Queues: 0p / 0n / 0w] [Mem usage: U=546MB / R=1616MB / M=8180MB]. 
[2025-11-15 23:43:34.409] WARN  o.a.g.s.impl.DetailSerialisation - Failed to load tile position for player Pnda: List element cannot be cast to int. Falling back to home location. 
[2025-11-15 23:43:34.409] WARN  o.a.g.s.impl.DetailSerialisation - Player Pnda position not found in save file (tile data: null), spawning at home location 
[2025-11-15 23:43:34.445] DEBUG net.rsprot.buffer.bitbuffer.BitBuf - -Dnet.rsprot.buffer.bitbufferErrorChecking: true 
[2025-11-15 23:43:37.425] INFO  org.alter.game.service.GameService - [Cycle time: 11ms] [Entities: 1p / 193n] [Map: 269c / 5r / 0i] [Queues: 0p / 0n / 0w] [Mem usage: U=562MB / R=1616MB / M=8180MB]. 
[2025-11-15 23:43:44.032] INFO  org.alter.game.service.GameService - [Cycle time: 6ms] [Entities: 1p / 193n] [Map: 269c / 5r / 0i] [Queues: 0p / 0n / 0w] [Mem usage: U=566MB / R=1616MB / M=8180MB]. 
[2025-11-15 23:43:50.124] INFO  spark.webserver.MatcherFilter - The requested route [/world_list.ws] has not been mapped in Spark 
[2025-11-15 23:43:50.162] INFO  spark.webserver.MatcherFilter - The requested route [/jav_config.ws] has not been mapped in Spark 
[2025-11-15 23:43:50.632] INFO  org.alter.game.service.GameService - [Cycle time: 2ms] [Entities: 1p / 193n] [Map: 269c / 5r / 0i] [Queues: 0p / 0n / 0w] [Mem usage: U=572MB / R=1616MB / M=8180MB]. 
[2025-11-15 23:43:54.536] WARN  o.a.g.s.impl.DetailSerialisation - Failed to load tile position for player DragonM: List element cannot be cast to int. Falling back to home location. 
[2025-11-15 23:43:54.536] WARN  o.a.g.s.impl.DetailSerialisation - Player DragonM position not found in save file (tile data: null), spawning at home location 
[2025-11-15 23:43:56.639] INFO  spark.webserver.MatcherFilter - The requested route [/world_list.ws] has not been mapped in Spark 
[2025-11-15 23:43:57.223] INFO  org.alter.game.service.GameService - [Cycle time: 2ms] [Entities: 2p / 193n] [Map: 269c / 5r / 0i] [Queues: 0p / 0n / 0w] [Mem usage: U=576MB / R=1616MB / M=8180MB]. 
[2025-11-15 23:44:01.434] ERROR org.alter.game.saving.PlayerSaving - Failed to serialize details for player Pnda 
java.lang.ClassCastException: List element cannot be cast to int
	at org.bson.Document.constructValuesList(Document.java:402)
	at org.bson.Document.getList(Document.java:369)
	at org.alter.game.saving.PlayerSaving.savePlayer(PlayerSaving.kt:56)
	at org.alter.game.task.AutoSaveTask.performAutoSave$lambda$4(AutoSaveTask.kt:64)
	at org.alter.game.model.PawnList.forEach(PawnList.kt:35)
	at org.alter.game.task.AutoSaveTask.performAutoSave(AutoSaveTask.kt:55)
	at org.alter.game.task.AutoSaveTask.execute(AutoSaveTask.kt:40)
	at org.alter.game.service.GameService.cycle(GameService.kt:192)
	at java.base/java.util.concurrent.Executors$RunnableAdapter.call(Executors.java:539)
	at java.base/java.util.concurrent.FutureTask.runAndReset(FutureTask.java:305)
	at java.base/java.util.concurrent.ScheduledThreadPoolExecutor$ScheduledFutureTask.run(ScheduledThreadPoolExecutor.java:305)
	at java.base/java.util.concurrent.ThreadPoolExecutor.runWorker(ThreadPoolExecutor.java:1136)
	at java.base/java.util.concurrent.ThreadPoolExecutor$Worker.run(ThreadPoolExecutor.java:635)
	at java.base/java.lang.Thread.run(Thread.java:840)
[2025-11-15 23:44:01.436] ERROR org.alter.game.saving.PlayerSaving - Failed to save player Pnda: List element cannot be cast to int 
java.lang.ClassCastException: List element cannot be cast to int
	at org.bson.Document.constructValuesList(Document.java:402)
	at org.bson.Document.getList(Document.java:369)
	at org.alter.game.saving.PlayerSaving.savePlayer(PlayerSaving.kt:56)
	at org.alter.game.task.AutoSaveTask.performAutoSave$lambda$4(AutoSaveTask.kt:64)
	at org.alter.game.model.PawnList.forEach(PawnList.kt:35)
	at org.alter.game.task.AutoSaveTask.performAutoSave(AutoSaveTask.kt:55)
	at org.alter.game.task.AutoSaveTask.execute(AutoSaveTask.kt:40)
	at org.alter.game.service.GameService.cycle(GameService.kt:192)
	at java.base/java.util.concurrent.Executors$RunnableAdapter.call(Executors.java:539)
	at java.base/java.util.concurrent.FutureTask.runAndReset(FutureTask.java:305)
	at java.base/java.util.concurrent.ScheduledThreadPoolExecutor$ScheduledFutureTask.run(ScheduledThreadPoolExecutor.java:305)
	at java.base/java.util.concurrent.ThreadPoolExecutor.runWorker(ThreadPoolExecutor.java:1136)
	at java.base/java.util.concurrent.ThreadPoolExecutor$Worker.run(ThreadPoolExecutor.java:635)
	at java.base/java.lang.Thread.run(Thread.java:840)
[2025-11-15 23:44:01.436] ERROR org.alter.game.task.AutoSaveTask - Failed to auto-save player 'Pnda': List element cannot be cast to int 
java.lang.ClassCastException: List element cannot be cast to int
	at org.bson.Document.constructValuesList(Document.java:402)
	at org.bson.Document.getList(Document.java:369)
	at org.alter.game.saving.PlayerSaving.savePlayer(PlayerSaving.kt:56)
	at org.alter.game.task.AutoSaveTask.performAutoSave$lambda$4(AutoSaveTask.kt:64)
	at org.alter.game.model.PawnList.forEach(PawnList.kt:35)
	at org.alter.game.task.AutoSaveTask.performAutoSave(AutoSaveTask.kt:55)
	at org.alter.game.task.AutoSaveTask.execute(AutoSaveTask.kt:40)
	at org.alter.game.service.GameService.cycle(GameService.kt:192)
	at java.base/java.util.concurrent.Executors$RunnableAdapter.call(Executors.java:539)
	at java.base/java.util.concurrent.FutureTask.runAndReset(FutureTask.java:305)
	at java.base/java.util.concurrent.ScheduledThreadPoolExecutor$ScheduledFutureTask.run(ScheduledThreadPoolExecutor.java:305)
	at java.base/java.util.concurrent.ThreadPoolExecutor.runWorker(ThreadPoolExecutor.java:1136)
	at java.base/java.util.concurrent.ThreadPoolExecutor$Worker.run(ThreadPoolExecutor.java:635)
	at java.base/java.lang.Thread.run(Thread.java:840)
[2025-11-15 23:44:01.436] ERROR org.alter.game.saving.PlayerSaving - Failed to serialize details for player DragonM 
java.lang.ClassCastException: List element cannot be cast to int
	at org.bson.Document.constructValuesList(Document.java:402)
	at org.bson.Document.getList(Document.java:369)
	at org.alter.game.saving.PlayerSaving.savePlayer(PlayerSaving.kt:56)
	at org.alter.game.task.AutoSaveTask.performAutoSave$lambda$4(AutoSaveTask.kt:64)
	at org.alter.game.model.PawnList.forEach(PawnList.kt:35)
	at org.alter.game.task.AutoSaveTask.performAutoSave(AutoSaveTask.kt:55)
	at org.alter.game.task.AutoSaveTask.execute(AutoSaveTask.kt:40)
	at org.alter.game.service.GameService.cycle(GameService.kt:192)
	at java.base/java.util.concurrent.Executors$RunnableAdapter.call(Executors.java:539)
	at java.base/java.util.concurrent.FutureTask.runAndReset(FutureTask.java:305)
	at java.base/java.util.concurrent.ScheduledThreadPoolExecutor$ScheduledFutureTask.run(ScheduledThreadPoolExecutor.java:305)
	at java.base/java.util.concurrent.ThreadPoolExecutor.runWorker(ThreadPoolExecutor.java:1136)
	at java.base/java.util.concurrent.ThreadPoolExecutor$Worker.run(ThreadPoolExecutor.java:635)
	at java.base/java.lang.Thread.run(Thread.java:840)
[2025-11-15 23:44:01.437] ERROR org.alter.game.saving.PlayerSaving - Failed to save player DragonM: List element cannot be cast to int 
java.lang.ClassCastException: List element cannot be cast to int
	at org.bson.Document.constructValuesList(Document.java:402)
	at org.bson.Document.getList(Document.java:369)
	at org.alter.game.saving.PlayerSaving.savePlayer(PlayerSaving.kt:56)
	at org.alter.game.task.AutoSaveTask.performAutoSave$lambda$4(AutoSaveTask.kt:64)
	at org.alter.game.model.PawnList.forEach(PawnList.kt:35)
	at org.alter.game.task.AutoSaveTask.performAutoSave(AutoSaveTask.kt:55)
	at org.alter.game.task.AutoSaveTask.execute(AutoSaveTask.kt:40)
	at org.alter.game.service.GameService.cycle(GameService.kt:192)
	at java.base/java.util.concurrent.Executors$RunnableAdapter.call(Executors.java:539)
	at java.base/java.util.concurrent.FutureTask.runAndReset(FutureTask.java:305)
	at java.base/java.util.concurrent.ScheduledThreadPoolExecutor$ScheduledFutureTask.run(ScheduledThreadPoolExecutor.java:305)
	at java.base/java.util.concurrent.ThreadPoolExecutor.runWorker(ThreadPoolExecutor.java:1136)
	at java.base/java.util.concurrent.ThreadPoolExecutor$Worker.run(ThreadPoolExecutor.java:635)
	at java.base/java.lang.Thread.run(Thread.java:840)
[2025-11-15 23:44:01.437] ERROR org.alter.game.task.AutoSaveTask - Failed to auto-save player 'DragonM': List element cannot be cast to int 
java.lang.ClassCastException: List element cannot be cast to int
	at org.bson.Document.constructValuesList(Document.java:402)
	at org.bson.Document.getList(Document.java:369)
	at org.alter.game.saving.PlayerSaving.savePlayer(PlayerSaving.kt:56)
	at org.alter.game.task.AutoSaveTask.performAutoSave$lambda$4(AutoSaveTask.kt:64)
	at org.alter.game.model.PawnList.forEach(PawnList.kt:35)
	at org.alter.game.task.AutoSaveTask.performAutoSave(AutoSaveTask.kt:55)
	at org.alter.game.task.AutoSaveTask.execute(AutoSaveTask.kt:40)
	at org.alter.game.service.GameService.cycle(GameService.kt:192)
	at java.base/java.util.concurrent.Executors$RunnableAdapter.call(Executors.java:539)
	at java.base/java.util.concurrent.FutureTask.runAndReset(FutureTask.java:305)
	at java.base/java.util.concurrent.ScheduledThreadPoolExecutor$ScheduledFutureTask.run(ScheduledThreadPoolExecutor.java:305)
	at java.base/java.util.concurrent.ThreadPoolExecutor.runWorker(ThreadPoolExecutor.java:1136)
	at java.base/java.util.concurrent.ThreadPoolExecutor$Worker.run(ThreadPoolExecutor.java:635)
	at java.base/java.lang.Thread.run(Thread.java:840)
[2025-11-15 23:44:01.437] WARN  org.alter.game.task.AutoSaveTask - Auto-save attempted but no players were saved (2 players online) 
[2025-11-15 23:44:03.830] INFO  org.alter.game.service.GameService - [Cycle time: 3ms] [Entities: 2p / 193n] [Map: 269c / 5r / 0i] [Queues: 0p / 0n / 0w] [Mem usage: U=580MB / R=1616MB / M=8180MB]. 
[2025-11-15 23:44:10.433] INFO  org.alter.game.service.GameService - [Cycle time: 3ms] [Entities: 2p / 193n] [Map: 269c / 5r / 0i] [Queues: 0p / 0n / 0w] [Mem usage: U=582MB / R=1616MB / M=8180MB]. 
[2025-11-15 23:44:17.034] INFO  org.alter.game.service.GameService - [Cycle time: 2ms] [Entities: 2p / 193n] [Map: 269c / 5r / 0i] [Queues: 0p / 0n / 0w] [Mem usage: U=584MB / R=1616MB / M=8180MB]. 
[2025-11-15 23:44:23.631] INFO  org.alter.game.service.GameService - [Cycle time: 1ms] [Entities: 2p / 193n] [Map: 269c / 5r / 0i] [Queues: 0p / 0n / 0w] [Mem usage: U=586MB / R=1616MB / M=8180MB]. 
[2025-11-15 23:44:30.236] INFO  org.alter.game.service.GameService - [Cycle time: 1ms] [Entities: 2p / 193n] [Map: 269c / 5r / 0i] [Queues: 0p / 0n / 0w] [Mem usage: U=588MB / R=1616MB / M=8180MB]. 
[2025-11-15 23:44:31.437] ERROR org.alter.game.saving.PlayerSaving - Failed to serialize details for player Pnda 
java.lang.ClassCastException: List element cannot be cast to int
	at org.bson.Document.constructValuesList(Document.java:402)
	at org.bson.Document.getList(Document.java:369)
	at org.alter.game.saving.PlayerSaving.savePlayer(PlayerSaving.kt:56)
	at org.alter.game.task.AutoSaveTask.performAutoSave$lambda$4(AutoSaveTask.kt:64)
	at org.alter.game.model.PawnList.forEach(PawnList.kt:35)
	at org.alter.game.task.AutoSaveTask.performAutoSave(AutoSaveTask.kt:55)
	at org.alter.game.task.AutoSaveTask.execute(AutoSaveTask.kt:40)
	at org.alter.game.service.GameService.cycle(GameService.kt:192)
	at java.base/java.util.concurrent.Executors$RunnableAdapter.call(Executors.java:539)
	at java.base/java.util.concurrent.FutureTask.runAndReset(FutureTask.java:305)
	at java.base/java.util.concurrent.ScheduledThreadPoolExecutor$ScheduledFutureTask.run(ScheduledThreadPoolExecutor.java:305)
	at java.base/java.util.concurrent.ThreadPoolExecutor.runWorker(ThreadPoolExecutor.java:1136)
	at java.base/java.util.concurrent.ThreadPoolExecutor$Worker.run(ThreadPoolExecutor.java:635)
	at java.base/java.lang.Thread.run(Thread.java:840)
[2025-11-15 23:44:31.437] ERROR org.alter.game.saving.PlayerSaving - Failed to save player Pnda: List element cannot be cast to int 
java.lang.ClassCastException: List element cannot be cast to int
	at org.bson.Document.constructValuesList(Document.java:402)
	at org.bson.Document.getList(Document.java:369)
	at org.alter.game.saving.PlayerSaving.savePlayer(PlayerSaving.kt:56)
	at org.alter.game.task.AutoSaveTask.performAutoSave$lambda$4(AutoSaveTask.kt:64)
	at org.alter.game.model.PawnList.forEach(PawnList.kt:35)
	at org.alter.game.task.AutoSaveTask.performAutoSave(AutoSaveTask.kt:55)
	at org.alter.game.task.AutoSaveTask.execute(AutoSaveTask.kt:40)
	at org.alter.game.service.GameService.cycle(GameService.kt:192)
	at java.base/java.util.concurrent.Executors$RunnableAdapter.call(Executors.java:539)
	at java.base/java.util.concurrent.FutureTask.runAndReset(FutureTask.java:305)
	at java.base/java.util.concurrent.ScheduledThreadPoolExecutor$ScheduledFutureTask.run(ScheduledThreadPoolExecutor.java:305)
	at java.base/java.util.concurrent.ThreadPoolExecutor.runWorker(ThreadPoolExecutor.java:1136)
	at java.base/java.util.concurrent.ThreadPoolExecutor$Worker.run(ThreadPoolExecutor.java:635)
	at java.base/java.lang.Thread.run(Thread.java:840)
[2025-11-15 23:44:31.437] ERROR org.alter.game.task.AutoSaveTask - Failed to auto-save player 'Pnda': List element cannot be cast to int 
java.lang.ClassCastException: List element cannot be cast to int
	at org.bson.Document.constructValuesList(Document.java:402)
	at org.bson.Document.getList(Document.java:369)
	at org.alter.game.saving.PlayerSaving.savePlayer(PlayerSaving.kt:56)
	at org.alter.game.task.AutoSaveTask.performAutoSave$lambda$4(AutoSaveTask.kt:64)
	at org.alter.game.model.PawnList.forEach(PawnList.kt:35)
	at org.alter.game.task.AutoSaveTask.performAutoSave(AutoSaveTask.kt:55)
	at org.alter.game.task.AutoSaveTask.execute(AutoSaveTask.kt:40)
	at org.alter.game.service.GameService.cycle(GameService.kt:192)
	at java.base/java.util.concurrent.Executors$RunnableAdapter.call(Executors.java:539)
	at java.base/java.util.concurrent.FutureTask.runAndReset(FutureTask.java:305)
	at java.base/java.util.concurrent.ScheduledThreadPoolExecutor$ScheduledFutureTask.run(ScheduledThreadPoolExecutor.java:305)
	at java.base/java.util.concurrent.ThreadPoolExecutor.runWorker(ThreadPoolExecutor.java:1136)
	at java.base/java.util.concurrent.ThreadPoolExecutor$Worker.run(ThreadPoolExecutor.java:635)
	at java.base/java.lang.Thread.run(Thread.java:840)
[2025-11-15 23:44:31.438] ERROR org.alter.game.saving.PlayerSaving - Failed to serialize details for player DragonM 
java.lang.ClassCastException: List element cannot be cast to int
	at org.bson.Document.constructValuesList(Document.java:402)
	at org.bson.Document.getList(Document.java:369)
	at org.alter.game.saving.PlayerSaving.savePlayer(PlayerSaving.kt:56)
	at org.alter.game.task.AutoSaveTask.performAutoSave$lambda$4(AutoSaveTask.kt:64)
	at org.alter.game.model.PawnList.forEach(PawnList.kt:35)
	at org.alter.game.task.AutoSaveTask.performAutoSave(AutoSaveTask.kt:55)
	at org.alter.game.task.AutoSaveTask.execute(AutoSaveTask.kt:40)
	at org.alter.game.service.GameService.cycle(GameService.kt:192)
	at java.base/java.util.concurrent.Executors$RunnableAdapter.call(Executors.java:539)
	at java.base/java.util.concurrent.FutureTask.runAndReset(FutureTask.java:305)
	at java.base/java.util.concurrent.ScheduledThreadPoolExecutor$ScheduledFutureTask.run(ScheduledThreadPoolExecutor.java:305)
	at java.base/java.util.concurrent.ThreadPoolExecutor.runWorker(ThreadPoolExecutor.java:1136)
	at java.base/java.util.concurrent.ThreadPoolExecutor$Worker.run(ThreadPoolExecutor.java:635)
	at java.base/java.lang.Thread.run(Thread.java:840)
[2025-11-15 23:44:31.438] ERROR org.alter.game.saving.PlayerSaving - Failed to save player DragonM: List element cannot be cast to int 
java.lang.ClassCastException: List element cannot be cast to int
	at org.bson.Document.constructValuesList(Document.java:402)
	at org.bson.Document.getList(Document.java:369)
	at org.alter.game.saving.PlayerSaving.savePlayer(PlayerSaving.kt:56)
	at org.alter.game.task.AutoSaveTask.performAutoSave$lambda$4(AutoSaveTask.kt:64)
	at org.alter.game.model.PawnList.forEach(PawnList.kt:35)
	at org.alter.game.task.AutoSaveTask.performAutoSave(AutoSaveTask.kt:55)
	at org.alter.game.task.AutoSaveTask.execute(AutoSaveTask.kt:40)
	at org.alter.game.service.GameService.cycle(GameService.kt:192)
	at java.base/java.util.concurrent.Executors$RunnableAdapter.call(Executors.java:539)
	at java.base/java.util.concurrent.FutureTask.runAndReset(FutureTask.java:305)
	at java.base/java.util.concurrent.ScheduledThreadPoolExecutor$ScheduledFutureTask.run(ScheduledThreadPoolExecutor.java:305)
	at java.base/java.util.concurrent.ThreadPoolExecutor.runWorker(ThreadPoolExecutor.java:1136)
	at java.base/java.util.concurrent.ThreadPoolExecutor$Worker.run(ThreadPoolExecutor.java:635)
	at java.base/java.lang.Thread.run(Thread.java:840)
[2025-11-15 23:44:31.438] ERROR org.alter.game.task.AutoSaveTask - Failed to auto-save player 'DragonM': List element cannot be cast to int 
java.lang.ClassCastException: List element cannot be cast to int
	at org.bson.Document.constructValuesList(Document.java:402)
	at org.bson.Document.getList(Document.java:369)
	at org.alter.game.saving.PlayerSaving.savePlayer(PlayerSaving.kt:56)
	at org.alter.game.task.AutoSaveTask.performAutoSave$lambda$4(AutoSaveTask.kt:64)
	at org.alter.game.model.PawnList.forEach(PawnList.kt:35)
	at org.alter.game.task.AutoSaveTask.performAutoSave(AutoSaveTask.kt:55)
	at org.alter.game.task.AutoSaveTask.execute(AutoSaveTask.kt:40)
	at org.alter.game.service.GameService.cycle(GameService.kt:192)
	at java.base/java.util.concurrent.Executors$RunnableAdapter.call(Executors.java:539)
	at java.base/java.util.concurrent.FutureTask.runAndReset(FutureTask.java:305)
	at java.base/java.util.concurrent.ScheduledThreadPoolExecutor$ScheduledFutureTask.run(ScheduledThreadPoolExecutor.java:305)
	at java.base/java.util.concurrent.ThreadPoolExecutor.runWorker(ThreadPoolExecutor.java:1136)
	at java.base/java.util.concurrent.ThreadPoolExecutor$Worker.run(ThreadPoolExecutor.java:635)
	at java.base/java.lang.Thread.run(Thread.java:840)
[2025-11-15 23:44:31.438] WARN  org.alter.game.task.AutoSaveTask - Auto-save attempted but no players were saved (2 players online) 
[2025-11-15 23:44:36.825] INFO  org.alter.game.service.GameService - [Cycle time: 2ms] [Entities: 2p / 193n] [Map: 269c / 5r / 0i] [Queues: 0p / 0n / 0w] [Mem usage: U=592MB / R=1616MB / M=8180MB]. 
[2025-11-15 23:44:43.424] INFO  org.alter.game.service.GameService - [Cycle time: 2ms] [Entities: 2p / 193n] [Map: 269c / 5r / 0i] [Queues: 0p / 0n / 0w] [Mem usage: U=594MB / R=1616MB / M=8180MB]. 
[2025-11-15 23:44:50.027] INFO  org.alter.game.service.GameService - [Cycle time: 1ms] [Entities: 2p / 193n] [Map: 269c / 5r / 0i] [Queues: 0p / 0n / 0w] [Mem usage: U=596MB / R=1616MB / M=8180MB]. 
[2025-11-15 23:44:56.628] INFO  org.alter.game.service.GameService - [Cycle time: 1ms] [Entities: 2p / 193n] [Map: 269c / 5r / 0i] [Queues: 0p / 0n / 0w] [Mem usage: U=598MB / R=1616MB / M=8180MB]. 
[2025-11-15 23:45:01.435] ERROR org.alter.game.saving.PlayerSaving - Failed to serialize details for player Pnda 
java.lang.ClassCastException: List element cannot be cast to int
	at org.bson.Document.constructValuesList(Document.java:402)
	at org.bson.Document.getList(Document.java:369)
	at org.alter.game.saving.PlayerSaving.savePlayer(PlayerSaving.kt:56)
	at org.alter.game.task.AutoSaveTask.performAutoSave$lambda$4(AutoSaveTask.kt:64)
	at org.alter.game.model.PawnList.forEach(PawnList.kt:35)
	at org.alter.game.task.AutoSaveTask.performAutoSave(AutoSaveTask.kt:55)
	at org.alter.game.task.AutoSaveTask.execute(AutoSaveTask.kt:40)
	at org.alter.game.service.GameService.cycle(GameService.kt:192)
	at java.base/java.util.concurrent.Executors$RunnableAdapter.call(Executors.java:539)
	at java.base/java.util.concurrent.FutureTask.runAndReset(FutureTask.java:305)
	at java.base/java.util.concurrent.ScheduledThreadPoolExecutor$ScheduledFutureTask.run(ScheduledThreadPoolExecutor.java:305)
	at java.base/java.util.concurrent.ThreadPoolExecutor.runWorker(ThreadPoolExecutor.java:1136)
	at java.base/java.util.concurrent.ThreadPoolExecutor$Worker.run(ThreadPoolExecutor.java:635)
	at java.base/java.lang.Thread.run(Thread.java:840)
[2025-11-15 23:45:01.436] ERROR org.alter.game.saving.PlayerSaving - Failed to save player Pnda: List element cannot be cast to int 
java.lang.ClassCastException: List element cannot be cast to int
	at org.bson.Document.constructValuesList(Document.java:402)
	at org.bson.Document.getList(Document.java:369)
	at org.alter.game.saving.PlayerSaving.savePlayer(PlayerSaving.kt:56)
	at org.alter.game.task.AutoSaveTask.performAutoSave$lambda$4(AutoSaveTask.kt:64)
	at org.alter.game.model.PawnList.forEach(PawnList.kt:35)
	at org.alter.game.task.AutoSaveTask.performAutoSave(AutoSaveTask.kt:55)
	at org.alter.game.task.AutoSaveTask.execute(AutoSaveTask.kt:40)
	at org.alter.game.service.GameService.cycle(GameService.kt:192)
	at java.base/java.util.concurrent.Executors$RunnableAdapter.call(Executors.java:539)
	at java.base/java.util.concurrent.FutureTask.runAndReset(FutureTask.java:305)
	at java.base/java.util.concurrent.ScheduledThreadPoolExecutor$ScheduledFutureTask.run(ScheduledThreadPoolExecutor.java:305)
	at java.base/java.util.concurrent.ThreadPoolExecutor.runWorker(ThreadPoolExecutor.java:1136)
	at java.base/java.util.concurrent.ThreadPoolExecutor$Worker.run(ThreadPoolExecutor.java:635)
	at java.base/java.lang.Thread.run(Thread.java:840)
[2025-11-15 23:45:01.436] ERROR org.alter.game.task.AutoSaveTask - Failed to auto-save player 'Pnda': List element cannot be cast to int 
java.lang.ClassCastException: List element cannot be cast to int
	at org.bson.Document.constructValuesList(Document.java:402)
	at org.bson.Document.getList(Document.java:369)
	at org.alter.game.saving.PlayerSaving.savePlayer(PlayerSaving.kt:56)
	at org.alter.game.task.AutoSaveTask.performAutoSave$lambda$4(AutoSaveTask.kt:64)
	at org.alter.game.model.PawnList.forEach(PawnList.kt:35)
	at org.alter.game.task.AutoSaveTask.performAutoSave(AutoSaveTask.kt:55)
	at org.alter.game.task.AutoSaveTask.execute(AutoSaveTask.kt:40)
	at org.alter.game.service.GameService.cycle(GameService.kt:192)
	at java.base/java.util.concurrent.Executors$RunnableAdapter.call(Executors.java:539)
	at java.base/java.util.concurrent.FutureTask.runAndReset(FutureTask.java:305)
	at java.base/java.util.concurrent.ScheduledThreadPoolExecutor$ScheduledFutureTask.run(ScheduledThreadPoolExecutor.java:305)
	at java.base/java.util.concurrent.ThreadPoolExecutor.runWorker(ThreadPoolExecutor.java:1136)
	at java.base/java.util.concurrent.ThreadPoolExecutor$Worker.run(ThreadPoolExecutor.java:635)
	at java.base/java.lang.Thread.run(Thread.java:840)
[2025-11-15 23:45:01.436] ERROR org.alter.game.saving.PlayerSaving - Failed to serialize details for player DragonM 
java.lang.ClassCastException: List element cannot be cast to int
	at org.bson.Document.constructValuesList(Document.java:402)
	at org.bson.Document.getList(Document.java:369)
	at org.alter.game.saving.PlayerSaving.savePlayer(PlayerSaving.kt:56)
	at org.alter.game.task.AutoSaveTask.performAutoSave$lambda$4(AutoSaveTask.kt:64)
	at org.alter.game.model.PawnList.forEach(PawnList.kt:35)
	at org.alter.game.task.AutoSaveTask.performAutoSave(AutoSaveTask.kt:55)
	at org.alter.game.task.AutoSaveTask.execute(AutoSaveTask.kt:40)
	at org.alter.game.service.GameService.cycle(GameService.kt:192)
	at java.base/java.util.concurrent.Executors$RunnableAdapter.call(Executors.java:539)
	at java.base/java.util.concurrent.FutureTask.runAndReset(FutureTask.java:305)
	at java.base/java.util.concurrent.ScheduledThreadPoolExecutor$ScheduledFutureTask.run(ScheduledThreadPoolExecutor.java:305)
	at java.base/java.util.concurrent.ThreadPoolExecutor.runWorker(ThreadPoolExecutor.java:1136)
	at java.base/java.util.concurrent.ThreadPoolExecutor$Worker.run(ThreadPoolExecutor.java:635)
	at java.base/java.lang.Thread.run(Thread.java:840)
[2025-11-15 23:45:01.436] ERROR org.alter.game.saving.PlayerSaving - Failed to save player DragonM: List element cannot be cast to int 
java.lang.ClassCastException: List element cannot be cast to int
	at org.bson.Document.constructValuesList(Document.java:402)
	at org.bson.Document.getList(Document.java:369)
	at org.alter.game.saving.PlayerSaving.savePlayer(PlayerSaving.kt:56)
	at org.alter.game.task.AutoSaveTask.performAutoSave$lambda$4(AutoSaveTask.kt:64)
	at org.alter.game.model.PawnList.forEach(PawnList.kt:35)
	at org.alter.game.task.AutoSaveTask.performAutoSave(AutoSaveTask.kt:55)
	at org.alter.game.task.AutoSaveTask.execute(AutoSaveTask.kt:40)
	at org.alter.game.service.GameService.cycle(GameService.kt:192)
	at java.base/java.util.concurrent.Executors$RunnableAdapter.call(Executors.java:539)
	at java.base/java.util.concurrent.FutureTask.runAndReset(FutureTask.java:305)
	at java.base/java.util.concurrent.ScheduledThreadPoolExecutor$ScheduledFutureTask.run(ScheduledThreadPoolExecutor.java:305)
	at java.base/java.util.concurrent.ThreadPoolExecutor.runWorker(ThreadPoolExecutor.java:1136)
	at java.base/java.util.concurrent.ThreadPoolExecutor$Worker.run(ThreadPoolExecutor.java:635)
	at java.base/java.lang.Thread.run(Thread.java:840)
[2025-11-15 23:45:01.436] ERROR org.alter.game.task.AutoSaveTask - Failed to auto-save player 'DragonM': List element cannot be cast to int 
java.lang.ClassCastException: List element cannot be cast to int
	at org.bson.Document.constructValuesList(Document.java:402)
	at org.bson.Document.getList(Document.java:369)
	at org.alter.game.saving.PlayerSaving.savePlayer(PlayerSaving.kt:56)
	at org.alter.game.task.AutoSaveTask.performAutoSave$lambda$4(AutoSaveTask.kt:64)
	at org.alter.game.model.PawnList.forEach(PawnList.kt:35)
	at org.alter.game.task.AutoSaveTask.performAutoSave(AutoSaveTask.kt:55)
	at org.alter.game.task.AutoSaveTask.execute(AutoSaveTask.kt:40)
	at org.alter.game.service.GameService.cycle(GameService.kt:192)
	at java.base/java.util.concurrent.Executors$RunnableAdapter.call(Executors.java:539)
	at java.base/java.util.concurrent.FutureTask.runAndReset(FutureTask.java:305)
	at java.base/java.util.concurrent.ScheduledThreadPoolExecutor$ScheduledFutureTask.run(ScheduledThreadPoolExecutor.java:305)
	at java.base/java.util.concurrent.ThreadPoolExecutor.runWorker(ThreadPoolExecutor.java:1136)
	at java.base/java.util.concurrent.ThreadPoolExecutor$Worker.run(ThreadPoolExecutor.java:635)
	at java.base/java.lang.Thread.run(Thread.java:840)
[2025-11-15 23:45:01.436] WARN  org.alter.game.task.AutoSaveTask - Auto-save attempted but no players were saved (2 players online) 
[2025-11-15 23:45:03.222] INFO  org.alter.game.service.GameService - [Cycle time: 1ms] [Entities: 2p / 193n] [Map: 269c / 5r / 0i] [Queues: 0p / 0n / 0w] [Mem usage: U=602MB / R=1616MB / M=8180MB]. 
[2025-11-15 23:45:09.825] INFO  org.alter.game.service.GameService - [Cycle time: 2ms] [Entities: 2p / 193n] [Map: 269c / 5r / 0i] [Queues: 0p / 0n / 0w] [Mem usage: U=604MB / R=1616MB / M=8180MB]. 
[2025-11-15 23:45:16.426] INFO  org.alter.game.service.GameService - [Cycle time: 1ms] [Entities: 2p / 193n] [Map: 269c / 5r / 0i] [Queues: 0p / 0n / 0w] [Mem usage: U=606MB / R=1616MB / M=8180MB]. 
[2025-11-15 23:45:23.032] INFO  org.alter.game.service.GameService - [Cycle time: 1ms] [Entities: 2p / 193n] [Map: 269c / 5r / 0i] [Queues: 0p / 0n / 0w] [Mem usage: U=608MB / R=1616MB / M=8180MB]. 
[2025-11-15 23:45:29.623] INFO  org.alter.game.service.GameService - [Cycle time: 1ms] [Entities: 2p / 193n] [Map: 269c / 5r / 0i] [Queues: 0p / 0n / 0w] [Mem usage: U=610MB / R=1616MB / M=8180MB]. 
[2025-11-15 23:45:31.436] ERROR org.alter.game.saving.PlayerSaving - Failed to serialize details for player Pnda 
java.lang.ClassCastException: List element cannot be cast to int
	at org.bson.Document.constructValuesList(Document.java:402)
	at org.bson.Document.getList(Document.java:369)
	at org.alter.game.saving.PlayerSaving.savePlayer(PlayerSaving.kt:56)
	at org.alter.game.task.AutoSaveTask.performAutoSave$lambda$4(AutoSaveTask.kt:64)
	at org.alter.game.model.PawnList.forEach(PawnList.kt:35)
	at org.alter.game.task.AutoSaveTask.performAutoSave(AutoSaveTask.kt:55)
	at org.alter.game.task.AutoSaveTask.execute(AutoSaveTask.kt:40)
	at org.alter.game.service.GameService.cycle(GameService.kt:192)
	at java.base/java.util.concurrent.Executors$RunnableAdapter.call(Executors.java:539)
	at java.base/java.util.concurrent.FutureTask.runAndReset(FutureTask.java:305)
	at java.base/java.util.concurrent.ScheduledThreadPoolExecutor$ScheduledFutureTask.run(ScheduledThreadPoolExecutor.java:305)
	at java.base/java.util.concurrent.ThreadPoolExecutor.runWorker(ThreadPoolExecutor.java:1136)
	at java.base/java.util.concurrent.ThreadPoolExecutor$Worker.run(ThreadPoolExecutor.java:635)
	at java.base/java.lang.Thread.run(Thread.java:840)
[2025-11-15 23:45:31.436] ERROR org.alter.game.saving.PlayerSaving - Failed to save player Pnda: List element cannot be cast to int 
java.lang.ClassCastException: List element cannot be cast to int
	at org.bson.Document.constructValuesList(Document.java:402)
	at org.bson.Document.getList(Document.java:369)
	at org.alter.game.saving.PlayerSaving.savePlayer(PlayerSaving.kt:56)
	at org.alter.game.task.AutoSaveTask.performAutoSave$lambda$4(AutoSaveTask.kt:64)
	at org.alter.game.model.PawnList.forEach(PawnList.kt:35)
	at org.alter.game.task.AutoSaveTask.performAutoSave(AutoSaveTask.kt:55)
	at org.alter.game.task.AutoSaveTask.execute(AutoSaveTask.kt:40)
	at org.alter.game.service.GameService.cycle(GameService.kt:192)
	at java.base/java.util.concurrent.Executors$RunnableAdapter.call(Executors.java:539)
	at java.base/java.util.concurrent.FutureTask.runAndReset(FutureTask.java:305)
	at java.base/java.util.concurrent.ScheduledThreadPoolExecutor$ScheduledFutureTask.run(ScheduledThreadPoolExecutor.java:305)
	at java.base/java.util.concurrent.ThreadPoolExecutor.runWorker(ThreadPoolExecutor.java:1136)
	at java.base/java.util.concurrent.ThreadPoolExecutor$Worker.run(ThreadPoolExecutor.java:635)
	at java.base/java.lang.Thread.run(Thread.java:840)
[2025-11-15 23:45:31.436] ERROR org.alter.game.task.AutoSaveTask - Failed to auto-save player 'Pnda': List element cannot be cast to int 
java.lang.ClassCastException: List element cannot be cast to int
	at org.bson.Document.constructValuesList(Document.java:402)
	at org.bson.Document.getList(Document.java:369)
	at org.alter.game.saving.PlayerSaving.savePlayer(PlayerSaving.kt:56)
	at org.alter.game.task.AutoSaveTask.performAutoSave$lambda$4(AutoSaveTask.kt:64)
	at org.alter.game.model.PawnList.forEach(PawnList.kt:35)
	at org.alter.game.task.AutoSaveTask.performAutoSave(AutoSaveTask.kt:55)
	at org.alter.game.task.AutoSaveTask.execute(AutoSaveTask.kt:40)
	at org.alter.game.service.GameService.cycle(GameService.kt:192)
	at java.base/java.util.concurrent.Executors$RunnableAdapter.call(Executors.java:539)
	at java.base/java.util.concurrent.FutureTask.runAndReset(FutureTask.java:305)
	at java.base/java.util.concurrent.ScheduledThreadPoolExecutor$ScheduledFutureTask.run(ScheduledThreadPoolExecutor.java:305)
	at java.base/java.util.concurrent.ThreadPoolExecutor.runWorker(ThreadPoolExecutor.java:1136)
	at java.base/java.util.concurrent.ThreadPoolExecutor$Worker.run(ThreadPoolExecutor.java:635)
	at java.base/java.lang.Thread.run(Thread.java:840)
[2025-11-15 23:45:31.436] ERROR org.alter.game.saving.PlayerSaving - Failed to serialize details for player DragonM 
java.lang.ClassCastException: List element cannot be cast to int
	at org.bson.Document.constructValuesList(Document.java:402)
	at org.bson.Document.getList(Document.java:369)
	at org.alter.game.saving.PlayerSaving.savePlayer(PlayerSaving.kt:56)
	at org.alter.game.task.AutoSaveTask.performAutoSave$lambda$4(AutoSaveTask.kt:64)
	at org.alter.game.model.PawnList.forEach(PawnList.kt:35)
	at org.alter.game.task.AutoSaveTask.performAutoSave(AutoSaveTask.kt:55)
	at org.alter.game.task.AutoSaveTask.execute(AutoSaveTask.kt:40)
	at org.alter.game.service.GameService.cycle(GameService.kt:192)
	at java.base/java.util.concurrent.Executors$RunnableAdapter.call(Executors.java:539)
	at java.base/java.util.concurrent.FutureTask.runAndReset(FutureTask.java:305)
	at java.base/java.util.concurrent.ScheduledThreadPoolExecutor$ScheduledFutureTask.run(ScheduledThreadPoolExecutor.java:305)
	at java.base/java.util.concurrent.ThreadPoolExecutor.runWorker(ThreadPoolExecutor.java:1136)
	at java.base/java.util.concurrent.ThreadPoolExecutor$Worker.run(ThreadPoolExecutor.java:635)
	at java.base/java.lang.Thread.run(Thread.java:840)
[2025-11-15 23:45:31.437] ERROR org.alter.game.saving.PlayerSaving - Failed to save player DragonM: List element cannot be cast to int 
java.lang.ClassCastException: List element cannot be cast to int
	at org.bson.Document.constructValuesList(Document.java:402)
	at org.bson.Document.getList(Document.java:369)
	at org.alter.game.saving.PlayerSaving.savePlayer(PlayerSaving.kt:56)
	at org.alter.game.task.AutoSaveTask.performAutoSave$lambda$4(AutoSaveTask.kt:64)
	at org.alter.game.model.PawnList.forEach(PawnList.kt:35)
	at org.alter.game.task.AutoSaveTask.performAutoSave(AutoSaveTask.kt:55)
	at org.alter.game.task.AutoSaveTask.execute(AutoSaveTask.kt:40)
	at org.alter.game.service.GameService.cycle(GameService.kt:192)
	at java.base/java.util.concurrent.Executors$RunnableAdapter.call(Executors.java:539)
	at java.base/java.util.concurrent.FutureTask.runAndReset(FutureTask.java:305)
	at java.base/java.util.concurrent.ScheduledThreadPoolExecutor$ScheduledFutureTask.run(ScheduledThreadPoolExecutor.java:305)
	at java.base/java.util.concurrent.ThreadPoolExecutor.runWorker(ThreadPoolExecutor.java:1136)
	at java.base/java.util.concurrent.ThreadPoolExecutor$Worker.run(ThreadPoolExecutor.java:635)
	at java.base/java.lang.Thread.run(Thread.java:840)
[2025-11-15 23:45:31.437] ERROR org.alter.game.task.AutoSaveTask - Failed to auto-save player 'DragonM': List element cannot be cast to int 
java.lang.ClassCastException: List element cannot be cast to int
	at org.bson.Document.constructValuesList(Document.java:402)
	at org.bson.Document.getList(Document.java:369)
	at org.alter.game.saving.PlayerSaving.savePlayer(PlayerSaving.kt:56)
	at org.alter.game.task.AutoSaveTask.performAutoSave$lambda$4(AutoSaveTask.kt:64)
	at org.alter.game.model.PawnList.forEach(PawnList.kt:35)
	at org.alter.game.task.AutoSaveTask.performAutoSave(AutoSaveTask.kt:55)
	at org.alter.game.task.AutoSaveTask.execute(AutoSaveTask.kt:40)
	at org.alter.game.service.GameService.cycle(GameService.kt:192)
	at java.base/java.util.concurrent.Executors$RunnableAdapter.call(Executors.java:539)
	at java.base/java.util.concurrent.FutureTask.runAndReset(FutureTask.java:305)
	at java.base/java.util.concurrent.ScheduledThreadPoolExecutor$ScheduledFutureTask.run(ScheduledThreadPoolExecutor.java:305)
	at java.base/java.util.concurrent.ThreadPoolExecutor.runWorker(ThreadPoolExecutor.java:1136)
	at java.base/java.util.concurrent.ThreadPoolExecutor$Worker.run(ThreadPoolExecutor.java:635)
	at java.base/java.lang.Thread.run(Thread.java:840)
[2025-11-15 23:45:31.437] WARN  org.alter.game.task.AutoSaveTask - Auto-save attempted but no players were saved (2 players online) 
[2025-11-15 23:45:36.232] INFO  org.alter.game.service.GameService - [Cycle time: 2ms] [Entities: 2p / 193n] [Map: 269c / 5r / 0i] [Queues: 0p / 0n / 0w] [Mem usage: U=614MB / R=1616MB / M=8180MB]. 
[2025-11-15 23:45:42.835] INFO  org.alter.game.service.GameService - [Cycle time: 2ms] [Entities: 2p / 193n] [Map: 332c / 6r / 0i] [Queues: 0p / 0n / 0w] [Mem usage: U=618MB / R=1616MB / M=8180MB]. 
[2025-11-15 23:45:49.431] INFO  org.alter.game.service.GameService - [Cycle time: 1ms] [Entities: 2p / 193n] [Map: 332c / 6r / 0i] [Queues: 0p / 0n / 0w] [Mem usage: U=620MB / R=1616MB / M=8180MB]. 
[2025-11-15 23:45:56.024] INFO  org.alter.game.service.GameService - [Cycle time: 1ms] [Entities: 2p / 193n] [Map: 332c / 6r / 0i] [Queues: 0p / 0n / 0w] [Mem usage: U=622MB / R=1616MB / M=8180MB]. 
[2025-11-15 23:46:01.436] ERROR org.alter.game.saving.PlayerSaving - Failed to serialize details for player Pnda 
java.lang.ClassCastException: List element cannot be cast to int
	at org.bson.Document.constructValuesList(Document.java:402)
	at org.bson.Document.getList(Document.java:369)
	at org.alter.game.saving.PlayerSaving.savePlayer(PlayerSaving.kt:56)
	at org.alter.game.task.AutoSaveTask.performAutoSave$lambda$4(AutoSaveTask.kt:64)
	at org.alter.game.model.PawnList.forEach(PawnList.kt:35)
	at org.alter.game.task.AutoSaveTask.performAutoSave(AutoSaveTask.kt:55)
	at org.alter.game.task.AutoSaveTask.execute(AutoSaveTask.kt:40)
	at org.alter.game.service.GameService.cycle(GameService.kt:192)
	at java.base/java.util.concurrent.Executors$RunnableAdapter.call(Executors.java:539)
	at java.base/java.util.concurrent.FutureTask.runAndReset(FutureTask.java:305)
	at java.base/java.util.concurrent.ScheduledThreadPoolExecutor$ScheduledFutureTask.run(ScheduledThreadPoolExecutor.java:305)
	at java.base/java.util.concurrent.ThreadPoolExecutor.runWorker(ThreadPoolExecutor.java:1136)
	at java.base/java.util.concurrent.ThreadPoolExecutor$Worker.run(ThreadPoolExecutor.java:635)
	at java.base/java.lang.Thread.run(Thread.java:840)
[2025-11-15 23:46:01.436] ERROR org.alter.game.saving.PlayerSaving - Failed to save player Pnda: List element cannot be cast to int 
java.lang.ClassCastException: List element cannot be cast to int
	at org.bson.Document.constructValuesList(Document.java:402)
	at org.bson.Document.getList(Document.java:369)
	at org.alter.game.saving.PlayerSaving.savePlayer(PlayerSaving.kt:56)
	at org.alter.game.task.AutoSaveTask.performAutoSave$lambda$4(AutoSaveTask.kt:64)
	at org.alter.game.model.PawnList.forEach(PawnList.kt:35)
	at org.alter.game.task.AutoSaveTask.performAutoSave(AutoSaveTask.kt:55)
	at org.alter.game.task.AutoSaveTask.execute(AutoSaveTask.kt:40)
	at org.alter.game.service.GameService.cycle(GameService.kt:192)
	at java.base/java.util.concurrent.Executors$RunnableAdapter.call(Executors.java:539)
	at java.base/java.util.concurrent.FutureTask.runAndReset(FutureTask.java:305)
	at java.base/java.util.concurrent.ScheduledThreadPoolExecutor$ScheduledFutureTask.run(ScheduledThreadPoolExecutor.java:305)
	at java.base/java.util.concurrent.ThreadPoolExecutor.runWorker(ThreadPoolExecutor.java:1136)
	at java.base/java.util.concurrent.ThreadPoolExecutor$Worker.run(ThreadPoolExecutor.java:635)
	at java.base/java.lang.Thread.run(Thread.java:840)
[2025-11-15 23:46:01.436] ERROR org.alter.game.task.AutoSaveTask - Failed to auto-save player 'Pnda': List element cannot be cast to int 
java.lang.ClassCastException: List element cannot be cast to int
	at org.bson.Document.constructValuesList(Document.java:402)
	at org.bson.Document.getList(Document.java:369)
	at org.alter.game.saving.PlayerSaving.savePlayer(PlayerSaving.kt:56)
	at org.alter.game.task.AutoSaveTask.performAutoSave$lambda$4(AutoSaveTask.kt:64)
	at org.alter.game.model.PawnList.forEach(PawnList.kt:35)
	at org.alter.game.task.AutoSaveTask.performAutoSave(AutoSaveTask.kt:55)
	at org.alter.game.task.AutoSaveTask.execute(AutoSaveTask.kt:40)
	at org.alter.game.service.GameService.cycle(GameService.kt:192)
	at java.base/java.util.concurrent.Executors$RunnableAdapter.call(Executors.java:539)
	at java.base/java.util.concurrent.FutureTask.runAndReset(FutureTask.java:305)
	at java.base/java.util.concurrent.ScheduledThreadPoolExecutor$ScheduledFutureTask.run(ScheduledThreadPoolExecutor.java:305)
	at java.base/java.util.concurrent.ThreadPoolExecutor.runWorker(ThreadPoolExecutor.java:1136)
	at java.base/java.util.concurrent.ThreadPoolExecutor$Worker.run(ThreadPoolExecutor.java:635)
	at java.base/java.lang.Thread.run(Thread.java:840)
[2025-11-15 23:46:01.436] ERROR org.alter.game.saving.PlayerSaving - Failed to serialize details for player DragonM 
java.lang.ClassCastException: List element cannot be cast to int
	at org.bson.Document.constructValuesList(Document.java:402)
	at org.bson.Document.getList(Document.java:369)
	at org.alter.game.saving.PlayerSaving.savePlayer(PlayerSaving.kt:56)
	at org.alter.game.task.AutoSaveTask.performAutoSave$lambda$4(AutoSaveTask.kt:64)
	at org.alter.game.model.PawnList.forEach(PawnList.kt:35)
	at org.alter.game.task.AutoSaveTask.performAutoSave(AutoSaveTask.kt:55)
	at org.alter.game.task.AutoSaveTask.execute(AutoSaveTask.kt:40)
	at org.alter.game.service.GameService.cycle(GameService.kt:192)
	at java.base/java.util.concurrent.Executors$RunnableAdapter.call(Executors.java:539)
	at java.base/java.util.concurrent.FutureTask.runAndReset(FutureTask.java:305)
	at java.base/java.util.concurrent.ScheduledThreadPoolExecutor$ScheduledFutureTask.run(ScheduledThreadPoolExecutor.java:305)
	at java.base/java.util.concurrent.ThreadPoolExecutor.runWorker(ThreadPoolExecutor.java:1136)
	at java.base/java.util.concurrent.ThreadPoolExecutor$Worker.run(ThreadPoolExecutor.java:635)
	at java.base/java.lang.Thread.run(Thread.java:840)
[2025-11-15 23:46:01.436] ERROR org.alter.game.saving.PlayerSaving - Failed to save player DragonM: List element cannot be cast to int 
java.lang.ClassCastException: List element cannot be cast to int
	at org.bson.Document.constructValuesList(Document.java:402)
	at org.bson.Document.getList(Document.java:369)
	at org.alter.game.saving.PlayerSaving.savePlayer(PlayerSaving.kt:56)
	at org.alter.game.task.AutoSaveTask.performAutoSave$lambda$4(AutoSaveTask.kt:64)
	at org.alter.game.model.PawnList.forEach(PawnList.kt:35)
	at org.alter.game.task.AutoSaveTask.performAutoSave(AutoSaveTask.kt:55)
	at org.alter.game.task.AutoSaveTask.execute(AutoSaveTask.kt:40)
	at org.alter.game.service.GameService.cycle(GameService.kt:192)
	at java.base/java.util.concurrent.Executors$RunnableAdapter.call(Executors.java:539)
	at java.base/java.util.concurrent.FutureTask.runAndReset(FutureTask.java:305)
	at java.base/java.util.concurrent.ScheduledThreadPoolExecutor$ScheduledFutureTask.run(ScheduledThreadPoolExecutor.java:305)
	at java.base/java.util.concurrent.ThreadPoolExecutor.runWorker(ThreadPoolExecutor.java:1136)
	at java.base/java.util.concurrent.ThreadPoolExecutor$Worker.run(ThreadPoolExecutor.java:635)
	at java.base/java.lang.Thread.run(Thread.java:840)
[2025-11-15 23:46:01.436] ERROR org.alter.game.task.AutoSaveTask - Failed to auto-save player 'DragonM': List element cannot be cast to int 
java.lang.ClassCastException: List element cannot be cast to int
	at org.bson.Document.constructValuesList(Document.java:402)
	at org.bson.Document.getList(Document.java:369)
	at org.alter.game.saving.PlayerSaving.savePlayer(PlayerSaving.kt:56)
	at org.alter.game.task.AutoSaveTask.performAutoSave$lambda$4(AutoSaveTask.kt:64)
	at org.alter.game.model.PawnList.forEach(PawnList.kt:35)
	at org.alter.game.task.AutoSaveTask.performAutoSave(AutoSaveTask.kt:55)
	at org.alter.game.task.AutoSaveTask.execute(AutoSaveTask.kt:40)
	at org.alter.game.service.GameService.cycle(GameService.kt:192)
	at java.base/java.util.concurrent.Executors$RunnableAdapter.call(Executors.java:539)
	at java.base/java.util.concurrent.FutureTask.runAndReset(FutureTask.java:305)
	at java.base/java.util.concurrent.ScheduledThreadPoolExecutor$ScheduledFutureTask.run(ScheduledThreadPoolExecutor.java:305)
	at java.base/java.util.concurrent.ThreadPoolExecutor.runWorker(ThreadPoolExecutor.java:1136)
	at java.base/java.util.concurrent.ThreadPoolExecutor$Worker.run(ThreadPoolExecutor.java:635)
	at java.base/java.lang.Thread.run(Thread.java:840)
[2025-11-15 23:46:01.436] WARN  org.alter.game.task.AutoSaveTask - Auto-save attempted but no players were saved (2 players online) 
[2025-11-15 23:46:02.637] INFO  org.alter.game.service.GameService - [Cycle time: 3ms] [Entities: 2p / 193n] [Map: 332c / 6r / 0i] [Queues: 0p / 0n / 0w] [Mem usage: U=624MB / R=1616MB / M=8180MB]. 
[2025-11-15 23:46:09.225] INFO  org.alter.game.service.GameService - [Cycle time: 1ms] [Entities: 2p / 193n] [Map: 332c / 6r / 0i] [Queues: 0p / 0n / 0w] [Mem usage: U=626MB / R=1616MB / M=8180MB]. 
[2025-11-15 23:46:15.837] INFO  org.alter.game.service.GameService - [Cycle time: 1ms] [Entities: 2p / 193n] [Map: 332c / 6r / 0i] [Queues: 0p / 0n / 0w] [Mem usage: U=628MB / R=1616MB / M=8180MB]. 
[2025-11-15 23:46:22.435] INFO  org.alter.game.service.GameService - [Cycle time: 1ms] [Entities: 2p / 193n] [Map: 332c / 6r / 0i] [Queues: 0p / 0n / 0w] [Mem usage: U=632MB / R=1616MB / M=8180MB]. 
[2025-11-15 23:46:29.033] INFO  org.alter.game.service.GameService - [Cycle time: 1ms] [Entities: 2p / 193n] [Map: 332c / 6r / 0i] [Queues: 0p / 0n / 0w] [Mem usage: U=634MB / R=1616MB / M=8180MB]. 
[2025-11-15 23:46:31.422] ERROR org.alter.game.saving.PlayerSaving - Failed to serialize details for player Pnda 
java.lang.ClassCastException: List element cannot be cast to int
	at org.bson.Document.constructValuesList(Document.java:402)
	at org.bson.Document.getList(Document.java:369)
	at org.alter.game.saving.PlayerSaving.savePlayer(PlayerSaving.kt:56)
	at org.alter.game.task.AutoSaveTask.performAutoSave$lambda$4(AutoSaveTask.kt:64)
	at org.alter.game.model.PawnList.forEach(PawnList.kt:35)
	at org.alter.game.task.AutoSaveTask.performAutoSave(AutoSaveTask.kt:55)
	at org.alter.game.task.AutoSaveTask.execute(AutoSaveTask.kt:40)
	at org.alter.game.service.GameService.cycle(GameService.kt:192)
	at java.base/java.util.concurrent.Executors$RunnableAdapter.call(Executors.java:539)
	at java.base/java.util.concurrent.FutureTask.runAndReset(FutureTask.java:305)
	at java.base/java.util.concurrent.ScheduledThreadPoolExecutor$ScheduledFutureTask.run(ScheduledThreadPoolExecutor.java:305)
	at java.base/java.util.concurrent.ThreadPoolExecutor.runWorker(ThreadPoolExecutor.java:1136)
	at java.base/java.util.concurrent.ThreadPoolExecutor$Worker.run(ThreadPoolExecutor.java:635)
	at java.base/java.lang.Thread.run(Thread.java:840)
[2025-11-15 23:46:31.423] ERROR org.alter.game.saving.PlayerSaving - Failed to save player Pnda: List element cannot be cast to int 
java.lang.ClassCastException: List element cannot be cast to int
	at org.bson.Document.constructValuesList(Document.java:402)
	at org.bson.Document.getList(Document.java:369)
	at org.alter.game.saving.PlayerSaving.savePlayer(PlayerSaving.kt:56)
	at org.alter.game.task.AutoSaveTask.performAutoSave$lambda$4(AutoSaveTask.kt:64)
	at org.alter.game.model.PawnList.forEach(PawnList.kt:35)
	at org.alter.game.task.AutoSaveTask.performAutoSave(AutoSaveTask.kt:55)
	at org.alter.game.task.AutoSaveTask.execute(AutoSaveTask.kt:40)
	at org.alter.game.service.GameService.cycle(GameService.kt:192)
	at java.base/java.util.concurrent.Executors$RunnableAdapter.call(Executors.java:539)
	at java.base/java.util.concurrent.FutureTask.runAndReset(FutureTask.java:305)
	at java.base/java.util.concurrent.ScheduledThreadPoolExecutor$ScheduledFutureTask.run(ScheduledThreadPoolExecutor.java:305)
	at java.base/java.util.concurrent.ThreadPoolExecutor.runWorker(ThreadPoolExecutor.java:1136)
	at java.base/java.util.concurrent.ThreadPoolExecutor$Worker.run(ThreadPoolExecutor.java:635)
	at java.base/java.lang.Thread.run(Thread.java:840)
[2025-11-15 23:46:31.423] ERROR org.alter.game.task.AutoSaveTask - Failed to auto-save player 'Pnda': List element cannot be cast to int 
java.lang.ClassCastException: List element cannot be cast to int
	at org.bson.Document.constructValuesList(Document.java:402)
	at org.bson.Document.getList(Document.java:369)
	at org.alter.game.saving.PlayerSaving.savePlayer(PlayerSaving.kt:56)
	at org.alter.game.task.AutoSaveTask.performAutoSave$lambda$4(AutoSaveTask.kt:64)
	at org.alter.game.model.PawnList.forEach(PawnList.kt:35)
	at org.alter.game.task.AutoSaveTask.performAutoSave(AutoSaveTask.kt:55)
	at org.alter.game.task.AutoSaveTask.execute(AutoSaveTask.kt:40)
	at org.alter.game.service.GameService.cycle(GameService.kt:192)
	at java.base/java.util.concurrent.Executors$RunnableAdapter.call(Executors.java:539)
	at java.base/java.util.concurrent.FutureTask.runAndReset(FutureTask.java:305)
	at java.base/java.util.concurrent.ScheduledThreadPoolExecutor$ScheduledFutureTask.run(ScheduledThreadPoolExecutor.java:305)
	at java.base/java.util.concurrent.ThreadPoolExecutor.runWorker(ThreadPoolExecutor.java:1136)
	at java.base/java.util.concurrent.ThreadPoolExecutor$Worker.run(ThreadPoolExecutor.java:635)
	at java.base/java.lang.Thread.run(Thread.java:840)
[2025-11-15 23:46:31.423] ERROR org.alter.game.saving.PlayerSaving - Failed to serialize details for player DragonM 
java.lang.ClassCastException: List element cannot be cast to int
	at org.bson.Document.constructValuesList(Document.java:402)
	at org.bson.Document.getList(Document.java:369)
	at org.alter.game.saving.PlayerSaving.savePlayer(PlayerSaving.kt:56)
	at org.alter.game.task.AutoSaveTask.performAutoSave$lambda$4(AutoSaveTask.kt:64)
	at org.alter.game.model.PawnList.forEach(PawnList.kt:35)
	at org.alter.game.task.AutoSaveTask.performAutoSave(AutoSaveTask.kt:55)
	at org.alter.game.task.AutoSaveTask.execute(AutoSaveTask.kt:40)
	at org.alter.game.service.GameService.cycle(GameService.kt:192)
	at java.base/java.util.concurrent.Executors$RunnableAdapter.call(Executors.java:539)
	at java.base/java.util.concurrent.FutureTask.runAndReset(FutureTask.java:305)
	at java.base/java.util.concurrent.ScheduledThreadPoolExecutor$ScheduledFutureTask.run(ScheduledThreadPoolExecutor.java:305)
	at java.base/java.util.concurrent.ThreadPoolExecutor.runWorker(ThreadPoolExecutor.java:1136)
	at java.base/java.util.concurrent.ThreadPoolExecutor$Worker.run(ThreadPoolExecutor.java:635)
	at java.base/java.lang.Thread.run(Thread.java:840)
[2025-11-15 23:46:31.423] ERROR org.alter.game.saving.PlayerSaving - Failed to save player DragonM: List element cannot be cast to int 
java.lang.ClassCastException: List element cannot be cast to int
	at org.bson.Document.constructValuesList(Document.java:402)
	at org.bson.Document.getList(Document.java:369)
	at org.alter.game.saving.PlayerSaving.savePlayer(PlayerSaving.kt:56)
	at org.alter.game.task.AutoSaveTask.performAutoSave$lambda$4(AutoSaveTask.kt:64)
	at org.alter.game.model.PawnList.forEach(PawnList.kt:35)
	at org.alter.game.task.AutoSaveTask.performAutoSave(AutoSaveTask.kt:55)
	at org.alter.game.task.AutoSaveTask.execute(AutoSaveTask.kt:40)
	at org.alter.game.service.GameService.cycle(GameService.kt:192)
	at java.base/java.util.concurrent.Executors$RunnableAdapter.call(Executors.java:539)
	at java.base/java.util.concurrent.FutureTask.runAndReset(FutureTask.java:305)
	at java.base/java.util.concurrent.ScheduledThreadPoolExecutor$ScheduledFutureTask.run(ScheduledThreadPoolExecutor.java:305)
	at java.base/java.util.concurrent.ThreadPoolExecutor.runWorker(ThreadPoolExecutor.java:1136)
	at java.base/java.util.concurrent.ThreadPoolExecutor$Worker.run(ThreadPoolExecutor.java:635)
	at java.base/java.lang.Thread.run(Thread.java:840)
[2025-11-15 23:46:31.424] ERROR org.alter.game.task.AutoSaveTask - Failed to auto-save player 'DragonM': List element cannot be cast to int 
java.lang.ClassCastException: List element cannot be cast to int
	at org.bson.Document.constructValuesList(Document.java:402)
	at org.bson.Document.getList(Document.java:369)
	at org.alter.game.saving.PlayerSaving.savePlayer(PlayerSaving.kt:56)
	at org.alter.game.task.AutoSaveTask.performAutoSave$lambda$4(AutoSaveTask.kt:64)
	at org.alter.game.model.PawnList.forEach(PawnList.kt:35)
	at org.alter.game.task.AutoSaveTask.performAutoSave(AutoSaveTask.kt:55)
	at org.alter.game.task.AutoSaveTask.execute(AutoSaveTask.kt:40)
	at org.alter.game.service.GameService.cycle(GameService.kt:192)
	at java.base/java.util.concurrent.Executors$RunnableAdapter.call(Executors.java:539)
	at java.base/java.util.concurrent.FutureTask.runAndReset(FutureTask.java:305)
	at java.base/java.util.concurrent.ScheduledThreadPoolExecutor$ScheduledFutureTask.run(ScheduledThreadPoolExecutor.java:305)
	at java.base/java.util.concurrent.ThreadPoolExecutor.runWorker(ThreadPoolExecutor.java:1136)
	at java.base/java.util.concurrent.ThreadPoolExecutor$Worker.run(ThreadPoolExecutor.java:635)
	at java.base/java.lang.Thread.run(Thread.java:840)
[2025-11-15 23:46:31.424] WARN  org.alter.game.task.AutoSaveTask - Auto-save attempted but no players were saved (2 players online) 
[2025-11-15 23:46:35.630] INFO  org.alter.game.service.GameService - [Cycle time: 2ms] [Entities: 2p / 193n] [Map: 332c / 6r / 0i] [Queues: 0p / 0n / 0w] [Mem usage: U=636MB / R=1616MB / M=8180MB]. 
[2025-11-15 23:46:42.236] INFO  org.alter.game.service.GameService - [Cycle time: 1ms] [Entities: 2p / 193n] [Map: 332c / 6r / 0i] [Queues: 0p / 0n / 0w] [Mem usage: U=638MB / R=1616MB / M=8180MB]. 
[2025-11-15 23:48:24.602] INFO  org.alter.game.Server - Preparing Alter... 
[2025-11-15 23:48:24.610] INFO  org.alter.game.Server - Alter loaded up in 204ms. 
[2025-11-15 23:48:24.622] INFO  org.alter.game.Server - Loaded properties for Alter. 
[2025-11-15 23:48:25.037] INFO  org.alter.game.saving.PlayerDetails - Total Player Details Saved: 4 
[2025-11-15 23:48:25.041] INFO  org.alter.game.saving.PlayerSaving - Player Save Format : JSON 
[2025-11-15 23:48:25.060] WARN  d.o.c.u.c.DecompressionContext - BZIP2 Compression found - replace to improve read performance. 
[2025-11-15 23:48:25.367] INFO  d.o.c.f.definition.DefinitionDecoder - 14162 NPCDecoder definitions loaded in 214ms 
[2025-11-15 23:48:26.090] INFO  d.o.c.f.definition.DefinitionDecoder - 56080 ObjectDecoder definitions loaded in 716ms 
[2025-11-15 23:48:26.405] INFO  d.o.c.f.definition.DefinitionDecoder - 30644 ItemDecoder definitions loaded in 303ms 
[2025-11-15 23:48:26.480] INFO  d.o.c.f.definition.DefinitionDecoder - 17252 VarBitDecoder definitions loaded in 67ms 
[2025-11-15 23:48:26.489] INFO  d.o.c.f.definition.DefinitionDecoder - 4660 VarDecoder definitions loaded in 7ms 
[2025-11-15 23:48:26.614] INFO  d.o.c.f.definition.DefinitionDecoder - 12025 SequenceDecoder definitions loaded in 123ms 
[2025-11-15 23:48:26.666] INFO  d.o.c.f.definition.DefinitionDecoder - 5714 EnumDecoder definitions loaded in 50ms 
[2025-11-15 23:48:26.670] INFO  d.o.c.f.definition.DefinitionDecoder - 79 HealthBarDecoder definitions loaded in 2ms 
[2025-11-15 23:48:26.672] INFO  d.o.c.f.definition.DefinitionDecoder - 78 HitSplatDecoder definitions loaded in 1ms 
[2025-11-15 23:48:26.714] INFO  d.o.c.f.definition.DefinitionDecoder - 5822 StructDecoder definitions loaded in 40ms 
[2025-11-15 23:48:26.720] INFO  d.o.c.f.definition.DefinitionDecoder - 86 DBTableDecoder definitions loaded in 5ms 
[2025-11-15 23:48:26.753] INFO  d.o.c.f.definition.DefinitionDecoder - 4235 DBRowDecoder definitions loaded in 32ms 
[2025-11-15 23:48:26.755] INFO  org.alter.game.Server - Loaded filestore from path data\cache in 1712ms. 
[2025-11-15 23:48:27.266] INFO  org.alter.game.model.World - Initiated service 'XteaKeyService' in 405ms. 
[2025-11-15 23:48:27.561] INFO  org.alter.game.model.World - Initiated service 'ItemMetadataService' in 292ms. 
[2025-11-15 23:48:27.608] INFO  org.alter.game.model.World - Initiated service 'NpcMetadataService' in 31ms. 
[2025-11-15 23:48:27.645] INFO  org.alter.game.model.World - Initiated service 'ObjectMetadataService' in 34ms. 
[2025-11-15 23:48:27.648] INFO  org.alter.game.model.World - Initiated service 'DumpEntityIdService' in 0ms. 
[2025-11-15 23:48:27.965] INFO  org.alter.game.model.World - Initiated service 'RsaService' in 313ms. 
[2025-11-15 23:48:27.983] INFO  org.alter.game.service.GameService - Auto-save configured: saving player positions every 50 cycles (~30s) 
[2025-11-15 23:48:27.983] INFO  org.alter.game.model.World - Initiated service 'GameService' in 4ms. 
[2025-11-15 23:48:27.984] INFO  org.alter.game.model.World - Initiated service 'LoginService' in 0ms. 
[2025-11-15 23:48:27.993] INFO  o.a.p.service.restapi.RestApiService - REST API Service starting on port 8080 with server IP 192.168.0.13, hostname oldschool.runescape.com 
[2025-11-15 23:48:28.027] INFO  org.eclipse.jetty.util.log - Logging initialized @4185ms 
[2025-11-15 23:48:28.061] INFO  spark.webserver.JettySparkServer - == Spark has ignited ... 
[2025-11-15 23:48:28.061] INFO  spark.webserver.JettySparkServer - >> Listening on 0.0.0.0:8080 
[2025-11-15 23:48:28.062] INFO  org.eclipse.jetty.server.Server - jetty-9.3.2.v20150730 
[2025-11-15 23:48:28.145] INFO  o.e.jetty.server.ServerConnector - Started ServerConnector@7e42f198{HTTP/1.1,[http/1.1]}{0.0.0.0:8080} 
[2025-11-15 23:48:28.146] INFO  org.eclipse.jetty.server.Server - Started @4305ms 
[2025-11-15 23:48:28.149] INFO  o.a.p.service.restapi.RestApiService - REST API Service initialized - bootstrap.json endpoint available at http://192.168.0.13:8080/bootstrap.json 
[2025-11-15 23:48:28.149] INFO  org.alter.game.model.World - Initiated service 'RestApiService' in 163ms. 
[2025-11-15 23:48:28.153] INFO  org.alter.game.model.World - Loaded 9 game services. 
[2025-11-15 23:48:30.330] INFO  o.a.g.rsprot.CacheJs5GroupProvider - Loaded 107953 JS5 responses 
[2025-11-15 23:48:30.351] DEBUG net.rsprot.compression.HuffmanCodec - Loaded 256 Huffman codewords and 512 node lookup tree. 
[2025-11-15 23:48:30.371] WARN  n.rsprot.protocol.common.RSProtFlags - Unknown network logging option: false, expected values: [off, trace, debug, info, warn, error] 
[2025-11-15 23:48:30.372] DEBUG n.rsprot.protocol.common.RSProtFlags - -Dnet.rsprot.protocol.internal.development: true 
[2025-11-15 23:48:30.372] DEBUG n.rsprot.protocol.common.RSProtFlags - -Dnet.rsprot.protocol.internal.inventoryObjCheck: true 
[2025-11-15 23:48:30.372] DEBUG n.rsprot.protocol.common.RSProtFlags - -Dnet.rsprot.protocol.internal.extendedInfoInputVerification: true 
[2025-11-15 23:48:30.372] DEBUG n.rsprot.protocol.common.RSProtFlags - -Dnet.rsprot.protocol.internal.clientscriptVerification: true 
[2025-11-15 23:48:30.372] DEBUG n.rsprot.protocol.common.RSProtFlags - -Dnet.rsprot.protocol.internal.networkLogging: false 
[2025-11-15 23:48:30.372] DEBUG n.rsprot.protocol.common.RSProtFlags - -Dnet.rsprot.protocol.internal.js5Logging: off 
[2025-11-15 23:48:30.372] DEBUG n.rsprot.protocol.common.RSProtFlags - -Dnet.rsprot.protocol.internal.npcPlayerAvatarTracking: true 
[2025-11-15 23:48:30.372] DEBUG n.rsprot.protocol.common.RSProtFlags - -Dnet.rsprot.protocol.internal.filterMissingPacketsInClient: true 
[2025-11-15 23:48:30.372] DEBUG n.rsprot.protocol.common.RSProtFlags - -Dnet.rsprot.protocol.internal.npcAvatarMaxId: 16383 
[2025-11-15 23:48:30.372] DEBUG n.rsprot.protocol.common.RSProtFlags - -Dnet.rsprot.protocol.internal.spotanimListCapacity: 256 
[2025-11-15 23:48:30.372] DEBUG n.rsprot.protocol.common.RSProtFlags - -Dnet.rsprot.protocol.internal.captureChat: false 
[2025-11-15 23:48:30.372] DEBUG n.rsprot.protocol.common.RSProtFlags - -Dnet.rsprot.protocol.internal.captureSay: false 
[2025-11-15 23:48:30.669] INFO  org.alter.rscm.RSCM - RSCM Loaded 
[2025-11-15 23:48:30.673] INFO  org.alter.game.Server - Loaded 4 privilege levels in 1ms. 
[2025-11-15 23:48:33.787] INFO  org.alter.game.Server - Loaded 8 single doors and 4 double doors. 
[2025-11-15 23:48:33.791] INFO  o.a.p.c.objects.gates.GateService - Loaded 1 gate. 
[2025-11-15 23:48:33.799] INFO  org.alter.game.Server - Loaded 7 chest thieving definitions. 
[2025-11-15 23:48:33.805] INFO  org.alter.game.Server - Loaded 13 pickpocket definitions. 
[2025-11-15 23:48:33.812] INFO  org.alter.game.Server - Loaded 11 stall thieving definitions. 
[2025-11-15 23:48:33.925] INFO  org.alter.game.Server - Loaded 172 plugins in 3251ms. 
[2025-11-15 23:48:33.930] INFO  org.alter.game.Server - Alter loaded up in 9319ms. 
[2025-11-15 23:48:34.043] DEBUG n.r.p.api.bootstrap.BootstrapBuilder - Using event loop group: NioEventLoopGroup (bossThreads: 1, childThreads: 22) 
[2025-11-15 23:48:34.069] DEBUG n.r.p.api.bootstrap.BootstrapBuilder - Using byte buffer allocator: PooledByteBufAllocator(directByDefault: true) 
[2025-11-15 23:48:34.071] DEBUG n.r.p.api.bootstrap.BootstrapBuilder - Auto read: disabled 
[2025-11-15 23:48:34.072] DEBUG n.r.p.api.bootstrap.BootstrapBuilder - Socket receive buffer size: 65,536 
[2025-11-15 23:48:34.072] DEBUG n.r.p.api.bootstrap.BootstrapBuilder - Socket send buffer size: 65,536 
[2025-11-15 23:48:34.073] DEBUG n.r.p.api.bootstrap.BootstrapBuilder - Write buffer watermarks: 524,288/2,097,152 
[2025-11-15 23:48:34.074] DEBUG n.r.p.api.bootstrap.BootstrapBuilder - Nagle's algorithm (TCP no delay): disabled 
[2025-11-15 23:48:34.141] INFO  n.rsprot.protocol.api.NetworkService - Started in: 200.695600ms 
[2025-11-15 23:48:34.142] INFO  n.rsprot.protocol.api.NetworkService - Bound to ports: 43594 
[2025-11-15 23:48:34.142] INFO  n.rsprot.protocol.api.NetworkService - Revision: 228 
[2025-11-15 23:48:34.142] INFO  n.rsprot.protocol.api.NetworkService - Supported client types: Desktop 
[2025-11-15 23:48:34.143] INFO  org.alter.game.Server - Now listening for incoming connections on port 43594... 
[2025-11-15 23:48:39.941] INFO  org.alter.game.service.GameService - [Cycle time: 6ms] [Entities: 0p / 193n] [Map: 77c / 2r / 0i] [Queues: 0p / 0n / 0w] [Mem usage: U=554MB / R=1112MB / M=8180MB]. 
[2025-11-15 23:48:40.999] INFO  spark.webserver.MatcherFilter - The requested route [/world_list.ws] has not been mapped in Spark 
[2025-11-15 23:48:41.060] INFO  spark.webserver.MatcherFilter - The requested route [/jav_config.ws] has not been mapped in Spark 
[2025-11-15 23:48:41.189] DEBUG net.rsprot.crypto.rsa.Rsa - Native JNA-GMP support: false 
[2025-11-15 23:48:45.171] WARN  o.a.g.s.impl.DetailSerialisation - Failed to load tile position for player DragonM: List element cannot be cast to int. Falling back to home location. 
[2025-11-15 23:48:45.172] WARN  o.a.g.s.impl.DetailSerialisation - Player DragonM position not found in save file (tile data: null), spawning at home location 
[2025-11-15 23:48:45.372] DEBUG net.rsprot.buffer.bitbuffer.BitBuf - -Dnet.rsprot.buffer.bitbufferErrorChecking: true 
[2025-11-15 23:48:46.540] INFO  org.alter.game.service.GameService - [Cycle time: 13ms] [Entities: 1p / 193n] [Map: 269c / 5r / 0i] [Queues: 0p / 0n / 0w] [Mem usage: U=590MB / R=1112MB / M=8180MB]. 
[2025-11-15 23:48:53.146] INFO  org.alter.game.service.GameService - [Cycle time: 7ms] [Entities: 1p / 193n] [Map: 269c / 5r / 0i] [Queues: 0p / 0n / 0w] [Mem usage: U=594MB / R=1112MB / M=8180MB]. 
[2025-11-15 23:48:58.252] INFO  spark.webserver.MatcherFilter - The requested route [/world_list.ws] has not been mapped in Spark 
[2025-11-15 23:48:58.288] INFO  spark.webserver.MatcherFilter - The requested route [/jav_config.ws] has not been mapped in Spark 
[2025-11-15 23:48:59.749] INFO  org.alter.game.service.GameService - [Cycle time: 5ms] [Entities: 1p / 193n] [Map: 269c / 5r / 0i] [Queues: 0p / 0n / 0w] [Mem usage: U=602MB / R=1112MB / M=8180MB]. 
[2025-11-15 23:49:02.710] WARN  o.a.g.s.impl.DetailSerialisation - Failed to load tile position for player Pnda: List element cannot be cast to int. Falling back to home location. 
[2025-11-15 23:49:02.711] WARN  o.a.g.s.impl.DetailSerialisation - Player Pnda position not found in save file (tile data: null), spawning at home location 
[2025-11-15 23:49:03.352] ERROR org.alter.game.saving.PlayerSaving - Failed to serialize details for player DragonM 
java.lang.ClassCastException: List element cannot be cast to int
	at org.bson.Document.constructValuesList(Document.java:402)
	at org.bson.Document.getList(Document.java:369)
	at org.alter.game.saving.PlayerSaving.savePlayer(PlayerSaving.kt:56)
	at org.alter.game.task.AutoSaveTask.performAutoSave$lambda$4(AutoSaveTask.kt:64)
	at org.alter.game.model.PawnList.forEach(PawnList.kt:35)
	at org.alter.game.task.AutoSaveTask.performAutoSave(AutoSaveTask.kt:55)
	at org.alter.game.task.AutoSaveTask.execute(AutoSaveTask.kt:40)
	at org.alter.game.service.GameService.cycle(GameService.kt:192)
	at java.base/java.util.concurrent.Executors$RunnableAdapter.call(Executors.java:539)
	at java.base/java.util.concurrent.FutureTask.runAndReset(FutureTask.java:305)
	at java.base/java.util.concurrent.ScheduledThreadPoolExecutor$ScheduledFutureTask.run(ScheduledThreadPoolExecutor.java:305)
	at java.base/java.util.concurrent.ThreadPoolExecutor.runWorker(ThreadPoolExecutor.java:1136)
	at java.base/java.util.concurrent.ThreadPoolExecutor$Worker.run(ThreadPoolExecutor.java:635)
	at java.base/java.lang.Thread.run(Thread.java:840)
[2025-11-15 23:49:03.356] ERROR org.alter.game.saving.PlayerSaving - Failed to save player DragonM: List element cannot be cast to int 
java.lang.ClassCastException: List element cannot be cast to int
	at org.bson.Document.constructValuesList(Document.java:402)
	at org.bson.Document.getList(Document.java:369)
	at org.alter.game.saving.PlayerSaving.savePlayer(PlayerSaving.kt:56)
	at org.alter.game.task.AutoSaveTask.performAutoSave$lambda$4(AutoSaveTask.kt:64)
	at org.alter.game.model.PawnList.forEach(PawnList.kt:35)
	at org.alter.game.task.AutoSaveTask.performAutoSave(AutoSaveTask.kt:55)
	at org.alter.game.task.AutoSaveTask.execute(AutoSaveTask.kt:40)
	at org.alter.game.service.GameService.cycle(GameService.kt:192)
	at java.base/java.util.concurrent.Executors$RunnableAdapter.call(Executors.java:539)
	at java.base/java.util.concurrent.FutureTask.runAndReset(FutureTask.java:305)
	at java.base/java.util.concurrent.ScheduledThreadPoolExecutor$ScheduledFutureTask.run(ScheduledThreadPoolExecutor.java:305)
	at java.base/java.util.concurrent.ThreadPoolExecutor.runWorker(ThreadPoolExecutor.java:1136)
	at java.base/java.util.concurrent.ThreadPoolExecutor$Worker.run(ThreadPoolExecutor.java:635)
	at java.base/java.lang.Thread.run(Thread.java:840)
[2025-11-15 23:49:03.357] ERROR org.alter.game.task.AutoSaveTask - Failed to auto-save player 'DragonM': List element cannot be cast to int 
java.lang.ClassCastException: List element cannot be cast to int
	at org.bson.Document.constructValuesList(Document.java:402)
	at org.bson.Document.getList(Document.java:369)
	at org.alter.game.saving.PlayerSaving.savePlayer(PlayerSaving.kt:56)
	at org.alter.game.task.AutoSaveTask.performAutoSave$lambda$4(AutoSaveTask.kt:64)
	at org.alter.game.model.PawnList.forEach(PawnList.kt:35)
	at org.alter.game.task.AutoSaveTask.performAutoSave(AutoSaveTask.kt:55)
	at org.alter.game.task.AutoSaveTask.execute(AutoSaveTask.kt:40)
	at org.alter.game.service.GameService.cycle(GameService.kt:192)
	at java.base/java.util.concurrent.Executors$RunnableAdapter.call(Executors.java:539)
	at java.base/java.util.concurrent.FutureTask.runAndReset(FutureTask.java:305)
	at java.base/java.util.concurrent.ScheduledThreadPoolExecutor$ScheduledFutureTask.run(ScheduledThreadPoolExecutor.java:305)
	at java.base/java.util.concurrent.ThreadPoolExecutor.runWorker(ThreadPoolExecutor.java:1136)
	at java.base/java.util.concurrent.ThreadPoolExecutor$Worker.run(ThreadPoolExecutor.java:635)
	at java.base/java.lang.Thread.run(Thread.java:840)
[2025-11-15 23:49:03.357] ERROR org.alter.game.saving.PlayerSaving - Failed to serialize details for player Pnda 
java.lang.ClassCastException: List element cannot be cast to int
	at org.bson.Document.constructValuesList(Document.java:402)
	at org.bson.Document.getList(Document.java:369)
	at org.alter.game.saving.PlayerSaving.savePlayer(PlayerSaving.kt:56)
	at org.alter.game.task.AutoSaveTask.performAutoSave$lambda$4(AutoSaveTask.kt:64)
	at org.alter.game.model.PawnList.forEach(PawnList.kt:35)
	at org.alter.game.task.AutoSaveTask.performAutoSave(AutoSaveTask.kt:55)
	at org.alter.game.task.AutoSaveTask.execute(AutoSaveTask.kt:40)
	at org.alter.game.service.GameService.cycle(GameService.kt:192)
	at java.base/java.util.concurrent.Executors$RunnableAdapter.call(Executors.java:539)
	at java.base/java.util.concurrent.FutureTask.runAndReset(FutureTask.java:305)
	at java.base/java.util.concurrent.ScheduledThreadPoolExecutor$ScheduledFutureTask.run(ScheduledThreadPoolExecutor.java:305)
	at java.base/java.util.concurrent.ThreadPoolExecutor.runWorker(ThreadPoolExecutor.java:1136)
	at java.base/java.util.concurrent.ThreadPoolExecutor$Worker.run(ThreadPoolExecutor.java:635)
	at java.base/java.lang.Thread.run(Thread.java:840)
[2025-11-15 23:49:03.358] ERROR org.alter.game.saving.PlayerSaving - Failed to save player Pnda: List element cannot be cast to int 
java.lang.ClassCastException: List element cannot be cast to int
	at org.bson.Document.constructValuesList(Document.java:402)
	at org.bson.Document.getList(Document.java:369)
	at org.alter.game.saving.PlayerSaving.savePlayer(PlayerSaving.kt:56)
	at org.alter.game.task.AutoSaveTask.performAutoSave$lambda$4(AutoSaveTask.kt:64)
	at org.alter.game.model.PawnList.forEach(PawnList.kt:35)
	at org.alter.game.task.AutoSaveTask.performAutoSave(AutoSaveTask.kt:55)
	at org.alter.game.task.AutoSaveTask.execute(AutoSaveTask.kt:40)
	at org.alter.game.service.GameService.cycle(GameService.kt:192)
	at java.base/java.util.concurrent.Executors$RunnableAdapter.call(Executors.java:539)
	at java.base/java.util.concurrent.FutureTask.runAndReset(FutureTask.java:305)
	at java.base/java.util.concurrent.ScheduledThreadPoolExecutor$ScheduledFutureTask.run(ScheduledThreadPoolExecutor.java:305)
	at java.base/java.util.concurrent.ThreadPoolExecutor.runWorker(ThreadPoolExecutor.java:1136)
	at java.base/java.util.concurrent.ThreadPoolExecutor$Worker.run(ThreadPoolExecutor.java:635)
	at java.base/java.lang.Thread.run(Thread.java:840)
[2025-11-15 23:49:03.358] ERROR org.alter.game.task.AutoSaveTask - Failed to auto-save player 'Pnda': List element cannot be cast to int 
java.lang.ClassCastException: List element cannot be cast to int
	at org.bson.Document.constructValuesList(Document.java:402)
	at org.bson.Document.getList(Document.java:369)
	at org.alter.game.saving.PlayerSaving.savePlayer(PlayerSaving.kt:56)
	at org.alter.game.task.AutoSaveTask.performAutoSave$lambda$4(AutoSaveTask.kt:64)
	at org.alter.game.model.PawnList.forEach(PawnList.kt:35)
	at org.alter.game.task.AutoSaveTask.performAutoSave(AutoSaveTask.kt:55)
	at org.alter.game.task.AutoSaveTask.execute(AutoSaveTask.kt:40)
	at org.alter.game.service.GameService.cycle(GameService.kt:192)
	at java.base/java.util.concurrent.Executors$RunnableAdapter.call(Executors.java:539)
	at java.base/java.util.concurrent.FutureTask.runAndReset(FutureTask.java:305)
	at java.base/java.util.concurrent.ScheduledThreadPoolExecutor$ScheduledFutureTask.run(ScheduledThreadPoolExecutor.java:305)
	at java.base/java.util.concurrent.ThreadPoolExecutor.runWorker(ThreadPoolExecutor.java:1136)
	at java.base/java.util.concurrent.ThreadPoolExecutor$Worker.run(ThreadPoolExecutor.java:635)
	at java.base/java.lang.Thread.run(Thread.java:840)
[2025-11-15 23:49:03.359] WARN  org.alter.game.task.AutoSaveTask - Auto-save attempted but no players were saved (2 players online) 
[2025-11-15 23:49:06.338] INFO  org.alter.game.service.GameService - [Cycle time: 6ms] [Entities: 2p / 193n] [Map: 269c / 5r / 0i] [Queues: 0p / 0n / 0w] [Mem usage: U=608MB / R=1112MB / M=8180MB]. 
[2025-11-15 23:49:08.045] INFO  spark.webserver.MatcherFilter - The requested route [/world_list.ws] has not been mapped in Spark 
[2025-11-15 23:49:08.099] INFO  spark.webserver.MatcherFilter - The requested route [/jav_config.ws] has not been mapped in Spark 
[2025-11-15 23:49:12.941] INFO  org.alter.game.service.GameService - [Cycle time: 3ms] [Entities: 2p / 193n] [Map: 269c / 5r / 0i] [Queues: 0p / 0n / 0w] [Mem usage: U=616MB / R=1112MB / M=8180MB]. 
[2025-11-15 23:49:13.647] WARN  o.a.g.s.impl.DetailSerialisation - Failed to load tile position for player SpideyM: List element cannot be cast to int. Falling back to home location. 
[2025-11-15 23:49:13.648] WARN  o.a.g.s.impl.DetailSerialisation - Player SpideyM position not found in save file (tile data: null), spawning at home location 
[2025-11-15 23:49:19.548] INFO  org.alter.game.service.GameService - [Cycle time: 3ms] [Entities: 3p / 193n] [Map: 269c / 5r / 0i] [Queues: 0p / 0n / 0w] [Mem usage: U=618MB / R=1112MB / M=8180MB]. 
[2025-11-15 23:49:26.140] INFO  org.alter.game.service.GameService - [Cycle time: 5ms] [Entities: 3p / 193n] [Map: 397c / 7r / 0i] [Queues: 0p / 0n / 0w] [Mem usage: U=628MB / R=1112MB / M=8180MB]. 
[2025-11-15 23:49:32.744] INFO  org.alter.game.service.GameService - [Cycle time: 2ms] [Entities: 3p / 193n] [Map: 397c / 7r / 0i] [Queues: 0p / 0n / 0w] [Mem usage: U=630MB / R=1112MB / M=8180MB]. 
[2025-11-15 23:49:33.344] ERROR org.alter.game.saving.PlayerSaving - Failed to serialize details for player DragonM 
java.lang.ClassCastException: List element cannot be cast to int
	at org.bson.Document.constructValuesList(Document.java:402)
	at org.bson.Document.getList(Document.java:369)
	at org.alter.game.saving.PlayerSaving.savePlayer(PlayerSaving.kt:56)
	at org.alter.game.task.AutoSaveTask.performAutoSave$lambda$4(AutoSaveTask.kt:64)
	at org.alter.game.model.PawnList.forEach(PawnList.kt:35)
	at org.alter.game.task.AutoSaveTask.performAutoSave(AutoSaveTask.kt:55)
	at org.alter.game.task.AutoSaveTask.execute(AutoSaveTask.kt:40)
	at org.alter.game.service.GameService.cycle(GameService.kt:192)
	at java.base/java.util.concurrent.Executors$RunnableAdapter.call(Executors.java:539)
	at java.base/java.util.concurrent.FutureTask.runAndReset(FutureTask.java:305)
	at java.base/java.util.concurrent.ScheduledThreadPoolExecutor$ScheduledFutureTask.run(ScheduledThreadPoolExecutor.java:305)
	at java.base/java.util.concurrent.ThreadPoolExecutor.runWorker(ThreadPoolExecutor.java:1136)
	at java.base/java.util.concurrent.ThreadPoolExecutor$Worker.run(ThreadPoolExecutor.java:635)
	at java.base/java.lang.Thread.run(Thread.java:840)
[2025-11-15 23:49:33.345] ERROR org.alter.game.saving.PlayerSaving - Failed to save player DragonM: List element cannot be cast to int 
java.lang.ClassCastException: List element cannot be cast to int
	at org.bson.Document.constructValuesList(Document.java:402)
	at org.bson.Document.getList(Document.java:369)
	at org.alter.game.saving.PlayerSaving.savePlayer(PlayerSaving.kt:56)
	at org.alter.game.task.AutoSaveTask.performAutoSave$lambda$4(AutoSaveTask.kt:64)
	at org.alter.game.model.PawnList.forEach(PawnList.kt:35)
	at org.alter.game.task.AutoSaveTask.performAutoSave(AutoSaveTask.kt:55)
	at org.alter.game.task.AutoSaveTask.execute(AutoSaveTask.kt:40)
	at org.alter.game.service.GameService.cycle(GameService.kt:192)
	at java.base/java.util.concurrent.Executors$RunnableAdapter.call(Executors.java:539)
	at java.base/java.util.concurrent.FutureTask.runAndReset(FutureTask.java:305)
	at java.base/java.util.concurrent.ScheduledThreadPoolExecutor$ScheduledFutureTask.run(ScheduledThreadPoolExecutor.java:305)
	at java.base/java.util.concurrent.ThreadPoolExecutor.runWorker(ThreadPoolExecutor.java:1136)
	at java.base/java.util.concurrent.ThreadPoolExecutor$Worker.run(ThreadPoolExecutor.java:635)
	at java.base/java.lang.Thread.run(Thread.java:840)
[2025-11-15 23:49:33.345] ERROR org.alter.game.task.AutoSaveTask - Failed to auto-save player 'DragonM': List element cannot be cast to int 
java.lang.ClassCastException: List element cannot be cast to int
	at org.bson.Document.constructValuesList(Document.java:402)
	at org.bson.Document.getList(Document.java:369)
	at org.alter.game.saving.PlayerSaving.savePlayer(PlayerSaving.kt:56)
	at org.alter.game.task.AutoSaveTask.performAutoSave$lambda$4(AutoSaveTask.kt:64)
	at org.alter.game.model.PawnList.forEach(PawnList.kt:35)
	at org.alter.game.task.AutoSaveTask.performAutoSave(AutoSaveTask.kt:55)
	at org.alter.game.task.AutoSaveTask.execute(AutoSaveTask.kt:40)
	at org.alter.game.service.GameService.cycle(GameService.kt:192)
	at java.base/java.util.concurrent.Executors$RunnableAdapter.call(Executors.java:539)
	at java.base/java.util.concurrent.FutureTask.runAndReset(FutureTask.java:305)
	at java.base/java.util.concurrent.ScheduledThreadPoolExecutor$ScheduledFutureTask.run(ScheduledThreadPoolExecutor.java:305)
	at java.base/java.util.concurrent.ThreadPoolExecutor.runWorker(ThreadPoolExecutor.java:1136)
	at java.base/java.util.concurrent.ThreadPoolExecutor$Worker.run(ThreadPoolExecutor.java:635)
	at java.base/java.lang.Thread.run(Thread.java:840)
[2025-11-15 23:49:33.345] ERROR org.alter.game.saving.PlayerSaving - Failed to serialize details for player Pnda 
java.lang.ClassCastException: List element cannot be cast to int
	at org.bson.Document.constructValuesList(Document.java:402)
	at org.bson.Document.getList(Document.java:369)
	at org.alter.game.saving.PlayerSaving.savePlayer(PlayerSaving.kt:56)
	at org.alter.game.task.AutoSaveTask.performAutoSave$lambda$4(AutoSaveTask.kt:64)
	at org.alter.game.model.PawnList.forEach(PawnList.kt:35)
	at org.alter.game.task.AutoSaveTask.performAutoSave(AutoSaveTask.kt:55)
	at org.alter.game.task.AutoSaveTask.execute(AutoSaveTask.kt:40)
	at org.alter.game.service.GameService.cycle(GameService.kt:192)
	at java.base/java.util.concurrent.Executors$RunnableAdapter.call(Executors.java:539)
	at java.base/java.util.concurrent.FutureTask.runAndReset(FutureTask.java:305)
	at java.base/java.util.concurrent.ScheduledThreadPoolExecutor$ScheduledFutureTask.run(ScheduledThreadPoolExecutor.java:305)
	at java.base/java.util.concurrent.ThreadPoolExecutor.runWorker(ThreadPoolExecutor.java:1136)
	at java.base/java.util.concurrent.ThreadPoolExecutor$Worker.run(ThreadPoolExecutor.java:635)
	at java.base/java.lang.Thread.run(Thread.java:840)
[2025-11-15 23:49:33.345] ERROR org.alter.game.saving.PlayerSaving - Failed to save player Pnda: List element cannot be cast to int 
java.lang.ClassCastException: List element cannot be cast to int
	at org.bson.Document.constructValuesList(Document.java:402)
	at org.bson.Document.getList(Document.java:369)
	at org.alter.game.saving.PlayerSaving.savePlayer(PlayerSaving.kt:56)
	at org.alter.game.task.AutoSaveTask.performAutoSave$lambda$4(AutoSaveTask.kt:64)
	at org.alter.game.model.PawnList.forEach(PawnList.kt:35)
	at org.alter.game.task.AutoSaveTask.performAutoSave(AutoSaveTask.kt:55)
	at org.alter.game.task.AutoSaveTask.execute(AutoSaveTask.kt:40)
	at org.alter.game.service.GameService.cycle(GameService.kt:192)
	at java.base/java.util.concurrent.Executors$RunnableAdapter.call(Executors.java:539)
	at java.base/java.util.concurrent.FutureTask.runAndReset(FutureTask.java:305)
	at java.base/java.util.concurrent.ScheduledThreadPoolExecutor$ScheduledFutureTask.run(ScheduledThreadPoolExecutor.java:305)
	at java.base/java.util.concurrent.ThreadPoolExecutor.runWorker(ThreadPoolExecutor.java:1136)
	at java.base/java.util.concurrent.ThreadPoolExecutor$Worker.run(ThreadPoolExecutor.java:635)
	at java.base/java.lang.Thread.run(Thread.java:840)
[2025-11-15 23:49:33.346] ERROR org.alter.game.task.AutoSaveTask - Failed to auto-save player 'Pnda': List element cannot be cast to int 
java.lang.ClassCastException: List element cannot be cast to int
	at org.bson.Document.constructValuesList(Document.java:402)
	at org.bson.Document.getList(Document.java:369)
	at org.alter.game.saving.PlayerSaving.savePlayer(PlayerSaving.kt:56)
	at org.alter.game.task.AutoSaveTask.performAutoSave$lambda$4(AutoSaveTask.kt:64)
	at org.alter.game.model.PawnList.forEach(PawnList.kt:35)
	at org.alter.game.task.AutoSaveTask.performAutoSave(AutoSaveTask.kt:55)
	at org.alter.game.task.AutoSaveTask.execute(AutoSaveTask.kt:40)
	at org.alter.game.service.GameService.cycle(GameService.kt:192)
	at java.base/java.util.concurrent.Executors$RunnableAdapter.call(Executors.java:539)
	at java.base/java.util.concurrent.FutureTask.runAndReset(FutureTask.java:305)
	at java.base/java.util.concurrent.ScheduledThreadPoolExecutor$ScheduledFutureTask.run(ScheduledThreadPoolExecutor.java:305)
	at java.base/java.util.concurrent.ThreadPoolExecutor.runWorker(ThreadPoolExecutor.java:1136)
	at java.base/java.util.concurrent.ThreadPoolExecutor$Worker.run(ThreadPoolExecutor.java:635)
	at java.base/java.lang.Thread.run(Thread.java:840)
[2025-11-15 23:49:33.346] ERROR org.alter.game.saving.PlayerSaving - Failed to serialize details for player SpideyM 
java.lang.ClassCastException: List element cannot be cast to int
	at org.bson.Document.constructValuesList(Document.java:402)
	at org.bson.Document.getList(Document.java:369)
	at org.alter.game.saving.PlayerSaving.savePlayer(PlayerSaving.kt:56)
	at org.alter.game.task.AutoSaveTask.performAutoSave$lambda$4(AutoSaveTask.kt:64)
	at org.alter.game.model.PawnList.forEach(PawnList.kt:35)
	at org.alter.game.task.AutoSaveTask.performAutoSave(AutoSaveTask.kt:55)
	at org.alter.game.task.AutoSaveTask.execute(AutoSaveTask.kt:40)
	at org.alter.game.service.GameService.cycle(GameService.kt:192)
	at java.base/java.util.concurrent.Executors$RunnableAdapter.call(Executors.java:539)
	at java.base/java.util.concurrent.FutureTask.runAndReset(FutureTask.java:305)
	at java.base/java.util.concurrent.ScheduledThreadPoolExecutor$ScheduledFutureTask.run(ScheduledThreadPoolExecutor.java:305)
	at java.base/java.util.concurrent.ThreadPoolExecutor.runWorker(ThreadPoolExecutor.java:1136)
	at java.base/java.util.concurrent.ThreadPoolExecutor$Worker.run(ThreadPoolExecutor.java:635)
	at java.base/java.lang.Thread.run(Thread.java:840)
[2025-11-15 23:49:33.346] ERROR org.alter.game.saving.PlayerSaving - Failed to save player SpideyM: List element cannot be cast to int 
java.lang.ClassCastException: List element cannot be cast to int
	at org.bson.Document.constructValuesList(Document.java:402)
	at org.bson.Document.getList(Document.java:369)
	at org.alter.game.saving.PlayerSaving.savePlayer(PlayerSaving.kt:56)
	at org.alter.game.task.AutoSaveTask.performAutoSave$lambda$4(AutoSaveTask.kt:64)
	at org.alter.game.model.PawnList.forEach(PawnList.kt:35)
	at org.alter.game.task.AutoSaveTask.performAutoSave(AutoSaveTask.kt:55)
	at org.alter.game.task.AutoSaveTask.execute(AutoSaveTask.kt:40)
	at org.alter.game.service.GameService.cycle(GameService.kt:192)
	at java.base/java.util.concurrent.Executors$RunnableAdapter.call(Executors.java:539)
	at java.base/java.util.concurrent.FutureTask.runAndReset(FutureTask.java:305)
	at java.base/java.util.concurrent.ScheduledThreadPoolExecutor$ScheduledFutureTask.run(ScheduledThreadPoolExecutor.java:305)
	at java.base/java.util.concurrent.ThreadPoolExecutor.runWorker(ThreadPoolExecutor.java:1136)
	at java.base/java.util.concurrent.ThreadPoolExecutor$Worker.run(ThreadPoolExecutor.java:635)
	at java.base/java.lang.Thread.run(Thread.java:840)
[2025-11-15 23:49:33.346] ERROR org.alter.game.task.AutoSaveTask - Failed to auto-save player 'SpideyM': List element cannot be cast to int 
java.lang.ClassCastException: List element cannot be cast to int
	at org.bson.Document.constructValuesList(Document.java:402)
	at org.bson.Document.getList(Document.java:369)
	at org.alter.game.saving.PlayerSaving.savePlayer(PlayerSaving.kt:56)
	at org.alter.game.task.AutoSaveTask.performAutoSave$lambda$4(AutoSaveTask.kt:64)
	at org.alter.game.model.PawnList.forEach(PawnList.kt:35)
	at org.alter.game.task.AutoSaveTask.performAutoSave(AutoSaveTask.kt:55)
	at org.alter.game.task.AutoSaveTask.execute(AutoSaveTask.kt:40)
	at org.alter.game.service.GameService.cycle(GameService.kt:192)
	at java.base/java.util.concurrent.Executors$RunnableAdapter.call(Executors.java:539)
	at java.base/java.util.concurrent.FutureTask.runAndReset(FutureTask.java:305)
	at java.base/java.util.concurrent.ScheduledThreadPoolExecutor$ScheduledFutureTask.run(ScheduledThreadPoolExecutor.java:305)
	at java.base/java.util.concurrent.ThreadPoolExecutor.runWorker(ThreadPoolExecutor.java:1136)
	at java.base/java.util.concurrent.ThreadPoolExecutor$Worker.run(ThreadPoolExecutor.java:635)
	at java.base/java.lang.Thread.run(Thread.java:840)
[2025-11-15 23:49:33.346] WARN  org.alter.game.task.AutoSaveTask - Auto-save attempted but no players were saved (3 players online) 
[2025-11-15 23:49:39.348] INFO  org.alter.game.service.GameService - [Cycle time: 2ms] [Entities: 3p / 193n] [Map: 397c / 7r / 0i] [Queues: 0p / 0n / 0w] [Mem usage: U=633MB / R=1112MB / M=8180MB]. 
[2025-11-15 23:49:45.945] INFO  org.alter.game.service.GameService - [Cycle time: 2ms] [Entities: 3p / 193n] [Map: 397c / 7r / 0i] [Queues: 0p / 0n / 0w] [Mem usage: U=635MB / R=1112MB / M=8180MB]. 
[2025-11-15 23:49:52.535] INFO  org.alter.game.service.GameService - [Cycle time: 2ms] [Entities: 3p / 193n] [Map: 397c / 7r / 0i] [Queues: 0p / 0n / 0w] [Mem usage: U=638MB / R=1112MB / M=8180MB]. 
[2025-11-15 23:49:59.135] INFO  org.alter.game.service.GameService - [Cycle time: 2ms] [Entities: 3p / 193n] [Map: 397c / 7r / 0i] [Queues: 0p / 0n / 0w] [Mem usage: U=641MB / R=1112MB / M=8180MB]. 
[2025-11-15 23:50:03.346] ERROR org.alter.game.saving.PlayerSaving - Failed to serialize details for player DragonM 
java.lang.ClassCastException: List element cannot be cast to int
	at org.bson.Document.constructValuesList(Document.java:402)
	at org.bson.Document.getList(Document.java:369)
	at org.alter.game.saving.PlayerSaving.savePlayer(PlayerSaving.kt:56)
	at org.alter.game.task.AutoSaveTask.performAutoSave$lambda$4(AutoSaveTask.kt:64)
	at org.alter.game.model.PawnList.forEach(PawnList.kt:35)
	at org.alter.game.task.AutoSaveTask.performAutoSave(AutoSaveTask.kt:55)
	at org.alter.game.task.AutoSaveTask.execute(AutoSaveTask.kt:40)
	at org.alter.game.service.GameService.cycle(GameService.kt:192)
	at java.base/java.util.concurrent.Executors$RunnableAdapter.call(Executors.java:539)
	at java.base/java.util.concurrent.FutureTask.runAndReset(FutureTask.java:305)
	at java.base/java.util.concurrent.ScheduledThreadPoolExecutor$ScheduledFutureTask.run(ScheduledThreadPoolExecutor.java:305)
	at java.base/java.util.concurrent.ThreadPoolExecutor.runWorker(ThreadPoolExecutor.java:1136)
	at java.base/java.util.concurrent.ThreadPoolExecutor$Worker.run(ThreadPoolExecutor.java:635)
	at java.base/java.lang.Thread.run(Thread.java:840)
[2025-11-15 23:50:03.346] ERROR org.alter.game.saving.PlayerSaving - Failed to save player DragonM: List element cannot be cast to int 
java.lang.ClassCastException: List element cannot be cast to int
	at org.bson.Document.constructValuesList(Document.java:402)
	at org.bson.Document.getList(Document.java:369)
	at org.alter.game.saving.PlayerSaving.savePlayer(PlayerSaving.kt:56)
	at org.alter.game.task.AutoSaveTask.performAutoSave$lambda$4(AutoSaveTask.kt:64)
	at org.alter.game.model.PawnList.forEach(PawnList.kt:35)
	at org.alter.game.task.AutoSaveTask.performAutoSave(AutoSaveTask.kt:55)
	at org.alter.game.task.AutoSaveTask.execute(AutoSaveTask.kt:40)
	at org.alter.game.service.GameService.cycle(GameService.kt:192)
	at java.base/java.util.concurrent.Executors$RunnableAdapter.call(Executors.java:539)
	at java.base/java.util.concurrent.FutureTask.runAndReset(FutureTask.java:305)
	at java.base/java.util.concurrent.ScheduledThreadPoolExecutor$ScheduledFutureTask.run(ScheduledThreadPoolExecutor.java:305)
	at java.base/java.util.concurrent.ThreadPoolExecutor.runWorker(ThreadPoolExecutor.java:1136)
	at java.base/java.util.concurrent.ThreadPoolExecutor$Worker.run(ThreadPoolExecutor.java:635)
	at java.base/java.lang.Thread.run(Thread.java:840)
[2025-11-15 23:50:03.346] ERROR org.alter.game.task.AutoSaveTask - Failed to auto-save player 'DragonM': List element cannot be cast to int 
java.lang.ClassCastException: List element cannot be cast to int
	at org.bson.Document.constructValuesList(Document.java:402)
	at org.bson.Document.getList(Document.java:369)
	at org.alter.game.saving.PlayerSaving.savePlayer(PlayerSaving.kt:56)
	at org.alter.game.task.AutoSaveTask.performAutoSave$lambda$4(AutoSaveTask.kt:64)
	at org.alter.game.model.PawnList.forEach(PawnList.kt:35)
	at org.alter.game.task.AutoSaveTask.performAutoSave(AutoSaveTask.kt:55)
	at org.alter.game.task.AutoSaveTask.execute(AutoSaveTask.kt:40)
	at org.alter.game.service.GameService.cycle(GameService.kt:192)
	at java.base/java.util.concurrent.Executors$RunnableAdapter.call(Executors.java:539)
	at java.base/java.util.concurrent.FutureTask.runAndReset(FutureTask.java:305)
	at java.base/java.util.concurrent.ScheduledThreadPoolExecutor$ScheduledFutureTask.run(ScheduledThreadPoolExecutor.java:305)
	at java.base/java.util.concurrent.ThreadPoolExecutor.runWorker(ThreadPoolExecutor.java:1136)
	at java.base/java.util.concurrent.ThreadPoolExecutor$Worker.run(ThreadPoolExecutor.java:635)
	at java.base/java.lang.Thread.run(Thread.java:840)
[2025-11-15 23:50:03.346] ERROR org.alter.game.saving.PlayerSaving - Failed to serialize details for player Pnda 
java.lang.ClassCastException: List element cannot be cast to int
	at org.bson.Document.constructValuesList(Document.java:402)
	at org.bson.Document.getList(Document.java:369)
	at org.alter.game.saving.PlayerSaving.savePlayer(PlayerSaving.kt:56)
	at org.alter.game.task.AutoSaveTask.performAutoSave$lambda$4(AutoSaveTask.kt:64)
	at org.alter.game.model.PawnList.forEach(PawnList.kt:35)
	at org.alter.game.task.AutoSaveTask.performAutoSave(AutoSaveTask.kt:55)
	at org.alter.game.task.AutoSaveTask.execute(AutoSaveTask.kt:40)
	at org.alter.game.service.GameService.cycle(GameService.kt:192)
	at java.base/java.util.concurrent.Executors$RunnableAdapter.call(Executors.java:539)
	at java.base/java.util.concurrent.FutureTask.runAndReset(FutureTask.java:305)
	at java.base/java.util.concurrent.ScheduledThreadPoolExecutor$ScheduledFutureTask.run(ScheduledThreadPoolExecutor.java:305)
	at java.base/java.util.concurrent.ThreadPoolExecutor.runWorker(ThreadPoolExecutor.java:1136)
	at java.base/java.util.concurrent.ThreadPoolExecutor$Worker.run(ThreadPoolExecutor.java:635)
	at java.base/java.lang.Thread.run(Thread.java:840)
[2025-11-15 23:50:03.347] ERROR org.alter.game.saving.PlayerSaving - Failed to save player Pnda: List element cannot be cast to int 
java.lang.ClassCastException: List element cannot be cast to int
	at org.bson.Document.constructValuesList(Document.java:402)
	at org.bson.Document.getList(Document.java:369)
	at org.alter.game.saving.PlayerSaving.savePlayer(PlayerSaving.kt:56)
	at org.alter.game.task.AutoSaveTask.performAutoSave$lambda$4(AutoSaveTask.kt:64)
	at org.alter.game.model.PawnList.forEach(PawnList.kt:35)
	at org.alter.game.task.AutoSaveTask.performAutoSave(AutoSaveTask.kt:55)
	at org.alter.game.task.AutoSaveTask.execute(AutoSaveTask.kt:40)
	at org.alter.game.service.GameService.cycle(GameService.kt:192)
	at java.base/java.util.concurrent.Executors$RunnableAdapter.call(Executors.java:539)
	at java.base/java.util.concurrent.FutureTask.runAndReset(FutureTask.java:305)
	at java.base/java.util.concurrent.ScheduledThreadPoolExecutor$ScheduledFutureTask.run(ScheduledThreadPoolExecutor.java:305)
	at java.base/java.util.concurrent.ThreadPoolExecutor.runWorker(ThreadPoolExecutor.java:1136)
	at java.base/java.util.concurrent.ThreadPoolExecutor$Worker.run(ThreadPoolExecutor.java:635)
	at java.base/java.lang.Thread.run(Thread.java:840)
[2025-11-15 23:50:03.347] ERROR org.alter.game.task.AutoSaveTask - Failed to auto-save player 'Pnda': List element cannot be cast to int 
java.lang.ClassCastException: List element cannot be cast to int
	at org.bson.Document.constructValuesList(Document.java:402)
	at org.bson.Document.getList(Document.java:369)
	at org.alter.game.saving.PlayerSaving.savePlayer(PlayerSaving.kt:56)
	at org.alter.game.task.AutoSaveTask.performAutoSave$lambda$4(AutoSaveTask.kt:64)
	at org.alter.game.model.PawnList.forEach(PawnList.kt:35)
	at org.alter.game.task.AutoSaveTask.performAutoSave(AutoSaveTask.kt:55)
	at org.alter.game.task.AutoSaveTask.execute(AutoSaveTask.kt:40)
	at org.alter.game.service.GameService.cycle(GameService.kt:192)
	at java.base/java.util.concurrent.Executors$RunnableAdapter.call(Executors.java:539)
	at java.base/java.util.concurrent.FutureTask.runAndReset(FutureTask.java:305)
	at java.base/java.util.concurrent.ScheduledThreadPoolExecutor$ScheduledFutureTask.run(ScheduledThreadPoolExecutor.java:305)
	at java.base/java.util.concurrent.ThreadPoolExecutor.runWorker(ThreadPoolExecutor.java:1136)
	at java.base/java.util.concurrent.ThreadPoolExecutor$Worker.run(ThreadPoolExecutor.java:635)
	at java.base/java.lang.Thread.run(Thread.java:840)
[2025-11-15 23:50:03.347] ERROR org.alter.game.saving.PlayerSaving - Failed to serialize details for player SpideyM 
java.lang.ClassCastException: List element cannot be cast to int
	at org.bson.Document.constructValuesList(Document.java:402)
	at org.bson.Document.getList(Document.java:369)
	at org.alter.game.saving.PlayerSaving.savePlayer(PlayerSaving.kt:56)
	at org.alter.game.task.AutoSaveTask.performAutoSave$lambda$4(AutoSaveTask.kt:64)
	at org.alter.game.model.PawnList.forEach(PawnList.kt:35)
	at org.alter.game.task.AutoSaveTask.performAutoSave(AutoSaveTask.kt:55)
	at org.alter.game.task.AutoSaveTask.execute(AutoSaveTask.kt:40)
	at org.alter.game.service.GameService.cycle(GameService.kt:192)
	at java.base/java.util.concurrent.Executors$RunnableAdapter.call(Executors.java:539)
	at java.base/java.util.concurrent.FutureTask.runAndReset(FutureTask.java:305)
	at java.base/java.util.concurrent.ScheduledThreadPoolExecutor$ScheduledFutureTask.run(ScheduledThreadPoolExecutor.java:305)
	at java.base/java.util.concurrent.ThreadPoolExecutor.runWorker(ThreadPoolExecutor.java:1136)
	at java.base/java.util.concurrent.ThreadPoolExecutor$Worker.run(ThreadPoolExecutor.java:635)
	at java.base/java.lang.Thread.run(Thread.java:840)
[2025-11-15 23:50:03.347] ERROR org.alter.game.saving.PlayerSaving - Failed to save player SpideyM: List element cannot be cast to int 
java.lang.ClassCastException: List element cannot be cast to int
	at org.bson.Document.constructValuesList(Document.java:402)
	at org.bson.Document.getList(Document.java:369)
	at org.alter.game.saving.PlayerSaving.savePlayer(PlayerSaving.kt:56)
	at org.alter.game.task.AutoSaveTask.performAutoSave$lambda$4(AutoSaveTask.kt:64)
	at org.alter.game.model.PawnList.forEach(PawnList.kt:35)
	at org.alter.game.task.AutoSaveTask.performAutoSave(AutoSaveTask.kt:55)
	at org.alter.game.task.AutoSaveTask.execute(AutoSaveTask.kt:40)
	at org.alter.game.service.GameService.cycle(GameService.kt:192)
	at java.base/java.util.concurrent.Executors$RunnableAdapter.call(Executors.java:539)
	at java.base/java.util.concurrent.FutureTask.runAndReset(FutureTask.java:305)
	at java.base/java.util.concurrent.ScheduledThreadPoolExecutor$ScheduledFutureTask.run(ScheduledThreadPoolExecutor.java:305)
	at java.base/java.util.concurrent.ThreadPoolExecutor.runWorker(ThreadPoolExecutor.java:1136)
	at java.base/java.util.concurrent.ThreadPoolExecutor$Worker.run(ThreadPoolExecutor.java:635)
	at java.base/java.lang.Thread.run(Thread.java:840)
[2025-11-15 23:50:03.347] ERROR org.alter.game.task.AutoSaveTask - Failed to auto-save player 'SpideyM': List element cannot be cast to int 
java.lang.ClassCastException: List element cannot be cast to int
	at org.bson.Document.constructValuesList(Document.java:402)
	at org.bson.Document.getList(Document.java:369)
	at org.alter.game.saving.PlayerSaving.savePlayer(PlayerSaving.kt:56)
	at org.alter.game.task.AutoSaveTask.performAutoSave$lambda$4(AutoSaveTask.kt:64)
	at org.alter.game.model.PawnList.forEach(PawnList.kt:35)
	at org.alter.game.task.AutoSaveTask.performAutoSave(AutoSaveTask.kt:55)
	at org.alter.game.task.AutoSaveTask.execute(AutoSaveTask.kt:40)
	at org.alter.game.service.GameService.cycle(GameService.kt:192)
	at java.base/java.util.concurrent.Executors$RunnableAdapter.call(Executors.java:539)
	at java.base/java.util.concurrent.FutureTask.runAndReset(FutureTask.java:305)
	at java.base/java.util.concurrent.ScheduledThreadPoolExecutor$ScheduledFutureTask.run(ScheduledThreadPoolExecutor.java:305)
	at java.base/java.util.concurrent.ThreadPoolExecutor.runWorker(ThreadPoolExecutor.java:1136)
	at java.base/java.util.concurrent.ThreadPoolExecutor$Worker.run(ThreadPoolExecutor.java:635)
	at java.base/java.lang.Thread.run(Thread.java:840)
[2025-11-15 23:50:03.347] WARN  org.alter.game.task.AutoSaveTask - Auto-save attempted but no players were saved (3 players online) 
[2025-11-15 23:50:05.748] INFO  org.alter.game.service.GameService - [Cycle time: 2ms] [Entities: 3p / 193n] [Map: 397c / 7r / 0i] [Queues: 0p / 0n / 0w] [Mem usage: U=644MB / R=1112MB / M=8180MB]. 
[2025-11-15 23:50:12.336] INFO  org.alter.game.service.GameService - [Cycle time: 1ms] [Entities: 3p / 193n] [Map: 397c / 7r / 0i] [Queues: 0p / 0n / 0w] [Mem usage: U=646MB / R=1112MB / M=8180MB]. 
[2025-11-15 23:50:18.947] INFO  org.alter.game.service.GameService - [Cycle time: 1ms] [Entities: 3p / 193n] [Map: 397c / 7r / 0i] [Queues: 0p / 0n / 0w] [Mem usage: U=648MB / R=1112MB / M=8180MB]. 
[2025-11-15 23:50:25.539] INFO  org.alter.game.service.GameService - [Cycle time: 2ms] [Entities: 3p / 193n] [Map: 397c / 7r / 0i] [Queues: 0p / 0n / 0w] [Mem usage: U=651MB / R=1112MB / M=8180MB]. 
[2025-11-15 23:50:32.147] INFO  org.alter.game.service.GameService - [Cycle time: 1ms] [Entities: 3p / 193n] [Map: 397c / 7r / 0i] [Queues: 0p / 0n / 0w] [Mem usage: U=653MB / R=1112MB / M=8180MB]. 
[2025-11-15 23:50:33.340] ERROR org.alter.game.saving.PlayerSaving - Failed to serialize details for player DragonM 
java.lang.ClassCastException: List element cannot be cast to int
	at org.bson.Document.constructValuesList(Document.java:402)
	at org.bson.Document.getList(Document.java:369)
	at org.alter.game.saving.PlayerSaving.savePlayer(PlayerSaving.kt:56)
	at org.alter.game.task.AutoSaveTask.performAutoSave$lambda$4(AutoSaveTask.kt:64)
	at org.alter.game.model.PawnList.forEach(PawnList.kt:35)
	at org.alter.game.task.AutoSaveTask.performAutoSave(AutoSaveTask.kt:55)
	at org.alter.game.task.AutoSaveTask.execute(AutoSaveTask.kt:40)
	at org.alter.game.service.GameService.cycle(GameService.kt:192)
	at java.base/java.util.concurrent.Executors$RunnableAdapter.call(Executors.java:539)
	at java.base/java.util.concurrent.FutureTask.runAndReset(FutureTask.java:305)
	at java.base/java.util.concurrent.ScheduledThreadPoolExecutor$ScheduledFutureTask.run(ScheduledThreadPoolExecutor.java:305)
	at java.base/java.util.concurrent.ThreadPoolExecutor.runWorker(ThreadPoolExecutor.java:1136)
	at java.base/java.util.concurrent.ThreadPoolExecutor$Worker.run(ThreadPoolExecutor.java:635)
	at java.base/java.lang.Thread.run(Thread.java:840)
[2025-11-15 23:50:33.340] ERROR org.alter.game.saving.PlayerSaving - Failed to save player DragonM: List element cannot be cast to int 
java.lang.ClassCastException: List element cannot be cast to int
	at org.bson.Document.constructValuesList(Document.java:402)
	at org.bson.Document.getList(Document.java:369)
	at org.alter.game.saving.PlayerSaving.savePlayer(PlayerSaving.kt:56)
	at org.alter.game.task.AutoSaveTask.performAutoSave$lambda$4(AutoSaveTask.kt:64)
	at org.alter.game.model.PawnList.forEach(PawnList.kt:35)
	at org.alter.game.task.AutoSaveTask.performAutoSave(AutoSaveTask.kt:55)
	at org.alter.game.task.AutoSaveTask.execute(AutoSaveTask.kt:40)
	at org.alter.game.service.GameService.cycle(GameService.kt:192)
	at java.base/java.util.concurrent.Executors$RunnableAdapter.call(Executors.java:539)
	at java.base/java.util.concurrent.FutureTask.runAndReset(FutureTask.java:305)
	at java.base/java.util.concurrent.ScheduledThreadPoolExecutor$ScheduledFutureTask.run(ScheduledThreadPoolExecutor.java:305)
	at java.base/java.util.concurrent.ThreadPoolExecutor.runWorker(ThreadPoolExecutor.java:1136)
	at java.base/java.util.concurrent.ThreadPoolExecutor$Worker.run(ThreadPoolExecutor.java:635)
	at java.base/java.lang.Thread.run(Thread.java:840)
[2025-11-15 23:50:33.340] ERROR org.alter.game.task.AutoSaveTask - Failed to auto-save player 'DragonM': List element cannot be cast to int 
java.lang.ClassCastException: List element cannot be cast to int
	at org.bson.Document.constructValuesList(Document.java:402)
	at org.bson.Document.getList(Document.java:369)
	at org.alter.game.saving.PlayerSaving.savePlayer(PlayerSaving.kt:56)
	at org.alter.game.task.AutoSaveTask.performAutoSave$lambda$4(AutoSaveTask.kt:64)
	at org.alter.game.model.PawnList.forEach(PawnList.kt:35)
	at org.alter.game.task.AutoSaveTask.performAutoSave(AutoSaveTask.kt:55)
	at org.alter.game.task.AutoSaveTask.execute(AutoSaveTask.kt:40)
	at org.alter.game.service.GameService.cycle(GameService.kt:192)
	at java.base/java.util.concurrent.Executors$RunnableAdapter.call(Executors.java:539)
	at java.base/java.util.concurrent.FutureTask.runAndReset(FutureTask.java:305)
	at java.base/java.util.concurrent.ScheduledThreadPoolExecutor$ScheduledFutureTask.run(ScheduledThreadPoolExecutor.java:305)
	at java.base/java.util.concurrent.ThreadPoolExecutor.runWorker(ThreadPoolExecutor.java:1136)
	at java.base/java.util.concurrent.ThreadPoolExecutor$Worker.run(ThreadPoolExecutor.java:635)
	at java.base/java.lang.Thread.run(Thread.java:840)
[2025-11-15 23:50:33.341] ERROR org.alter.game.saving.PlayerSaving - Failed to serialize details for player Pnda 
java.lang.ClassCastException: List element cannot be cast to int
	at org.bson.Document.constructValuesList(Document.java:402)
	at org.bson.Document.getList(Document.java:369)
	at org.alter.game.saving.PlayerSaving.savePlayer(PlayerSaving.kt:56)
	at org.alter.game.task.AutoSaveTask.performAutoSave$lambda$4(AutoSaveTask.kt:64)
	at org.alter.game.model.PawnList.forEach(PawnList.kt:35)
	at org.alter.game.task.AutoSaveTask.performAutoSave(AutoSaveTask.kt:55)
	at org.alter.game.task.AutoSaveTask.execute(AutoSaveTask.kt:40)
	at org.alter.game.service.GameService.cycle(GameService.kt:192)
	at java.base/java.util.concurrent.Executors$RunnableAdapter.call(Executors.java:539)
	at java.base/java.util.concurrent.FutureTask.runAndReset(FutureTask.java:305)
	at java.base/java.util.concurrent.ScheduledThreadPoolExecutor$ScheduledFutureTask.run(ScheduledThreadPoolExecutor.java:305)
	at java.base/java.util.concurrent.ThreadPoolExecutor.runWorker(ThreadPoolExecutor.java:1136)
	at java.base/java.util.concurrent.ThreadPoolExecutor$Worker.run(ThreadPoolExecutor.java:635)
	at java.base/java.lang.Thread.run(Thread.java:840)
[2025-11-15 23:50:33.341] ERROR org.alter.game.saving.PlayerSaving - Failed to save player Pnda: List element cannot be cast to int 
java.lang.ClassCastException: List element cannot be cast to int
	at org.bson.Document.constructValuesList(Document.java:402)
	at org.bson.Document.getList(Document.java:369)
	at org.alter.game.saving.PlayerSaving.savePlayer(PlayerSaving.kt:56)
	at org.alter.game.task.AutoSaveTask.performAutoSave$lambda$4(AutoSaveTask.kt:64)
	at org.alter.game.model.PawnList.forEach(PawnList.kt:35)
	at org.alter.game.task.AutoSaveTask.performAutoSave(AutoSaveTask.kt:55)
	at org.alter.game.task.AutoSaveTask.execute(AutoSaveTask.kt:40)
	at org.alter.game.service.GameService.cycle(GameService.kt:192)
	at java.base/java.util.concurrent.Executors$RunnableAdapter.call(Executors.java:539)
	at java.base/java.util.concurrent.FutureTask.runAndReset(FutureTask.java:305)
	at java.base/java.util.concurrent.ScheduledThreadPoolExecutor$ScheduledFutureTask.run(ScheduledThreadPoolExecutor.java:305)
	at java.base/java.util.concurrent.ThreadPoolExecutor.runWorker(ThreadPoolExecutor.java:1136)
	at java.base/java.util.concurrent.ThreadPoolExecutor$Worker.run(ThreadPoolExecutor.java:635)
	at java.base/java.lang.Thread.run(Thread.java:840)
[2025-11-15 23:50:33.341] ERROR org.alter.game.task.AutoSaveTask - Failed to auto-save player 'Pnda': List element cannot be cast to int 
java.lang.ClassCastException: List element cannot be cast to int
	at org.bson.Document.constructValuesList(Document.java:402)
	at org.bson.Document.getList(Document.java:369)
	at org.alter.game.saving.PlayerSaving.savePlayer(PlayerSaving.kt:56)
	at org.alter.game.task.AutoSaveTask.performAutoSave$lambda$4(AutoSaveTask.kt:64)
	at org.alter.game.model.PawnList.forEach(PawnList.kt:35)
	at org.alter.game.task.AutoSaveTask.performAutoSave(AutoSaveTask.kt:55)
	at org.alter.game.task.AutoSaveTask.execute(AutoSaveTask.kt:40)
	at org.alter.game.service.GameService.cycle(GameService.kt:192)
	at java.base/java.util.concurrent.Executors$RunnableAdapter.call(Executors.java:539)
	at java.base/java.util.concurrent.FutureTask.runAndReset(FutureTask.java:305)
	at java.base/java.util.concurrent.ScheduledThreadPoolExecutor$ScheduledFutureTask.run(ScheduledThreadPoolExecutor.java:305)
	at java.base/java.util.concurrent.ThreadPoolExecutor.runWorker(ThreadPoolExecutor.java:1136)
	at java.base/java.util.concurrent.ThreadPoolExecutor$Worker.run(ThreadPoolExecutor.java:635)
	at java.base/java.lang.Thread.run(Thread.java:840)
[2025-11-15 23:50:33.341] ERROR org.alter.game.saving.PlayerSaving - Failed to serialize details for player SpideyM 
java.lang.ClassCastException: List element cannot be cast to int
	at org.bson.Document.constructValuesList(Document.java:402)
	at org.bson.Document.getList(Document.java:369)
	at org.alter.game.saving.PlayerSaving.savePlayer(PlayerSaving.kt:56)
	at org.alter.game.task.AutoSaveTask.performAutoSave$lambda$4(AutoSaveTask.kt:64)
	at org.alter.game.model.PawnList.forEach(PawnList.kt:35)
	at org.alter.game.task.AutoSaveTask.performAutoSave(AutoSaveTask.kt:55)
	at org.alter.game.task.AutoSaveTask.execute(AutoSaveTask.kt:40)
	at org.alter.game.service.GameService.cycle(GameService.kt:192)
	at java.base/java.util.concurrent.Executors$RunnableAdapter.call(Executors.java:539)
	at java.base/java.util.concurrent.FutureTask.runAndReset(FutureTask.java:305)
	at java.base/java.util.concurrent.ScheduledThreadPoolExecutor$ScheduledFutureTask.run(ScheduledThreadPoolExecutor.java:305)
	at java.base/java.util.concurrent.ThreadPoolExecutor.runWorker(ThreadPoolExecutor.java:1136)
	at java.base/java.util.concurrent.ThreadPoolExecutor$Worker.run(ThreadPoolExecutor.java:635)
	at java.base/java.lang.Thread.run(Thread.java:840)
[2025-11-15 23:50:33.341] ERROR org.alter.game.saving.PlayerSaving - Failed to save player SpideyM: List element cannot be cast to int 
java.lang.ClassCastException: List element cannot be cast to int
	at org.bson.Document.constructValuesList(Document.java:402)
	at org.bson.Document.getList(Document.java:369)
	at org.alter.game.saving.PlayerSaving.savePlayer(PlayerSaving.kt:56)
	at org.alter.game.task.AutoSaveTask.performAutoSave$lambda$4(AutoSaveTask.kt:64)
	at org.alter.game.model.PawnList.forEach(PawnList.kt:35)
	at org.alter.game.task.AutoSaveTask.performAutoSave(AutoSaveTask.kt:55)
	at org.alter.game.task.AutoSaveTask.execute(AutoSaveTask.kt:40)
	at org.alter.game.service.GameService.cycle(GameService.kt:192)
	at java.base/java.util.concurrent.Executors$RunnableAdapter.call(Executors.java:539)
	at java.base/java.util.concurrent.FutureTask.runAndReset(FutureTask.java:305)
	at java.base/java.util.concurrent.ScheduledThreadPoolExecutor$ScheduledFutureTask.run(ScheduledThreadPoolExecutor.java:305)
	at java.base/java.util.concurrent.ThreadPoolExecutor.runWorker(ThreadPoolExecutor.java:1136)
	at java.base/java.util.concurrent.ThreadPoolExecutor$Worker.run(ThreadPoolExecutor.java:635)
	at java.base/java.lang.Thread.run(Thread.java:840)
[2025-11-15 23:50:33.341] ERROR org.alter.game.task.AutoSaveTask - Failed to auto-save player 'SpideyM': List element cannot be cast to int 
java.lang.ClassCastException: List element cannot be cast to int
	at org.bson.Document.constructValuesList(Document.java:402)
	at org.bson.Document.getList(Document.java:369)
	at org.alter.game.saving.PlayerSaving.savePlayer(PlayerSaving.kt:56)
	at org.alter.game.task.AutoSaveTask.performAutoSave$lambda$4(AutoSaveTask.kt:64)
	at org.alter.game.model.PawnList.forEach(PawnList.kt:35)
	at org.alter.game.task.AutoSaveTask.performAutoSave(AutoSaveTask.kt:55)
	at org.alter.game.task.AutoSaveTask.execute(AutoSaveTask.kt:40)
	at org.alter.game.service.GameService.cycle(GameService.kt:192)
	at java.base/java.util.concurrent.Executors$RunnableAdapter.call(Executors.java:539)
	at java.base/java.util.concurrent.FutureTask.runAndReset(FutureTask.java:305)
	at java.base/java.util.concurrent.ScheduledThreadPoolExecutor$ScheduledFutureTask.run(ScheduledThreadPoolExecutor.java:305)
	at java.base/java.util.concurrent.ThreadPoolExecutor.runWorker(ThreadPoolExecutor.java:1136)
	at java.base/java.util.concurrent.ThreadPoolExecutor$Worker.run(ThreadPoolExecutor.java:635)
	at java.base/java.lang.Thread.run(Thread.java:840)
[2025-11-15 23:50:33.341] WARN  org.alter.game.task.AutoSaveTask - Auto-save attempted but no players were saved (3 players online) 
[2025-11-15 23:50:38.745] INFO  org.alter.game.service.GameService - [Cycle time: 1ms] [Entities: 3p / 193n] [Map: 397c / 7r / 0i] [Queues: 0p / 0n / 0w] [Mem usage: U=656MB / R=1112MB / M=8180MB]. 
[2025-11-15 23:50:45.339] INFO  org.alter.game.service.GameService - [Cycle time: 1ms] [Entities: 3p / 193n] [Map: 397c / 7r / 0i] [Queues: 0p / 0n / 0w] [Mem usage: U=658MB / R=1112MB / M=8180MB]. 
[2025-11-15 23:50:50.137] WARN  o.a.game.model.interf.InterfaceSet - Interface 860 is not visible and cannot be closed. 
[2025-11-15 23:50:51.950] INFO  org.alter.game.service.GameService - [Cycle time: 2ms] [Entities: 3p / 193n] [Map: 525c / 9r / 0i] [Queues: 0p / 0n / 0w] [Mem usage: U=666MB / R=1112MB / M=8180MB]. 
[2025-11-15 23:50:58.548] INFO  org.alter.game.service.GameService - [Cycle time: 2ms] [Entities: 3p / 193n] [Map: 653c / 11r / 0i] [Queues: 0p / 0n / 0w] [Mem usage: U=672MB / R=1112MB / M=8180MB]. 
[2025-11-15 23:51:03.338] ERROR org.alter.game.saving.PlayerSaving - Failed to serialize details for player DragonM 
java.lang.ClassCastException: List element cannot be cast to int
	at org.bson.Document.constructValuesList(Document.java:402)
	at org.bson.Document.getList(Document.java:369)
	at org.alter.game.saving.PlayerSaving.savePlayer(PlayerSaving.kt:56)
	at org.alter.game.task.AutoSaveTask.performAutoSave$lambda$4(AutoSaveTask.kt:64)
	at org.alter.game.model.PawnList.forEach(PawnList.kt:35)
	at org.alter.game.task.AutoSaveTask.performAutoSave(AutoSaveTask.kt:55)
	at org.alter.game.task.AutoSaveTask.execute(AutoSaveTask.kt:40)
	at org.alter.game.service.GameService.cycle(GameService.kt:192)
	at java.base/java.util.concurrent.Executors$RunnableAdapter.call(Executors.java:539)
	at java.base/java.util.concurrent.FutureTask.runAndReset(FutureTask.java:305)
	at java.base/java.util.concurrent.ScheduledThreadPoolExecutor$ScheduledFutureTask.run(ScheduledThreadPoolExecutor.java:305)
	at java.base/java.util.concurrent.ThreadPoolExecutor.runWorker(ThreadPoolExecutor.java:1136)
	at java.base/java.util.concurrent.ThreadPoolExecutor$Worker.run(ThreadPoolExecutor.java:635)
	at java.base/java.lang.Thread.run(Thread.java:840)
[2025-11-15 23:51:03.338] ERROR org.alter.game.saving.PlayerSaving - Failed to save player DragonM: List element cannot be cast to int 
java.lang.ClassCastException: List element cannot be cast to int
	at org.bson.Document.constructValuesList(Document.java:402)
	at org.bson.Document.getList(Document.java:369)
	at org.alter.game.saving.PlayerSaving.savePlayer(PlayerSaving.kt:56)
	at org.alter.game.task.AutoSaveTask.performAutoSave$lambda$4(AutoSaveTask.kt:64)
	at org.alter.game.model.PawnList.forEach(PawnList.kt:35)
	at org.alter.game.task.AutoSaveTask.performAutoSave(AutoSaveTask.kt:55)
	at org.alter.game.task.AutoSaveTask.execute(AutoSaveTask.kt:40)
	at org.alter.game.service.GameService.cycle(GameService.kt:192)
	at java.base/java.util.concurrent.Executors$RunnableAdapter.call(Executors.java:539)
	at java.base/java.util.concurrent.FutureTask.runAndReset(FutureTask.java:305)
	at java.base/java.util.concurrent.ScheduledThreadPoolExecutor$ScheduledFutureTask.run(ScheduledThreadPoolExecutor.java:305)
	at java.base/java.util.concurrent.ThreadPoolExecutor.runWorker(ThreadPoolExecutor.java:1136)
	at java.base/java.util.concurrent.ThreadPoolExecutor$Worker.run(ThreadPoolExecutor.java:635)
	at java.base/java.lang.Thread.run(Thread.java:840)
[2025-11-15 23:51:03.338] ERROR org.alter.game.task.AutoSaveTask - Failed to auto-save player 'DragonM': List element cannot be cast to int 
java.lang.ClassCastException: List element cannot be cast to int
	at org.bson.Document.constructValuesList(Document.java:402)
	at org.bson.Document.getList(Document.java:369)
	at org.alter.game.saving.PlayerSaving.savePlayer(PlayerSaving.kt:56)
	at org.alter.game.task.AutoSaveTask.performAutoSave$lambda$4(AutoSaveTask.kt:64)
	at org.alter.game.model.PawnList.forEach(PawnList.kt:35)
	at org.alter.game.task.AutoSaveTask.performAutoSave(AutoSaveTask.kt:55)
	at org.alter.game.task.AutoSaveTask.execute(AutoSaveTask.kt:40)
	at org.alter.game.service.GameService.cycle(GameService.kt:192)
	at java.base/java.util.concurrent.Executors$RunnableAdapter.call(Executors.java:539)
	at java.base/java.util.concurrent.FutureTask.runAndReset(FutureTask.java:305)
	at java.base/java.util.concurrent.ScheduledThreadPoolExecutor$ScheduledFutureTask.run(ScheduledThreadPoolExecutor.java:305)
	at java.base/java.util.concurrent.ThreadPoolExecutor.runWorker(ThreadPoolExecutor.java:1136)
	at java.base/java.util.concurrent.ThreadPoolExecutor$Worker.run(ThreadPoolExecutor.java:635)
	at java.base/java.lang.Thread.run(Thread.java:840)
[2025-11-15 23:51:03.338] ERROR org.alter.game.saving.PlayerSaving - Failed to serialize details for player Pnda 
java.lang.ClassCastException: List element cannot be cast to int
	at org.bson.Document.constructValuesList(Document.java:402)
	at org.bson.Document.getList(Document.java:369)
	at org.alter.game.saving.PlayerSaving.savePlayer(PlayerSaving.kt:56)
	at org.alter.game.task.AutoSaveTask.performAutoSave$lambda$4(AutoSaveTask.kt:64)
	at org.alter.game.model.PawnList.forEach(PawnList.kt:35)
	at org.alter.game.task.AutoSaveTask.performAutoSave(AutoSaveTask.kt:55)
	at org.alter.game.task.AutoSaveTask.execute(AutoSaveTask.kt:40)
	at org.alter.game.service.GameService.cycle(GameService.kt:192)
	at java.base/java.util.concurrent.Executors$RunnableAdapter.call(Executors.java:539)
	at java.base/java.util.concurrent.FutureTask.runAndReset(FutureTask.java:305)
	at java.base/java.util.concurrent.ScheduledThreadPoolExecutor$ScheduledFutureTask.run(ScheduledThreadPoolExecutor.java:305)
	at java.base/java.util.concurrent.ThreadPoolExecutor.runWorker(ThreadPoolExecutor.java:1136)
	at java.base/java.util.concurrent.ThreadPoolExecutor$Worker.run(ThreadPoolExecutor.java:635)
	at java.base/java.lang.Thread.run(Thread.java:840)
[2025-11-15 23:51:03.338] ERROR org.alter.game.saving.PlayerSaving - Failed to save player Pnda: List element cannot be cast to int 
java.lang.ClassCastException: List element cannot be cast to int
	at org.bson.Document.constructValuesList(Document.java:402)
	at org.bson.Document.getList(Document.java:369)
	at org.alter.game.saving.PlayerSaving.savePlayer(PlayerSaving.kt:56)
	at org.alter.game.task.AutoSaveTask.performAutoSave$lambda$4(AutoSaveTask.kt:64)
	at org.alter.game.model.PawnList.forEach(PawnList.kt:35)
	at org.alter.game.task.AutoSaveTask.performAutoSave(AutoSaveTask.kt:55)
	at org.alter.game.task.AutoSaveTask.execute(AutoSaveTask.kt:40)
	at org.alter.game.service.GameService.cycle(GameService.kt:192)
	at java.base/java.util.concurrent.Executors$RunnableAdapter.call(Executors.java:539)
	at java.base/java.util.concurrent.FutureTask.runAndReset(FutureTask.java:305)
	at java.base/java.util.concurrent.ScheduledThreadPoolExecutor$ScheduledFutureTask.run(ScheduledThreadPoolExecutor.java:305)
	at java.base/java.util.concurrent.ThreadPoolExecutor.runWorker(ThreadPoolExecutor.java:1136)
	at java.base/java.util.concurrent.ThreadPoolExecutor$Worker.run(ThreadPoolExecutor.java:635)
	at java.base/java.lang.Thread.run(Thread.java:840)
[2025-11-15 23:51:03.339] ERROR org.alter.game.task.AutoSaveTask - Failed to auto-save player 'Pnda': List element cannot be cast to int 
java.lang.ClassCastException: List element cannot be cast to int
	at org.bson.Document.constructValuesList(Document.java:402)
	at org.bson.Document.getList(Document.java:369)
	at org.alter.game.saving.PlayerSaving.savePlayer(PlayerSaving.kt:56)
	at org.alter.game.task.AutoSaveTask.performAutoSave$lambda$4(AutoSaveTask.kt:64)
	at org.alter.game.model.PawnList.forEach(PawnList.kt:35)
	at org.alter.game.task.AutoSaveTask.performAutoSave(AutoSaveTask.kt:55)
	at org.alter.game.task.AutoSaveTask.execute(AutoSaveTask.kt:40)
	at org.alter.game.service.GameService.cycle(GameService.kt:192)
	at java.base/java.util.concurrent.Executors$RunnableAdapter.call(Executors.java:539)
	at java.base/java.util.concurrent.FutureTask.runAndReset(FutureTask.java:305)
	at java.base/java.util.concurrent.ScheduledThreadPoolExecutor$ScheduledFutureTask.run(ScheduledThreadPoolExecutor.java:305)
	at java.base/java.util.concurrent.ThreadPoolExecutor.runWorker(ThreadPoolExecutor.java:1136)
	at java.base/java.util.concurrent.ThreadPoolExecutor$Worker.run(ThreadPoolExecutor.java:635)
	at java.base/java.lang.Thread.run(Thread.java:840)
[2025-11-15 23:51:03.339] ERROR org.alter.game.saving.PlayerSaving - Failed to serialize details for player SpideyM 
java.lang.ClassCastException: List element cannot be cast to int
	at org.bson.Document.constructValuesList(Document.java:402)
	at org.bson.Document.getList(Document.java:369)
	at org.alter.game.saving.PlayerSaving.savePlayer(PlayerSaving.kt:56)
	at org.alter.game.task.AutoSaveTask.performAutoSave$lambda$4(AutoSaveTask.kt:64)
	at org.alter.game.model.PawnList.forEach(PawnList.kt:35)
	at org.alter.game.task.AutoSaveTask.performAutoSave(AutoSaveTask.kt:55)
	at org.alter.game.task.AutoSaveTask.execute(AutoSaveTask.kt:40)
	at org.alter.game.service.GameService.cycle(GameService.kt:192)
	at java.base/java.util.concurrent.Executors$RunnableAdapter.call(Executors.java:539)
	at java.base/java.util.concurrent.FutureTask.runAndReset(FutureTask.java:305)
	at java.base/java.util.concurrent.ScheduledThreadPoolExecutor$ScheduledFutureTask.run(ScheduledThreadPoolExecutor.java:305)
	at java.base/java.util.concurrent.ThreadPoolExecutor.runWorker(ThreadPoolExecutor.java:1136)
	at java.base/java.util.concurrent.ThreadPoolExecutor$Worker.run(ThreadPoolExecutor.java:635)
	at java.base/java.lang.Thread.run(Thread.java:840)
[2025-11-15 23:51:03.339] ERROR org.alter.game.saving.PlayerSaving - Failed to save player SpideyM: List element cannot be cast to int 
java.lang.ClassCastException: List element cannot be cast to int
	at org.bson.Document.constructValuesList(Document.java:402)
	at org.bson.Document.getList(Document.java:369)
	at org.alter.game.saving.PlayerSaving.savePlayer(PlayerSaving.kt:56)
	at org.alter.game.task.AutoSaveTask.performAutoSave$lambda$4(AutoSaveTask.kt:64)
	at org.alter.game.model.PawnList.forEach(PawnList.kt:35)
	at org.alter.game.task.AutoSaveTask.performAutoSave(AutoSaveTask.kt:55)
	at org.alter.game.task.AutoSaveTask.execute(AutoSaveTask.kt:40)
	at org.alter.game.service.GameService.cycle(GameService.kt:192)
	at java.base/java.util.concurrent.Executors$RunnableAdapter.call(Executors.java:539)
	at java.base/java.util.concurrent.FutureTask.runAndReset(FutureTask.java:305)
	at java.base/java.util.concurrent.ScheduledThreadPoolExecutor$ScheduledFutureTask.run(ScheduledThreadPoolExecutor.java:305)
	at java.base/java.util.concurrent.ThreadPoolExecutor.runWorker(ThreadPoolExecutor.java:1136)
	at java.base/java.util.concurrent.ThreadPoolExecutor$Worker.run(ThreadPoolExecutor.java:635)
	at java.base/java.lang.Thread.run(Thread.java:840)
[2025-11-15 23:51:03.339] ERROR org.alter.game.task.AutoSaveTask - Failed to auto-save player 'SpideyM': List element cannot be cast to int 
java.lang.ClassCastException: List element cannot be cast to int
	at org.bson.Document.constructValuesList(Document.java:402)
	at org.bson.Document.getList(Document.java:369)
	at org.alter.game.saving.PlayerSaving.savePlayer(PlayerSaving.kt:56)
	at org.alter.game.task.AutoSaveTask.performAutoSave$lambda$4(AutoSaveTask.kt:64)
	at org.alter.game.model.PawnList.forEach(PawnList.kt:35)
	at org.alter.game.task.AutoSaveTask.performAutoSave(AutoSaveTask.kt:55)
	at org.alter.game.task.AutoSaveTask.execute(AutoSaveTask.kt:40)
	at org.alter.game.service.GameService.cycle(GameService.kt:192)
	at java.base/java.util.concurrent.Executors$RunnableAdapter.call(Executors.java:539)
	at java.base/java.util.concurrent.FutureTask.runAndReset(FutureTask.java:305)
	at java.base/java.util.concurrent.ScheduledThreadPoolExecutor$ScheduledFutureTask.run(ScheduledThreadPoolExecutor.java:305)
	at java.base/java.util.concurrent.ThreadPoolExecutor.runWorker(ThreadPoolExecutor.java:1136)
	at java.base/java.util.concurrent.ThreadPoolExecutor$Worker.run(ThreadPoolExecutor.java:635)
	at java.base/java.lang.Thread.run(Thread.java:840)
[2025-11-15 23:51:03.339] WARN  org.alter.game.task.AutoSaveTask - Auto-save attempted but no players were saved (3 players online) 
[2025-11-15 23:51:05.147] INFO  org.alter.game.service.GameService - [Cycle time: 2ms] [Entities: 3p / 193n] [Map: 653c / 11r / 0i] [Queues: 0p / 0n / 0w] [Mem usage: U=674MB / R=1112MB / M=8180MB]. 
[2025-11-15 23:51:11.736] INFO  org.alter.game.service.GameService - [Cycle time: 3ms] [Entities: 3p / 193n] [Map: 909c / 15r / 0i] [Queues: 0p / 0n / 0w] [Mem usage: U=682MB / R=1112MB / M=8180MB]. 
[2025-11-15 23:51:15.932] WARN  o.a.game.model.interf.InterfaceSet - Interface 860 is not visible and cannot be closed. 
[2025-11-15 23:51:18.344] INFO  org.alter.game.service.GameService - [Cycle time: 2ms] [Entities: 3p / 193n] [Map: 909c / 15r / 0i] [Queues: 0p / 0n / 0w] [Mem usage: U=685MB / R=1112MB / M=8180MB]. 
[2025-11-15 23:51:24.937] INFO  org.alter.game.service.GameService - [Cycle time: 1ms] [Entities: 3p / 193n] [Map: 909c / 15r / 0i] [Queues: 0p / 0n / 0w] [Mem usage: U=687MB / R=1112MB / M=8180MB]. 
[2025-11-15 23:51:31.544] INFO  org.alter.game.service.GameService - [Cycle time: 2ms] [Entities: 3p / 193n] [Map: 909c / 15r / 0i] [Queues: 0p / 0n / 0w] [Mem usage: U=690MB / R=1112MB / M=8180MB]. 
[2025-11-15 23:51:33.345] ERROR org.alter.game.saving.PlayerSaving - Failed to serialize details for player DragonM 
java.lang.ClassCastException: List element cannot be cast to int
	at org.bson.Document.constructValuesList(Document.java:402)
	at org.bson.Document.getList(Document.java:369)
	at org.alter.game.saving.PlayerSaving.savePlayer(PlayerSaving.kt:56)
	at org.alter.game.task.AutoSaveTask.performAutoSave$lambda$4(AutoSaveTask.kt:64)
	at org.alter.game.model.PawnList.forEach(PawnList.kt:35)
	at org.alter.game.task.AutoSaveTask.performAutoSave(AutoSaveTask.kt:55)
	at org.alter.game.task.AutoSaveTask.execute(AutoSaveTask.kt:40)
	at org.alter.game.service.GameService.cycle(GameService.kt:192)
	at java.base/java.util.concurrent.Executors$RunnableAdapter.call(Executors.java:539)
	at java.base/java.util.concurrent.FutureTask.runAndReset(FutureTask.java:305)
	at java.base/java.util.concurrent.ScheduledThreadPoolExecutor$ScheduledFutureTask.run(ScheduledThreadPoolExecutor.java:305)
	at java.base/java.util.concurrent.ThreadPoolExecutor.runWorker(ThreadPoolExecutor.java:1136)
	at java.base/java.util.concurrent.ThreadPoolExecutor$Worker.run(ThreadPoolExecutor.java:635)
	at java.base/java.lang.Thread.run(Thread.java:840)
[2025-11-15 23:51:33.346] ERROR org.alter.game.saving.PlayerSaving - Failed to save player DragonM: List element cannot be cast to int 
java.lang.ClassCastException: List element cannot be cast to int
	at org.bson.Document.constructValuesList(Document.java:402)
	at org.bson.Document.getList(Document.java:369)
	at org.alter.game.saving.PlayerSaving.savePlayer(PlayerSaving.kt:56)
	at org.alter.game.task.AutoSaveTask.performAutoSave$lambda$4(AutoSaveTask.kt:64)
	at org.alter.game.model.PawnList.forEach(PawnList.kt:35)
	at org.alter.game.task.AutoSaveTask.performAutoSave(AutoSaveTask.kt:55)
	at org.alter.game.task.AutoSaveTask.execute(AutoSaveTask.kt:40)
	at org.alter.game.service.GameService.cycle(GameService.kt:192)
	at java.base/java.util.concurrent.Executors$RunnableAdapter.call(Executors.java:539)
	at java.base/java.util.concurrent.FutureTask.runAndReset(FutureTask.java:305)
	at java.base/java.util.concurrent.ScheduledThreadPoolExecutor$ScheduledFutureTask.run(ScheduledThreadPoolExecutor.java:305)
	at java.base/java.util.concurrent.ThreadPoolExecutor.runWorker(ThreadPoolExecutor.java:1136)
	at java.base/java.util.concurrent.ThreadPoolExecutor$Worker.run(ThreadPoolExecutor.java:635)
	at java.base/java.lang.Thread.run(Thread.java:840)
[2025-11-15 23:51:33.346] ERROR org.alter.game.task.AutoSaveTask - Failed to auto-save player 'DragonM': List element cannot be cast to int 
java.lang.ClassCastException: List element cannot be cast to int
	at org.bson.Document.constructValuesList(Document.java:402)
	at org.bson.Document.getList(Document.java:369)
	at org.alter.game.saving.PlayerSaving.savePlayer(PlayerSaving.kt:56)
	at org.alter.game.task.AutoSaveTask.performAutoSave$lambda$4(AutoSaveTask.kt:64)
	at org.alter.game.model.PawnList.forEach(PawnList.kt:35)
	at org.alter.game.task.AutoSaveTask.performAutoSave(AutoSaveTask.kt:55)
	at org.alter.game.task.AutoSaveTask.execute(AutoSaveTask.kt:40)
	at org.alter.game.service.GameService.cycle(GameService.kt:192)
	at java.base/java.util.concurrent.Executors$RunnableAdapter.call(Executors.java:539)
	at java.base/java.util.concurrent.FutureTask.runAndReset(FutureTask.java:305)
	at java.base/java.util.concurrent.ScheduledThreadPoolExecutor$ScheduledFutureTask.run(ScheduledThreadPoolExecutor.java:305)
	at java.base/java.util.concurrent.ThreadPoolExecutor.runWorker(ThreadPoolExecutor.java:1136)
	at java.base/java.util.concurrent.ThreadPoolExecutor$Worker.run(ThreadPoolExecutor.java:635)
	at java.base/java.lang.Thread.run(Thread.java:840)
[2025-11-15 23:51:33.346] ERROR org.alter.game.saving.PlayerSaving - Failed to serialize details for player Pnda 
java.lang.ClassCastException: List element cannot be cast to int
	at org.bson.Document.constructValuesList(Document.java:402)
	at org.bson.Document.getList(Document.java:369)
	at org.alter.game.saving.PlayerSaving.savePlayer(PlayerSaving.kt:56)
	at org.alter.game.task.AutoSaveTask.performAutoSave$lambda$4(AutoSaveTask.kt:64)
	at org.alter.game.model.PawnList.forEach(PawnList.kt:35)
	at org.alter.game.task.AutoSaveTask.performAutoSave(AutoSaveTask.kt:55)
	at org.alter.game.task.AutoSaveTask.execute(AutoSaveTask.kt:40)
	at org.alter.game.service.GameService.cycle(GameService.kt:192)
	at java.base/java.util.concurrent.Executors$RunnableAdapter.call(Executors.java:539)
	at java.base/java.util.concurrent.FutureTask.runAndReset(FutureTask.java:305)
	at java.base/java.util.concurrent.ScheduledThreadPoolExecutor$ScheduledFutureTask.run(ScheduledThreadPoolExecutor.java:305)
	at java.base/java.util.concurrent.ThreadPoolExecutor.runWorker(ThreadPoolExecutor.java:1136)
	at java.base/java.util.concurrent.ThreadPoolExecutor$Worker.run(ThreadPoolExecutor.java:635)
	at java.base/java.lang.Thread.run(Thread.java:840)
[2025-11-15 23:51:33.346] ERROR org.alter.game.saving.PlayerSaving - Failed to save player Pnda: List element cannot be cast to int 
java.lang.ClassCastException: List element cannot be cast to int
	at org.bson.Document.constructValuesList(Document.java:402)
	at org.bson.Document.getList(Document.java:369)
	at org.alter.game.saving.PlayerSaving.savePlayer(PlayerSaving.kt:56)
	at org.alter.game.task.AutoSaveTask.performAutoSave$lambda$4(AutoSaveTask.kt:64)
	at org.alter.game.model.PawnList.forEach(PawnList.kt:35)
	at org.alter.game.task.AutoSaveTask.performAutoSave(AutoSaveTask.kt:55)
	at org.alter.game.task.AutoSaveTask.execute(AutoSaveTask.kt:40)
	at org.alter.game.service.GameService.cycle(GameService.kt:192)
	at java.base/java.util.concurrent.Executors$RunnableAdapter.call(Executors.java:539)
	at java.base/java.util.concurrent.FutureTask.runAndReset(FutureTask.java:305)
	at java.base/java.util.concurrent.ScheduledThreadPoolExecutor$ScheduledFutureTask.run(ScheduledThreadPoolExecutor.java:305)
	at java.base/java.util.concurrent.ThreadPoolExecutor.runWorker(ThreadPoolExecutor.java:1136)
	at java.base/java.util.concurrent.ThreadPoolExecutor$Worker.run(ThreadPoolExecutor.java:635)
	at java.base/java.lang.Thread.run(Thread.java:840)
[2025-11-15 23:51:33.346] ERROR org.alter.game.task.AutoSaveTask - Failed to auto-save player 'Pnda': List element cannot be cast to int 
java.lang.ClassCastException: List element cannot be cast to int
	at org.bson.Document.constructValuesList(Document.java:402)
	at org.bson.Document.getList(Document.java:369)
	at org.alter.game.saving.PlayerSaving.savePlayer(PlayerSaving.kt:56)
	at org.alter.game.task.AutoSaveTask.performAutoSave$lambda$4(AutoSaveTask.kt:64)
	at org.alter.game.model.PawnList.forEach(PawnList.kt:35)
	at org.alter.game.task.AutoSaveTask.performAutoSave(AutoSaveTask.kt:55)
	at org.alter.game.task.AutoSaveTask.execute(AutoSaveTask.kt:40)
	at org.alter.game.service.GameService.cycle(GameService.kt:192)
	at java.base/java.util.concurrent.Executors$RunnableAdapter.call(Executors.java:539)
	at java.base/java.util.concurrent.FutureTask.runAndReset(FutureTask.java:305)
	at java.base/java.util.concurrent.ScheduledThreadPoolExecutor$ScheduledFutureTask.run(ScheduledThreadPoolExecutor.java:305)
	at java.base/java.util.concurrent.ThreadPoolExecutor.runWorker(ThreadPoolExecutor.java:1136)
	at java.base/java.util.concurrent.ThreadPoolExecutor$Worker.run(ThreadPoolExecutor.java:635)
	at java.base/java.lang.Thread.run(Thread.java:840)
[2025-11-15 23:51:33.346] ERROR org.alter.game.saving.PlayerSaving - Failed to serialize details for player SpideyM 
java.lang.ClassCastException: List element cannot be cast to int
	at org.bson.Document.constructValuesList(Document.java:402)
	at org.bson.Document.getList(Document.java:369)
	at org.alter.game.saving.PlayerSaving.savePlayer(PlayerSaving.kt:56)
	at org.alter.game.task.AutoSaveTask.performAutoSave$lambda$4(AutoSaveTask.kt:64)
	at org.alter.game.model.PawnList.forEach(PawnList.kt:35)
	at org.alter.game.task.AutoSaveTask.performAutoSave(AutoSaveTask.kt:55)
	at org.alter.game.task.AutoSaveTask.execute(AutoSaveTask.kt:40)
	at org.alter.game.service.GameService.cycle(GameService.kt:192)
	at java.base/java.util.concurrent.Executors$RunnableAdapter.call(Executors.java:539)
	at java.base/java.util.concurrent.FutureTask.runAndReset(FutureTask.java:305)
	at java.base/java.util.concurrent.ScheduledThreadPoolExecutor$ScheduledFutureTask.run(ScheduledThreadPoolExecutor.java:305)
	at java.base/java.util.concurrent.ThreadPoolExecutor.runWorker(ThreadPoolExecutor.java:1136)
	at java.base/java.util.concurrent.ThreadPoolExecutor$Worker.run(ThreadPoolExecutor.java:635)
	at java.base/java.lang.Thread.run(Thread.java:840)
[2025-11-15 23:51:33.346] ERROR org.alter.game.saving.PlayerSaving - Failed to save player SpideyM: List element cannot be cast to int 
java.lang.ClassCastException: List element cannot be cast to int
	at org.bson.Document.constructValuesList(Document.java:402)
	at org.bson.Document.getList(Document.java:369)
	at org.alter.game.saving.PlayerSaving.savePlayer(PlayerSaving.kt:56)
	at org.alter.game.task.AutoSaveTask.performAutoSave$lambda$4(AutoSaveTask.kt:64)
	at org.alter.game.model.PawnList.forEach(PawnList.kt:35)
	at org.alter.game.task.AutoSaveTask.performAutoSave(AutoSaveTask.kt:55)
	at org.alter.game.task.AutoSaveTask.execute(AutoSaveTask.kt:40)
	at org.alter.game.service.GameService.cycle(GameService.kt:192)
	at java.base/java.util.concurrent.Executors$RunnableAdapter.call(Executors.java:539)
	at java.base/java.util.concurrent.FutureTask.runAndReset(FutureTask.java:305)
	at java.base/java.util.concurrent.ScheduledThreadPoolExecutor$ScheduledFutureTask.run(ScheduledThreadPoolExecutor.java:305)
	at java.base/java.util.concurrent.ThreadPoolExecutor.runWorker(ThreadPoolExecutor.java:1136)
	at java.base/java.util.concurrent.ThreadPoolExecutor$Worker.run(ThreadPoolExecutor.java:635)
	at java.base/java.lang.Thread.run(Thread.java:840)
[2025-11-15 23:51:33.346] ERROR org.alter.game.task.AutoSaveTask - Failed to auto-save player 'SpideyM': List element cannot be cast to int 
java.lang.ClassCastException: List element cannot be cast to int
	at org.bson.Document.constructValuesList(Document.java:402)
	at org.bson.Document.getList(Document.java:369)
	at org.alter.game.saving.PlayerSaving.savePlayer(PlayerSaving.kt:56)
	at org.alter.game.task.AutoSaveTask.performAutoSave$lambda$4(AutoSaveTask.kt:64)
	at org.alter.game.model.PawnList.forEach(PawnList.kt:35)
	at org.alter.game.task.AutoSaveTask.performAutoSave(AutoSaveTask.kt:55)
	at org.alter.game.task.AutoSaveTask.execute(AutoSaveTask.kt:40)
	at org.alter.game.service.GameService.cycle(GameService.kt:192)
	at java.base/java.util.concurrent.Executors$RunnableAdapter.call(Executors.java:539)
	at java.base/java.util.concurrent.FutureTask.runAndReset(FutureTask.java:305)
	at java.base/java.util.concurrent.ScheduledThreadPoolExecutor$ScheduledFutureTask.run(ScheduledThreadPoolExecutor.java:305)
	at java.base/java.util.concurrent.ThreadPoolExecutor.runWorker(ThreadPoolExecutor.java:1136)
	at java.base/java.util.concurrent.ThreadPoolExecutor$Worker.run(ThreadPoolExecutor.java:635)
	at java.base/java.lang.Thread.run(Thread.java:840)
[2025-11-15 23:51:33.346] WARN  org.alter.game.task.AutoSaveTask - Auto-save attempted but no players were saved (3 players online) 
[2025-11-15 23:51:38.146] INFO  org.alter.game.service.GameService - [Cycle time: 2ms] [Entities: 3p / 193n] [Map: 909c / 15r / 0i] [Queues: 0p / 0n / 0w] [Mem usage: U=693MB / R=1112MB / M=8180MB]. 
[2025-11-15 23:51:44.746] INFO  org.alter.game.service.GameService - [Cycle time: 2ms] [Entities: 3p / 193n] [Map: 909c / 15r / 0i] [Queues: 0p / 0n / 0w] [Mem usage: U=696MB / R=1112MB / M=8180MB]. 
[2025-11-15 23:51:51.340] INFO  org.alter.game.service.GameService - [Cycle time: 1ms] [Entities: 3p / 193n] [Map: 909c / 15r / 0i] [Queues: 0p / 0n / 0w] [Mem usage: U=698MB / R=1112MB / M=8180MB]. 
[2025-11-15 23:51:57.948] INFO  org.alter.game.service.GameService - [Cycle time: 1ms] [Entities: 3p / 193n] [Map: 909c / 15r / 0i] [Queues: 0p / 0n / 0w] [Mem usage: U=700MB / R=1112MB / M=8180MB]. 
[2025-11-15 23:52:03.340] ERROR org.alter.game.saving.PlayerSaving - Failed to serialize details for player DragonM 
java.lang.ClassCastException: List element cannot be cast to int
	at org.bson.Document.constructValuesList(Document.java:402)
	at org.bson.Document.getList(Document.java:369)
	at org.alter.game.saving.PlayerSaving.savePlayer(PlayerSaving.kt:56)
	at org.alter.game.task.AutoSaveTask.performAutoSave$lambda$4(AutoSaveTask.kt:64)
	at org.alter.game.model.PawnList.forEach(PawnList.kt:35)
	at org.alter.game.task.AutoSaveTask.performAutoSave(AutoSaveTask.kt:55)
	at org.alter.game.task.AutoSaveTask.execute(AutoSaveTask.kt:40)
	at org.alter.game.service.GameService.cycle(GameService.kt:192)
	at java.base/java.util.concurrent.Executors$RunnableAdapter.call(Executors.java:539)
	at java.base/java.util.concurrent.FutureTask.runAndReset(FutureTask.java:305)
	at java.base/java.util.concurrent.ScheduledThreadPoolExecutor$ScheduledFutureTask.run(ScheduledThreadPoolExecutor.java:305)
	at java.base/java.util.concurrent.ThreadPoolExecutor.runWorker(ThreadPoolExecutor.java:1136)
	at java.base/java.util.concurrent.ThreadPoolExecutor$Worker.run(ThreadPoolExecutor.java:635)
	at java.base/java.lang.Thread.run(Thread.java:840)
[2025-11-15 23:52:03.341] ERROR org.alter.game.saving.PlayerSaving - Failed to save player DragonM: List element cannot be cast to int 
java.lang.ClassCastException: List element cannot be cast to int
	at org.bson.Document.constructValuesList(Document.java:402)
	at org.bson.Document.getList(Document.java:369)
	at org.alter.game.saving.PlayerSaving.savePlayer(PlayerSaving.kt:56)
	at org.alter.game.task.AutoSaveTask.performAutoSave$lambda$4(AutoSaveTask.kt:64)
	at org.alter.game.model.PawnList.forEach(PawnList.kt:35)
	at org.alter.game.task.AutoSaveTask.performAutoSave(AutoSaveTask.kt:55)
	at org.alter.game.task.AutoSaveTask.execute(AutoSaveTask.kt:40)
	at org.alter.game.service.GameService.cycle(GameService.kt:192)
	at java.base/java.util.concurrent.Executors$RunnableAdapter.call(Executors.java:539)
	at java.base/java.util.concurrent.FutureTask.runAndReset(FutureTask.java:305)
	at java.base/java.util.concurrent.ScheduledThreadPoolExecutor$ScheduledFutureTask.run(ScheduledThreadPoolExecutor.java:305)
	at java.base/java.util.concurrent.ThreadPoolExecutor.runWorker(ThreadPoolExecutor.java:1136)
	at java.base/java.util.concurrent.ThreadPoolExecutor$Worker.run(ThreadPoolExecutor.java:635)
	at java.base/java.lang.Thread.run(Thread.java:840)
[2025-11-15 23:52:03.341] ERROR org.alter.game.task.AutoSaveTask - Failed to auto-save player 'DragonM': List element cannot be cast to int 
java.lang.ClassCastException: List element cannot be cast to int
	at org.bson.Document.constructValuesList(Document.java:402)
	at org.bson.Document.getList(Document.java:369)
	at org.alter.game.saving.PlayerSaving.savePlayer(PlayerSaving.kt:56)
	at org.alter.game.task.AutoSaveTask.performAutoSave$lambda$4(AutoSaveTask.kt:64)
	at org.alter.game.model.PawnList.forEach(PawnList.kt:35)
	at org.alter.game.task.AutoSaveTask.performAutoSave(AutoSaveTask.kt:55)
	at org.alter.game.task.AutoSaveTask.execute(AutoSaveTask.kt:40)
	at org.alter.game.service.GameService.cycle(GameService.kt:192)
	at java.base/java.util.concurrent.Executors$RunnableAdapter.call(Executors.java:539)
	at java.base/java.util.concurrent.FutureTask.runAndReset(FutureTask.java:305)
	at java.base/java.util.concurrent.ScheduledThreadPoolExecutor$ScheduledFutureTask.run(ScheduledThreadPoolExecutor.java:305)
	at java.base/java.util.concurrent.ThreadPoolExecutor.runWorker(ThreadPoolExecutor.java:1136)
	at java.base/java.util.concurrent.ThreadPoolExecutor$Worker.run(ThreadPoolExecutor.java:635)
	at java.base/java.lang.Thread.run(Thread.java:840)
[2025-11-15 23:52:03.341] ERROR org.alter.game.saving.PlayerSaving - Failed to serialize details for player Pnda 
java.lang.ClassCastException: List element cannot be cast to int
	at org.bson.Document.constructValuesList(Document.java:402)
	at org.bson.Document.getList(Document.java:369)
	at org.alter.game.saving.PlayerSaving.savePlayer(PlayerSaving.kt:56)
	at org.alter.game.task.AutoSaveTask.performAutoSave$lambda$4(AutoSaveTask.kt:64)
	at org.alter.game.model.PawnList.forEach(PawnList.kt:35)
	at org.alter.game.task.AutoSaveTask.performAutoSave(AutoSaveTask.kt:55)
	at org.alter.game.task.AutoSaveTask.execute(AutoSaveTask.kt:40)
	at org.alter.game.service.GameService.cycle(GameService.kt:192)
	at java.base/java.util.concurrent.Executors$RunnableAdapter.call(Executors.java:539)
	at java.base/java.util.concurrent.FutureTask.runAndReset(FutureTask.java:305)
	at java.base/java.util.concurrent.ScheduledThreadPoolExecutor$ScheduledFutureTask.run(ScheduledThreadPoolExecutor.java:305)
	at java.base/java.util.concurrent.ThreadPoolExecutor.runWorker(ThreadPoolExecutor.java:1136)
	at java.base/java.util.concurrent.ThreadPoolExecutor$Worker.run(ThreadPoolExecutor.java:635)
	at java.base/java.lang.Thread.run(Thread.java:840)
[2025-11-15 23:52:03.342] ERROR org.alter.game.saving.PlayerSaving - Failed to save player Pnda: List element cannot be cast to int 
java.lang.ClassCastException: List element cannot be cast to int
	at org.bson.Document.constructValuesList(Document.java:402)
	at org.bson.Document.getList(Document.java:369)
	at org.alter.game.saving.PlayerSaving.savePlayer(PlayerSaving.kt:56)
	at org.alter.game.task.AutoSaveTask.performAutoSave$lambda$4(AutoSaveTask.kt:64)
	at org.alter.game.model.PawnList.forEach(PawnList.kt:35)
	at org.alter.game.task.AutoSaveTask.performAutoSave(AutoSaveTask.kt:55)
	at org.alter.game.task.AutoSaveTask.execute(AutoSaveTask.kt:40)
	at org.alter.game.service.GameService.cycle(GameService.kt:192)
	at java.base/java.util.concurrent.Executors$RunnableAdapter.call(Executors.java:539)
	at java.base/java.util.concurrent.FutureTask.runAndReset(FutureTask.java:305)
	at java.base/java.util.concurrent.ScheduledThreadPoolExecutor$ScheduledFutureTask.run(ScheduledThreadPoolExecutor.java:305)
	at java.base/java.util.concurrent.ThreadPoolExecutor.runWorker(ThreadPoolExecutor.java:1136)
	at java.base/java.util.concurrent.ThreadPoolExecutor$Worker.run(ThreadPoolExecutor.java:635)
	at java.base/java.lang.Thread.run(Thread.java:840)
[2025-11-15 23:52:03.342] ERROR org.alter.game.task.AutoSaveTask - Failed to auto-save player 'Pnda': List element cannot be cast to int 
java.lang.ClassCastException: List element cannot be cast to int
	at org.bson.Document.constructValuesList(Document.java:402)
	at org.bson.Document.getList(Document.java:369)
	at org.alter.game.saving.PlayerSaving.savePlayer(PlayerSaving.kt:56)
	at org.alter.game.task.AutoSaveTask.performAutoSave$lambda$4(AutoSaveTask.kt:64)
	at org.alter.game.model.PawnList.forEach(PawnList.kt:35)
	at org.alter.game.task.AutoSaveTask.performAutoSave(AutoSaveTask.kt:55)
	at org.alter.game.task.AutoSaveTask.execute(AutoSaveTask.kt:40)
	at org.alter.game.service.GameService.cycle(GameService.kt:192)
	at java.base/java.util.concurrent.Executors$RunnableAdapter.call(Executors.java:539)
	at java.base/java.util.concurrent.FutureTask.runAndReset(FutureTask.java:305)
	at java.base/java.util.concurrent.ScheduledThreadPoolExecutor$ScheduledFutureTask.run(ScheduledThreadPoolExecutor.java:305)
	at java.base/java.util.concurrent.ThreadPoolExecutor.runWorker(ThreadPoolExecutor.java:1136)
	at java.base/java.util.concurrent.ThreadPoolExecutor$Worker.run(ThreadPoolExecutor.java:635)
	at java.base/java.lang.Thread.run(Thread.java:840)
[2025-11-15 23:52:03.342] ERROR org.alter.game.saving.PlayerSaving - Failed to serialize details for player SpideyM 
java.lang.ClassCastException: List element cannot be cast to int
	at org.bson.Document.constructValuesList(Document.java:402)
	at org.bson.Document.getList(Document.java:369)
	at org.alter.game.saving.PlayerSaving.savePlayer(PlayerSaving.kt:56)
	at org.alter.game.task.AutoSaveTask.performAutoSave$lambda$4(AutoSaveTask.kt:64)
	at org.alter.game.model.PawnList.forEach(PawnList.kt:35)
	at org.alter.game.task.AutoSaveTask.performAutoSave(AutoSaveTask.kt:55)
	at org.alter.game.task.AutoSaveTask.execute(AutoSaveTask.kt:40)
	at org.alter.game.service.GameService.cycle(GameService.kt:192)
	at java.base/java.util.concurrent.Executors$RunnableAdapter.call(Executors.java:539)
	at java.base/java.util.concurrent.FutureTask.runAndReset(FutureTask.java:305)
	at java.base/java.util.concurrent.ScheduledThreadPoolExecutor$ScheduledFutureTask.run(ScheduledThreadPoolExecutor.java:305)
	at java.base/java.util.concurrent.ThreadPoolExecutor.runWorker(ThreadPoolExecutor.java:1136)
	at java.base/java.util.concurrent.ThreadPoolExecutor$Worker.run(ThreadPoolExecutor.java:635)
	at java.base/java.lang.Thread.run(Thread.java:840)
[2025-11-15 23:52:03.342] ERROR org.alter.game.saving.PlayerSaving - Failed to save player SpideyM: List element cannot be cast to int 
java.lang.ClassCastException: List element cannot be cast to int
	at org.bson.Document.constructValuesList(Document.java:402)
	at org.bson.Document.getList(Document.java:369)
	at org.alter.game.saving.PlayerSaving.savePlayer(PlayerSaving.kt:56)
	at org.alter.game.task.AutoSaveTask.performAutoSave$lambda$4(AutoSaveTask.kt:64)
	at org.alter.game.model.PawnList.forEach(PawnList.kt:35)
	at org.alter.game.task.AutoSaveTask.performAutoSave(AutoSaveTask.kt:55)
	at org.alter.game.task.AutoSaveTask.execute(AutoSaveTask.kt:40)
	at org.alter.game.service.GameService.cycle(GameService.kt:192)
	at java.base/java.util.concurrent.Executors$RunnableAdapter.call(Executors.java:539)
	at java.base/java.util.concurrent.FutureTask.runAndReset(FutureTask.java:305)
	at java.base/java.util.concurrent.ScheduledThreadPoolExecutor$ScheduledFutureTask.run(ScheduledThreadPoolExecutor.java:305)
	at java.base/java.util.concurrent.ThreadPoolExecutor.runWorker(ThreadPoolExecutor.java:1136)
	at java.base/java.util.concurrent.ThreadPoolExecutor$Worker.run(ThreadPoolExecutor.java:635)
	at java.base/java.lang.Thread.run(Thread.java:840)
[2025-11-15 23:52:03.342] ERROR org.alter.game.task.AutoSaveTask - Failed to auto-save player 'SpideyM': List element cannot be cast to int 
java.lang.ClassCastException: List element cannot be cast to int
	at org.bson.Document.constructValuesList(Document.java:402)
	at org.bson.Document.getList(Document.java:369)
	at org.alter.game.saving.PlayerSaving.savePlayer(PlayerSaving.kt:56)
	at org.alter.game.task.AutoSaveTask.performAutoSave$lambda$4(AutoSaveTask.kt:64)
	at org.alter.game.model.PawnList.forEach(PawnList.kt:35)
	at org.alter.game.task.AutoSaveTask.performAutoSave(AutoSaveTask.kt:55)
	at org.alter.game.task.AutoSaveTask.execute(AutoSaveTask.kt:40)
	at org.alter.game.service.GameService.cycle(GameService.kt:192)
	at java.base/java.util.concurrent.Executors$RunnableAdapter.call(Executors.java:539)
	at java.base/java.util.concurrent.FutureTask.runAndReset(FutureTask.java:305)
	at java.base/java.util.concurrent.ScheduledThreadPoolExecutor$ScheduledFutureTask.run(ScheduledThreadPoolExecutor.java:305)
	at java.base/java.util.concurrent.ThreadPoolExecutor.runWorker(ThreadPoolExecutor.java:1136)
	at java.base/java.util.concurrent.ThreadPoolExecutor$Worker.run(ThreadPoolExecutor.java:635)
	at java.base/java.lang.Thread.run(Thread.java:840)
[2025-11-15 23:52:03.342] WARN  org.alter.game.task.AutoSaveTask - Auto-save attempted but no players were saved (3 players online) 
[2025-11-15 23:52:04.543] INFO  org.alter.game.service.GameService - [Cycle time: 2ms] [Entities: 3p / 193n] [Map: 909c / 15r / 0i] [Queues: 0p / 0n / 0w] [Mem usage: U=704MB / R=1112MB / M=8180MB]. 
[2025-11-15 23:52:11.139] INFO  org.alter.game.service.GameService - [Cycle time: 2ms] [Entities: 3p / 193n] [Map: 909c / 15r / 0i] [Queues: 0p / 0n / 0w] [Mem usage: U=706MB / R=1112MB / M=8180MB]. 
[2025-11-15 23:52:17.736] INFO  org.alter.game.service.GameService - [Cycle time: 2ms] [Entities: 3p / 193n] [Map: 973c / 16r / 0i] [Queues: 0p / 0n / 0w] [Mem usage: U=711MB / R=1112MB / M=8180MB]. 
[2025-11-15 23:52:24.345] INFO  org.alter.game.service.GameService - [Cycle time: 1ms] [Entities: 3p / 193n] [Map: 973c / 16r / 0i] [Queues: 0p / 0n / 0w] [Mem usage: U=714MB / R=1112MB / M=8180MB]. 
[2025-11-15 23:52:28.895] INFO  spark.webserver.MatcherFilter - The requested route [/world_list.ws] has not been mapped in Spark 
[2025-11-15 23:52:30.945] INFO  org.alter.game.service.GameService - [Cycle time: 2ms] [Entities: 3p / 193n] [Map: 973c / 16r / 0i] [Queues: 0p / 0n / 0w] [Mem usage: U=719MB / R=1112MB / M=8180MB]. 
[2025-11-15 23:52:33.333] ERROR org.alter.game.saving.PlayerSaving - Failed to serialize details for player DragonM 
java.lang.ClassCastException: List element cannot be cast to int
	at org.bson.Document.constructValuesList(Document.java:402)
	at org.bson.Document.getList(Document.java:369)
	at org.alter.game.saving.PlayerSaving.savePlayer(PlayerSaving.kt:56)
	at org.alter.game.task.AutoSaveTask.performAutoSave$lambda$4(AutoSaveTask.kt:64)
	at org.alter.game.model.PawnList.forEach(PawnList.kt:35)
	at org.alter.game.task.AutoSaveTask.performAutoSave(AutoSaveTask.kt:55)
	at org.alter.game.task.AutoSaveTask.execute(AutoSaveTask.kt:40)
	at org.alter.game.service.GameService.cycle(GameService.kt:192)
	at java.base/java.util.concurrent.Executors$RunnableAdapter.call(Executors.java:539)
	at java.base/java.util.concurrent.FutureTask.runAndReset(FutureTask.java:305)
	at java.base/java.util.concurrent.ScheduledThreadPoolExecutor$ScheduledFutureTask.run(ScheduledThreadPoolExecutor.java:305)
	at java.base/java.util.concurrent.ThreadPoolExecutor.runWorker(ThreadPoolExecutor.java:1136)
	at java.base/java.util.concurrent.ThreadPoolExecutor$Worker.run(ThreadPoolExecutor.java:635)
	at java.base/java.lang.Thread.run(Thread.java:840)
[2025-11-15 23:52:33.334] ERROR org.alter.game.saving.PlayerSaving - Failed to save player DragonM: List element cannot be cast to int 
java.lang.ClassCastException: List element cannot be cast to int
	at org.bson.Document.constructValuesList(Document.java:402)
	at org.bson.Document.getList(Document.java:369)
	at org.alter.game.saving.PlayerSaving.savePlayer(PlayerSaving.kt:56)
	at org.alter.game.task.AutoSaveTask.performAutoSave$lambda$4(AutoSaveTask.kt:64)
	at org.alter.game.model.PawnList.forEach(PawnList.kt:35)
	at org.alter.game.task.AutoSaveTask.performAutoSave(AutoSaveTask.kt:55)
	at org.alter.game.task.AutoSaveTask.execute(AutoSaveTask.kt:40)
	at org.alter.game.service.GameService.cycle(GameService.kt:192)
	at java.base/java.util.concurrent.Executors$RunnableAdapter.call(Executors.java:539)
	at java.base/java.util.concurrent.FutureTask.runAndReset(FutureTask.java:305)
	at java.base/java.util.concurrent.ScheduledThreadPoolExecutor$ScheduledFutureTask.run(ScheduledThreadPoolExecutor.java:305)
	at java.base/java.util.concurrent.ThreadPoolExecutor.runWorker(ThreadPoolExecutor.java:1136)
	at java.base/java.util.concurrent.ThreadPoolExecutor$Worker.run(ThreadPoolExecutor.java:635)
	at java.base/java.lang.Thread.run(Thread.java:840)
[2025-11-15 23:52:33.334] ERROR org.alter.game.task.AutoSaveTask - Failed to auto-save player 'DragonM': List element cannot be cast to int 
java.lang.ClassCastException: List element cannot be cast to int
	at org.bson.Document.constructValuesList(Document.java:402)
	at org.bson.Document.getList(Document.java:369)
	at org.alter.game.saving.PlayerSaving.savePlayer(PlayerSaving.kt:56)
	at org.alter.game.task.AutoSaveTask.performAutoSave$lambda$4(AutoSaveTask.kt:64)
	at org.alter.game.model.PawnList.forEach(PawnList.kt:35)
	at org.alter.game.task.AutoSaveTask.performAutoSave(AutoSaveTask.kt:55)
	at org.alter.game.task.AutoSaveTask.execute(AutoSaveTask.kt:40)
	at org.alter.game.service.GameService.cycle(GameService.kt:192)
	at java.base/java.util.concurrent.Executors$RunnableAdapter.call(Executors.java:539)
	at java.base/java.util.concurrent.FutureTask.runAndReset(FutureTask.java:305)
	at java.base/java.util.concurrent.ScheduledThreadPoolExecutor$ScheduledFutureTask.run(ScheduledThreadPoolExecutor.java:305)
	at java.base/java.util.concurrent.ThreadPoolExecutor.runWorker(ThreadPoolExecutor.java:1136)
	at java.base/java.util.concurrent.ThreadPoolExecutor$Worker.run(ThreadPoolExecutor.java:635)
	at java.base/java.lang.Thread.run(Thread.java:840)
[2025-11-15 23:52:33.334] ERROR org.alter.game.saving.PlayerSaving - Failed to serialize details for player Pnda 
java.lang.ClassCastException: List element cannot be cast to int
	at org.bson.Document.constructValuesList(Document.java:402)
	at org.bson.Document.getList(Document.java:369)
	at org.alter.game.saving.PlayerSaving.savePlayer(PlayerSaving.kt:56)
	at org.alter.game.task.AutoSaveTask.performAutoSave$lambda$4(AutoSaveTask.kt:64)
	at org.alter.game.model.PawnList.forEach(PawnList.kt:35)
	at org.alter.game.task.AutoSaveTask.performAutoSave(AutoSaveTask.kt:55)
	at org.alter.game.task.AutoSaveTask.execute(AutoSaveTask.kt:40)
	at org.alter.game.service.GameService.cycle(GameService.kt:192)
	at java.base/java.util.concurrent.Executors$RunnableAdapter.call(Executors.java:539)
	at java.base/java.util.concurrent.FutureTask.runAndReset(FutureTask.java:305)
	at java.base/java.util.concurrent.ScheduledThreadPoolExecutor$ScheduledFutureTask.run(ScheduledThreadPoolExecutor.java:305)
	at java.base/java.util.concurrent.ThreadPoolExecutor.runWorker(ThreadPoolExecutor.java:1136)
	at java.base/java.util.concurrent.ThreadPoolExecutor$Worker.run(ThreadPoolExecutor.java:635)
	at java.base/java.lang.Thread.run(Thread.java:840)
[2025-11-15 23:52:33.334] ERROR org.alter.game.saving.PlayerSaving - Failed to save player Pnda: List element cannot be cast to int 
java.lang.ClassCastException: List element cannot be cast to int
	at org.bson.Document.constructValuesList(Document.java:402)
	at org.bson.Document.getList(Document.java:369)
	at org.alter.game.saving.PlayerSaving.savePlayer(PlayerSaving.kt:56)
	at org.alter.game.task.AutoSaveTask.performAutoSave$lambda$4(AutoSaveTask.kt:64)
	at org.alter.game.model.PawnList.forEach(PawnList.kt:35)
	at org.alter.game.task.AutoSaveTask.performAutoSave(AutoSaveTask.kt:55)
	at org.alter.game.task.AutoSaveTask.execute(AutoSaveTask.kt:40)
	at org.alter.game.service.GameService.cycle(GameService.kt:192)
	at java.base/java.util.concurrent.Executors$RunnableAdapter.call(Executors.java:539)
	at java.base/java.util.concurrent.FutureTask.runAndReset(FutureTask.java:305)
	at java.base/java.util.concurrent.ScheduledThreadPoolExecutor$ScheduledFutureTask.run(ScheduledThreadPoolExecutor.java:305)
	at java.base/java.util.concurrent.ThreadPoolExecutor.runWorker(ThreadPoolExecutor.java:1136)
	at java.base/java.util.concurrent.ThreadPoolExecutor$Worker.run(ThreadPoolExecutor.java:635)
	at java.base/java.lang.Thread.run(Thread.java:840)
[2025-11-15 23:52:33.334] ERROR org.alter.game.task.AutoSaveTask - Failed to auto-save player 'Pnda': List element cannot be cast to int 
java.lang.ClassCastException: List element cannot be cast to int
	at org.bson.Document.constructValuesList(Document.java:402)
	at org.bson.Document.getList(Document.java:369)
	at org.alter.game.saving.PlayerSaving.savePlayer(PlayerSaving.kt:56)
	at org.alter.game.task.AutoSaveTask.performAutoSave$lambda$4(AutoSaveTask.kt:64)
	at org.alter.game.model.PawnList.forEach(PawnList.kt:35)
	at org.alter.game.task.AutoSaveTask.performAutoSave(AutoSaveTask.kt:55)
	at org.alter.game.task.AutoSaveTask.execute(AutoSaveTask.kt:40)
	at org.alter.game.service.GameService.cycle(GameService.kt:192)
	at java.base/java.util.concurrent.Executors$RunnableAdapter.call(Executors.java:539)
	at java.base/java.util.concurrent.FutureTask.runAndReset(FutureTask.java:305)
	at java.base/java.util.concurrent.ScheduledThreadPoolExecutor$ScheduledFutureTask.run(ScheduledThreadPoolExecutor.java:305)
	at java.base/java.util.concurrent.ThreadPoolExecutor.runWorker(ThreadPoolExecutor.java:1136)
	at java.base/java.util.concurrent.ThreadPoolExecutor$Worker.run(ThreadPoolExecutor.java:635)
	at java.base/java.lang.Thread.run(Thread.java:840)
[2025-11-15 23:52:33.334] ERROR org.alter.game.saving.PlayerSaving - Failed to serialize details for player SpideyM 
java.lang.ClassCastException: List element cannot be cast to int
	at org.bson.Document.constructValuesList(Document.java:402)
	at org.bson.Document.getList(Document.java:369)
	at org.alter.game.saving.PlayerSaving.savePlayer(PlayerSaving.kt:56)
	at org.alter.game.task.AutoSaveTask.performAutoSave$lambda$4(AutoSaveTask.kt:64)
	at org.alter.game.model.PawnList.forEach(PawnList.kt:35)
	at org.alter.game.task.AutoSaveTask.performAutoSave(AutoSaveTask.kt:55)
	at org.alter.game.task.AutoSaveTask.execute(AutoSaveTask.kt:40)
	at org.alter.game.service.GameService.cycle(GameService.kt:192)
	at java.base/java.util.concurrent.Executors$RunnableAdapter.call(Executors.java:539)
	at java.base/java.util.concurrent.FutureTask.runAndReset(FutureTask.java:305)
	at java.base/java.util.concurrent.ScheduledThreadPoolExecutor$ScheduledFutureTask.run(ScheduledThreadPoolExecutor.java:305)
	at java.base/java.util.concurrent.ThreadPoolExecutor.runWorker(ThreadPoolExecutor.java:1136)
	at java.base/java.util.concurrent.ThreadPoolExecutor$Worker.run(ThreadPoolExecutor.java:635)
	at java.base/java.lang.Thread.run(Thread.java:840)
[2025-11-15 23:52:33.335] ERROR org.alter.game.saving.PlayerSaving - Failed to save player SpideyM: List element cannot be cast to int 
java.lang.ClassCastException: List element cannot be cast to int
	at org.bson.Document.constructValuesList(Document.java:402)
	at org.bson.Document.getList(Document.java:369)
	at org.alter.game.saving.PlayerSaving.savePlayer(PlayerSaving.kt:56)
	at org.alter.game.task.AutoSaveTask.performAutoSave$lambda$4(AutoSaveTask.kt:64)
	at org.alter.game.model.PawnList.forEach(PawnList.kt:35)
	at org.alter.game.task.AutoSaveTask.performAutoSave(AutoSaveTask.kt:55)
	at org.alter.game.task.AutoSaveTask.execute(AutoSaveTask.kt:40)
	at org.alter.game.service.GameService.cycle(GameService.kt:192)
	at java.base/java.util.concurrent.Executors$RunnableAdapter.call(Executors.java:539)
	at java.base/java.util.concurrent.FutureTask.runAndReset(FutureTask.java:305)
	at java.base/java.util.concurrent.ScheduledThreadPoolExecutor$ScheduledFutureTask.run(ScheduledThreadPoolExecutor.java:305)
	at java.base/java.util.concurrent.ThreadPoolExecutor.runWorker(ThreadPoolExecutor.java:1136)
	at java.base/java.util.concurrent.ThreadPoolExecutor$Worker.run(ThreadPoolExecutor.java:635)
	at java.base/java.lang.Thread.run(Thread.java:840)
[2025-11-15 23:52:33.335] ERROR org.alter.game.task.AutoSaveTask - Failed to auto-save player 'SpideyM': List element cannot be cast to int 
java.lang.ClassCastException: List element cannot be cast to int
	at org.bson.Document.constructValuesList(Document.java:402)
	at org.bson.Document.getList(Document.java:369)
	at org.alter.game.saving.PlayerSaving.savePlayer(PlayerSaving.kt:56)
	at org.alter.game.task.AutoSaveTask.performAutoSave$lambda$4(AutoSaveTask.kt:64)
	at org.alter.game.model.PawnList.forEach(PawnList.kt:35)
	at org.alter.game.task.AutoSaveTask.performAutoSave(AutoSaveTask.kt:55)
	at org.alter.game.task.AutoSaveTask.execute(AutoSaveTask.kt:40)
	at org.alter.game.service.GameService.cycle(GameService.kt:192)
	at java.base/java.util.concurrent.Executors$RunnableAdapter.call(Executors.java:539)
	at java.base/java.util.concurrent.FutureTask.runAndReset(FutureTask.java:305)
	at java.base/java.util.concurrent.ScheduledThreadPoolExecutor$ScheduledFutureTask.run(ScheduledThreadPoolExecutor.java:305)
	at java.base/java.util.concurrent.ThreadPoolExecutor.runWorker(ThreadPoolExecutor.java:1136)
	at java.base/java.util.concurrent.ThreadPoolExecutor$Worker.run(ThreadPoolExecutor.java:635)
	at java.base/java.lang.Thread.run(Thread.java:840)
[2025-11-15 23:52:33.335] WARN  org.alter.game.task.AutoSaveTask - Auto-save attempted but no players were saved (3 players online) 
[2025-11-15 23:52:37.542] INFO  org.alter.game.service.GameService - [Cycle time: 1ms] [Entities: 3p / 193n] [Map: 973c / 16r / 0i] [Queues: 0p / 0n / 0w] [Mem usage: U=722MB / R=1112MB / M=8180MB]. 
[2025-11-15 23:52:44.150] INFO  org.alter.game.service.GameService - [Cycle time: 4ms] [Entities: 3p / 193n] [Map: 1357c / 22r / 0i] [Queues: 0p / 0n / 0w] [Mem usage: U=740MB / R=1112MB / M=8180MB]. 
[2025-11-15 23:52:50.733] INFO  org.alter.game.service.GameService - [Cycle time: 2ms] [Entities: 3p / 193n] [Map: 1357c / 22r / 0i] [Queues: 0p / 0n / 0w] [Mem usage: U=743MB / R=1112MB / M=8180MB]. 
[2025-11-15 23:52:57.341] INFO  org.alter.game.service.GameService - [Cycle time: 2ms] [Entities: 3p / 193n] [Map: 1357c / 22r / 0i] [Queues: 0p / 0n / 0w] [Mem usage: U=746MB / R=1112MB / M=8180MB]. 
[2025-11-15 23:53:03.338] ERROR org.alter.game.saving.PlayerSaving - Failed to serialize details for player DragonM 
java.lang.ClassCastException: List element cannot be cast to int
	at org.bson.Document.constructValuesList(Document.java:402)
	at org.bson.Document.getList(Document.java:369)
	at org.alter.game.saving.PlayerSaving.savePlayer(PlayerSaving.kt:56)
	at org.alter.game.task.AutoSaveTask.performAutoSave$lambda$4(AutoSaveTask.kt:64)
	at org.alter.game.model.PawnList.forEach(PawnList.kt:35)
	at org.alter.game.task.AutoSaveTask.performAutoSave(AutoSaveTask.kt:55)
	at org.alter.game.task.AutoSaveTask.execute(AutoSaveTask.kt:40)
	at org.alter.game.service.GameService.cycle(GameService.kt:192)
	at java.base/java.util.concurrent.Executors$RunnableAdapter.call(Executors.java:539)
	at java.base/java.util.concurrent.FutureTask.runAndReset(FutureTask.java:305)
	at java.base/java.util.concurrent.ScheduledThreadPoolExecutor$ScheduledFutureTask.run(ScheduledThreadPoolExecutor.java:305)
	at java.base/java.util.concurrent.ThreadPoolExecutor.runWorker(ThreadPoolExecutor.java:1136)
	at java.base/java.util.concurrent.ThreadPoolExecutor$Worker.run(ThreadPoolExecutor.java:635)
	at java.base/java.lang.Thread.run(Thread.java:840)
[2025-11-15 23:53:03.338] ERROR org.alter.game.saving.PlayerSaving - Failed to save player DragonM: List element cannot be cast to int 
java.lang.ClassCastException: List element cannot be cast to int
	at org.bson.Document.constructValuesList(Document.java:402)
	at org.bson.Document.getList(Document.java:369)
	at org.alter.game.saving.PlayerSaving.savePlayer(PlayerSaving.kt:56)
	at org.alter.game.task.AutoSaveTask.performAutoSave$lambda$4(AutoSaveTask.kt:64)
	at org.alter.game.model.PawnList.forEach(PawnList.kt:35)
	at org.alter.game.task.AutoSaveTask.performAutoSave(AutoSaveTask.kt:55)
	at org.alter.game.task.AutoSaveTask.execute(AutoSaveTask.kt:40)
	at org.alter.game.service.GameService.cycle(GameService.kt:192)
	at java.base/java.util.concurrent.Executors$RunnableAdapter.call(Executors.java:539)
	at java.base/java.util.concurrent.FutureTask.runAndReset(FutureTask.java:305)
	at java.base/java.util.concurrent.ScheduledThreadPoolExecutor$ScheduledFutureTask.run(ScheduledThreadPoolExecutor.java:305)
	at java.base/java.util.concurrent.ThreadPoolExecutor.runWorker(ThreadPoolExecutor.java:1136)
	at java.base/java.util.concurrent.ThreadPoolExecutor$Worker.run(ThreadPoolExecutor.java:635)
	at java.base/java.lang.Thread.run(Thread.java:840)
[2025-11-15 23:53:03.338] ERROR org.alter.game.task.AutoSaveTask - Failed to auto-save player 'DragonM': List element cannot be cast to int 
java.lang.ClassCastException: List element cannot be cast to int
	at org.bson.Document.constructValuesList(Document.java:402)
	at org.bson.Document.getList(Document.java:369)
	at org.alter.game.saving.PlayerSaving.savePlayer(PlayerSaving.kt:56)
	at org.alter.game.task.AutoSaveTask.performAutoSave$lambda$4(AutoSaveTask.kt:64)
	at org.alter.game.model.PawnList.forEach(PawnList.kt:35)
	at org.alter.game.task.AutoSaveTask.performAutoSave(AutoSaveTask.kt:55)
	at org.alter.game.task.AutoSaveTask.execute(AutoSaveTask.kt:40)
	at org.alter.game.service.GameService.cycle(GameService.kt:192)
	at java.base/java.util.concurrent.Executors$RunnableAdapter.call(Executors.java:539)
	at java.base/java.util.concurrent.FutureTask.runAndReset(FutureTask.java:305)
	at java.base/java.util.concurrent.ScheduledThreadPoolExecutor$ScheduledFutureTask.run(ScheduledThreadPoolExecutor.java:305)
	at java.base/java.util.concurrent.ThreadPoolExecutor.runWorker(ThreadPoolExecutor.java:1136)
	at java.base/java.util.concurrent.ThreadPoolExecutor$Worker.run(ThreadPoolExecutor.java:635)
	at java.base/java.lang.Thread.run(Thread.java:840)
[2025-11-15 23:53:03.338] ERROR org.alter.game.saving.PlayerSaving - Failed to serialize details for player Pnda 
java.lang.ClassCastException: List element cannot be cast to int
	at org.bson.Document.constructValuesList(Document.java:402)
	at org.bson.Document.getList(Document.java:369)
	at org.alter.game.saving.PlayerSaving.savePlayer(PlayerSaving.kt:56)
	at org.alter.game.task.AutoSaveTask.performAutoSave$lambda$4(AutoSaveTask.kt:64)
	at org.alter.game.model.PawnList.forEach(PawnList.kt:35)
	at org.alter.game.task.AutoSaveTask.performAutoSave(AutoSaveTask.kt:55)
	at org.alter.game.task.AutoSaveTask.execute(AutoSaveTask.kt:40)
	at org.alter.game.service.GameService.cycle(GameService.kt:192)
	at java.base/java.util.concurrent.Executors$RunnableAdapter.call(Executors.java:539)
	at java.base/java.util.concurrent.FutureTask.runAndReset(FutureTask.java:305)
	at java.base/java.util.concurrent.ScheduledThreadPoolExecutor$ScheduledFutureTask.run(ScheduledThreadPoolExecutor.java:305)
	at java.base/java.util.concurrent.ThreadPoolExecutor.runWorker(ThreadPoolExecutor.java:1136)
	at java.base/java.util.concurrent.ThreadPoolExecutor$Worker.run(ThreadPoolExecutor.java:635)
	at java.base/java.lang.Thread.run(Thread.java:840)
[2025-11-15 23:53:03.338] ERROR org.alter.game.saving.PlayerSaving - Failed to save player Pnda: List element cannot be cast to int 
java.lang.ClassCastException: List element cannot be cast to int
	at org.bson.Document.constructValuesList(Document.java:402)
	at org.bson.Document.getList(Document.java:369)
	at org.alter.game.saving.PlayerSaving.savePlayer(PlayerSaving.kt:56)
	at org.alter.game.task.AutoSaveTask.performAutoSave$lambda$4(AutoSaveTask.kt:64)
	at org.alter.game.model.PawnList.forEach(PawnList.kt:35)
	at org.alter.game.task.AutoSaveTask.performAutoSave(AutoSaveTask.kt:55)
	at org.alter.game.task.AutoSaveTask.execute(AutoSaveTask.kt:40)
	at org.alter.game.service.GameService.cycle(GameService.kt:192)
	at java.base/java.util.concurrent.Executors$RunnableAdapter.call(Executors.java:539)
	at java.base/java.util.concurrent.FutureTask.runAndReset(FutureTask.java:305)
	at java.base/java.util.concurrent.ScheduledThreadPoolExecutor$ScheduledFutureTask.run(ScheduledThreadPoolExecutor.java:305)
	at java.base/java.util.concurrent.ThreadPoolExecutor.runWorker(ThreadPoolExecutor.java:1136)
	at java.base/java.util.concurrent.ThreadPoolExecutor$Worker.run(ThreadPoolExecutor.java:635)
	at java.base/java.lang.Thread.run(Thread.java:840)
[2025-11-15 23:53:03.339] ERROR org.alter.game.task.AutoSaveTask - Failed to auto-save player 'Pnda': List element cannot be cast to int 
java.lang.ClassCastException: List element cannot be cast to int
	at org.bson.Document.constructValuesList(Document.java:402)
	at org.bson.Document.getList(Document.java:369)
	at org.alter.game.saving.PlayerSaving.savePlayer(PlayerSaving.kt:56)
	at org.alter.game.task.AutoSaveTask.performAutoSave$lambda$4(AutoSaveTask.kt:64)
	at org.alter.game.model.PawnList.forEach(PawnList.kt:35)
	at org.alter.game.task.AutoSaveTask.performAutoSave(AutoSaveTask.kt:55)
	at org.alter.game.task.AutoSaveTask.execute(AutoSaveTask.kt:40)
	at org.alter.game.service.GameService.cycle(GameService.kt:192)
	at java.base/java.util.concurrent.Executors$RunnableAdapter.call(Executors.java:539)
	at java.base/java.util.concurrent.FutureTask.runAndReset(FutureTask.java:305)
	at java.base/java.util.concurrent.ScheduledThreadPoolExecutor$ScheduledFutureTask.run(ScheduledThreadPoolExecutor.java:305)
	at java.base/java.util.concurrent.ThreadPoolExecutor.runWorker(ThreadPoolExecutor.java:1136)
	at java.base/java.util.concurrent.ThreadPoolExecutor$Worker.run(ThreadPoolExecutor.java:635)
	at java.base/java.lang.Thread.run(Thread.java:840)
[2025-11-15 23:53:03.339] ERROR org.alter.game.saving.PlayerSaving - Failed to serialize details for player SpideyM 
java.lang.ClassCastException: List element cannot be cast to int
	at org.bson.Document.constructValuesList(Document.java:402)
	at org.bson.Document.getList(Document.java:369)
	at org.alter.game.saving.PlayerSaving.savePlayer(PlayerSaving.kt:56)
	at org.alter.game.task.AutoSaveTask.performAutoSave$lambda$4(AutoSaveTask.kt:64)
	at org.alter.game.model.PawnList.forEach(PawnList.kt:35)
	at org.alter.game.task.AutoSaveTask.performAutoSave(AutoSaveTask.kt:55)
	at org.alter.game.task.AutoSaveTask.execute(AutoSaveTask.kt:40)
	at org.alter.game.service.GameService.cycle(GameService.kt:192)
	at java.base/java.util.concurrent.Executors$RunnableAdapter.call(Executors.java:539)
	at java.base/java.util.concurrent.FutureTask.runAndReset(FutureTask.java:305)
	at java.base/java.util.concurrent.ScheduledThreadPoolExecutor$ScheduledFutureTask.run(ScheduledThreadPoolExecutor.java:305)
	at java.base/java.util.concurrent.ThreadPoolExecutor.runWorker(ThreadPoolExecutor.java:1136)
	at java.base/java.util.concurrent.ThreadPoolExecutor$Worker.run(ThreadPoolExecutor.java:635)
	at java.base/java.lang.Thread.run(Thread.java:840)
[2025-11-15 23:53:03.339] ERROR org.alter.game.saving.PlayerSaving - Failed to save player SpideyM: List element cannot be cast to int 
java.lang.ClassCastException: List element cannot be cast to int
	at org.bson.Document.constructValuesList(Document.java:402)
	at org.bson.Document.getList(Document.java:369)
	at org.alter.game.saving.PlayerSaving.savePlayer(PlayerSaving.kt:56)
	at org.alter.game.task.AutoSaveTask.performAutoSave$lambda$4(AutoSaveTask.kt:64)
	at org.alter.game.model.PawnList.forEach(PawnList.kt:35)
	at org.alter.game.task.AutoSaveTask.performAutoSave(AutoSaveTask.kt:55)
	at org.alter.game.task.AutoSaveTask.execute(AutoSaveTask.kt:40)
	at org.alter.game.service.GameService.cycle(GameService.kt:192)
	at java.base/java.util.concurrent.Executors$RunnableAdapter.call(Executors.java:539)
	at java.base/java.util.concurrent.FutureTask.runAndReset(FutureTask.java:305)
	at java.base/java.util.concurrent.ScheduledThreadPoolExecutor$ScheduledFutureTask.run(ScheduledThreadPoolExecutor.java:305)
	at java.base/java.util.concurrent.ThreadPoolExecutor.runWorker(ThreadPoolExecutor.java:1136)
	at java.base/java.util.concurrent.ThreadPoolExecutor$Worker.run(ThreadPoolExecutor.java:635)
	at java.base/java.lang.Thread.run(Thread.java:840)
[2025-11-15 23:53:03.339] ERROR org.alter.game.task.AutoSaveTask - Failed to auto-save player 'SpideyM': List element cannot be cast to int 
java.lang.ClassCastException: List element cannot be cast to int
	at org.bson.Document.constructValuesList(Document.java:402)
	at org.bson.Document.getList(Document.java:369)
	at org.alter.game.saving.PlayerSaving.savePlayer(PlayerSaving.kt:56)
	at org.alter.game.task.AutoSaveTask.performAutoSave$lambda$4(AutoSaveTask.kt:64)
	at org.alter.game.model.PawnList.forEach(PawnList.kt:35)
	at org.alter.game.task.AutoSaveTask.performAutoSave(AutoSaveTask.kt:55)
	at org.alter.game.task.AutoSaveTask.execute(AutoSaveTask.kt:40)
	at org.alter.game.service.GameService.cycle(GameService.kt:192)
	at java.base/java.util.concurrent.Executors$RunnableAdapter.call(Executors.java:539)
	at java.base/java.util.concurrent.FutureTask.runAndReset(FutureTask.java:305)
	at java.base/java.util.concurrent.ScheduledThreadPoolExecutor$ScheduledFutureTask.run(ScheduledThreadPoolExecutor.java:305)
	at java.base/java.util.concurrent.ThreadPoolExecutor.runWorker(ThreadPoolExecutor.java:1136)
	at java.base/java.util.concurrent.ThreadPoolExecutor$Worker.run(ThreadPoolExecutor.java:635)
	at java.base/java.lang.Thread.run(Thread.java:840)
[2025-11-15 23:53:03.339] WARN  org.alter.game.task.AutoSaveTask - Auto-save attempted but no players were saved (3 players online) 
[2025-11-15 23:53:03.946] INFO  org.alter.game.service.GameService - [Cycle time: 2ms] [Entities: 3p / 193n] [Map: 1357c / 22r / 0i] [Queues: 0p / 0n / 0w] [Mem usage: U=750MB / R=1112MB / M=8180MB]. 
[2025-11-15 23:53:10.536] INFO  org.alter.game.service.GameService - [Cycle time: 3ms] [Entities: 3p / 193n] [Map: 1357c / 22r / 0i] [Queues: 0p / 0n / 0w] [Mem usage: U=754MB / R=1112MB / M=8180MB]. 
[2025-11-15 23:53:17.145] INFO  org.alter.game.service.GameService - [Cycle time: 2ms] [Entities: 3p / 193n] [Map: 1357c / 22r / 0i] [Queues: 0p / 0n / 0w] [Mem usage: U=758MB / R=1112MB / M=8180MB]. 
[2025-11-15 23:53:23.733] INFO  org.alter.game.service.GameService - [Cycle time: 1ms] [Entities: 3p / 193n] [Map: 1357c / 22r / 0i] [Queues: 0p / 0n / 0w] [Mem usage: U=760MB / R=1112MB / M=8180MB]. 
[2025-11-15 23:53:30.344] INFO  org.alter.game.service.GameService - [Cycle time: 1ms] [Entities: 3p / 193n] [Map: 1357c / 22r / 0i] [Queues: 0p / 0n / 0w] [Mem usage: U=763MB / R=1112MB / M=8180MB]. 
[2025-11-15 23:53:33.342] ERROR org.alter.game.saving.PlayerSaving - Failed to serialize details for player DragonM 
java.lang.ClassCastException: List element cannot be cast to int
	at org.bson.Document.constructValuesList(Document.java:402)
	at org.bson.Document.getList(Document.java:369)
	at org.alter.game.saving.PlayerSaving.savePlayer(PlayerSaving.kt:56)
	at org.alter.game.task.AutoSaveTask.performAutoSave$lambda$4(AutoSaveTask.kt:64)
	at org.alter.game.model.PawnList.forEach(PawnList.kt:35)
	at org.alter.game.task.AutoSaveTask.performAutoSave(AutoSaveTask.kt:55)
	at org.alter.game.task.AutoSaveTask.execute(AutoSaveTask.kt:40)
	at org.alter.game.service.GameService.cycle(GameService.kt:192)
	at java.base/java.util.concurrent.Executors$RunnableAdapter.call(Executors.java:539)
	at java.base/java.util.concurrent.FutureTask.runAndReset(FutureTask.java:305)
	at java.base/java.util.concurrent.ScheduledThreadPoolExecutor$ScheduledFutureTask.run(ScheduledThreadPoolExecutor.java:305)
	at java.base/java.util.concurrent.ThreadPoolExecutor.runWorker(ThreadPoolExecutor.java:1136)
	at java.base/java.util.concurrent.ThreadPoolExecutor$Worker.run(ThreadPoolExecutor.java:635)
	at java.base/java.lang.Thread.run(Thread.java:840)
[2025-11-15 23:53:33.342] ERROR org.alter.game.saving.PlayerSaving - Failed to save player DragonM: List element cannot be cast to int 
java.lang.ClassCastException: List element cannot be cast to int
	at org.bson.Document.constructValuesList(Document.java:402)
	at org.bson.Document.getList(Document.java:369)
	at org.alter.game.saving.PlayerSaving.savePlayer(PlayerSaving.kt:56)
	at org.alter.game.task.AutoSaveTask.performAutoSave$lambda$4(AutoSaveTask.kt:64)
	at org.alter.game.model.PawnList.forEach(PawnList.kt:35)
	at org.alter.game.task.AutoSaveTask.performAutoSave(AutoSaveTask.kt:55)
	at org.alter.game.task.AutoSaveTask.execute(AutoSaveTask.kt:40)
	at org.alter.game.service.GameService.cycle(GameService.kt:192)
	at java.base/java.util.concurrent.Executors$RunnableAdapter.call(Executors.java:539)
	at java.base/java.util.concurrent.FutureTask.runAndReset(FutureTask.java:305)
	at java.base/java.util.concurrent.ScheduledThreadPoolExecutor$ScheduledFutureTask.run(ScheduledThreadPoolExecutor.java:305)
	at java.base/java.util.concurrent.ThreadPoolExecutor.runWorker(ThreadPoolExecutor.java:1136)
	at java.base/java.util.concurrent.ThreadPoolExecutor$Worker.run(ThreadPoolExecutor.java:635)
	at java.base/java.lang.Thread.run(Thread.java:840)
[2025-11-15 23:53:33.342] ERROR org.alter.game.task.AutoSaveTask - Failed to auto-save player 'DragonM': List element cannot be cast to int 
java.lang.ClassCastException: List element cannot be cast to int
	at org.bson.Document.constructValuesList(Document.java:402)
	at org.bson.Document.getList(Document.java:369)
	at org.alter.game.saving.PlayerSaving.savePlayer(PlayerSaving.kt:56)
	at org.alter.game.task.AutoSaveTask.performAutoSave$lambda$4(AutoSaveTask.kt:64)
	at org.alter.game.model.PawnList.forEach(PawnList.kt:35)
	at org.alter.game.task.AutoSaveTask.performAutoSave(AutoSaveTask.kt:55)
	at org.alter.game.task.AutoSaveTask.execute(AutoSaveTask.kt:40)
	at org.alter.game.service.GameService.cycle(GameService.kt:192)
	at java.base/java.util.concurrent.Executors$RunnableAdapter.call(Executors.java:539)
	at java.base/java.util.concurrent.FutureTask.runAndReset(FutureTask.java:305)
	at java.base/java.util.concurrent.ScheduledThreadPoolExecutor$ScheduledFutureTask.run(ScheduledThreadPoolExecutor.java:305)
	at java.base/java.util.concurrent.ThreadPoolExecutor.runWorker(ThreadPoolExecutor.java:1136)
	at java.base/java.util.concurrent.ThreadPoolExecutor$Worker.run(ThreadPoolExecutor.java:635)
	at java.base/java.lang.Thread.run(Thread.java:840)
[2025-11-15 23:53:33.342] ERROR org.alter.game.saving.PlayerSaving - Failed to serialize details for player Pnda 
java.lang.ClassCastException: List element cannot be cast to int
	at org.bson.Document.constructValuesList(Document.java:402)
	at org.bson.Document.getList(Document.java:369)
	at org.alter.game.saving.PlayerSaving.savePlayer(PlayerSaving.kt:56)
	at org.alter.game.task.AutoSaveTask.performAutoSave$lambda$4(AutoSaveTask.kt:64)
	at org.alter.game.model.PawnList.forEach(PawnList.kt:35)
	at org.alter.game.task.AutoSaveTask.performAutoSave(AutoSaveTask.kt:55)
	at org.alter.game.task.AutoSaveTask.execute(AutoSaveTask.kt:40)
	at org.alter.game.service.GameService.cycle(GameService.kt:192)
	at java.base/java.util.concurrent.Executors$RunnableAdapter.call(Executors.java:539)
	at java.base/java.util.concurrent.FutureTask.runAndReset(FutureTask.java:305)
	at java.base/java.util.concurrent.ScheduledThreadPoolExecutor$ScheduledFutureTask.run(ScheduledThreadPoolExecutor.java:305)
	at java.base/java.util.concurrent.ThreadPoolExecutor.runWorker(ThreadPoolExecutor.java:1136)
	at java.base/java.util.concurrent.ThreadPoolExecutor$Worker.run(ThreadPoolExecutor.java:635)
	at java.base/java.lang.Thread.run(Thread.java:840)
[2025-11-15 23:53:33.343] ERROR org.alter.game.saving.PlayerSaving - Failed to save player Pnda: List element cannot be cast to int 
java.lang.ClassCastException: List element cannot be cast to int
	at org.bson.Document.constructValuesList(Document.java:402)
	at org.bson.Document.getList(Document.java:369)
	at org.alter.game.saving.PlayerSaving.savePlayer(PlayerSaving.kt:56)
	at org.alter.game.task.AutoSaveTask.performAutoSave$lambda$4(AutoSaveTask.kt:64)
	at org.alter.game.model.PawnList.forEach(PawnList.kt:35)
	at org.alter.game.task.AutoSaveTask.performAutoSave(AutoSaveTask.kt:55)
	at org.alter.game.task.AutoSaveTask.execute(AutoSaveTask.kt:40)
	at org.alter.game.service.GameService.cycle(GameService.kt:192)
	at java.base/java.util.concurrent.Executors$RunnableAdapter.call(Executors.java:539)
	at java.base/java.util.concurrent.FutureTask.runAndReset(FutureTask.java:305)
	at java.base/java.util.concurrent.ScheduledThreadPoolExecutor$ScheduledFutureTask.run(ScheduledThreadPoolExecutor.java:305)
	at java.base/java.util.concurrent.ThreadPoolExecutor.runWorker(ThreadPoolExecutor.java:1136)
	at java.base/java.util.concurrent.ThreadPoolExecutor$Worker.run(ThreadPoolExecutor.java:635)
	at java.base/java.lang.Thread.run(Thread.java:840)
[2025-11-15 23:53:33.343] ERROR org.alter.game.task.AutoSaveTask - Failed to auto-save player 'Pnda': List element cannot be cast to int 
java.lang.ClassCastException: List element cannot be cast to int
	at org.bson.Document.constructValuesList(Document.java:402)
	at org.bson.Document.getList(Document.java:369)
	at org.alter.game.saving.PlayerSaving.savePlayer(PlayerSaving.kt:56)
	at org.alter.game.task.AutoSaveTask.performAutoSave$lambda$4(AutoSaveTask.kt:64)
	at org.alter.game.model.PawnList.forEach(PawnList.kt:35)
	at org.alter.game.task.AutoSaveTask.performAutoSave(AutoSaveTask.kt:55)
	at org.alter.game.task.AutoSaveTask.execute(AutoSaveTask.kt:40)
	at org.alter.game.service.GameService.cycle(GameService.kt:192)
	at java.base/java.util.concurrent.Executors$RunnableAdapter.call(Executors.java:539)
	at java.base/java.util.concurrent.FutureTask.runAndReset(FutureTask.java:305)
	at java.base/java.util.concurrent.ScheduledThreadPoolExecutor$ScheduledFutureTask.run(ScheduledThreadPoolExecutor.java:305)
	at java.base/java.util.concurrent.ThreadPoolExecutor.runWorker(ThreadPoolExecutor.java:1136)
	at java.base/java.util.concurrent.ThreadPoolExecutor$Worker.run(ThreadPoolExecutor.java:635)
	at java.base/java.lang.Thread.run(Thread.java:840)
[2025-11-15 23:53:33.343] ERROR org.alter.game.saving.PlayerSaving - Failed to serialize details for player SpideyM 
java.lang.ClassCastException: List element cannot be cast to int
	at org.bson.Document.constructValuesList(Document.java:402)
	at org.bson.Document.getList(Document.java:369)
	at org.alter.game.saving.PlayerSaving.savePlayer(PlayerSaving.kt:56)
	at org.alter.game.task.AutoSaveTask.performAutoSave$lambda$4(AutoSaveTask.kt:64)
	at org.alter.game.model.PawnList.forEach(PawnList.kt:35)
	at org.alter.game.task.AutoSaveTask.performAutoSave(AutoSaveTask.kt:55)
	at org.alter.game.task.AutoSaveTask.execute(AutoSaveTask.kt:40)
	at org.alter.game.service.GameService.cycle(GameService.kt:192)
	at java.base/java.util.concurrent.Executors$RunnableAdapter.call(Executors.java:539)
	at java.base/java.util.concurrent.FutureTask.runAndReset(FutureTask.java:305)
	at java.base/java.util.concurrent.ScheduledThreadPoolExecutor$ScheduledFutureTask.run(ScheduledThreadPoolExecutor.java:305)
	at java.base/java.util.concurrent.ThreadPoolExecutor.runWorker(ThreadPoolExecutor.java:1136)
	at java.base/java.util.concurrent.ThreadPoolExecutor$Worker.run(ThreadPoolExecutor.java:635)
	at java.base/java.lang.Thread.run(Thread.java:840)
[2025-11-15 23:53:33.343] ERROR org.alter.game.saving.PlayerSaving - Failed to save player SpideyM: List element cannot be cast to int 
java.lang.ClassCastException: List element cannot be cast to int
	at org.bson.Document.constructValuesList(Document.java:402)
	at org.bson.Document.getList(Document.java:369)
	at org.alter.game.saving.PlayerSaving.savePlayer(PlayerSaving.kt:56)
	at org.alter.game.task.AutoSaveTask.performAutoSave$lambda$4(AutoSaveTask.kt:64)
	at org.alter.game.model.PawnList.forEach(PawnList.kt:35)
	at org.alter.game.task.AutoSaveTask.performAutoSave(AutoSaveTask.kt:55)
	at org.alter.game.task.AutoSaveTask.execute(AutoSaveTask.kt:40)
	at org.alter.game.service.GameService.cycle(GameService.kt:192)
	at java.base/java.util.concurrent.Executors$RunnableAdapter.call(Executors.java:539)
	at java.base/java.util.concurrent.FutureTask.runAndReset(FutureTask.java:305)
	at java.base/java.util.concurrent.ScheduledThreadPoolExecutor$ScheduledFutureTask.run(ScheduledThreadPoolExecutor.java:305)
	at java.base/java.util.concurrent.ThreadPoolExecutor.runWorker(ThreadPoolExecutor.java:1136)
	at java.base/java.util.concurrent.ThreadPoolExecutor$Worker.run(ThreadPoolExecutor.java:635)
	at java.base/java.lang.Thread.run(Thread.java:840)
[2025-11-15 23:53:33.343] ERROR org.alter.game.task.AutoSaveTask - Failed to auto-save player 'SpideyM': List element cannot be cast to int 
java.lang.ClassCastException: List element cannot be cast to int
	at org.bson.Document.constructValuesList(Document.java:402)
	at org.bson.Document.getList(Document.java:369)
	at org.alter.game.saving.PlayerSaving.savePlayer(PlayerSaving.kt:56)
	at org.alter.game.task.AutoSaveTask.performAutoSave$lambda$4(AutoSaveTask.kt:64)
	at org.alter.game.model.PawnList.forEach(PawnList.kt:35)
	at org.alter.game.task.AutoSaveTask.performAutoSave(AutoSaveTask.kt:55)
	at org.alter.game.task.AutoSaveTask.execute(AutoSaveTask.kt:40)
	at org.alter.game.service.GameService.cycle(GameService.kt:192)
	at java.base/java.util.concurrent.Executors$RunnableAdapter.call(Executors.java:539)
	at java.base/java.util.concurrent.FutureTask.runAndReset(FutureTask.java:305)
	at java.base/java.util.concurrent.ScheduledThreadPoolExecutor$ScheduledFutureTask.run(ScheduledThreadPoolExecutor.java:305)
	at java.base/java.util.concurrent.ThreadPoolExecutor.runWorker(ThreadPoolExecutor.java:1136)
	at java.base/java.util.concurrent.ThreadPoolExecutor$Worker.run(ThreadPoolExecutor.java:635)
	at java.base/java.lang.Thread.run(Thread.java:840)
[2025-11-15 23:53:33.343] WARN  org.alter.game.task.AutoSaveTask - Auto-save attempted but no players were saved (3 players online) 
[2025-11-15 23:53:36.944] INFO  org.alter.game.service.GameService - [Cycle time: 2ms] [Entities: 3p / 193n] [Map: 1357c / 22r / 0i] [Queues: 0p / 0n / 0w] [Mem usage: U=766MB / R=1112MB / M=8180MB]. 
[2025-11-15 23:53:43.541] INFO  org.alter.game.service.GameService - [Cycle time: 3ms] [Entities: 3p / 193n] [Map: 1485c / 24r / 0i] [Queues: 0p / 0n / 0w] [Mem usage: U=774MB / R=1112MB / M=8180MB]. 
[2025-11-15 23:53:50.144] INFO  org.alter.game.service.GameService - [Cycle time: 2ms] [Entities: 3p / 193n] [Map: 1485c / 24r / 0i] [Queues: 0p / 0n / 0w] [Mem usage: U=778MB / R=1112MB / M=8180MB]. 
[2025-11-15 23:53:56.680] INFO  spark.webserver.MatcherFilter - The requested route [/world_list.ws] has not been mapped in Spark 
[2025-11-15 23:53:56.736] INFO  org.alter.game.service.GameService - [Cycle time: 2ms] [Entities: 3p / 193n] [Map: 1485c / 24r / 0i] [Queues: 0p / 0n / 0w] [Mem usage: U=783MB / R=1112MB / M=8180MB]. 
[2025-11-15 23:54:03.340] ERROR org.alter.game.saving.PlayerSaving - Failed to serialize details for player DragonM 
java.lang.ClassCastException: List element cannot be cast to int
	at org.bson.Document.constructValuesList(Document.java:402)
	at org.bson.Document.getList(Document.java:369)
	at org.alter.game.saving.PlayerSaving.savePlayer(PlayerSaving.kt:56)
	at org.alter.game.task.AutoSaveTask.performAutoSave$lambda$4(AutoSaveTask.kt:64)
	at org.alter.game.model.PawnList.forEach(PawnList.kt:35)
	at org.alter.game.task.AutoSaveTask.performAutoSave(AutoSaveTask.kt:55)
	at org.alter.game.task.AutoSaveTask.execute(AutoSaveTask.kt:40)
	at org.alter.game.service.GameService.cycle(GameService.kt:192)
	at java.base/java.util.concurrent.Executors$RunnableAdapter.call(Executors.java:539)
	at java.base/java.util.concurrent.FutureTask.runAndReset(FutureTask.java:305)
	at java.base/java.util.concurrent.ScheduledThreadPoolExecutor$ScheduledFutureTask.run(ScheduledThreadPoolExecutor.java:305)
	at java.base/java.util.concurrent.ThreadPoolExecutor.runWorker(ThreadPoolExecutor.java:1136)
	at java.base/java.util.concurrent.ThreadPoolExecutor$Worker.run(ThreadPoolExecutor.java:635)
	at java.base/java.lang.Thread.run(Thread.java:840)
[2025-11-15 23:54:03.340] ERROR org.alter.game.saving.PlayerSaving - Failed to save player DragonM: List element cannot be cast to int 
java.lang.ClassCastException: List element cannot be cast to int
	at org.bson.Document.constructValuesList(Document.java:402)
	at org.bson.Document.getList(Document.java:369)
	at org.alter.game.saving.PlayerSaving.savePlayer(PlayerSaving.kt:56)
	at org.alter.game.task.AutoSaveTask.performAutoSave$lambda$4(AutoSaveTask.kt:64)
	at org.alter.game.model.PawnList.forEach(PawnList.kt:35)
	at org.alter.game.task.AutoSaveTask.performAutoSave(AutoSaveTask.kt:55)
	at org.alter.game.task.AutoSaveTask.execute(AutoSaveTask.kt:40)
	at org.alter.game.service.GameService.cycle(GameService.kt:192)
	at java.base/java.util.concurrent.Executors$RunnableAdapter.call(Executors.java:539)
	at java.base/java.util.concurrent.FutureTask.runAndReset(FutureTask.java:305)
	at java.base/java.util.concurrent.ScheduledThreadPoolExecutor$ScheduledFutureTask.run(ScheduledThreadPoolExecutor.java:305)
	at java.base/java.util.concurrent.ThreadPoolExecutor.runWorker(ThreadPoolExecutor.java:1136)
	at java.base/java.util.concurrent.ThreadPoolExecutor$Worker.run(ThreadPoolExecutor.java:635)
	at java.base/java.lang.Thread.run(Thread.java:840)
[2025-11-15 23:54:03.340] ERROR org.alter.game.task.AutoSaveTask - Failed to auto-save player 'DragonM': List element cannot be cast to int 
java.lang.ClassCastException: List element cannot be cast to int
	at org.bson.Document.constructValuesList(Document.java:402)
	at org.bson.Document.getList(Document.java:369)
	at org.alter.game.saving.PlayerSaving.savePlayer(PlayerSaving.kt:56)
	at org.alter.game.task.AutoSaveTask.performAutoSave$lambda$4(AutoSaveTask.kt:64)
	at org.alter.game.model.PawnList.forEach(PawnList.kt:35)
	at org.alter.game.task.AutoSaveTask.performAutoSave(AutoSaveTask.kt:55)
	at org.alter.game.task.AutoSaveTask.execute(AutoSaveTask.kt:40)
	at org.alter.game.service.GameService.cycle(GameService.kt:192)
	at java.base/java.util.concurrent.Executors$RunnableAdapter.call(Executors.java:539)
	at java.base/java.util.concurrent.FutureTask.runAndReset(FutureTask.java:305)
	at java.base/java.util.concurrent.ScheduledThreadPoolExecutor$ScheduledFutureTask.run(ScheduledThreadPoolExecutor.java:305)
	at java.base/java.util.concurrent.ThreadPoolExecutor.runWorker(ThreadPoolExecutor.java:1136)
	at java.base/java.util.concurrent.ThreadPoolExecutor$Worker.run(ThreadPoolExecutor.java:635)
	at java.base/java.lang.Thread.run(Thread.java:840)
[2025-11-15 23:54:03.340] ERROR org.alter.game.saving.PlayerSaving - Failed to serialize details for player Pnda 
java.lang.ClassCastException: List element cannot be cast to int
	at org.bson.Document.constructValuesList(Document.java:402)
	at org.bson.Document.getList(Document.java:369)
	at org.alter.game.saving.PlayerSaving.savePlayer(PlayerSaving.kt:56)
	at org.alter.game.task.AutoSaveTask.performAutoSave$lambda$4(AutoSaveTask.kt:64)
	at org.alter.game.model.PawnList.forEach(PawnList.kt:35)
	at org.alter.game.task.AutoSaveTask.performAutoSave(AutoSaveTask.kt:55)
	at org.alter.game.task.AutoSaveTask.execute(AutoSaveTask.kt:40)
	at org.alter.game.service.GameService.cycle(GameService.kt:192)
	at java.base/java.util.concurrent.Executors$RunnableAdapter.call(Executors.java:539)
	at java.base/java.util.concurrent.FutureTask.runAndReset(FutureTask.java:305)
	at java.base/java.util.concurrent.ScheduledThreadPoolExecutor$ScheduledFutureTask.run(ScheduledThreadPoolExecutor.java:305)
	at java.base/java.util.concurrent.ThreadPoolExecutor.runWorker(ThreadPoolExecutor.java:1136)
	at java.base/java.util.concurrent.ThreadPoolExecutor$Worker.run(ThreadPoolExecutor.java:635)
	at java.base/java.lang.Thread.run(Thread.java:840)
[2025-11-15 23:54:03.340] ERROR org.alter.game.saving.PlayerSaving - Failed to save player Pnda: List element cannot be cast to int 
java.lang.ClassCastException: List element cannot be cast to int
	at org.bson.Document.constructValuesList(Document.java:402)
	at org.bson.Document.getList(Document.java:369)
	at org.alter.game.saving.PlayerSaving.savePlayer(PlayerSaving.kt:56)
	at org.alter.game.task.AutoSaveTask.performAutoSave$lambda$4(AutoSaveTask.kt:64)
	at org.alter.game.model.PawnList.forEach(PawnList.kt:35)
	at org.alter.game.task.AutoSaveTask.performAutoSave(AutoSaveTask.kt:55)
	at org.alter.game.task.AutoSaveTask.execute(AutoSaveTask.kt:40)
	at org.alter.game.service.GameService.cycle(GameService.kt:192)
	at java.base/java.util.concurrent.Executors$RunnableAdapter.call(Executors.java:539)
	at java.base/java.util.concurrent.FutureTask.runAndReset(FutureTask.java:305)
	at java.base/java.util.concurrent.ScheduledThreadPoolExecutor$ScheduledFutureTask.run(ScheduledThreadPoolExecutor.java:305)
	at java.base/java.util.concurrent.ThreadPoolExecutor.runWorker(ThreadPoolExecutor.java:1136)
	at java.base/java.util.concurrent.ThreadPoolExecutor$Worker.run(ThreadPoolExecutor.java:635)
	at java.base/java.lang.Thread.run(Thread.java:840)
[2025-11-15 23:54:03.340] ERROR org.alter.game.task.AutoSaveTask - Failed to auto-save player 'Pnda': List element cannot be cast to int 
java.lang.ClassCastException: List element cannot be cast to int
	at org.bson.Document.constructValuesList(Document.java:402)
	at org.bson.Document.getList(Document.java:369)
	at org.alter.game.saving.PlayerSaving.savePlayer(PlayerSaving.kt:56)
	at org.alter.game.task.AutoSaveTask.performAutoSave$lambda$4(AutoSaveTask.kt:64)
	at org.alter.game.model.PawnList.forEach(PawnList.kt:35)
	at org.alter.game.task.AutoSaveTask.performAutoSave(AutoSaveTask.kt:55)
	at org.alter.game.task.AutoSaveTask.execute(AutoSaveTask.kt:40)
	at org.alter.game.service.GameService.cycle(GameService.kt:192)
	at java.base/java.util.concurrent.Executors$RunnableAdapter.call(Executors.java:539)
	at java.base/java.util.concurrent.FutureTask.runAndReset(FutureTask.java:305)
	at java.base/java.util.concurrent.ScheduledThreadPoolExecutor$ScheduledFutureTask.run(ScheduledThreadPoolExecutor.java:305)
	at java.base/java.util.concurrent.ThreadPoolExecutor.runWorker(ThreadPoolExecutor.java:1136)
	at java.base/java.util.concurrent.ThreadPoolExecutor$Worker.run(ThreadPoolExecutor.java:635)
	at java.base/java.lang.Thread.run(Thread.java:840)
[2025-11-15 23:54:03.340] ERROR org.alter.game.saving.PlayerSaving - Failed to serialize details for player SpideyM 
java.lang.ClassCastException: List element cannot be cast to int
	at org.bson.Document.constructValuesList(Document.java:402)
	at org.bson.Document.getList(Document.java:369)
	at org.alter.game.saving.PlayerSaving.savePlayer(PlayerSaving.kt:56)
	at org.alter.game.task.AutoSaveTask.performAutoSave$lambda$4(AutoSaveTask.kt:64)
	at org.alter.game.model.PawnList.forEach(PawnList.kt:35)
	at org.alter.game.task.AutoSaveTask.performAutoSave(AutoSaveTask.kt:55)
	at org.alter.game.task.AutoSaveTask.execute(AutoSaveTask.kt:40)
	at org.alter.game.service.GameService.cycle(GameService.kt:192)
	at java.base/java.util.concurrent.Executors$RunnableAdapter.call(Executors.java:539)
	at java.base/java.util.concurrent.FutureTask.runAndReset(FutureTask.java:305)
	at java.base/java.util.concurrent.ScheduledThreadPoolExecutor$ScheduledFutureTask.run(ScheduledThreadPoolExecutor.java:305)
	at java.base/java.util.concurrent.ThreadPoolExecutor.runWorker(ThreadPoolExecutor.java:1136)
	at java.base/java.util.concurrent.ThreadPoolExecutor$Worker.run(ThreadPoolExecutor.java:635)
	at java.base/java.lang.Thread.run(Thread.java:840)
[2025-11-15 23:54:03.340] ERROR org.alter.game.saving.PlayerSaving - Failed to save player SpideyM: List element cannot be cast to int 
java.lang.ClassCastException: List element cannot be cast to int
	at org.bson.Document.constructValuesList(Document.java:402)
	at org.bson.Document.getList(Document.java:369)
	at org.alter.game.saving.PlayerSaving.savePlayer(PlayerSaving.kt:56)
	at org.alter.game.task.AutoSaveTask.performAutoSave$lambda$4(AutoSaveTask.kt:64)
	at org.alter.game.model.PawnList.forEach(PawnList.kt:35)
	at org.alter.game.task.AutoSaveTask.performAutoSave(AutoSaveTask.kt:55)
	at org.alter.game.task.AutoSaveTask.execute(AutoSaveTask.kt:40)
	at org.alter.game.service.GameService.cycle(GameService.kt:192)
	at java.base/java.util.concurrent.Executors$RunnableAdapter.call(Executors.java:539)
	at java.base/java.util.concurrent.FutureTask.runAndReset(FutureTask.java:305)
	at java.base/java.util.concurrent.ScheduledThreadPoolExecutor$ScheduledFutureTask.run(ScheduledThreadPoolExecutor.java:305)
	at java.base/java.util.concurrent.ThreadPoolExecutor.runWorker(ThreadPoolExecutor.java:1136)
	at java.base/java.util.concurrent.ThreadPoolExecutor$Worker.run(ThreadPoolExecutor.java:635)
	at java.base/java.lang.Thread.run(Thread.java:840)
[2025-11-15 23:54:03.340] ERROR org.alter.game.task.AutoSaveTask - Failed to auto-save player 'SpideyM': List element cannot be cast to int 
java.lang.ClassCastException: List element cannot be cast to int
	at org.bson.Document.constructValuesList(Document.java:402)
	at org.bson.Document.getList(Document.java:369)
	at org.alter.game.saving.PlayerSaving.savePlayer(PlayerSaving.kt:56)
	at org.alter.game.task.AutoSaveTask.performAutoSave$lambda$4(AutoSaveTask.kt:64)
	at org.alter.game.model.PawnList.forEach(PawnList.kt:35)
	at org.alter.game.task.AutoSaveTask.performAutoSave(AutoSaveTask.kt:55)
	at org.alter.game.task.AutoSaveTask.execute(AutoSaveTask.kt:40)
	at org.alter.game.service.GameService.cycle(GameService.kt:192)
	at java.base/java.util.concurrent.Executors$RunnableAdapter.call(Executors.java:539)
	at java.base/java.util.concurrent.FutureTask.runAndReset(FutureTask.java:305)
	at java.base/java.util.concurrent.ScheduledThreadPoolExecutor$ScheduledFutureTask.run(ScheduledThreadPoolExecutor.java:305)
	at java.base/java.util.concurrent.ThreadPoolExecutor.runWorker(ThreadPoolExecutor.java:1136)
	at java.base/java.util.concurrent.ThreadPoolExecutor$Worker.run(ThreadPoolExecutor.java:635)
	at java.base/java.lang.Thread.run(Thread.java:840)
[2025-11-15 23:54:03.341] WARN  org.alter.game.task.AutoSaveTask - Auto-save attempted but no players were saved (3 players online) 
[2025-11-15 23:54:03.343] INFO  org.alter.game.service.GameService - [Cycle time: 2ms] [Entities: 3p / 193n] [Map: 1485c / 24r / 0i] [Queues: 0p / 0n / 0w] [Mem usage: U=786MB / R=1112MB / M=8180MB]. 
[2025-11-15 23:54:09.933] INFO  org.alter.game.service.GameService - [Cycle time: 2ms] [Entities: 3p / 193n] [Map: 1485c / 24r / 0i] [Queues: 0p / 0n / 0w] [Mem usage: U=790MB / R=1112MB / M=8180MB]. 
[2025-11-15 23:54:16.549] INFO  org.alter.game.service.GameService - [Cycle time: 1ms] [Entities: 3p / 193n] [Map: 1485c / 24r / 0i] [Queues: 0p / 0n / 0w] [Mem usage: U=792MB / R=1112MB / M=8180MB]. 
[2025-11-15 23:54:23.142] INFO  org.alter.game.service.GameService - [Cycle time: 1ms] [Entities: 3p / 193n] [Map: 1485c / 24r / 0i] [Queues: 0p / 0n / 0w] [Mem usage: U=795MB / R=1112MB / M=8180MB]. 
[2025-11-15 23:54:29.746] INFO  org.alter.game.service.GameService - [Cycle time: 2ms] [Entities: 3p / 193n] [Map: 1485c / 24r / 0i] [Queues: 0p / 0n / 0w] [Mem usage: U=798MB / R=1112MB / M=8180MB]. 
[2025-11-15 23:54:33.337] ERROR org.alter.game.saving.PlayerSaving - Failed to serialize details for player DragonM 
java.lang.ClassCastException: List element cannot be cast to int
	at org.bson.Document.constructValuesList(Document.java:402)
	at org.bson.Document.getList(Document.java:369)
	at org.alter.game.saving.PlayerSaving.savePlayer(PlayerSaving.kt:56)
	at org.alter.game.task.AutoSaveTask.performAutoSave$lambda$4(AutoSaveTask.kt:64)
	at org.alter.game.model.PawnList.forEach(PawnList.kt:35)
	at org.alter.game.task.AutoSaveTask.performAutoSave(AutoSaveTask.kt:55)
	at org.alter.game.task.AutoSaveTask.execute(AutoSaveTask.kt:40)
	at org.alter.game.service.GameService.cycle(GameService.kt:192)
	at java.base/java.util.concurrent.Executors$RunnableAdapter.call(Executors.java:539)
	at java.base/java.util.concurrent.FutureTask.runAndReset(FutureTask.java:305)
	at java.base/java.util.concurrent.ScheduledThreadPoolExecutor$ScheduledFutureTask.run(ScheduledThreadPoolExecutor.java:305)
	at java.base/java.util.concurrent.ThreadPoolExecutor.runWorker(ThreadPoolExecutor.java:1136)
	at java.base/java.util.concurrent.ThreadPoolExecutor$Worker.run(ThreadPoolExecutor.java:635)
	at java.base/java.lang.Thread.run(Thread.java:840)
[2025-11-15 23:54:33.337] ERROR org.alter.game.saving.PlayerSaving - Failed to save player DragonM: List element cannot be cast to int 
java.lang.ClassCastException: List element cannot be cast to int
	at org.bson.Document.constructValuesList(Document.java:402)
	at org.bson.Document.getList(Document.java:369)
	at org.alter.game.saving.PlayerSaving.savePlayer(PlayerSaving.kt:56)
	at org.alter.game.task.AutoSaveTask.performAutoSave$lambda$4(AutoSaveTask.kt:64)
	at org.alter.game.model.PawnList.forEach(PawnList.kt:35)
	at org.alter.game.task.AutoSaveTask.performAutoSave(AutoSaveTask.kt:55)
	at org.alter.game.task.AutoSaveTask.execute(AutoSaveTask.kt:40)
	at org.alter.game.service.GameService.cycle(GameService.kt:192)
	at java.base/java.util.concurrent.Executors$RunnableAdapter.call(Executors.java:539)
	at java.base/java.util.concurrent.FutureTask.runAndReset(FutureTask.java:305)
	at java.base/java.util.concurrent.ScheduledThreadPoolExecutor$ScheduledFutureTask.run(ScheduledThreadPoolExecutor.java:305)
	at java.base/java.util.concurrent.ThreadPoolExecutor.runWorker(ThreadPoolExecutor.java:1136)
	at java.base/java.util.concurrent.ThreadPoolExecutor$Worker.run(ThreadPoolExecutor.java:635)
	at java.base/java.lang.Thread.run(Thread.java:840)
[2025-11-15 23:54:33.337] ERROR org.alter.game.task.AutoSaveTask - Failed to auto-save player 'DragonM': List element cannot be cast to int 
java.lang.ClassCastException: List element cannot be cast to int
	at org.bson.Document.constructValuesList(Document.java:402)
	at org.bson.Document.getList(Document.java:369)
	at org.alter.game.saving.PlayerSaving.savePlayer(PlayerSaving.kt:56)
	at org.alter.game.task.AutoSaveTask.performAutoSave$lambda$4(AutoSaveTask.kt:64)
	at org.alter.game.model.PawnList.forEach(PawnList.kt:35)
	at org.alter.game.task.AutoSaveTask.performAutoSave(AutoSaveTask.kt:55)
	at org.alter.game.task.AutoSaveTask.execute(AutoSaveTask.kt:40)
	at org.alter.game.service.GameService.cycle(GameService.kt:192)
	at java.base/java.util.concurrent.Executors$RunnableAdapter.call(Executors.java:539)
	at java.base/java.util.concurrent.FutureTask.runAndReset(FutureTask.java:305)
	at java.base/java.util.concurrent.ScheduledThreadPoolExecutor$ScheduledFutureTask.run(ScheduledThreadPoolExecutor.java:305)
	at java.base/java.util.concurrent.ThreadPoolExecutor.runWorker(ThreadPoolExecutor.java:1136)
	at java.base/java.util.concurrent.ThreadPoolExecutor$Worker.run(ThreadPoolExecutor.java:635)
	at java.base/java.lang.Thread.run(Thread.java:840)
[2025-11-15 23:54:33.337] ERROR org.alter.game.saving.PlayerSaving - Failed to serialize details for player Pnda 
java.lang.ClassCastException: List element cannot be cast to int
	at org.bson.Document.constructValuesList(Document.java:402)
	at org.bson.Document.getList(Document.java:369)
	at org.alter.game.saving.PlayerSaving.savePlayer(PlayerSaving.kt:56)
	at org.alter.game.task.AutoSaveTask.performAutoSave$lambda$4(AutoSaveTask.kt:64)
	at org.alter.game.model.PawnList.forEach(PawnList.kt:35)
	at org.alter.game.task.AutoSaveTask.performAutoSave(AutoSaveTask.kt:55)
	at org.alter.game.task.AutoSaveTask.execute(AutoSaveTask.kt:40)
	at org.alter.game.service.GameService.cycle(GameService.kt:192)
	at java.base/java.util.concurrent.Executors$RunnableAdapter.call(Executors.java:539)
	at java.base/java.util.concurrent.FutureTask.runAndReset(FutureTask.java:305)
	at java.base/java.util.concurrent.ScheduledThreadPoolExecutor$ScheduledFutureTask.run(ScheduledThreadPoolExecutor.java:305)
	at java.base/java.util.concurrent.ThreadPoolExecutor.runWorker(ThreadPoolExecutor.java:1136)
	at java.base/java.util.concurrent.ThreadPoolExecutor$Worker.run(ThreadPoolExecutor.java:635)
	at java.base/java.lang.Thread.run(Thread.java:840)
[2025-11-15 23:54:33.337] ERROR org.alter.game.saving.PlayerSaving - Failed to save player Pnda: List element cannot be cast to int 
java.lang.ClassCastException: List element cannot be cast to int
	at org.bson.Document.constructValuesList(Document.java:402)
	at org.bson.Document.getList(Document.java:369)
	at org.alter.game.saving.PlayerSaving.savePlayer(PlayerSaving.kt:56)
	at org.alter.game.task.AutoSaveTask.performAutoSave$lambda$4(AutoSaveTask.kt:64)
	at org.alter.game.model.PawnList.forEach(PawnList.kt:35)
	at org.alter.game.task.AutoSaveTask.performAutoSave(AutoSaveTask.kt:55)
	at org.alter.game.task.AutoSaveTask.execute(AutoSaveTask.kt:40)
	at org.alter.game.service.GameService.cycle(GameService.kt:192)
	at java.base/java.util.concurrent.Executors$RunnableAdapter.call(Executors.java:539)
	at java.base/java.util.concurrent.FutureTask.runAndReset(FutureTask.java:305)
	at java.base/java.util.concurrent.ScheduledThreadPoolExecutor$ScheduledFutureTask.run(ScheduledThreadPoolExecutor.java:305)
	at java.base/java.util.concurrent.ThreadPoolExecutor.runWorker(ThreadPoolExecutor.java:1136)
	at java.base/java.util.concurrent.ThreadPoolExecutor$Worker.run(ThreadPoolExecutor.java:635)
	at java.base/java.lang.Thread.run(Thread.java:840)
[2025-11-15 23:54:33.337] ERROR org.alter.game.task.AutoSaveTask - Failed to auto-save player 'Pnda': List element cannot be cast to int 
java.lang.ClassCastException: List element cannot be cast to int
	at org.bson.Document.constructValuesList(Document.java:402)
	at org.bson.Document.getList(Document.java:369)
	at org.alter.game.saving.PlayerSaving.savePlayer(PlayerSaving.kt:56)
	at org.alter.game.task.AutoSaveTask.performAutoSave$lambda$4(AutoSaveTask.kt:64)
	at org.alter.game.model.PawnList.forEach(PawnList.kt:35)
	at org.alter.game.task.AutoSaveTask.performAutoSave(AutoSaveTask.kt:55)
	at org.alter.game.task.AutoSaveTask.execute(AutoSaveTask.kt:40)
	at org.alter.game.service.GameService.cycle(GameService.kt:192)
	at java.base/java.util.concurrent.Executors$RunnableAdapter.call(Executors.java:539)
	at java.base/java.util.concurrent.FutureTask.runAndReset(FutureTask.java:305)
	at java.base/java.util.concurrent.ScheduledThreadPoolExecutor$ScheduledFutureTask.run(ScheduledThreadPoolExecutor.java:305)
	at java.base/java.util.concurrent.ThreadPoolExecutor.runWorker(ThreadPoolExecutor.java:1136)
	at java.base/java.util.concurrent.ThreadPoolExecutor$Worker.run(ThreadPoolExecutor.java:635)
	at java.base/java.lang.Thread.run(Thread.java:840)
[2025-11-15 23:54:33.338] ERROR org.alter.game.saving.PlayerSaving - Failed to serialize details for player SpideyM 
java.lang.ClassCastException: List element cannot be cast to int
	at org.bson.Document.constructValuesList(Document.java:402)
	at org.bson.Document.getList(Document.java:369)
	at org.alter.game.saving.PlayerSaving.savePlayer(PlayerSaving.kt:56)
	at org.alter.game.task.AutoSaveTask.performAutoSave$lambda$4(AutoSaveTask.kt:64)
	at org.alter.game.model.PawnList.forEach(PawnList.kt:35)
	at org.alter.game.task.AutoSaveTask.performAutoSave(AutoSaveTask.kt:55)
	at org.alter.game.task.AutoSaveTask.execute(AutoSaveTask.kt:40)
	at org.alter.game.service.GameService.cycle(GameService.kt:192)
	at java.base/java.util.concurrent.Executors$RunnableAdapter.call(Executors.java:539)
	at java.base/java.util.concurrent.FutureTask.runAndReset(FutureTask.java:305)
	at java.base/java.util.concurrent.ScheduledThreadPoolExecutor$ScheduledFutureTask.run(ScheduledThreadPoolExecutor.java:305)
	at java.base/java.util.concurrent.ThreadPoolExecutor.runWorker(ThreadPoolExecutor.java:1136)
	at java.base/java.util.concurrent.ThreadPoolExecutor$Worker.run(ThreadPoolExecutor.java:635)
	at java.base/java.lang.Thread.run(Thread.java:840)
[2025-11-15 23:54:33.338] ERROR org.alter.game.saving.PlayerSaving - Failed to save player SpideyM: List element cannot be cast to int 
java.lang.ClassCastException: List element cannot be cast to int
	at org.bson.Document.constructValuesList(Document.java:402)
	at org.bson.Document.getList(Document.java:369)
	at org.alter.game.saving.PlayerSaving.savePlayer(PlayerSaving.kt:56)
	at org.alter.game.task.AutoSaveTask.performAutoSave$lambda$4(AutoSaveTask.kt:64)
	at org.alter.game.model.PawnList.forEach(PawnList.kt:35)
	at org.alter.game.task.AutoSaveTask.performAutoSave(AutoSaveTask.kt:55)
	at org.alter.game.task.AutoSaveTask.execute(AutoSaveTask.kt:40)
	at org.alter.game.service.GameService.cycle(GameService.kt:192)
	at java.base/java.util.concurrent.Executors$RunnableAdapter.call(Executors.java:539)
	at java.base/java.util.concurrent.FutureTask.runAndReset(FutureTask.java:305)
	at java.base/java.util.concurrent.ScheduledThreadPoolExecutor$ScheduledFutureTask.run(ScheduledThreadPoolExecutor.java:305)
	at java.base/java.util.concurrent.ThreadPoolExecutor.runWorker(ThreadPoolExecutor.java:1136)
	at java.base/java.util.concurrent.ThreadPoolExecutor$Worker.run(ThreadPoolExecutor.java:635)
	at java.base/java.lang.Thread.run(Thread.java:840)
[2025-11-15 23:54:33.338] ERROR org.alter.game.task.AutoSaveTask - Failed to auto-save player 'SpideyM': List element cannot be cast to int 
java.lang.ClassCastException: List element cannot be cast to int
	at org.bson.Document.constructValuesList(Document.java:402)
	at org.bson.Document.getList(Document.java:369)
	at org.alter.game.saving.PlayerSaving.savePlayer(PlayerSaving.kt:56)
	at org.alter.game.task.AutoSaveTask.performAutoSave$lambda$4(AutoSaveTask.kt:64)
	at org.alter.game.model.PawnList.forEach(PawnList.kt:35)
	at org.alter.game.task.AutoSaveTask.performAutoSave(AutoSaveTask.kt:55)
	at org.alter.game.task.AutoSaveTask.execute(AutoSaveTask.kt:40)
	at org.alter.game.service.GameService.cycle(GameService.kt:192)
	at java.base/java.util.concurrent.Executors$RunnableAdapter.call(Executors.java:539)
	at java.base/java.util.concurrent.FutureTask.runAndReset(FutureTask.java:305)
	at java.base/java.util.concurrent.ScheduledThreadPoolExecutor$ScheduledFutureTask.run(ScheduledThreadPoolExecutor.java:305)
	at java.base/java.util.concurrent.ThreadPoolExecutor.runWorker(ThreadPoolExecutor.java:1136)
	at java.base/java.util.concurrent.ThreadPoolExecutor$Worker.run(ThreadPoolExecutor.java:635)
	at java.base/java.lang.Thread.run(Thread.java:840)
[2025-11-15 23:54:33.338] WARN  org.alter.game.task.AutoSaveTask - Auto-save attempted but no players were saved (3 players online) 
[2025-11-15 23:54:36.336] INFO  org.alter.game.service.GameService - [Cycle time: 3ms] [Entities: 3p / 193n] [Map: 1485c / 24r / 0i] [Queues: 0p / 0n / 0w] [Mem usage: U=802MB / R=1112MB / M=8180MB]. 
[2025-11-15 23:54:42.948] INFO  org.alter.game.service.GameService - [Cycle time: 3ms] [Entities: 3p / 193n] [Map: 1485c / 24r / 0i] [Queues: 0p / 0n / 0w] [Mem usage: U=806MB / R=1112MB / M=8180MB]. 
[2025-11-15 23:54:49.547] INFO  org.alter.game.service.GameService - [Cycle time: 3ms] [Entities: 3p / 193n] [Map: 1485c / 24r / 0i] [Queues: 0p / 0n / 0w] [Mem usage: U=809MB / R=1112MB / M=8180MB]. 
[2025-11-15 23:54:56.135] INFO  org.alter.game.service.GameService - [Cycle time: 2ms] [Entities: 3p / 193n] [Map: 1485c / 24r / 0i] [Queues: 0p / 0n / 0w] [Mem usage: U=812MB / R=1112MB / M=8180MB]. 
[2025-11-15 23:55:02.747] INFO  org.alter.game.service.GameService - [Cycle time: 2ms] [Entities: 3p / 193n] [Map: 1485c / 24r / 0i] [Queues: 0p / 0n / 0w] [Mem usage: U=814MB / R=1112MB / M=8180MB]. 
[2025-11-15 23:55:03.334] ERROR org.alter.game.saving.PlayerSaving - Failed to serialize details for player DragonM 
java.lang.ClassCastException: List element cannot be cast to int
	at org.bson.Document.constructValuesList(Document.java:402)
	at org.bson.Document.getList(Document.java:369)
	at org.alter.game.saving.PlayerSaving.savePlayer(PlayerSaving.kt:56)
	at org.alter.game.task.AutoSaveTask.performAutoSave$lambda$4(AutoSaveTask.kt:64)
	at org.alter.game.model.PawnList.forEach(PawnList.kt:35)
	at org.alter.game.task.AutoSaveTask.performAutoSave(AutoSaveTask.kt:55)
	at org.alter.game.task.AutoSaveTask.execute(AutoSaveTask.kt:40)
	at org.alter.game.service.GameService.cycle(GameService.kt:192)
	at java.base/java.util.concurrent.Executors$RunnableAdapter.call(Executors.java:539)
	at java.base/java.util.concurrent.FutureTask.runAndReset(FutureTask.java:305)
	at java.base/java.util.concurrent.ScheduledThreadPoolExecutor$ScheduledFutureTask.run(ScheduledThreadPoolExecutor.java:305)
	at java.base/java.util.concurrent.ThreadPoolExecutor.runWorker(ThreadPoolExecutor.java:1136)
	at java.base/java.util.concurrent.ThreadPoolExecutor$Worker.run(ThreadPoolExecutor.java:635)
	at java.base/java.lang.Thread.run(Thread.java:840)
[2025-11-15 23:55:03.335] ERROR org.alter.game.saving.PlayerSaving - Failed to save player DragonM: List element cannot be cast to int 
java.lang.ClassCastException: List element cannot be cast to int
	at org.bson.Document.constructValuesList(Document.java:402)
	at org.bson.Document.getList(Document.java:369)
	at org.alter.game.saving.PlayerSaving.savePlayer(PlayerSaving.kt:56)
	at org.alter.game.task.AutoSaveTask.performAutoSave$lambda$4(AutoSaveTask.kt:64)
	at org.alter.game.model.PawnList.forEach(PawnList.kt:35)
	at org.alter.game.task.AutoSaveTask.performAutoSave(AutoSaveTask.kt:55)
	at org.alter.game.task.AutoSaveTask.execute(AutoSaveTask.kt:40)
	at org.alter.game.service.GameService.cycle(GameService.kt:192)
	at java.base/java.util.concurrent.Executors$RunnableAdapter.call(Executors.java:539)
	at java.base/java.util.concurrent.FutureTask.runAndReset(FutureTask.java:305)
	at java.base/java.util.concurrent.ScheduledThreadPoolExecutor$ScheduledFutureTask.run(ScheduledThreadPoolExecutor.java:305)
	at java.base/java.util.concurrent.ThreadPoolExecutor.runWorker(ThreadPoolExecutor.java:1136)
	at java.base/java.util.concurrent.ThreadPoolExecutor$Worker.run(ThreadPoolExecutor.java:635)
	at java.base/java.lang.Thread.run(Thread.java:840)
[2025-11-15 23:55:03.335] ERROR org.alter.game.task.AutoSaveTask - Failed to auto-save player 'DragonM': List element cannot be cast to int 
java.lang.ClassCastException: List element cannot be cast to int
	at org.bson.Document.constructValuesList(Document.java:402)
	at org.bson.Document.getList(Document.java:369)
	at org.alter.game.saving.PlayerSaving.savePlayer(PlayerSaving.kt:56)
	at org.alter.game.task.AutoSaveTask.performAutoSave$lambda$4(AutoSaveTask.kt:64)
	at org.alter.game.model.PawnList.forEach(PawnList.kt:35)
	at org.alter.game.task.AutoSaveTask.performAutoSave(AutoSaveTask.kt:55)
	at org.alter.game.task.AutoSaveTask.execute(AutoSaveTask.kt:40)
	at org.alter.game.service.GameService.cycle(GameService.kt:192)
	at java.base/java.util.concurrent.Executors$RunnableAdapter.call(Executors.java:539)
	at java.base/java.util.concurrent.FutureTask.runAndReset(FutureTask.java:305)
	at java.base/java.util.concurrent.ScheduledThreadPoolExecutor$ScheduledFutureTask.run(ScheduledThreadPoolExecutor.java:305)
	at java.base/java.util.concurrent.ThreadPoolExecutor.runWorker(ThreadPoolExecutor.java:1136)
	at java.base/java.util.concurrent.ThreadPoolExecutor$Worker.run(ThreadPoolExecutor.java:635)
	at java.base/java.lang.Thread.run(Thread.java:840)
[2025-11-15 23:55:03.335] ERROR org.alter.game.saving.PlayerSaving - Failed to serialize details for player Pnda 
java.lang.ClassCastException: List element cannot be cast to int
	at org.bson.Document.constructValuesList(Document.java:402)
	at org.bson.Document.getList(Document.java:369)
	at org.alter.game.saving.PlayerSaving.savePlayer(PlayerSaving.kt:56)
	at org.alter.game.task.AutoSaveTask.performAutoSave$lambda$4(AutoSaveTask.kt:64)
	at org.alter.game.model.PawnList.forEach(PawnList.kt:35)
	at org.alter.game.task.AutoSaveTask.performAutoSave(AutoSaveTask.kt:55)
	at org.alter.game.task.AutoSaveTask.execute(AutoSaveTask.kt:40)
	at org.alter.game.service.GameService.cycle(GameService.kt:192)
	at java.base/java.util.concurrent.Executors$RunnableAdapter.call(Executors.java:539)
	at java.base/java.util.concurrent.FutureTask.runAndReset(FutureTask.java:305)
	at java.base/java.util.concurrent.ScheduledThreadPoolExecutor$ScheduledFutureTask.run(ScheduledThreadPoolExecutor.java:305)
	at java.base/java.util.concurrent.ThreadPoolExecutor.runWorker(ThreadPoolExecutor.java:1136)
	at java.base/java.util.concurrent.ThreadPoolExecutor$Worker.run(ThreadPoolExecutor.java:635)
	at java.base/java.lang.Thread.run(Thread.java:840)
[2025-11-15 23:55:03.335] ERROR org.alter.game.saving.PlayerSaving - Failed to save player Pnda: List element cannot be cast to int 
java.lang.ClassCastException: List element cannot be cast to int
	at org.bson.Document.constructValuesList(Document.java:402)
	at org.bson.Document.getList(Document.java:369)
	at org.alter.game.saving.PlayerSaving.savePlayer(PlayerSaving.kt:56)
	at org.alter.game.task.AutoSaveTask.performAutoSave$lambda$4(AutoSaveTask.kt:64)
	at org.alter.game.model.PawnList.forEach(PawnList.kt:35)
	at org.alter.game.task.AutoSaveTask.performAutoSave(AutoSaveTask.kt:55)
	at org.alter.game.task.AutoSaveTask.execute(AutoSaveTask.kt:40)
	at org.alter.game.service.GameService.cycle(GameService.kt:192)
	at java.base/java.util.concurrent.Executors$RunnableAdapter.call(Executors.java:539)
	at java.base/java.util.concurrent.FutureTask.runAndReset(FutureTask.java:305)
	at java.base/java.util.concurrent.ScheduledThreadPoolExecutor$ScheduledFutureTask.run(ScheduledThreadPoolExecutor.java:305)
	at java.base/java.util.concurrent.ThreadPoolExecutor.runWorker(ThreadPoolExecutor.java:1136)
	at java.base/java.util.concurrent.ThreadPoolExecutor$Worker.run(ThreadPoolExecutor.java:635)
	at java.base/java.lang.Thread.run(Thread.java:840)
[2025-11-15 23:55:03.335] ERROR org.alter.game.task.AutoSaveTask - Failed to auto-save player 'Pnda': List element cannot be cast to int 
java.lang.ClassCastException: List element cannot be cast to int
	at org.bson.Document.constructValuesList(Document.java:402)
	at org.bson.Document.getList(Document.java:369)
	at org.alter.game.saving.PlayerSaving.savePlayer(PlayerSaving.kt:56)
	at org.alter.game.task.AutoSaveTask.performAutoSave$lambda$4(AutoSaveTask.kt:64)
	at org.alter.game.model.PawnList.forEach(PawnList.kt:35)
	at org.alter.game.task.AutoSaveTask.performAutoSave(AutoSaveTask.kt:55)
	at org.alter.game.task.AutoSaveTask.execute(AutoSaveTask.kt:40)
	at org.alter.game.service.GameService.cycle(GameService.kt:192)
	at java.base/java.util.concurrent.Executors$RunnableAdapter.call(Executors.java:539)
	at java.base/java.util.concurrent.FutureTask.runAndReset(FutureTask.java:305)
	at java.base/java.util.concurrent.ScheduledThreadPoolExecutor$ScheduledFutureTask.run(ScheduledThreadPoolExecutor.java:305)
	at java.base/java.util.concurrent.ThreadPoolExecutor.runWorker(ThreadPoolExecutor.java:1136)
	at java.base/java.util.concurrent.ThreadPoolExecutor$Worker.run(ThreadPoolExecutor.java:635)
	at java.base/java.lang.Thread.run(Thread.java:840)
[2025-11-15 23:55:03.335] ERROR org.alter.game.saving.PlayerSaving - Failed to serialize details for player SpideyM 
java.lang.ClassCastException: List element cannot be cast to int
	at org.bson.Document.constructValuesList(Document.java:402)
	at org.bson.Document.getList(Document.java:369)
	at org.alter.game.saving.PlayerSaving.savePlayer(PlayerSaving.kt:56)
	at org.alter.game.task.AutoSaveTask.performAutoSave$lambda$4(AutoSaveTask.kt:64)
	at org.alter.game.model.PawnList.forEach(PawnList.kt:35)
	at org.alter.game.task.AutoSaveTask.performAutoSave(AutoSaveTask.kt:55)
	at org.alter.game.task.AutoSaveTask.execute(AutoSaveTask.kt:40)
	at org.alter.game.service.GameService.cycle(GameService.kt:192)
	at java.base/java.util.concurrent.Executors$RunnableAdapter.call(Executors.java:539)
	at java.base/java.util.concurrent.FutureTask.runAndReset(FutureTask.java:305)
	at java.base/java.util.concurrent.ScheduledThreadPoolExecutor$ScheduledFutureTask.run(ScheduledThreadPoolExecutor.java:305)
	at java.base/java.util.concurrent.ThreadPoolExecutor.runWorker(ThreadPoolExecutor.java:1136)
	at java.base/java.util.concurrent.ThreadPoolExecutor$Worker.run(ThreadPoolExecutor.java:635)
	at java.base/java.lang.Thread.run(Thread.java:840)
[2025-11-15 23:55:03.335] ERROR org.alter.game.saving.PlayerSaving - Failed to save player SpideyM: List element cannot be cast to int 
java.lang.ClassCastException: List element cannot be cast to int
	at org.bson.Document.constructValuesList(Document.java:402)
	at org.bson.Document.getList(Document.java:369)
	at org.alter.game.saving.PlayerSaving.savePlayer(PlayerSaving.kt:56)
	at org.alter.game.task.AutoSaveTask.performAutoSave$lambda$4(AutoSaveTask.kt:64)
	at org.alter.game.model.PawnList.forEach(PawnList.kt:35)
	at org.alter.game.task.AutoSaveTask.performAutoSave(AutoSaveTask.kt:55)
	at org.alter.game.task.AutoSaveTask.execute(AutoSaveTask.kt:40)
	at org.alter.game.service.GameService.cycle(GameService.kt:192)
	at java.base/java.util.concurrent.Executors$RunnableAdapter.call(Executors.java:539)
	at java.base/java.util.concurrent.FutureTask.runAndReset(FutureTask.java:305)
	at java.base/java.util.concurrent.ScheduledThreadPoolExecutor$ScheduledFutureTask.run(ScheduledThreadPoolExecutor.java:305)
	at java.base/java.util.concurrent.ThreadPoolExecutor.runWorker(ThreadPoolExecutor.java:1136)
	at java.base/java.util.concurrent.ThreadPoolExecutor$Worker.run(ThreadPoolExecutor.java:635)
	at java.base/java.lang.Thread.run(Thread.java:840)
[2025-11-15 23:55:03.336] ERROR org.alter.game.task.AutoSaveTask - Failed to auto-save player 'SpideyM': List element cannot be cast to int 
java.lang.ClassCastException: List element cannot be cast to int
	at org.bson.Document.constructValuesList(Document.java:402)
	at org.bson.Document.getList(Document.java:369)
	at org.alter.game.saving.PlayerSaving.savePlayer(PlayerSaving.kt:56)
	at org.alter.game.task.AutoSaveTask.performAutoSave$lambda$4(AutoSaveTask.kt:64)
	at org.alter.game.model.PawnList.forEach(PawnList.kt:35)
	at org.alter.game.task.AutoSaveTask.performAutoSave(AutoSaveTask.kt:55)
	at org.alter.game.task.AutoSaveTask.execute(AutoSaveTask.kt:40)
	at org.alter.game.service.GameService.cycle(GameService.kt:192)
	at java.base/java.util.concurrent.Executors$RunnableAdapter.call(Executors.java:539)
	at java.base/java.util.concurrent.FutureTask.runAndReset(FutureTask.java:305)
	at java.base/java.util.concurrent.ScheduledThreadPoolExecutor$ScheduledFutureTask.run(ScheduledThreadPoolExecutor.java:305)
	at java.base/java.util.concurrent.ThreadPoolExecutor.runWorker(ThreadPoolExecutor.java:1136)
	at java.base/java.util.concurrent.ThreadPoolExecutor$Worker.run(ThreadPoolExecutor.java:635)
	at java.base/java.lang.Thread.run(Thread.java:840)
[2025-11-15 23:55:03.336] WARN  org.alter.game.task.AutoSaveTask - Auto-save attempted but no players were saved (3 players online) 
[2025-11-15 23:55:09.353] INFO  org.alter.game.service.GameService - [Cycle time: 3ms] [Entities: 3p / 193n] [Map: 1485c / 24r / 0i] [Queues: 0p / 0n / 0w] [Mem usage: U=818MB / R=1112MB / M=8180MB]. 
[2025-11-15 23:55:15.936] INFO  org.alter.game.service.GameService - [Cycle time: 3ms] [Entities: 3p / 193n] [Map: 1485c / 24r / 0i] [Queues: 0p / 0n / 0w] [Mem usage: U=821MB / R=1112MB / M=8180MB]. 
[2025-11-15 23:55:22.543] INFO  org.alter.game.service.GameService - [Cycle time: 2ms] [Entities: 3p / 193n] [Map: 1485c / 24r / 0i] [Queues: 0p / 0n / 0w] [Mem usage: U=824MB / R=1112MB / M=8180MB]. 
[2025-11-15 23:55:29.138] INFO  org.alter.game.service.GameService - [Cycle time: 3ms] [Entities: 3p / 193n] [Map: 1485c / 24r / 0i] [Queues: 0p / 0n / 0w] [Mem usage: U=827MB / R=1112MB / M=8180MB]. 
[2025-11-15 23:55:33.339] ERROR org.alter.game.saving.PlayerSaving - Failed to serialize details for player DragonM 
java.lang.ClassCastException: List element cannot be cast to int
	at org.bson.Document.constructValuesList(Document.java:402)
	at org.bson.Document.getList(Document.java:369)
	at org.alter.game.saving.PlayerSaving.savePlayer(PlayerSaving.kt:56)
	at org.alter.game.task.AutoSaveTask.performAutoSave$lambda$4(AutoSaveTask.kt:64)
	at org.alter.game.model.PawnList.forEach(PawnList.kt:35)
	at org.alter.game.task.AutoSaveTask.performAutoSave(AutoSaveTask.kt:55)
	at org.alter.game.task.AutoSaveTask.execute(AutoSaveTask.kt:40)
	at org.alter.game.service.GameService.cycle(GameService.kt:192)
	at java.base/java.util.concurrent.Executors$RunnableAdapter.call(Executors.java:539)
	at java.base/java.util.concurrent.FutureTask.runAndReset(FutureTask.java:305)
	at java.base/java.util.concurrent.ScheduledThreadPoolExecutor$ScheduledFutureTask.run(ScheduledThreadPoolExecutor.java:305)
	at java.base/java.util.concurrent.ThreadPoolExecutor.runWorker(ThreadPoolExecutor.java:1136)
	at java.base/java.util.concurrent.ThreadPoolExecutor$Worker.run(ThreadPoolExecutor.java:635)
	at java.base/java.lang.Thread.run(Thread.java:840)
[2025-11-15 23:55:33.340] ERROR org.alter.game.saving.PlayerSaving - Failed to save player DragonM: List element cannot be cast to int 
java.lang.ClassCastException: List element cannot be cast to int
	at org.bson.Document.constructValuesList(Document.java:402)
	at org.bson.Document.getList(Document.java:369)
	at org.alter.game.saving.PlayerSaving.savePlayer(PlayerSaving.kt:56)
	at org.alter.game.task.AutoSaveTask.performAutoSave$lambda$4(AutoSaveTask.kt:64)
	at org.alter.game.model.PawnList.forEach(PawnList.kt:35)
	at org.alter.game.task.AutoSaveTask.performAutoSave(AutoSaveTask.kt:55)
	at org.alter.game.task.AutoSaveTask.execute(AutoSaveTask.kt:40)
	at org.alter.game.service.GameService.cycle(GameService.kt:192)
	at java.base/java.util.concurrent.Executors$RunnableAdapter.call(Executors.java:539)
	at java.base/java.util.concurrent.FutureTask.runAndReset(FutureTask.java:305)
	at java.base/java.util.concurrent.ScheduledThreadPoolExecutor$ScheduledFutureTask.run(ScheduledThreadPoolExecutor.java:305)
	at java.base/java.util.concurrent.ThreadPoolExecutor.runWorker(ThreadPoolExecutor.java:1136)
	at java.base/java.util.concurrent.ThreadPoolExecutor$Worker.run(ThreadPoolExecutor.java:635)
	at java.base/java.lang.Thread.run(Thread.java:840)
[2025-11-15 23:55:33.340] ERROR org.alter.game.task.AutoSaveTask - Failed to auto-save player 'DragonM': List element cannot be cast to int 
java.lang.ClassCastException: List element cannot be cast to int
	at org.bson.Document.constructValuesList(Document.java:402)
	at org.bson.Document.getList(Document.java:369)
	at org.alter.game.saving.PlayerSaving.savePlayer(PlayerSaving.kt:56)
	at org.alter.game.task.AutoSaveTask.performAutoSave$lambda$4(AutoSaveTask.kt:64)
	at org.alter.game.model.PawnList.forEach(PawnList.kt:35)
	at org.alter.game.task.AutoSaveTask.performAutoSave(AutoSaveTask.kt:55)
	at org.alter.game.task.AutoSaveTask.execute(AutoSaveTask.kt:40)
	at org.alter.game.service.GameService.cycle(GameService.kt:192)
	at java.base/java.util.concurrent.Executors$RunnableAdapter.call(Executors.java:539)
	at java.base/java.util.concurrent.FutureTask.runAndReset(FutureTask.java:305)
	at java.base/java.util.concurrent.ScheduledThreadPoolExecutor$ScheduledFutureTask.run(ScheduledThreadPoolExecutor.java:305)
	at java.base/java.util.concurrent.ThreadPoolExecutor.runWorker(ThreadPoolExecutor.java:1136)
	at java.base/java.util.concurrent.ThreadPoolExecutor$Worker.run(ThreadPoolExecutor.java:635)
	at java.base/java.lang.Thread.run(Thread.java:840)
[2025-11-15 23:55:33.340] ERROR org.alter.game.saving.PlayerSaving - Failed to serialize details for player Pnda 
java.lang.ClassCastException: List element cannot be cast to int
	at org.bson.Document.constructValuesList(Document.java:402)
	at org.bson.Document.getList(Document.java:369)
	at org.alter.game.saving.PlayerSaving.savePlayer(PlayerSaving.kt:56)
	at org.alter.game.task.AutoSaveTask.performAutoSave$lambda$4(AutoSaveTask.kt:64)
	at org.alter.game.model.PawnList.forEach(PawnList.kt:35)
	at org.alter.game.task.AutoSaveTask.performAutoSave(AutoSaveTask.kt:55)
	at org.alter.game.task.AutoSaveTask.execute(AutoSaveTask.kt:40)
	at org.alter.game.service.GameService.cycle(GameService.kt:192)
	at java.base/java.util.concurrent.Executors$RunnableAdapter.call(Executors.java:539)
	at java.base/java.util.concurrent.FutureTask.runAndReset(FutureTask.java:305)
	at java.base/java.util.concurrent.ScheduledThreadPoolExecutor$ScheduledFutureTask.run(ScheduledThreadPoolExecutor.java:305)
	at java.base/java.util.concurrent.ThreadPoolExecutor.runWorker(ThreadPoolExecutor.java:1136)
	at java.base/java.util.concurrent.ThreadPoolExecutor$Worker.run(ThreadPoolExecutor.java:635)
	at java.base/java.lang.Thread.run(Thread.java:840)
[2025-11-15 23:55:33.340] ERROR org.alter.game.saving.PlayerSaving - Failed to save player Pnda: List element cannot be cast to int 
java.lang.ClassCastException: List element cannot be cast to int
	at org.bson.Document.constructValuesList(Document.java:402)
	at org.bson.Document.getList(Document.java:369)
	at org.alter.game.saving.PlayerSaving.savePlayer(PlayerSaving.kt:56)
	at org.alter.game.task.AutoSaveTask.performAutoSave$lambda$4(AutoSaveTask.kt:64)
	at org.alter.game.model.PawnList.forEach(PawnList.kt:35)
	at org.alter.game.task.AutoSaveTask.performAutoSave(AutoSaveTask.kt:55)
	at org.alter.game.task.AutoSaveTask.execute(AutoSaveTask.kt:40)
	at org.alter.game.service.GameService.cycle(GameService.kt:192)
	at java.base/java.util.concurrent.Executors$RunnableAdapter.call(Executors.java:539)
	at java.base/java.util.concurrent.FutureTask.runAndReset(FutureTask.java:305)
	at java.base/java.util.concurrent.ScheduledThreadPoolExecutor$ScheduledFutureTask.run(ScheduledThreadPoolExecutor.java:305)
	at java.base/java.util.concurrent.ThreadPoolExecutor.runWorker(ThreadPoolExecutor.java:1136)
	at java.base/java.util.concurrent.ThreadPoolExecutor$Worker.run(ThreadPoolExecutor.java:635)
	at java.base/java.lang.Thread.run(Thread.java:840)
[2025-11-15 23:55:33.340] ERROR org.alter.game.task.AutoSaveTask - Failed to auto-save player 'Pnda': List element cannot be cast to int 
java.lang.ClassCastException: List element cannot be cast to int
	at org.bson.Document.constructValuesList(Document.java:402)
	at org.bson.Document.getList(Document.java:369)
	at org.alter.game.saving.PlayerSaving.savePlayer(PlayerSaving.kt:56)
	at org.alter.game.task.AutoSaveTask.performAutoSave$lambda$4(AutoSaveTask.kt:64)
	at org.alter.game.model.PawnList.forEach(PawnList.kt:35)
	at org.alter.game.task.AutoSaveTask.performAutoSave(AutoSaveTask.kt:55)
	at org.alter.game.task.AutoSaveTask.execute(AutoSaveTask.kt:40)
	at org.alter.game.service.GameService.cycle(GameService.kt:192)
	at java.base/java.util.concurrent.Executors$RunnableAdapter.call(Executors.java:539)
	at java.base/java.util.concurrent.FutureTask.runAndReset(FutureTask.java:305)
	at java.base/java.util.concurrent.ScheduledThreadPoolExecutor$ScheduledFutureTask.run(ScheduledThreadPoolExecutor.java:305)
	at java.base/java.util.concurrent.ThreadPoolExecutor.runWorker(ThreadPoolExecutor.java:1136)
	at java.base/java.util.concurrent.ThreadPoolExecutor$Worker.run(ThreadPoolExecutor.java:635)
	at java.base/java.lang.Thread.run(Thread.java:840)
[2025-11-15 23:55:33.340] ERROR org.alter.game.saving.PlayerSaving - Failed to serialize details for player SpideyM 
java.lang.ClassCastException: List element cannot be cast to int
	at org.bson.Document.constructValuesList(Document.java:402)
	at org.bson.Document.getList(Document.java:369)
	at org.alter.game.saving.PlayerSaving.savePlayer(PlayerSaving.kt:56)
	at org.alter.game.task.AutoSaveTask.performAutoSave$lambda$4(AutoSaveTask.kt:64)
	at org.alter.game.model.PawnList.forEach(PawnList.kt:35)
	at org.alter.game.task.AutoSaveTask.performAutoSave(AutoSaveTask.kt:55)
	at org.alter.game.task.AutoSaveTask.execute(AutoSaveTask.kt:40)
	at org.alter.game.service.GameService.cycle(GameService.kt:192)
	at java.base/java.util.concurrent.Executors$RunnableAdapter.call(Executors.java:539)
	at java.base/java.util.concurrent.FutureTask.runAndReset(FutureTask.java:305)
	at java.base/java.util.concurrent.ScheduledThreadPoolExecutor$ScheduledFutureTask.run(ScheduledThreadPoolExecutor.java:305)
	at java.base/java.util.concurrent.ThreadPoolExecutor.runWorker(ThreadPoolExecutor.java:1136)
	at java.base/java.util.concurrent.ThreadPoolExecutor$Worker.run(ThreadPoolExecutor.java:635)
	at java.base/java.lang.Thread.run(Thread.java:840)
[2025-11-15 23:55:33.340] ERROR org.alter.game.saving.PlayerSaving - Failed to save player SpideyM: List element cannot be cast to int 
java.lang.ClassCastException: List element cannot be cast to int
	at org.bson.Document.constructValuesList(Document.java:402)
	at org.bson.Document.getList(Document.java:369)
	at org.alter.game.saving.PlayerSaving.savePlayer(PlayerSaving.kt:56)
	at org.alter.game.task.AutoSaveTask.performAutoSave$lambda$4(AutoSaveTask.kt:64)
	at org.alter.game.model.PawnList.forEach(PawnList.kt:35)
	at org.alter.game.task.AutoSaveTask.performAutoSave(AutoSaveTask.kt:55)
	at org.alter.game.task.AutoSaveTask.execute(AutoSaveTask.kt:40)
	at org.alter.game.service.GameService.cycle(GameService.kt:192)
	at java.base/java.util.concurrent.Executors$RunnableAdapter.call(Executors.java:539)
	at java.base/java.util.concurrent.FutureTask.runAndReset(FutureTask.java:305)
	at java.base/java.util.concurrent.ScheduledThreadPoolExecutor$ScheduledFutureTask.run(ScheduledThreadPoolExecutor.java:305)
	at java.base/java.util.concurrent.ThreadPoolExecutor.runWorker(ThreadPoolExecutor.java:1136)
	at java.base/java.util.concurrent.ThreadPoolExecutor$Worker.run(ThreadPoolExecutor.java:635)
	at java.base/java.lang.Thread.run(Thread.java:840)
[2025-11-15 23:55:33.341] ERROR org.alter.game.task.AutoSaveTask - Failed to auto-save player 'SpideyM': List element cannot be cast to int 
java.lang.ClassCastException: List element cannot be cast to int
	at org.bson.Document.constructValuesList(Document.java:402)
	at org.bson.Document.getList(Document.java:369)
	at org.alter.game.saving.PlayerSaving.savePlayer(PlayerSaving.kt:56)
	at org.alter.game.task.AutoSaveTask.performAutoSave$lambda$4(AutoSaveTask.kt:64)
	at org.alter.game.model.PawnList.forEach(PawnList.kt:35)
	at org.alter.game.task.AutoSaveTask.performAutoSave(AutoSaveTask.kt:55)
	at org.alter.game.task.AutoSaveTask.execute(AutoSaveTask.kt:40)
	at org.alter.game.service.GameService.cycle(GameService.kt:192)
	at java.base/java.util.concurrent.Executors$RunnableAdapter.call(Executors.java:539)
	at java.base/java.util.concurrent.FutureTask.runAndReset(FutureTask.java:305)
	at java.base/java.util.concurrent.ScheduledThreadPoolExecutor$ScheduledFutureTask.run(ScheduledThreadPoolExecutor.java:305)
	at java.base/java.util.concurrent.ThreadPoolExecutor.runWorker(ThreadPoolExecutor.java:1136)
	at java.base/java.util.concurrent.ThreadPoolExecutor$Worker.run(ThreadPoolExecutor.java:635)
	at java.base/java.lang.Thread.run(Thread.java:840)
[2025-11-15 23:55:33.341] WARN  org.alter.game.task.AutoSaveTask - Auto-save attempted but no players were saved (3 players online) 
[2025-11-15 23:55:35.738] INFO  org.alter.game.service.GameService - [Cycle time: 4ms] [Entities: 3p / 193n] [Map: 1485c / 24r / 0i] [Queues: 0p / 0n / 0w] [Mem usage: U=832MB / R=1112MB / M=8180MB]. 
[2025-11-15 23:55:40.497] INFO  org.alter.game.Server - Preparing Alter... 
[2025-11-15 23:55:40.502] INFO  org.alter.game.Server - Alter loaded up in 183ms. 
[2025-11-15 23:55:40.512] INFO  org.alter.game.Server - Loaded properties for Alter. 
[2025-11-15 23:55:40.912] INFO  org.alter.game.saving.PlayerDetails - Total Player Details Saved: 4 
[2025-11-15 23:55:40.918] INFO  org.alter.game.saving.PlayerSaving - Player Save Format : JSON 
[2025-11-15 23:55:40.935] WARN  d.o.c.u.c.DecompressionContext - BZIP2 Compression found - replace to improve read performance. 
[2025-11-15 23:55:41.220] INFO  d.o.c.f.definition.DefinitionDecoder - 14162 NPCDecoder definitions loaded in 195ms 
[2025-11-15 23:55:41.874] INFO  d.o.c.f.definition.DefinitionDecoder - 56080 ObjectDecoder definitions loaded in 650ms 
[2025-11-15 23:55:42.161] INFO  d.o.c.f.definition.DefinitionDecoder - 30644 ItemDecoder definitions loaded in 276ms 
[2025-11-15 23:55:42.223] INFO  d.o.c.f.definition.DefinitionDecoder - 17252 VarBitDecoder definitions loaded in 59ms 
[2025-11-15 23:55:42.232] INFO  d.o.c.f.definition.DefinitionDecoder - 4660 VarDecoder definitions loaded in 7ms 
[2025-11-15 23:55:42.351] INFO  d.o.c.f.definition.DefinitionDecoder - 12025 SequenceDecoder definitions loaded in 118ms 
[2025-11-15 23:55:42.403] INFO  d.o.c.f.definition.DefinitionDecoder - 5714 EnumDecoder definitions loaded in 50ms 
[2025-11-15 23:55:42.406] INFO  d.o.c.f.definition.DefinitionDecoder - 79 HealthBarDecoder definitions loaded in 1ms 
[2025-11-15 23:55:42.411] INFO  d.o.c.f.definition.DefinitionDecoder - 78 HitSplatDecoder definitions loaded in 5ms 
[2025-11-15 23:55:42.458] INFO  d.o.c.f.definition.DefinitionDecoder - 5822 StructDecoder definitions loaded in 46ms 
[2025-11-15 23:55:42.464] INFO  d.o.c.f.definition.DefinitionDecoder - 86 DBTableDecoder definitions loaded in 4ms 
[2025-11-15 23:55:42.494] INFO  d.o.c.f.definition.DefinitionDecoder - 4235 DBRowDecoder definitions loaded in 29ms 
[2025-11-15 23:55:42.496] INFO  org.alter.game.Server - Loaded filestore from path data\cache in 1578ms. 
[2025-11-15 23:55:42.979] INFO  org.alter.game.model.World - Initiated service 'XteaKeyService' in 381ms. 
[2025-11-15 23:55:43.297] INFO  org.alter.game.model.World - Initiated service 'ItemMetadataService' in 316ms. 
[2025-11-15 23:55:43.334] INFO  org.alter.game.model.World - Initiated service 'NpcMetadataService' in 27ms. 
[2025-11-15 23:55:43.359] INFO  org.alter.game.model.World - Initiated service 'ObjectMetadataService' in 22ms. 
[2025-11-15 23:55:43.360] INFO  org.alter.game.model.World - Initiated service 'DumpEntityIdService' in 0ms. 
[2025-11-15 23:55:43.668] INFO  org.alter.game.model.World - Initiated service 'RsaService' in 306ms. 
[2025-11-15 23:55:43.684] INFO  org.alter.game.service.GameService - Auto-save configured: saving player positions every 50 cycles (~30s) 
[2025-11-15 23:55:43.684] INFO  org.alter.game.model.World - Initiated service 'GameService' in 4ms. 
[2025-11-15 23:55:43.685] INFO  org.alter.game.model.World - Initiated service 'LoginService' in 0ms. 
[2025-11-15 23:55:43.694] INFO  o.a.p.service.restapi.RestApiService - REST API Service starting on port 8080 with server IP 192.168.0.13, hostname oldschool.runescape.com 
[2025-11-15 23:55:43.724] INFO  org.eclipse.jetty.util.log - Logging initialized @3975ms 
[2025-11-15 23:55:43.763] INFO  spark.webserver.JettySparkServer - == Spark has ignited ... 
[2025-11-15 23:55:43.763] INFO  spark.webserver.JettySparkServer - >> Listening on 0.0.0.0:8080 
[2025-11-15 23:55:43.765] INFO  org.eclipse.jetty.server.Server - jetty-9.3.2.v20150730 
[2025-11-15 23:55:43.845] INFO  o.e.jetty.server.ServerConnector - Started ServerConnector@30967028{HTTP/1.1,[http/1.1]}{0.0.0.0:8080} 
[2025-11-15 23:55:43.845] INFO  org.eclipse.jetty.server.Server - Started @4098ms 
[2025-11-15 23:55:43.847] INFO  o.a.p.service.restapi.RestApiService - REST API Service initialized - bootstrap.json endpoint available at http://192.168.0.13:8080/bootstrap.json 
[2025-11-15 23:55:43.848] INFO  org.alter.game.model.World - Initiated service 'RestApiService' in 161ms. 
[2025-11-15 23:55:43.851] INFO  org.alter.game.model.World - Loaded 9 game services. 
[2025-11-15 23:55:46.016] INFO  o.a.g.rsprot.CacheJs5GroupProvider - Loaded 107953 JS5 responses 
[2025-11-15 23:55:46.041] DEBUG net.rsprot.compression.HuffmanCodec - Loaded 256 Huffman codewords and 512 node lookup tree. 
[2025-11-15 23:55:46.062] WARN  n.rsprot.protocol.common.RSProtFlags - Unknown network logging option: false, expected values: [off, trace, debug, info, warn, error] 
[2025-11-15 23:55:46.062] DEBUG n.rsprot.protocol.common.RSProtFlags - -Dnet.rsprot.protocol.internal.development: true 
[2025-11-15 23:55:46.062] DEBUG n.rsprot.protocol.common.RSProtFlags - -Dnet.rsprot.protocol.internal.inventoryObjCheck: true 
[2025-11-15 23:55:46.062] DEBUG n.rsprot.protocol.common.RSProtFlags - -Dnet.rsprot.protocol.internal.extendedInfoInputVerification: true 
[2025-11-15 23:55:46.062] DEBUG n.rsprot.protocol.common.RSProtFlags - -Dnet.rsprot.protocol.internal.clientscriptVerification: true 
[2025-11-15 23:55:46.062] DEBUG n.rsprot.protocol.common.RSProtFlags - -Dnet.rsprot.protocol.internal.networkLogging: false 
[2025-11-15 23:55:46.063] DEBUG n.rsprot.protocol.common.RSProtFlags - -Dnet.rsprot.protocol.internal.js5Logging: off 
[2025-11-15 23:55:46.063] DEBUG n.rsprot.protocol.common.RSProtFlags - -Dnet.rsprot.protocol.internal.npcPlayerAvatarTracking: true 
[2025-11-15 23:55:46.063] DEBUG n.rsprot.protocol.common.RSProtFlags - -Dnet.rsprot.protocol.internal.filterMissingPacketsInClient: true 
[2025-11-15 23:55:46.063] DEBUG n.rsprot.protocol.common.RSProtFlags - -Dnet.rsprot.protocol.internal.npcAvatarMaxId: 16383 
[2025-11-15 23:55:46.063] DEBUG n.rsprot.protocol.common.RSProtFlags - -Dnet.rsprot.protocol.internal.spotanimListCapacity: 256 
[2025-11-15 23:55:46.063] DEBUG n.rsprot.protocol.common.RSProtFlags - -Dnet.rsprot.protocol.internal.captureChat: false 
[2025-11-15 23:55:46.063] DEBUG n.rsprot.protocol.common.RSProtFlags - -Dnet.rsprot.protocol.internal.captureSay: false 
[2025-11-15 23:55:46.322] INFO  org.alter.rscm.RSCM - RSCM Loaded 
[2025-11-15 23:55:46.325] INFO  org.alter.game.Server - Loaded 4 privilege levels in 1ms. 
[2025-11-15 23:55:49.101] INFO  org.alter.game.Server - Loaded 8 single doors and 4 double doors. 
[2025-11-15 23:55:49.103] INFO  o.a.p.c.objects.gates.GateService - Loaded 1 gate. 
[2025-11-15 23:55:49.110] INFO  org.alter.game.Server - Loaded 7 chest thieving definitions. 
[2025-11-15 23:55:49.115] INFO  org.alter.game.Server - Loaded 13 pickpocket definitions. 
[2025-11-15 23:55:49.119] INFO  org.alter.game.Server - Loaded 11 stall thieving definitions. 
[2025-11-15 23:55:49.201] INFO  org.alter.game.Server - Loaded 173 plugins in 2875ms. 
[2025-11-15 23:55:49.205] INFO  org.alter.game.Server - Alter loaded up in 8702ms. 
[2025-11-15 23:55:49.296] DEBUG n.r.p.api.bootstrap.BootstrapBuilder - Using event loop group: NioEventLoopGroup (bossThreads: 1, childThreads: 22) 
[2025-11-15 23:55:49.306] DEBUG n.r.p.api.bootstrap.BootstrapBuilder - Using byte buffer allocator: PooledByteBufAllocator(directByDefault: true) 
[2025-11-15 23:55:49.307] DEBUG n.r.p.api.bootstrap.BootstrapBuilder - Auto read: disabled 
[2025-11-15 23:55:49.307] DEBUG n.r.p.api.bootstrap.BootstrapBuilder - Socket receive buffer size: 65,536 
[2025-11-15 23:55:49.307] DEBUG n.r.p.api.bootstrap.BootstrapBuilder - Socket send buffer size: 65,536 
[2025-11-15 23:55:49.308] DEBUG n.r.p.api.bootstrap.BootstrapBuilder - Write buffer watermarks: 524,288/2,097,152 
[2025-11-15 23:55:49.309] DEBUG n.r.p.api.bootstrap.BootstrapBuilder - Nagle's algorithm (TCP no delay): disabled 
[2025-11-15 23:55:49.364] INFO  n.rsprot.protocol.api.NetworkService - Started in: 152.166800ms 
[2025-11-15 23:55:49.365] INFO  n.rsprot.protocol.api.NetworkService - Bound to ports: 43594 
[2025-11-15 23:55:49.365] INFO  n.rsprot.protocol.api.NetworkService - Revision: 228 
[2025-11-15 23:55:49.365] INFO  n.rsprot.protocol.api.NetworkService - Supported client types: Desktop 
[2025-11-15 23:55:49.366] INFO  org.alter.game.Server - Now listening for incoming connections on port 43594... 
[2025-11-15 23:55:55.218] INFO  org.alter.game.service.GameService - [Cycle time: 5ms] [Entities: 0p / 193n] [Map: 77c / 2r / 0i] [Queues: 0p / 0n / 0w] [Mem usage: U=679MB / R=1232MB / M=8180MB]. 
[2025-11-15 23:56:01.820] INFO  org.alter.game.service.GameService - [Cycle time: 2ms] [Entities: 0p / 193n] [Map: 77c / 2r / 0i] [Queues: 0p / 0n / 0w] [Mem usage: U=681MB / R=1232MB / M=8180MB]. 
[2025-11-15 23:56:08.415] INFO  org.alter.game.service.GameService - [Cycle time: 3ms] [Entities: 0p / 193n] [Map: 77c / 2r / 0i] [Queues: 0p / 0n / 0w] [Mem usage: U=684MB / R=1232MB / M=8180MB]. 
[2025-11-15 23:56:14.514] INFO  spark.webserver.MatcherFilter - The requested route [/world_list.ws] has not been mapped in Spark 
[2025-11-15 23:56:14.582] INFO  spark.webserver.MatcherFilter - The requested route [/jav_config.ws] has not been mapped in Spark 
[2025-11-15 23:56:14.703] DEBUG net.rsprot.crypto.rsa.Rsa - Native JNA-GMP support: false 
[2025-11-15 23:56:15.011] INFO  org.alter.game.service.GameService - [Cycle time: 1ms] [Entities: 0p / 193n] [Map: 77c / 2r / 0i] [Queues: 0p / 0n / 0w] [Mem usage: U=707MB / R=1232MB / M=8180MB]. 
[2025-11-15 23:56:18.791] INFO  org.alter.game.saving.PlayerSaving - Loading player DragonM from position (3194, 3861, 0) 
[2025-11-15 23:56:18.796] INFO  org.alter.game.saving.PlayerSaving - Player DragonM loaded at position (3194, 3861, 0) 
[2025-11-15 23:56:19.242] DEBUG net.rsprot.buffer.bitbuffer.BitBuf - -Dnet.rsprot.buffer.bitbufferErrorChecking: true 
[2025-11-15 23:56:21.627] INFO  org.alter.game.service.GameService - [Cycle time: 18ms] [Entities: 1p / 193n] [Map: 333c / 6r / 0i] [Queues: 0p / 0n / 0w] [Mem usage: U=727MB / R=1232MB / M=8180MB]. 
[2025-11-15 23:56:23.722] INFO  spark.webserver.MatcherFilter - The requested route [/world_list.ws] has not been mapped in Spark 
[2025-11-15 23:56:23.761] INFO  spark.webserver.MatcherFilter - The requested route [/jav_config.ws] has not been mapped in Spark 
[2025-11-15 23:56:27.713] INFO  org.alter.game.saving.PlayerSaving - Loading player Pnda from position (3174, 3430, 0) 
[2025-11-15 23:56:27.713] INFO  org.alter.game.saving.PlayerSaving - Player Pnda loaded at position (3174, 3430, 0) 
[2025-11-15 23:56:27.937] INFO  spark.webserver.MatcherFilter - The requested route [/world_list.ws] has not been mapped in Spark 
[2025-11-15 23:56:27.976] INFO  spark.webserver.MatcherFilter - The requested route [/jav_config.ws] has not been mapped in Spark 
[2025-11-15 23:56:28.226] INFO  org.alter.game.service.GameService - [Cycle time: 4ms] [Entities: 2p / 193n] [Map: 397c / 7r / 0i] [Queues: 0p / 0n / 0w] [Mem usage: U=743MB / R=1232MB / M=8180MB]. 
[2025-11-15 23:56:32.683] INFO  org.alter.game.saving.PlayerSaving - Loading player SpideyM from position (3232, 3217, 0) 
[2025-11-15 23:56:32.683] INFO  org.alter.game.saving.PlayerSaving - Player SpideyM loaded at position (3232, 3217, 0) 
[2025-11-15 23:56:34.810] INFO  org.alter.game.service.GameService - [Cycle time: 5ms] [Entities: 3p / 193n] [Map: 461c / 8r / 0i] [Queues: 0p / 0n / 0w] [Mem usage: U=751MB / R=1232MB / M=8180MB]. 
[2025-11-15 23:56:41.408] INFO  org.alter.game.service.GameService - [Cycle time: 5ms] [Entities: 3p / 193n] [Map: 525c / 9r / 0i] [Queues: 0p / 0n / 0w] [Mem usage: U=757MB / R=1232MB / M=8180MB]. 
[2025-11-15 23:56:48.019] INFO  org.alter.game.service.GameService - [Cycle time: 3ms] [Entities: 3p / 193n] [Map: 525c / 9r / 0i] [Queues: 0p / 0n / 0w] [Mem usage: U=760MB / R=1232MB / M=8180MB]. 
[2025-11-15 23:56:48.620] DEBUG org.alter.game.saving.PlayerSaving - Saving player DragonM at position (3201, 3860, 0) 
[2025-11-15 23:56:48.622] DEBUG org.alter.game.saving.PlayerSaving - Position saved for player DragonM: (3201, 3860, 0) 
[2025-11-15 23:56:48.631] DEBUG org.alter.game.saving.PlayerSaving - Successfully saved player DragonM to file 
[2025-11-15 23:56:48.631] INFO  org.alter.game.task.AutoSaveTask - Auto-saved player 'DragonM' at position (3201, 3860, 0) 
[2025-11-15 23:56:48.631] DEBUG org.alter.game.saving.PlayerSaving - Saving player Pnda at position (3208, 3425, 0) 
[2025-11-15 23:56:48.632] DEBUG org.alter.game.saving.PlayerSaving - Position saved for player Pnda: (3208, 3425, 0) 
[2025-11-15 23:56:48.634] DEBUG org.alter.game.saving.PlayerSaving - Successfully saved player Pnda to file 
[2025-11-15 23:56:48.635] DEBUG org.alter.game.saving.PlayerSaving - Saving player SpideyM at position (3211, 3424, 0) 
[2025-11-15 23:56:48.635] DEBUG org.alter.game.saving.PlayerSaving - Position saved for player SpideyM: (3211, 3424, 0) 
[2025-11-15 23:56:48.636] DEBUG org.alter.game.saving.PlayerSaving - Successfully saved player SpideyM to file 
[2025-11-15 23:56:48.638] INFO  org.alter.game.task.AutoSaveTask - Auto-save completed: 3 player(s) saved 
[2025-11-15 23:56:54.612] INFO  org.alter.game.service.GameService - [Cycle time: 4ms] [Entities: 3p / 193n] [Map: 525c / 9r / 0i] [Queues: 0p / 0n / 0w] [Mem usage: U=764MB / R=1232MB / M=8180MB]. 
[2025-11-15 23:57:01.214] INFO  org.alter.game.service.GameService - [Cycle time: 3ms] [Entities: 3p / 193n] [Map: 653c / 11r / 0i] [Queues: 0p / 0n / 0w] [Mem usage: U=769MB / R=1232MB / M=8180MB]. 
[2025-11-15 23:57:07.811] INFO  org.alter.game.service.GameService - [Cycle time: 1ms] [Entities: 3p / 193n] [Map: 653c / 11r / 0i] [Queues: 0p / 0n / 0w] [Mem usage: U=771MB / R=1232MB / M=8180MB]. 
[2025-11-15 23:57:14.418] INFO  org.alter.game.service.GameService - [Cycle time: 1ms] [Entities: 3p / 193n] [Map: 653c / 11r / 0i] [Queues: 0p / 0n / 0w] [Mem usage: U=773MB / R=1232MB / M=8180MB]. 
[2025-11-15 23:57:18.620] DEBUG org.alter.game.saving.PlayerSaving - Saving player DragonM at position (3226, 3217, 0) 
[2025-11-15 23:57:18.620] DEBUG org.alter.game.saving.PlayerSaving - Position saved for player DragonM: (3226, 3217, 0) 
[2025-11-15 23:57:18.622] DEBUG org.alter.game.saving.PlayerSaving - Successfully saved player DragonM to file 
[2025-11-15 23:57:18.623] INFO  org.alter.game.task.AutoSaveTask - Auto-saved player 'DragonM' at position (3226, 3217, 0) 
[2025-11-15 23:57:18.623] DEBUG org.alter.game.saving.PlayerSaving - Saving player Pnda at position (3208, 3425, 0) 
[2025-11-15 23:57:18.623] DEBUG org.alter.game.saving.PlayerSaving - Position saved for player Pnda: (3208, 3425, 0) 
[2025-11-15 23:57:18.624] DEBUG org.alter.game.saving.PlayerSaving - Successfully saved player Pnda to file 
[2025-11-15 23:57:18.624] DEBUG org.alter.game.saving.PlayerSaving - Saving player SpideyM at position (3210, 3425, 0) 
[2025-11-15 23:57:18.625] DEBUG org.alter.game.saving.PlayerSaving - Position saved for player SpideyM: (3210, 3425, 0) 
[2025-11-15 23:57:18.626] DEBUG org.alter.game.saving.PlayerSaving - Successfully saved player SpideyM to file 
[2025-11-15 23:57:18.626] INFO  org.alter.game.task.AutoSaveTask - Auto-save completed: 3 player(s) saved 
[2025-11-15 23:57:21.009] INFO  org.alter.game.service.GameService - [Cycle time: 2ms] [Entities: 3p / 193n] [Map: 653c / 11r / 0i] [Queues: 0p / 0n / 0w] [Mem usage: U=776MB / R=1232MB / M=8180MB]. 
[2025-11-15 23:57:27.613] INFO  org.alter.game.service.GameService - [Cycle time: 2ms] [Entities: 3p / 193n] [Map: 781c / 13r / 0i] [Queues: 0p / 0n / 0w] [Mem usage: U=782MB / R=1232MB / M=8180MB]. 
[2025-11-15 23:57:34.218] INFO  org.alter.game.service.GameService - [Cycle time: 3ms] [Entities: 3p / 193n] [Map: 1037c / 17r / 0i] [Queues: 0p / 0n / 0w] [Mem usage: U=792MB / R=1232MB / M=8180MB]. 
[2025-11-15 23:57:40.811] INFO  org.alter.game.service.GameService - [Cycle time: 2ms] [Entities: 3p / 193n] [Map: 1037c / 17r / 0i] [Queues: 0p / 0n / 0w] [Mem usage: U=794MB / R=1232MB / M=8180MB]. 
[2025-11-15 23:57:47.409] INFO  org.alter.game.service.GameService - [Cycle time: 2ms] [Entities: 3p / 193n] [Map: 1037c / 17r / 0i] [Queues: 0p / 0n / 0w] [Mem usage: U=796MB / R=1232MB / M=8180MB]. 
[2025-11-15 23:57:48.614] DEBUG org.alter.game.saving.PlayerSaving - Saving player DragonM at position (2459, 3444, 0) 
[2025-11-15 23:57:48.615] DEBUG org.alter.game.saving.PlayerSaving - Position saved for player DragonM: (2459, 3444, 0) 
[2025-11-15 23:57:48.616] DEBUG org.alter.game.saving.PlayerSaving - Successfully saved player DragonM to file 
[2025-11-15 23:57:48.617] INFO  org.alter.game.task.AutoSaveTask - Auto-saved player 'DragonM' at position (2459, 3444, 0) 
[2025-11-15 23:57:48.617] DEBUG org.alter.game.saving.PlayerSaving - Saving player Pnda at position (3221, 3414, 0) 
[2025-11-15 23:57:48.617] DEBUG org.alter.game.saving.PlayerSaving - Position saved for player Pnda: (3221, 3414, 0) 
[2025-11-15 23:57:48.618] DEBUG org.alter.game.saving.PlayerSaving - Successfully saved player Pnda to file 
[2025-11-15 23:57:48.618] DEBUG org.alter.game.saving.PlayerSaving - Saving player SpideyM at position (3228, 3203, 0) 
[2025-11-15 23:57:48.618] DEBUG org.alter.game.saving.PlayerSaving - Position saved for player SpideyM: (3228, 3203, 0) 
[2025-11-15 23:57:48.619] DEBUG org.alter.game.saving.PlayerSaving - Successfully saved player SpideyM to file 
[2025-11-15 23:57:48.620] INFO  org.alter.game.task.AutoSaveTask - Auto-save completed: 3 player(s) saved 
[2025-11-15 23:57:54.014] INFO  org.alter.game.service.GameService - [Cycle time: 3ms] [Entities: 3p / 193n] [Map: 1165c / 19r / 0i] [Queues: 0p / 0n / 0w] [Mem usage: U=803MB / R=1232MB / M=8180MB]. 
[2025-11-15 23:58:00.617] INFO  org.alter.game.service.GameService - [Cycle time: 2ms] [Entities: 3p / 193n] [Map: 1165c / 19r / 0i] [Queues: 0p / 0n / 0w] [Mem usage: U=805MB / R=1232MB / M=8180MB]. 
[2025-11-15 23:58:07.213] INFO  org.alter.game.service.GameService - [Cycle time: 1ms] [Entities: 3p / 193n] [Map: 1165c / 19r / 0i] [Queues: 0p / 0n / 0w] [Mem usage: U=807MB / R=1232MB / M=8180MB]. 
[2025-11-15 23:58:13.813] INFO  org.alter.game.service.GameService - [Cycle time: 2ms] [Entities: 3p / 193n] [Map: 1165c / 19r / 0i] [Queues: 0p / 0n / 0w] [Mem usage: U=809MB / R=1232MB / M=8180MB]. 
[2025-11-15 23:58:18.624] DEBUG org.alter.game.saving.PlayerSaving - Saving player DragonM at position (3226, 3219, 0) 
[2025-11-15 23:58:18.624] DEBUG org.alter.game.saving.PlayerSaving - Position saved for player DragonM: (3226, 3219, 0) 
[2025-11-15 23:58:18.626] DEBUG org.alter.game.saving.PlayerSaving - Successfully saved player DragonM to file 
[2025-11-15 23:58:18.626] INFO  org.alter.game.task.AutoSaveTask - Auto-saved player 'DragonM' at position (3226, 3219, 0) 
[2025-11-15 23:58:18.626] DEBUG org.alter.game.saving.PlayerSaving - Saving player Pnda at position (3202, 3428, 0) 
[2025-11-15 23:58:18.626] DEBUG org.alter.game.saving.PlayerSaving - Position saved for player Pnda: (3202, 3428, 0) 
[2025-11-15 23:58:18.628] DEBUG org.alter.game.saving.PlayerSaving - Successfully saved player Pnda to file 
[2025-11-15 23:58:18.628] DEBUG org.alter.game.saving.PlayerSaving - Saving player SpideyM at position (2477, 3429, 0) 
[2025-11-15 23:58:18.628] DEBUG org.alter.game.saving.PlayerSaving - Position saved for player SpideyM: (2477, 3429, 0) 
[2025-11-15 23:58:18.629] DEBUG org.alter.game.saving.PlayerSaving - Successfully saved player SpideyM to file 
[2025-11-15 23:58:18.629] INFO  org.alter.game.task.AutoSaveTask - Auto-save completed: 3 player(s) saved 
[2025-11-15 23:58:20.409] INFO  org.alter.game.service.GameService - [Cycle time: 2ms] [Entities: 3p / 193n] [Map: 1165c / 19r / 0i] [Queues: 0p / 0n / 0w] [Mem usage: U=812MB / R=1232MB / M=8180MB]. 
[2025-11-15 23:58:27.011] INFO  org.alter.game.service.GameService - [Cycle time: 2ms] [Entities: 3p / 193n] [Map: 1293c / 21r / 0i] [Queues: 0p / 0n / 0w] [Mem usage: U=819MB / R=1232MB / M=8180MB]. 
[2025-11-15 23:58:33.614] INFO  org.alter.game.service.GameService - [Cycle time: 2ms] [Entities: 3p / 193n] [Map: 1293c / 21r / 0i] [Queues: 0p / 0n / 0w] [Mem usage: U=821MB / R=1232MB / M=8180MB]. 
[2025-11-15 23:58:40.219] INFO  org.alter.game.service.GameService - [Cycle time: 3ms] [Entities: 3p / 193n] [Map: 1293c / 21r / 0i] [Queues: 0p / 0n / 0w] [Mem usage: U=824MB / R=1232MB / M=8180MB]. 
[2025-11-15 23:58:46.820] INFO  org.alter.game.service.GameService - [Cycle time: 2ms] [Entities: 3p / 193n] [Map: 1293c / 21r / 0i] [Queues: 0p / 0n / 0w] [Mem usage: U=826MB / R=1232MB / M=8180MB]. 
[2025-11-15 23:58:48.615] DEBUG org.alter.game.saving.PlayerSaving - Saving player DragonM at position (3233, 3227, 0) 
[2025-11-15 23:58:48.615] DEBUG org.alter.game.saving.PlayerSaving - Position saved for player DragonM: (3233, 3227, 0) 
[2025-11-15 23:58:48.617] DEBUG org.alter.game.saving.PlayerSaving - Successfully saved player DragonM to file 
[2025-11-15 23:58:48.617] INFO  org.alter.game.task.AutoSaveTask - Auto-saved player 'DragonM' at position (3233, 3227, 0) 
[2025-11-15 23:58:48.617] DEBUG org.alter.game.saving.PlayerSaving - Saving player Pnda at position (3185, 3436, 0) 
[2025-11-15 23:58:48.617] DEBUG org.alter.game.saving.PlayerSaving - Position saved for player Pnda: (3185, 3436, 0) 
[2025-11-15 23:58:48.618] DEBUG org.alter.game.saving.PlayerSaving - Successfully saved player Pnda to file 
[2025-11-15 23:58:48.619] DEBUG org.alter.game.saving.PlayerSaving - Saving player SpideyM at position (2480, 3432, 0) 
[2025-11-15 23:58:48.619] DEBUG org.alter.game.saving.PlayerSaving - Position saved for player SpideyM: (2480, 3432, 0) 
[2025-11-15 23:58:48.620] DEBUG org.alter.game.saving.PlayerSaving - Successfully saved player SpideyM to file 
[2025-11-15 23:58:48.620] INFO  org.alter.game.task.AutoSaveTask - Auto-save completed: 3 player(s) saved 
[2025-11-15 23:58:53.419] INFO  org.alter.game.service.GameService - [Cycle time: 3ms] [Entities: 3p / 193n] [Map: 1293c / 21r / 0i] [Queues: 0p / 0n / 0w] [Mem usage: U=828MB / R=1232MB / M=8180MB]. 
[2025-11-15 23:58:57.010] WARN  o.a.game.model.interf.InterfaceSet - Interface 860 is not visible and cannot be closed. 
[2025-11-15 23:58:57.012] DEBUG org.alter.game.saving.PlayerSaving - Saving player Pnda at position (3185, 3436, 0) 
[2025-11-15 23:58:57.013] DEBUG org.alter.game.saving.PlayerSaving - Position saved for player Pnda: (3185, 3436, 0) 
[2025-11-15 23:58:57.015] DEBUG org.alter.game.saving.PlayerSaving - Successfully saved player Pnda to file 
[2025-11-15 23:59:00.012] INFO  org.alter.game.service.GameService - [Cycle time: 2ms] [Entities: 2p / 193n] [Map: 1293c / 21r / 0i] [Queues: 0p / 0n / 0w] [Mem usage: U=831MB / R=1232MB / M=8180MB]. 
[2025-11-15 23:59:00.221] INFO  spark.webserver.MatcherFilter - The requested route [/world_list.ws] has not been mapped in Spark 
[2025-11-15 23:59:00.260] INFO  spark.webserver.MatcherFilter - The requested route [/jav_config.ws] has not been mapped in Spark 
[2025-11-15 23:59:04.680] INFO  org.alter.game.saving.PlayerSaving - Loading player Pnda from position (3185, 3436, 0) 
[2025-11-15 23:59:04.681] INFO  org.alter.game.saving.PlayerSaving - Player Pnda loaded at position (3185, 3436, 0) 
[2025-11-15 23:59:06.613] INFO  org.alter.game.service.GameService - [Cycle time: 2ms] [Entities: 3p / 193n] [Map: 1293c / 21r / 0i] [Queues: 0p / 0n / 0w] [Mem usage: U=837MB / R=1232MB / M=8180MB]. 
[2025-11-15 23:59:13.215] INFO  org.alter.game.service.GameService - [Cycle time: 2ms] [Entities: 3p / 193n] [Map: 1293c / 21r / 0i] [Queues: 0p / 0n / 0w] [Mem usage: U=839MB / R=1232MB / M=8180MB]. 
[2025-11-15 23:59:18.612] DEBUG org.alter.game.saving.PlayerSaving - Saving player DragonM at position (3231, 3432, 0) 
[2025-11-15 23:59:18.612] DEBUG org.alter.game.saving.PlayerSaving - Position saved for player DragonM: (3231, 3432, 0) 
[2025-11-15 23:59:18.614] DEBUG org.alter.game.saving.PlayerSaving - Successfully saved player DragonM to file 
[2025-11-15 23:59:18.614] INFO  org.alter.game.task.AutoSaveTask - Auto-saved player 'DragonM' at position (3231, 3432, 0) 
[2025-11-15 23:59:18.614] DEBUG org.alter.game.saving.PlayerSaving - Saving player Pnda at position (3185, 3436, 0) 
[2025-11-15 23:59:18.614] DEBUG org.alter.game.saving.PlayerSaving - Position saved for player Pnda: (3185, 3436, 0) 
[2025-11-15 23:59:18.615] DEBUG org.alter.game.saving.PlayerSaving - Successfully saved player Pnda to file 
[2025-11-15 23:59:18.615] DEBUG org.alter.game.saving.PlayerSaving - Saving player SpideyM at position (3225, 3210, 0) 
[2025-11-15 23:59:18.616] DEBUG org.alter.game.saving.PlayerSaving - Position saved for player SpideyM: (3225, 3210, 0) 
[2025-11-15 23:59:18.617] DEBUG org.alter.game.saving.PlayerSaving - Successfully saved player SpideyM to file 
[2025-11-15 23:59:18.617] INFO  org.alter.game.task.AutoSaveTask - Auto-save completed: 3 player(s) saved 
[2025-11-15 23:59:19.824] INFO  org.alter.game.service.GameService - [Cycle time: 2ms] [Entities: 3p / 193n] [Map: 1293c / 21r / 0i] [Queues: 0p / 0n / 0w] [Mem usage: U=841MB / R=1232MB / M=8180MB]. 
[2025-11-15 23:59:26.420] INFO  org.alter.game.service.GameService - [Cycle time: 2ms] [Entities: 3p / 193n] [Map: 1293c / 21r / 0i] [Queues: 0p / 0n / 0w] [Mem usage: U=843MB / R=1232MB / M=8180MB]. 
[2025-11-15 23:59:33.014] INFO  org.alter.game.service.GameService - [Cycle time: 1ms] [Entities: 3p / 193n] [Map: 1293c / 21r / 0i] [Queues: 0p / 0n / 0w] [Mem usage: U=846MB / R=1232MB / M=8180MB]. 
[2025-11-15 23:59:39.615] INFO  org.alter.game.service.GameService - [Cycle time: 1ms] [Entities: 3p / 193n] [Map: 1293c / 21r / 0i] [Queues: 0p / 0n / 0w] [Mem usage: U=848MB / R=1232MB / M=8180MB]. 
[2025-11-15 23:59:46.217] INFO  org.alter.game.service.GameService - [Cycle time: 1ms] [Entities: 3p / 193n] [Map: 1293c / 21r / 0i] [Queues: 0p / 0n / 0w] [Mem usage: U=850MB / R=1232MB / M=8180MB]. 
[2025-11-15 23:59:48.613] DEBUG org.alter.game.saving.PlayerSaving - Saving player DragonM at position (3208, 3428, 0) 
[2025-11-15 23:59:48.613] DEBUG org.alter.game.saving.PlayerSaving - Position saved for player DragonM: (3208, 3428, 0) 
[2025-11-15 23:59:48.615] DEBUG org.alter.game.saving.PlayerSaving - Successfully saved player DragonM to file 
[2025-11-15 23:59:48.615] INFO  org.alter.game.task.AutoSaveTask - Auto-saved player 'DragonM' at position (3208, 3428, 0) 
[2025-11-15 23:59:48.615] DEBUG org.alter.game.saving.PlayerSaving - Saving player Pnda at position (3208, 3429, 0) 
[2025-11-15 23:59:48.615] DEBUG org.alter.game.saving.PlayerSaving - Position saved for player Pnda: (3208, 3429, 0) 
[2025-11-15 23:59:48.616] DEBUG org.alter.game.saving.PlayerSaving - Successfully saved player Pnda to file 
[2025-11-15 23:59:48.616] DEBUG org.alter.game.saving.PlayerSaving - Saving player SpideyM at position (3209, 3427, 0) 
[2025-11-15 23:59:48.616] DEBUG org.alter.game.saving.PlayerSaving - Position saved for player SpideyM: (3209, 3427, 0) 
[2025-11-15 23:59:48.617] DEBUG org.alter.game.saving.PlayerSaving - Successfully saved player SpideyM to file 
[2025-11-15 23:59:48.617] INFO  org.alter.game.task.AutoSaveTask - Auto-save completed: 3 player(s) saved 
[2025-11-15 23:59:52.820] INFO  org.alter.game.service.GameService - [Cycle time: 2ms] [Entities: 3p / 193n] [Map: 1293c / 21r / 0i] [Queues: 0p / 0n / 0w] [Mem usage: U=852MB / R=1232MB / M=8180MB]. 
[2025-11-15 23:59:59.418] INFO  org.alter.game.service.GameService - [Cycle time: 1ms] [Entities: 3p / 193n] [Map: 1293c / 21r / 0i] [Queues: 0p / 0n / 0w] [Mem usage: U=854MB / R=1232MB / M=8180MB]. 
